time,local_day,hour,y_true,prediction,lower_95,upper_95
2018-01-01 00:00:00+01:00,2018-01-01,0,6.74,24.417360177091176,10.427405916779449,43.73829073032785
2018-01-01 01:00:00+01:00,2018-01-01,1,4.74,16.465802115114865,-0.04562884819192803,36.63694127683529
2018-01-01 02:00:00+01:00,2018-01-01,2,3.66,12.017893649556019,-1.9620011338718193,31.91538255998439
2018-01-01 03:00:00+01:00,2018-01-01,3,2.3,10.944915619039369,-4.212029736143842,30.07234805622928
2018-01-01 04:00:00+01:00,2018-01-01,4,2.3,8.804985784164609,-5.976397360418877,27.67611411795008
2018-01-01 05:00:00+01:00,2018-01-01,5,2.06,10.662542241550563,-5.340610752241053,31.71785236387847
2018-01-01 06:00:00+01:00,2018-01-01,6,2.06,16.226813364711624,-1.7538788337044195,37.67717064705748
2018-01-01 07:00:00+01:00,2018-01-01,7,2.06,23.862359234297102,2.713313062558143,48.39865932610309
2018-01-01 08:00:00+01:00,2018-01-01,8,2.3,26.98943217764802,4.685107075939332,51.407613446966515
2018-01-01 09:00:00+01:00,2018-01-01,9,2.3,29.14718014604868,9.9366741723267,52.5880091457861
2018-01-01 10:00:00+01:00,2018-01-01,10,2.3,30.554305135189463,13.355848227085549,52.519107528820854
2018-01-01 11:00:00+01:00,2018-01-01,11,2.3,29.607683084518243,13.28739713793287,51.147426574042186
2018-01-01 12:00:00+01:00,2018-01-01,12,2.3,27.402270139581397,11.075697609285953,48.56704887886588
2018-01-01 13:00:00+01:00,2018-01-01,13,2.3,26.07343427158554,8.660562074110345,47.33968232509601
2018-01-01 14:00:00+01:00,2018-01-01,14,5.0,23.203745995137705,6.798690760488444,44.40838690167912
2018-01-01 15:00:00+01:00,2018-01-01,15,5.0,21.8414291727676,2.885545761281481,43.17486298971738
2018-01-01 16:00:00+01:00,2018-01-01,16,5.0,23.048764431580416,3.4578933510780274,45.22179579691286
2018-01-01 17:00:00+01:00,2018-01-01,17,8.85,24.08371745168743,2.477438485782816,47.05023747258775
2018-01-01 18:00:00+01:00,2018-01-01,18,15.93,30.709810633300815,9.998667774342433,55.49648553573384
2018-01-01 19:00:00+01:00,2018-01-01,19,22.02,35.709930453165086,17.24096036715885,61.19444584681914
2018-01-01 20:00:00+01:00,2018-01-01,20,20.0,34.38233000129516,18.561495000919592,56.92401257883221
2018-01-01 21:00:00+01:00,2018-01-01,21,21.95,31.14023975054197,16.128184811371742,49.27751872821845
2018-01-01 22:00:00+01:00,2018-01-01,22,23.52,25.86751410921543,12.187263627939682,46.24220054784105
2018-01-01 23:00:00+01:00,2018-01-01,23,16.35,22.269636222300235,8.903547812038454,42.99156260014853
2018-01-02 00:00:00+01:00,2018-01-02,0,60.0,18.36542609791599,4.3754718376042625,37.68635665115266
2018-01-02 01:00:00+01:00,2018-01-02,1,57.79,14.179070883784826,-2.3323600795219672,34.35021004550524
2018-01-02 02:00:00+01:00,2018-01-02,2,55.31,12.215675580089385,-1.7642192033384525,32.11316449051776
2018-01-02 03:00:00+01:00,2018-01-02,3,50.96,10.416357786463838,-4.7405875687193735,29.543790223653748
2018-01-02 04:00:00+01:00,2018-01-02,4,47.07,9.448825261954672,-5.332557882628814,28.319953595740145
2018-01-02 05:00:00+01:00,2018-01-02,5,46.0,11.188337581415988,-4.814815412375628,32.243647703743896
2018-01-02 06:00:00+01:00,2018-01-02,6,54.0,15.543626352466068,-2.4370658459499754,36.993983634811926
2018-01-02 07:00:00+01:00,2018-01-02,7,59.37,21.749964701768683,0.6009185300297233,46.286264793574674
2018-01-02 08:00:00+01:00,2018-01-02,8,60.77,25.11748937851805,2.8131642768093634,49.53567064783655
2018-01-02 09:00:00+01:00,2018-01-02,9,60.61,26.59398914829321,7.383483174571232,50.03481814803063
2018-01-02 10:00:00+01:00,2018-01-02,10,60.17,26.539545673645712,9.341088765541798,48.5043480672771
2018-01-02 11:00:00+01:00,2018-01-02,11,59.25,24.783047763218953,8.46276181663358,46.322791252742896
2018-01-02 12:00:00+01:00,2018-01-02,12,57.3,23.579527288537896,7.252954758242453,44.74430602782238
2018-01-02 13:00:00+01:00,2018-01-02,13,55.04,22.53353471707538,5.1206625196001845,43.79978277058585
2018-01-02 14:00:00+01:00,2018-01-02,14,46.88,20.276809182866764,3.8717539482175027,41.48145008940818
2018-01-02 15:00:00+01:00,2018-01-02,15,44.99,19.382930265025944,0.4270468535398244,40.716364081975726
2018-01-02 16:00:00+01:00,2018-01-02,16,44.68,20.25121526076746,0.6603441802650707,42.4242466260999
2018-01-02 17:00:00+01:00,2018-01-02,17,46.32,23.343057196322896,1.736778230418281,46.309577217223215
2018-01-02 18:00:00+01:00,2018-01-02,18,53.81,27.86211552339504,7.150972664436658,52.64879042582806
2018-01-02 19:00:00+01:00,2018-01-02,19,58.19,31.714304585758185,13.245334499751948,57.19881997941224
2018-01-02 20:00:00+01:00,2018-01-02,20,59.37,30.1859634180987,14.365128417723135,52.727645995635754
2018-01-02 21:00:00+01:00,2018-01-02,21,58.87,31.04956064437828,16.03750570520805,49.18683962205476
2018-01-02 22:00:00+01:00,2018-01-02,22,55.1,28.36078724713812,14.68053676586237,48.735473685763736
2018-01-02 23:00:00+01:00,2018-01-02,23,52.14,23.049241465699474,9.683153055437693,43.771167843547765
2018-01-03 00:00:00+01:00,2018-01-03,0,50.01,50.52131615034469,36.53136189003296,69.84224670358135
2018-01-03 01:00:00+01:00,2018-01-03,1,45.02,46.52890298002034,30.017472016713548,66.70004214174077
2018-01-03 02:00:00+01:00,2018-01-03,2,44.51,43.83926308479168,29.859368301363844,63.736751995220054
2018-01-03 03:00:00+01:00,2018-01-03,3,44.51,41.418975790901804,26.262030435718593,60.546408228091714
2018-01-03 04:00:00+01:00,2018-01-03,4,44.27,39.905506887836324,25.124123743252838,58.776635221621795
2018-01-03 05:00:00+01:00,2018-01-03,5,44.51,40.754785807021236,24.75163281322962,61.810095929349146
2018-01-03 06:00:00+01:00,2018-01-03,6,45.01,47.10326925675681,29.122577058340767,68.55362653910267
2018-01-03 07:00:00+01:00,2018-01-03,7,56.01,53.7825501635392,32.63350399180024,78.31885025534518
2018-01-03 08:00:00+01:00,2018-01-03,8,60.84,57.35579951463499,35.0514744129263,81.77398078395348
2018-01-03 09:00:00+01:00,2018-01-03,9,63.83,59.22237657717848,40.0118706034565,82.6632055769159
2018-01-03 10:00:00+01:00,2018-01-03,10,63.53,59.47237828690646,42.27392137880255,81.43718068053785
2018-01-03 11:00:00+01:00,2018-01-03,11,61.48,58.784553662457405,42.46426771587203,80.32429715198134
2018-01-03 12:00:00+01:00,2018-01-03,12,59.01,56.796360298220804,40.46978776792536,77.96113903750529
2018-01-03 13:00:00+01:00,2018-01-03,13,56.01,55.747659696146776,38.33478749867158,77.01390774965725
2018-01-03 14:00:00+01:00,2018-01-03,14,53.53,51.859430062141186,35.454374827491925,73.0640709686826
2018-01-03 15:00:00+01:00,2018-01-03,15,49.73,50.14096440993345,31.185080998447333,71.47439822688324
2018-01-03 16:00:00+01:00,2018-01-03,16,45.01,50.525712982432765,30.934841901930376,72.6987443477652
2018-01-03 17:00:00+01:00,2018-01-03,17,44.52,52.682737776891756,31.07645881098714,75.64925779779207
2018-01-03 18:00:00+01:00,2018-01-03,18,44.62,57.18266571821439,36.471522859256005,81.96934062064742
2018-01-03 19:00:00+01:00,2018-01-03,19,53.04,60.52928273583657,42.06031264983033,86.01379812949062
2018-01-03 20:00:00+01:00,2018-01-03,20,56.51,59.90001905232022,44.07918405194465,82.44170162985728
2018-01-03 21:00:00+01:00,2018-01-03,21,56.01,59.60187588049339,44.58982094132316,77.73915485816988
2018-01-03 22:00:00+01:00,2018-01-03,22,52.26,56.767385811439624,43.087135330163875,77.14207225006524
2018-01-03 23:00:00+01:00,2018-01-03,23,44.52,52.555425200285164,39.18933679002338,73.27735157813345
2018-01-04 00:00:00+01:00,2018-01-04,0,40.43,43.74121222999541,29.751257969683685,63.062142783232076
2018-01-04 01:00:00+01:00,2018-01-04,1,32.02,39.0062405739264,22.494809610619605,59.17737973564682
2018-01-04 02:00:00+01:00,2018-01-04,2,29.03,38.099272035849765,24.119377252421927,57.99676094627814
2018-01-04 03:00:00+01:00,2018-01-04,3,25.09,36.18924579276079,21.032300437577575,55.316678229950696
2018-01-04 04:00:00+01:00,2018-01-04,4,22.14,34.77598311553608,19.994599970952592,53.64711144932155
2018-01-04 05:00:00+01:00,2018-01-04,5,22.49,36.57592761719809,20.572774623406474,57.631237739526
2018-01-04 06:00:00+01:00,2018-01-04,6,22.97,40.41278036309283,22.432088164676784,61.863137645438684
2018-01-04 07:00:00+01:00,2018-01-04,7,23.05,49.847231641097885,28.698185469358926,74.38353173290388
2018-01-04 08:00:00+01:00,2018-01-04,8,22.44,54.59738034706248,32.2930552453538,79.01556161638098
2018-01-04 09:00:00+01:00,2018-01-04,9,25.81,57.26902396868011,38.05851799495813,80.70985296841752
2018-01-04 10:00:00+01:00,2018-01-04,10,28.34,56.689582715776666,39.49112580767275,78.65438510940805
2018-01-04 11:00:00+01:00,2018-01-04,11,28.3,54.80049116365818,38.48020521707281,76.34023465318212
2018-01-04 12:00:00+01:00,2018-01-04,12,26.23,53.48354292361445,37.15697039331901,74.64832166289894
2018-01-04 13:00:00+01:00,2018-01-04,13,22.14,51.520034475600674,34.10716227812548,72.78628252911113
2018-01-04 14:00:00+01:00,2018-01-04,14,19.01,47.67642971306445,31.27137447841519,68.88107061960586
2018-01-04 15:00:00+01:00,2018-01-04,15,13.72,46.344749687326754,27.388866275840634,67.67818350427653
2018-01-04 16:00:00+01:00,2018-01-04,16,14.27,45.72344016466385,26.13256908416146,67.89647152999629
2018-01-04 17:00:00+01:00,2018-01-04,17,19.54,47.1189696443862,25.512690678481583,70.08548966528652
2018-01-04 18:00:00+01:00,2018-01-04,18,20.54,49.75093334957632,29.03979049061794,74.53760825200933
2018-01-04 19:00:00+01:00,2018-01-04,19,25.31,54.38505632326159,35.91608623725535,79.86957171691564
2018-01-04 20:00:00+01:00,2018-01-04,20,30.03,55.87552590114056,40.054690900764996,78.41720847867762
2018-01-04 21:00:00+01:00,2018-01-04,21,38.87,54.49232408964574,39.480269150475515,72.62960306732222
2018-01-04 22:00:00+01:00,2018-01-04,22,38.83,51.50604700563806,37.82579652436231,71.88073344426368
2018-01-04 23:00:00+01:00,2018-01-04,23,32.02,45.79040938069177,32.42432097042999,66.51233575854006
2018-01-05 00:00:00+01:00,2018-01-05,0,46.23,32.65142059289966,18.661466332587935,51.97235114613633
2018-01-05 01:00:00+01:00,2018-01-05,1,36.08,27.878840691096578,11.367409727789784,48.049979852816996
2018-01-05 02:00:00+01:00,2018-01-05,2,34.3,24.597328551281148,10.61743376785331,44.494817461709516
2018-01-05 03:00:00+01:00,2018-01-05,3,32.72,23.137268656213866,7.980323301030655,42.26470109340377
2018-01-05 04:00:00+01:00,2018-01-05,4,32.6,20.98354527752767,6.202162132944185,39.854673611313146
2018-01-05 05:00:00+01:00,2018-01-05,5,34.99,22.855661120422702,6.852508126631086,43.91097124275061
2018-01-05 06:00:00+01:00,2018-01-05,6,35.49,27.16092103484126,9.180228836425215,48.611278317187114
2018-01-05 07:00:00+01:00,2018-01-05,7,34.99,32.99542048702981,11.846374315290852,57.5317205788358
2018-01-05 08:00:00+01:00,2018-01-05,8,34.99,35.13733027309638,12.833005171387693,59.55551154241488
2018-01-05 09:00:00+01:00,2018-01-05,9,40.88,37.397547836429,18.18704186270702,60.83837683616642
2018-01-05 10:00:00+01:00,2018-01-05,10,44.68,39.2062677677239,22.007810859619987,61.17107016135529
2018-01-05 11:00:00+01:00,2018-01-05,11,45.43,38.61265265492307,22.292366708337696,60.15239614444701
2018-01-05 12:00:00+01:00,2018-01-05,12,45.15,36.324140166865725,19.99756763657028,57.48891890615021
2018-01-05 13:00:00+01:00,2018-01-05,13,45.13,36.28124053714502,18.86836833966982,57.54748859065548
2018-01-05 14:00:00+01:00,2018-01-05,14,44.5,32.41145656874386,16.006401334094598,53.61609747528527
2018-01-05 15:00:00+01:00,2018-01-05,15,35.59,29.476606578632783,10.520723167146663,50.81004039558256
2018-01-05 16:00:00+01:00,2018-01-05,16,34.91,28.837221263487276,9.246350182984887,51.010252628819714
2018-01-05 17:00:00+01:00,2018-01-05,17,32.72,31.51630674325283,9.910027777348215,54.482826764153145
2018-01-05 18:00:00+01:00,2018-01-05,18,34.54,33.3286737444282,12.617530885469819,58.11534864686122
2018-01-05 19:00:00+01:00,2018-01-05,19,35.4,38.38367310709143,19.914703021085195,63.86818850074549
2018-01-05 20:00:00+01:00,2018-01-05,20,45.0,40.589730633942835,24.76889563356727,63.13141321147989
2018-01-05 21:00:00+01:00,2018-01-05,21,49.65,43.03097873057887,28.018923791408646,61.16825770825536
2018-01-05 22:00:00+01:00,2018-01-05,22,49.01,40.41320981901548,26.73295933773973,60.787896257641094
2018-01-05 23:00:00+01:00,2018-01-05,23,47.1,34.970201385596916,21.604112975335134,55.69212776344521
2018-01-06 00:00:00+01:00,2018-01-06,0,65.61,46.06008211145527,32.070127851143546,65.38101266469194
2018-01-06 01:00:00+01:00,2018-01-06,1,64.82,40.9831837838448,24.471752820538008,61.15432294556522
2018-01-06 02:00:00+01:00,2018-01-06,2,63.35,36.7755611940997,22.795666410671863,56.67305010452807
2018-01-06 03:00:00+01:00,2018-01-06,3,63.04,35.48647128867832,20.329525933495106,54.61390372586823
2018-01-06 04:00:00+01:00,2018-01-06,4,62.69,34.58341675984194,19.802033615258452,53.45454509362741
2018-01-06 05:00:00+01:00,2018-01-06,5,62.4,36.3949626100216,20.391809616229985,57.45027273234951
2018-01-06 06:00:00+01:00,2018-01-06,6,64.97,38.85229805528789,20.871605856871845,60.302655337633745
2018-01-06 07:00:00+01:00,2018-01-06,7,64.97,42.03921763102242,20.890171459283458,66.57551772282841
2018-01-06 08:00:00+01:00,2018-01-06,8,66.13,43.688930593168244,21.384605491459556,68.10711186248673
2018-01-06 09:00:00+01:00,2018-01-06,9,66.26,47.951457338127575,28.740951364405596,71.39228633786499
2018-01-06 10:00:00+01:00,2018-01-06,10,65.95,49.26814782030226,32.06969091219835,71.23295021393365
2018-01-06 11:00:00+01:00,2018-01-06,11,65.08,49.062075227200594,32.74178928061522,70.60181871672454
2018-01-06 12:00:00+01:00,2018-01-06,12,65.08,47.97706302876839,31.650490498472948,69.14184176805287
2018-01-06 13:00:00+01:00,2018-01-06,13,64.97,48.79146004550318,31.378587848027983,70.05770809901364
2018-01-06 14:00:00+01:00,2018-01-06,14,62.86,46.543225638886476,30.138170404237215,67.74786654542788
2018-01-06 15:00:00+01:00,2018-01-06,15,60.52,42.26571173043421,23.309828318948092,63.59914554738399
2018-01-06 16:00:00+01:00,2018-01-06,16,60.0,41.65073258106959,22.0598615005672,63.82376394640203
2018-01-06 17:00:00+01:00,2018-01-06,17,59.85,42.53281050089642,20.926531534991803,65.49933052179674
2018-01-06 18:00:00+01:00,2018-01-06,18,59.72,44.721491337536,24.01034847857762,69.50816623996903
2018-01-06 19:00:00+01:00,2018-01-06,19,60.75,47.614950540142,29.14598045413576,73.09946593379605
2018-01-06 20:00:00+01:00,2018-01-06,20,62.81,52.198907361093596,36.37807236071803,74.74058993863065
2018-01-06 21:00:00+01:00,2018-01-06,21,64.14,53.88398270397928,38.87192776480905,72.02126168165577
2018-01-06 22:00:00+01:00,2018-01-06,22,63.04,52.280232301378035,38.599981820102286,72.65491874000365
2018-01-06 23:00:00+01:00,2018-01-06,23,60.16,47.04259839200027,33.67650998173849,67.76452476984856
2018-01-07 00:00:00+01:00,2018-01-07,0,62.0,59.14440527895075,45.15445101863902,78.46533583218742
2018-01-07 01:00:00+01:00,2018-01-07,1,61.14,53.940095217819284,37.42866425451249,74.1112343795397
2018-01-07 02:00:00+01:00,2018-01-07,2,60.89,51.957613835040476,37.97771905161264,71.85510274546886
2018-01-07 03:00:00+01:00,2018-01-07,3,58.68,50.671489664466336,35.514544309283124,69.79892210165625
2018-01-07 04:00:00+01:00,2018-01-07,4,58.43,50.19032482454118,35.40894167995769,69.06145315832666
2018-01-07 05:00:00+01:00,2018-01-07,5,58.34,51.09364365743761,35.090490663645994,72.14895377976552
2018-01-07 06:00:00+01:00,2018-01-07,6,56.69,54.062238643993695,36.08154644557765,75.51259592633954
2018-01-07 07:00:00+01:00,2018-01-07,7,52.99,57.34626577613951,36.19721960440055,81.8825658679455
2018-01-07 08:00:00+01:00,2018-01-07,8,52.99,60.30112529420994,37.996800192501254,84.71930656352843
2018-01-07 09:00:00+01:00,2018-01-07,9,55.19,63.392180550082706,44.18167457636073,86.83300954982013
2018-01-07 10:00:00+01:00,2018-01-07,10,55.19,65.20279351072872,48.00433660262481,87.16759590436011
2018-01-07 11:00:00+01:00,2018-01-07,11,55.67,64.31726462051986,47.99697867393449,85.85700811004381
2018-01-07 12:00:00+01:00,2018-01-07,12,55.19,62.57906805678088,46.25249552648544,83.74384679606537
2018-01-07 13:00:00+01:00,2018-01-07,13,55.0,62.665101565015426,45.25222936754023,83.9313496185259
2018-01-07 14:00:00+01:00,2018-01-07,14,55.0,60.88661048385973,44.481555249210466,82.09125139040114
2018-01-07 15:00:00+01:00,2018-01-07,15,51.33,57.89288079454276,38.93699738305664,79.22631461149254
2018-01-07 16:00:00+01:00,2018-01-07,16,50.19,58.23922383832244,38.64835275782005,80.41225520365488
2018-01-07 17:00:00+01:00,2018-01-07,17,50.15,59.69866811928985,38.092389153385234,82.66518814019017
2018-01-07 18:00:00+01:00,2018-01-07,18,50.25,62.88446946035246,42.17332660139408,87.67114436278548
2018-01-07 19:00:00+01:00,2018-01-07,19,52.09,65.13104800942116,46.66207792341493,90.61556340307521
2018-01-07 20:00:00+01:00,2018-01-07,20,55.75,67.38867743085856,51.567842430483,89.93036000839561
2018-01-07 21:00:00+01:00,2018-01-07,21,61.14,66.72383125339013,51.711776314219904,84.86111023106662
2018-01-07 22:00:00+01:00,2018-01-07,22,63.19,63.74956134875879,50.06931086748304,84.1242477873844
2018-01-07 23:00:00+01:00,2018-01-07,23,62.78,59.6826428391107,46.31655442884892,80.40456921695899
2018-01-08 00:00:00+01:00,2018-01-08,0,62.01,58.74801575179502,44.758061491483296,78.06894630503169
2018-01-08 01:00:00+01:00,2018-01-08,1,58.01,53.893157438834045,37.38172647552725,74.06429660055446
2018-01-08 02:00:00+01:00,2018-01-08,2,54.25,51.51542152271041,37.535526739282574,71.41291043313879
2018-01-08 03:00:00+01:00,2018-01-08,3,52.74,48.69041624619339,33.533470891010175,67.81784868338329
2018-01-08 04:00:00+01:00,2018-01-08,4,52.3,48.835238797487065,34.05385565290358,67.70636713127254
2018-01-08 05:00:00+01:00,2018-01-08,5,52.33,49.28684989350973,33.283696899718116,70.34216001583764
2018-01-08 06:00:00+01:00,2018-01-08,6,55.0,52.38397405440425,34.403281855988205,73.8343313367501
2018-01-08 07:00:00+01:00,2018-01-08,7,58.44,54.670932831510164,33.521886659771205,79.20723292331616
2018-01-08 08:00:00+01:00,2018-01-08,8,63.9,57.40519222321136,35.100867121502674,81.82337349252985
2018-01-08 09:00:00+01:00,2018-01-08,9,65.1,60.39403557254691,41.18352959882493,83.83486457228433
2018-01-08 10:00:00+01:00,2018-01-08,10,65.7,61.501382058616834,44.30292515051292,83.46618445224823
2018-01-08 11:00:00+01:00,2018-01-08,11,66.8,61.40419379935455,45.08390785276918,82.94393728887849
2018-01-08 12:00:00+01:00,2018-01-08,12,67.97,59.38324565746545,43.05667312717001,80.54802439674994
2018-01-08 13:00:00+01:00,2018-01-08,13,68.34,59.06251990179309,41.64964770431789,80.32876795530356
2018-01-08 14:00:00+01:00,2018-01-08,14,68.19,57.33376299106995,40.92870775642069,78.53840389761137
2018-01-08 15:00:00+01:00,2018-01-08,15,67.89,54.416397949126164,35.460514537640044,75.74983176607594
2018-01-08 16:00:00+01:00,2018-01-08,16,67.51,55.152841011350255,35.561969930847866,77.3258723766827
2018-01-08 17:00:00+01:00,2018-01-08,17,67.0,56.42774461675465,34.82146565085004,79.39426463765497
2018-01-08 18:00:00+01:00,2018-01-08,18,65.87,60.22974606978911,39.518603210830726,85.01642097222214
2018-01-08 19:00:00+01:00,2018-01-08,19,65.87,61.86532147093946,43.396351384933226,87.34983686459353
2018-01-08 20:00:00+01:00,2018-01-08,20,65.01,63.78291141233044,47.962076411954875,86.3245939898675
2018-01-08 21:00:00+01:00,2018-01-08,21,65.86,65.47920781412634,50.46715287495611,83.61648679180283
2018-01-08 22:00:00+01:00,2018-01-08,22,65.32,63.14300231033273,49.462751829056984,83.51768874895835
2018-01-08 23:00:00+01:00,2018-01-08,23,62.51,59.651649110089735,46.285560699827954,80.37357548793803
2018-01-09 00:00:00+01:00,2018-01-09,0,67.49,59.09430561535031,45.10435135503858,78.41523616858697
2018-01-09 01:00:00+01:00,2018-01-09,1,61.91,54.25482624385173,37.74339528054494,74.42596540557216
2018-01-09 02:00:00+01:00,2018-01-09,2,59.28,51.61613816731045,37.636243383882615,71.51362707773882
2018-01-09 03:00:00+01:00,2018-01-09,3,58.07,50.57366490605416,35.41671955087095,69.70109734324407
2018-01-09 04:00:00+01:00,2018-01-09,4,57.57,49.58157797238672,34.80019482780323,68.45270630617219
2018-01-09 05:00:00+01:00,2018-01-09,5,56.74,49.96748170269656,33.964328708904944,71.02279182502447
2018-01-09 06:00:00+01:00,2018-01-09,6,56.62,53.55938875642293,35.57869655800689,75.00974603876878
2018-01-09 07:00:00+01:00,2018-01-09,7,57.95,60.627200165584256,39.4781539938453,85.16350025739024
2018-01-09 08:00:00+01:00,2018-01-09,8,60.91,64.81167081634904,42.50734571464035,89.22985208566753
2018-01-09 09:00:00+01:00,2018-01-09,9,66.5,67.11891703291289,47.90841105919091,90.55974603265031
2018-01-09 10:00:00+01:00,2018-01-09,10,64.68,67.62634182197934,50.427884913875424,89.59114421561073
2018-01-09 11:00:00+01:00,2018-01-09,11,64.86,67.40321141066912,51.08292546408374,88.94295490019306
2018-01-09 12:00:00+01:00,2018-01-09,12,63.62,66.29080990117177,49.964237370876326,87.45558864045626
2018-01-09 13:00:00+01:00,2018-01-09,13,66.86,66.27509429358724,48.86222209611205,87.54134234709771
2018-01-09 14:00:00+01:00,2018-01-09,14,67.19,63.43207604959194,47.02702081494268,84.63671695613336
2018-01-09 15:00:00+01:00,2018-01-09,15,66.37,61.909603148568166,42.95371973708205,83.24303696551794
2018-01-09 16:00:00+01:00,2018-01-09,16,63.96,62.421024709482666,42.83015362898028,84.59405607481511
2018-01-09 17:00:00+01:00,2018-01-09,17,62.43,63.20600635722151,41.5997273913169,86.17252637812183
2018-01-09 18:00:00+01:00,2018-01-09,18,68.49,64.67433313017183,43.96319027121345,89.46100803260485
2018-01-09 19:00:00+01:00,2018-01-09,19,70.0,65.8980192491935,47.42904916318726,91.38253464284756
2018-01-09 20:00:00+01:00,2018-01-09,20,71.14,67.27117658839484,51.45034158801927,89.81285916593188
2018-01-09 21:00:00+01:00,2018-01-09,21,70.67,66.83652620918232,51.8244712700121,84.97380518685881
2018-01-09 22:00:00+01:00,2018-01-09,22,68.72,63.384992076483556,49.70474159520781,83.75967851510917
2018-01-09 23:00:00+01:00,2018-01-09,23,67.15,59.196239150663736,45.830150740401955,79.91816552851202
2018-01-10 00:00:00+01:00,2018-01-10,0,59.53,61.81606760042955,47.82611334011782,81.13699815366621
2018-01-10 01:00:00+01:00,2018-01-10,1,56.1,55.71412316017823,39.20269219687144,75.88526232189865
2018-01-10 02:00:00+01:00,2018-01-10,2,51.41,53.006110301398465,39.02621551797063,72.90359921182684
2018-01-10 03:00:00+01:00,2018-01-10,3,47.38,51.32853372854769,36.17158837336448,70.4559661657376
2018-01-10 04:00:00+01:00,2018-01-10,4,47.59,50.59380174265474,35.812418598071254,69.46493007644021
2018-01-10 05:00:00+01:00,2018-01-10,5,51.61,51.38450771854328,35.38135472475167,72.4398178408712
2018-01-10 06:00:00+01:00,2018-01-10,6,69.13,54.55558956014765,36.57489736173161,76.0059468424935
2018-01-10 07:00:00+01:00,2018-01-10,7,74.9,60.324920622884726,39.175874451145766,84.86122071469072
2018-01-10 08:00:00+01:00,2018-01-10,8,75.67,63.608742731069086,41.3044176293604,88.02692400038758
2018-01-10 09:00:00+01:00,2018-01-10,9,76.24,67.0048864494262,47.794380475704216,90.44571544916361
2018-01-10 10:00:00+01:00,2018-01-10,10,73.7,68.0233438013424,50.82488689323849,89.9881461949738
2018-01-10 11:00:00+01:00,2018-01-10,11,72.45,67.85708425026291,51.53679830367754,89.39682773978686
2018-01-10 12:00:00+01:00,2018-01-10,12,69.95,66.69141717167464,50.3648446413792,87.85619591095913
2018-01-10 13:00:00+01:00,2018-01-10,13,66.23,66.81104501140062,49.39817281392543,88.07729306491109
2018-01-10 14:00:00+01:00,2018-01-10,14,61.17,64.05045743452712,47.64540219987786,85.25509834106853
2018-01-10 15:00:00+01:00,2018-01-10,15,59.45,61.43545873806512,42.479575326579,82.7688925550149
2018-01-10 16:00:00+01:00,2018-01-10,16,58.18,61.458560915994,41.86768983549161,83.63159228132645
2018-01-10 17:00:00+01:00,2018-01-10,17,60.42,62.77470246568557,41.16842349978096,85.74122248658588
2018-01-10 18:00:00+01:00,2018-01-10,18,69.93,67.64000504673604,46.92886218777765,92.42667994916906
2018-01-10 19:00:00+01:00,2018-01-10,19,75.0,70.36983067337046,51.90086058736422,95.85434606702452
2018-01-10 20:00:00+01:00,2018-01-10,20,75.67,71.73381207533679,55.91297707496122,94.27549465287385
2018-01-10 21:00:00+01:00,2018-01-10,21,70.08,71.64489458221466,56.632839643044434,89.78217355989115
2018-01-10 22:00:00+01:00,2018-01-10,22,64.91,67.87494913734425,54.194698656068496,88.24963557596986
2018-01-10 23:00:00+01:00,2018-01-10,23,59.49,64.49871270715656,51.132624296894775,85.22063908500485
2018-01-11 00:00:00+01:00,2018-01-11,0,71.61,58.4187921862514,44.428837925939675,77.73972273948807
2018-01-11 01:00:00+01:00,2018-01-11,1,68.71,53.456837773862205,36.94540681055541,73.62797693558262
2018-01-11 02:00:00+01:00,2018-01-11,2,67.64,49.20036006145088,35.22046527802304,69.09784897187924
2018-01-11 03:00:00+01:00,2018-01-11,3,66.53,45.49199277496504,30.33504741978183,64.61942521215495
2018-01-11 04:00:00+01:00,2018-01-11,4,62.45,45.396038198557605,30.61465505397412,64.26716653234308
2018-01-11 05:00:00+01:00,2018-01-11,5,59.2,48.503498322022196,32.50034532823058,69.5588084443501
2018-01-11 06:00:00+01:00,2018-01-11,6,59.2,57.25393708488061,39.27324488646457,78.70429436722647
2018-01-11 07:00:00+01:00,2018-01-11,7,59.52,65.49704494539655,44.347998773657594,90.03334503720254
2018-01-11 08:00:00+01:00,2018-01-11,8,59.2,68.70481751527079,46.400492413562105,93.12299878458929
2018-01-11 09:00:00+01:00,2018-01-11,9,64.18,70.5673155178942,51.35680954417222,94.00814451763162
2018-01-11 10:00:00+01:00,2018-01-11,10,64.99,69.7992329893079,52.60077608120398,91.76403538293928
2018-01-11 11:00:00+01:00,2018-01-11,11,64.46,68.65336611307806,52.33308016649269,90.19310960260201
2018-01-11 12:00:00+01:00,2018-01-11,12,62.88,67.09038831958841,50.76381578929297,88.2551670588729
2018-01-11 13:00:00+01:00,2018-01-11,13,63.28,64.8820041864817,47.4691319890065,86.14825223999216
2018-01-11 14:00:00+01:00,2018-01-11,14,58.36,61.47035888895274,45.06530365430348,82.67499979549416
2018-01-11 15:00:00+01:00,2018-01-11,15,54.69,59.472879103308344,40.516995691822224,80.80631292025812
2018-01-11 16:00:00+01:00,2018-01-11,16,54.49,59.93791287303428,40.34704179253189,82.11094423836673
2018-01-11 17:00:00+01:00,2018-01-11,17,62.99,62.80035685863722,41.19407789273261,85.76687687953753
2018-01-11 18:00:00+01:00,2018-01-11,18,70.69,68.84316818109835,48.13202532213997,93.62984308353137
2018-01-11 19:00:00+01:00,2018-01-11,19,71.28,72.3370643384145,53.86809425240827,97.82157973206856
2018-01-11 20:00:00+01:00,2018-01-11,20,71.07,72.33884231460078,56.518007314225216,94.88052489213783
2018-01-11 21:00:00+01:00,2018-01-11,21,69.8,69.6511936769252,54.639138737754976,87.78847265460169
2018-01-11 22:00:00+01:00,2018-01-11,22,67.64,64.26889901499342,50.588648533717674,84.64358545361904
2018-01-11 23:00:00+01:00,2018-01-11,23,59.11,59.92132800387193,46.555239593610146,80.64325438172023
2018-01-12 00:00:00+01:00,2018-01-12,0,67.2,61.603808805430354,47.61385454511863,80.92473935866703
2018-01-12 01:00:00+01:00,2018-01-12,1,63.34,55.811670452995486,39.30023948968869,75.9828096147159
2018-01-12 02:00:00+01:00,2018-01-12,2,54.89,51.105288439010124,37.125393655582286,71.0027773494385
2018-01-12 03:00:00+01:00,2018-01-12,3,55.29,49.82589322718565,34.66894787200244,68.95332566437557
2018-01-12 04:00:00+01:00,2018-01-12,4,52.01,48.70316981457297,33.92178666998949,67.57429814835845
2018-01-12 05:00:00+01:00,2018-01-12,5,52.01,48.73849790207568,32.73534490828406,69.79380802440359
2018-01-12 06:00:00+01:00,2018-01-12,6,55.9,52.62831548870109,34.64762329028505,74.07867277104694
2018-01-12 07:00:00+01:00,2018-01-12,7,57.0,58.2658828422786,37.11683667053964,82.80218293408458
2018-01-12 08:00:00+01:00,2018-01-12,8,58.46,61.95110253514999,39.6467774334413,86.3692838044685
2018-01-12 09:00:00+01:00,2018-01-12,9,63.98,65.28143190904919,46.07092593532721,88.72226090878661
2018-01-12 10:00:00+01:00,2018-01-12,10,65.1,65.70152939340223,48.50307248529831,87.66633178703361
2018-01-12 11:00:00+01:00,2018-01-12,11,65.76,65.18892763067878,48.868641684093404,86.72867112020272
2018-01-12 12:00:00+01:00,2018-01-12,12,64.77,63.93795020884704,47.6113776785516,85.10272894813153
2018-01-12 13:00:00+01:00,2018-01-12,13,62.76,62.74991018157281,45.33703798409761,84.01615823508328
2018-01-12 14:00:00+01:00,2018-01-12,14,59.65,59.47869299569013,43.07363776104087,80.68333390223154
2018-01-12 15:00:00+01:00,2018-01-12,15,55.79,56.87241975547611,37.91653634398999,78.2058535724259
2018-01-12 16:00:00+01:00,2018-01-12,16,53.14,57.47831443755712,37.88744335705473,79.65134580288955
2018-01-12 17:00:00+01:00,2018-01-12,17,63.89,61.226300688188346,39.62002172228373,84.19282070908866
2018-01-12 18:00:00+01:00,2018-01-12,18,67.09,66.71536736675964,46.004224507801254,91.50204226919266
2018-01-12 19:00:00+01:00,2018-01-12,19,67.03,67.98997740757459,49.52100732156835,93.47449280122865
2018-01-12 20:00:00+01:00,2018-01-12,20,65.67,68.02335660822226,52.20252160784669,90.5650391857593
2018-01-12 21:00:00+01:00,2018-01-12,21,65.01,67.47464819753603,52.4625932583658,85.61192717521251
2018-01-12 22:00:00+01:00,2018-01-12,22,63.65,64.42321031448976,50.742959833214016,84.79789675311538
2018-01-12 23:00:00+01:00,2018-01-12,23,60.05,59.275008315710366,45.908919905448585,79.99693469355866
2018-01-13 00:00:00+01:00,2018-01-13,0,56.02,61.38660957577607,47.39665531546434,80.70754012901274
2018-01-13 01:00:00+01:00,2018-01-13,1,48.14,55.01066163615947,38.499230672852676,75.18180079787989
2018-01-13 02:00:00+01:00,2018-01-13,2,46.6,50.57309592129409,36.59320113786625,70.47058483172246
2018-01-13 03:00:00+01:00,2018-01-13,3,46.1,48.82998791737471,33.6730425621915,67.95742035456462
2018-01-13 04:00:00+01:00,2018-01-13,4,46.2,47.53678202932855,32.75539888474506,66.40791036311401
2018-01-13 05:00:00+01:00,2018-01-13,5,46.6,48.165683346310374,32.16253035251876,69.22099346863828
2018-01-13 06:00:00+01:00,2018-01-13,6,47.13,51.822667620359155,33.84197542194311,73.273024902705
2018-01-13 07:00:00+01:00,2018-01-13,7,50.05,56.033976562067934,34.884930390328975,80.57027665387392
2018-01-13 08:00:00+01:00,2018-01-13,8,50.98,60.36697541992057,38.06265031821188,84.78515668923907
2018-01-13 09:00:00+01:00,2018-01-13,9,58.16,64.30530625229449,45.09480027857251,87.7461352520319
2018-01-13 10:00:00+01:00,2018-01-13,10,60.76,64.98755119496806,47.78909428686415,86.95235358859945
2018-01-13 11:00:00+01:00,2018-01-13,11,60.5,64.71164957937114,48.39136363278577,86.25139306889508
2018-01-13 12:00:00+01:00,2018-01-13,12,59.5,63.53384318246805,47.2072706521726,84.69862192175253
2018-01-13 13:00:00+01:00,2018-01-13,13,59.07,61.92975966742047,44.516887469945274,83.19600772093094
2018-01-13 14:00:00+01:00,2018-01-13,14,58.7,58.351387403802505,41.946332169153244,79.55602831034392
2018-01-13 15:00:00+01:00,2018-01-13,15,55.57,55.02442558066407,36.06854216917795,76.35785939761385
2018-01-13 16:00:00+01:00,2018-01-13,16,54.99,54.77682764932948,35.185956568827095,76.94985901466193
2018-01-13 17:00:00+01:00,2018-01-13,17,56.01,59.99182424608949,38.38554528018488,82.95834426698981
2018-01-13 18:00:00+01:00,2018-01-13,18,61.0,65.31463260748224,44.603489748523856,90.10130750991526
2018-01-13 19:00:00+01:00,2018-01-13,19,61.97,67.7167275907108,49.247757504704566,93.20124298436485
2018-01-13 20:00:00+01:00,2018-01-13,20,63.82,67.24669356537805,51.425858565002486,89.7883761429151
2018-01-13 21:00:00+01:00,2018-01-13,21,62.11,66.47675052871844,51.464695589548214,84.61402950639493
2018-01-13 22:00:00+01:00,2018-01-13,22,59.54,63.30592081793269,49.62567033665694,83.6806072565583
2018-01-13 23:00:00+01:00,2018-01-13,23,58.15,58.90708789015373,45.54099947989195,79.62901426800202
2018-01-14 00:00:00+01:00,2018-01-14,0,48.7,55.334633515960284,41.34467925564856,74.65556406919696
2018-01-14 01:00:00+01:00,2018-01-14,1,45.27,49.778012349622216,33.26658138631542,69.94915151134263
2018-01-14 02:00:00+01:00,2018-01-14,2,43.92,46.35352170486591,32.373626921438074,66.25101061529429
2018-01-14 03:00:00+01:00,2018-01-14,3,42.1,44.66252910274105,29.505583747557836,63.78996153993096
2018-01-14 04:00:00+01:00,2018-01-14,4,42.09,43.64572120624596,28.864338061662473,62.51684954003143
2018-01-14 05:00:00+01:00,2018-01-14,5,42.1,44.550966906113544,28.547813912321928,65.60627702844145
2018-01-14 06:00:00+01:00,2018-01-14,6,43.92,46.620593631655936,28.639901433239892,68.0709509140018
2018-01-14 07:00:00+01:00,2018-01-14,7,45.01,50.76677471762732,29.61772854588836,75.30307480943331
2018-01-14 08:00:00+01:00,2018-01-14,8,45.21,53.82249501739292,31.51816991568423,78.24067628671142
2018-01-14 09:00:00+01:00,2018-01-14,9,47.66,59.0146663309644,39.804160357242424,82.45549533070182
2018-01-14 10:00:00+01:00,2018-01-14,10,53.9,61.235844929422534,44.03738802131862,83.20064732305391
2018-01-14 11:00:00+01:00,2018-01-14,11,54.8,60.73178536038815,44.41149941380278,82.2715288499121
2018-01-14 12:00:00+01:00,2018-01-14,12,54.8,59.09381638732009,42.767243857024646,80.25859512660458
2018-01-14 13:00:00+01:00,2018-01-14,13,58.11,58.10736734742284,40.69449514994764,79.3736154009333
2018-01-14 14:00:00+01:00,2018-01-14,14,58.53,55.51763830846986,39.1125830738206,76.72227921501127
2018-01-14 15:00:00+01:00,2018-01-14,15,53.9,53.330863351659346,34.374979940173226,74.66429716860912
2018-01-14 16:00:00+01:00,2018-01-14,16,53.15,52.776900051689985,33.186028971187596,74.94993141702243
2018-01-14 17:00:00+01:00,2018-01-14,17,54.8,54.9616394597932,33.35536049388858,77.92815948069352
2018-01-14 18:00:00+01:00,2018-01-14,18,60.82,59.5330409698606,38.82189811090222,84.31971587229361
2018-01-14 19:00:00+01:00,2018-01-14,19,64.97,62.330210232496555,43.86124014649032,87.81472562615062
2018-01-14 20:00:00+01:00,2018-01-14,20,67.19,63.825407688206006,48.00457268783044,86.36709026574306
2018-01-14 21:00:00+01:00,2018-01-14,21,67.92,63.35312011794988,48.34106517877965,81.49039909562637
2018-01-14 22:00:00+01:00,2018-01-14,22,66.01,59.88926204405085,46.2090115627751,80.26394848267647
2018-01-14 23:00:00+01:00,2018-01-14,23,61.24,55.72326443407111,42.35717602380933,76.4451908119194
2018-01-15 00:00:00+01:00,2018-01-15,0,60.82,55.114192848649715,41.12423858833799,74.43512340188639
2018-01-15 01:00:00+01:00,2018-01-15,1,53.6,49.651745485934796,33.140314522628,69.82288464765521
2018-01-15 02:00:00+01:00,2018-01-15,2,47.66,46.90441477646497,32.92451999303713,66.80190368689334
2018-01-15 03:00:00+01:00,2018-01-15,3,46.14,44.20089853808526,29.04395318290205,63.32833097527517
2018-01-15 04:00:00+01:00,2018-01-15,4,45.69,42.996958270000974,28.215575125417487,61.868086603786445
2018-01-15 05:00:00+01:00,2018-01-15,5,47.13,44.291910500486296,28.28875750669468,65.3472206228142
2018-01-15 06:00:00+01:00,2018-01-15,6,55.55,48.97866018526115,30.997967986845104,70.429017467607
2018-01-15 07:00:00+01:00,2018-01-15,7,60.9,55.487261570670704,34.338215398931744,80.0235616624767
2018-01-15 08:00:00+01:00,2018-01-15,8,64.99,57.61699659946936,35.312671497760675,82.03517786878786
2018-01-15 09:00:00+01:00,2018-01-15,9,66.01,61.14586773052201,41.935361756800035,84.58669673025943
2018-01-15 10:00:00+01:00,2018-01-15,10,65.03,62.72662354564926,45.52816663754535,84.69142593928065
2018-01-15 11:00:00+01:00,2018-01-15,11,62.07,63.1097835003592,46.78949755377383,84.64952698988314
2018-01-15 12:00:00+01:00,2018-01-15,12,61.01,61.885216179303555,45.55864364900811,83.04999491858804
2018-01-15 13:00:00+01:00,2018-01-15,13,60.9,62.04425567472339,44.63138347724819,83.31050372823385
2018-01-15 14:00:00+01:00,2018-01-15,14,58.7,59.29799983518781,42.89294460053855,80.50264074172922
2018-01-15 15:00:00+01:00,2018-01-15,15,57.83,57.077113387925976,38.12122997643986,78.41054720487575
2018-01-15 16:00:00+01:00,2018-01-15,16,56.0,57.23733232964038,37.64646124913799,79.41036369497283
2018-01-15 17:00:00+01:00,2018-01-15,17,57.83,58.88975899479785,37.28348002889324,81.85627901569816
2018-01-15 18:00:00+01:00,2018-01-15,18,61.59,63.855262645578115,43.14411978661973,88.64193754801113
2018-01-15 19:00:00+01:00,2018-01-15,19,64.28,67.29313758194266,48.82416749593642,92.77765297559671
2018-01-15 20:00:00+01:00,2018-01-15,20,65.23,68.14829555668106,52.327460556305496,90.68997813421811
2018-01-15 21:00:00+01:00,2018-01-15,21,62.4,68.30137618149116,53.28932124232094,86.43865515916765
2018-01-15 22:00:00+01:00,2018-01-15,22,58.15,65.11198342266172,51.431732941385974,85.48666986128734
2018-01-15 23:00:00+01:00,2018-01-15,23,52.32,59.76905955730772,46.40297114704594,80.490985935156
2018-01-16 00:00:00+01:00,2018-01-16,0,44.5,54.87518937758051,40.885235117268785,74.19611993081718
2018-01-16 01:00:00+01:00,2018-01-16,1,41.3,48.74566078242671,32.23422981911992,68.91679994414713
2018-01-16 02:00:00+01:00,2018-01-16,2,38.0,44.357081576785895,30.377186793358057,64.25457048721427
2018-01-16 03:00:00+01:00,2018-01-16,3,35.1,43.328004354941,28.17105899975779,62.45543679213091
2018-01-16 04:00:00+01:00,2018-01-16,4,35.1,41.020096406566005,26.238713261982518,59.891224740351475
2018-01-16 05:00:00+01:00,2018-01-16,5,39.1,42.57540176062663,26.572248766835017,63.63071188295454
2018-01-16 06:00:00+01:00,2018-01-16,6,43.03,48.081263362518804,30.10057116410276,69.53162064486466
2018-01-16 07:00:00+01:00,2018-01-16,7,51.89,55.286417317663414,34.137371145924455,79.8227174094694
2018-01-16 08:00:00+01:00,2018-01-16,8,60.82,58.4042222665265,36.09989716481782,82.822403535845
2018-01-16 09:00:00+01:00,2018-01-16,9,63.45,61.848573249557305,42.638067275835326,85.28940224929472
2018-01-16 10:00:00+01:00,2018-01-16,10,61.99,62.22530886072654,45.02685195262263,84.19011125435793
2018-01-16 11:00:00+01:00,2018-01-16,11,60.32,60.30485283018453,43.98456688359916,81.84459631970847
2018-01-16 12:00:00+01:00,2018-01-16,12,58.03,59.1800510068169,42.85347847652146,80.3448297461014
2018-01-16 13:00:00+01:00,2018-01-16,13,56.16,58.44311911719743,41.03024691972224,79.7093671707079
2018-01-16 14:00:00+01:00,2018-01-16,14,54.5,55.116815823147384,38.71176058849812,76.3214567296888
2018-01-16 15:00:00+01:00,2018-01-16,15,51.95,54.1539960338741,35.19811262238798,75.48742985082387
2018-01-16 16:00:00+01:00,2018-01-16,16,49.43,52.96515772483658,33.37428664433419,75.13818909016902
2018-01-16 17:00:00+01:00,2018-01-16,17,52.1,56.19053563918417,34.584256673279555,79.1570556600845
2018-01-16 18:00:00+01:00,2018-01-16,18,59.02,59.87982442339639,39.16868156443801,84.66649932582942
2018-01-16 19:00:00+01:00,2018-01-16,19,61.59,62.072847966945645,43.60387788093941,87.55736336059971
2018-01-16 20:00:00+01:00,2018-01-16,20,63.45,62.04177726936382,46.22094226898825,84.58345984690087
2018-01-16 21:00:00+01:00,2018-01-16,21,61.59,60.60206163556065,45.590006696390425,78.73934061323715
2018-01-16 22:00:00+01:00,2018-01-16,22,52.69,57.095910929902914,43.415660448627165,77.47059736852853
2018-01-16 23:00:00+01:00,2018-01-16,23,45.27,51.71640625992753,38.35031784966575,72.43833263777583
2018-01-17 00:00:00+01:00,2018-01-17,0,42.64,44.177815930049505,30.187861669737778,63.49874648328617
2018-01-17 01:00:00+01:00,2018-01-17,1,40.0,40.54993951601917,24.03850855271238,60.72107867773959
2018-01-17 02:00:00+01:00,2018-01-17,2,36.18,36.660740228918556,22.680845445490718,56.55822913934693
2018-01-17 03:00:00+01:00,2018-01-17,3,35.67,33.97571947671251,18.8187741215293,53.10315191390242
2018-01-17 04:00:00+01:00,2018-01-17,4,35.45,33.470306216886954,18.688923072303467,52.341434550672425
2018-01-17 05:00:00+01:00,2018-01-17,5,36.45,35.67004477805531,19.666891784263697,56.72535490038322
2018-01-17 06:00:00+01:00,2018-01-17,6,41.51,41.390327517902705,23.40963531948666,62.84068480024856
2018-01-17 07:00:00+01:00,2018-01-17,7,47.94,49.263487331574154,28.114441159835195,73.79978742338014
2018-01-17 08:00:00+01:00,2018-01-17,8,58.7,55.38232610057378,33.07800099886509,79.80050736989227
2018-01-17 09:00:00+01:00,2018-01-17,9,61.59,57.3631340544737,38.15262808075172,80.80396305421112
2018-01-17 10:00:00+01:00,2018-01-17,10,61.59,57.06035619468797,39.861899286584055,79.02515858831936
2018-01-17 11:00:00+01:00,2018-01-17,11,56.35,56.86899534599039,40.54870939940502,78.40873883551433
2018-01-17 12:00:00+01:00,2018-01-17,12,54.97,54.80598813874142,38.479415608445976,75.9707668780259
2018-01-17 13:00:00+01:00,2018-01-17,13,54.97,53.59034482038608,36.177472622910884,74.85659287389655
2018-01-17 14:00:00+01:00,2018-01-17,14,54.83,50.18730107222848,33.78224583757922,71.39194197876989
2018-01-17 15:00:00+01:00,2018-01-17,15,54.72,47.77568610892545,28.81980269743933,69.10911992587523
2018-01-17 16:00:00+01:00,2018-01-17,16,54.73,48.26745057471072,28.676579494208333,70.44048194004316
2018-01-17 17:00:00+01:00,2018-01-17,17,56.58,51.37326960722339,29.766990641318777,74.33978962812371
2018-01-17 18:00:00+01:00,2018-01-17,18,61.97,55.968419650530926,35.257276791572544,80.75509455296395
2018-01-17 19:00:00+01:00,2018-01-17,19,63.8,59.76890208943801,41.29993200343177,85.25341748309206
2018-01-17 20:00:00+01:00,2018-01-17,20,65.5,60.137334820634706,44.31649982025914,82.67901739817177
2018-01-17 21:00:00+01:00,2018-01-17,21,65.5,59.12731236701818,44.11525742784795,77.26459134469467
2018-01-17 22:00:00+01:00,2018-01-17,22,61.1,52.96386810383319,39.28361762255744,73.33855454245881
2018-01-17 23:00:00+01:00,2018-01-17,23,58.7,47.336489623560865,33.970401213299084,68.05841600140916
2018-01-18 00:00:00+01:00,2018-01-18,0,59.91,50.46507048371399,36.47511622340226,69.78600103695065
2018-01-18 01:00:00+01:00,2018-01-18,1,52.0,46.876374775722994,30.3649438124162,67.04751393744341
2018-01-18 02:00:00+01:00,2018-01-18,2,47.13,42.82306957723241,28.84317479380457,62.72055848766078
2018-01-18 03:00:00+01:00,2018-01-18,3,45.65,41.400846065253425,26.243900710070214,60.528278502443335
2018-01-18 04:00:00+01:00,2018-01-18,4,45.19,40.58104401157408,25.799660866990592,59.45217234535955
2018-01-18 05:00:00+01:00,2018-01-18,5,45.96,41.98357639388608,25.980423400094466,63.03888651621399
2018-01-18 06:00:00+01:00,2018-01-18,6,54.97,46.93846017639769,28.957767977981646,68.38881745874355
2018-01-18 07:00:00+01:00,2018-01-18,7,58.7,53.9735898745231,32.82454370278414,78.5098899663291
2018-01-18 08:00:00+01:00,2018-01-18,8,60.89,59.47716194973585,37.17283684802716,83.89534321905435
2018-01-18 09:00:00+01:00,2018-01-18,9,61.59,62.59301904953104,43.38251307580906,86.03384804926846
2018-01-18 10:00:00+01:00,2018-01-18,10,61.37,62.58825241529529,45.38979550719137,84.55305480892667
2018-01-18 11:00:00+01:00,2018-01-18,11,60.89,62.07547311074135,45.75518716415598,83.61521660026528
2018-01-18 12:00:00+01:00,2018-01-18,12,60.07,60.093155172002184,43.76658264170674,81.25793391128667
2018-01-18 13:00:00+01:00,2018-01-18,13,60.41,59.05937729512518,41.646505097649985,80.32562534863564
2018-01-18 14:00:00+01:00,2018-01-18,14,59.9,56.13213011134286,39.7270748766936,77.33677101788427
2018-01-18 15:00:00+01:00,2018-01-18,15,59.86,54.63531579063365,35.67943237914753,75.96874960758342
2018-01-18 16:00:00+01:00,2018-01-18,16,59.81,55.626050650715726,36.03517957021334,77.79908201604817
2018-01-18 17:00:00+01:00,2018-01-18,17,59.96,57.707801390031065,36.10152242412645,80.67432141093138
2018-01-18 18:00:00+01:00,2018-01-18,18,61.2,62.082888634314486,41.3717457753561,86.8695635367475
2018-01-18 19:00:00+01:00,2018-01-18,19,61.91,65.75817748047488,47.28920739446865,91.24269287412895
2018-01-18 20:00:00+01:00,2018-01-18,20,62.39,65.940779016976,50.11994401660043,88.48246159451304
2018-01-18 21:00:00+01:00,2018-01-18,21,61.6,65.01775223476285,50.005697295592626,83.15503121243934
2018-01-18 22:00:00+01:00,2018-01-18,22,60.89,61.09790616439433,47.41765568311858,81.47259260301995
2018-01-18 23:00:00+01:00,2018-01-18,23,60.07,56.647513195485786,43.281424785224004,77.36943957333408
2018-01-19 00:00:00+01:00,2018-01-19,0,58.69,57.96123177224011,43.971277511928385,77.28216232547678
2018-01-19 01:00:00+01:00,2018-01-19,1,51.07,51.93289658736053,35.42146562405374,72.10403574908095
2018-01-19 02:00:00+01:00,2018-01-19,2,47.07,48.491050219132056,34.51115543570422,68.38853912956043
2018-01-19 03:00:00+01:00,2018-01-19,3,45.27,46.69810153141906,31.54115617623585,65.82553396860897
2018-01-19 04:00:00+01:00,2018-01-19,4,45.09,44.97753913609727,30.196155991513784,63.84866746988274
2018-01-19 05:00:00+01:00,2018-01-19,5,45.09,46.02904383322515,30.025890839433536,67.08435395555307
2018-01-19 06:00:00+01:00,2018-01-19,6,52.0,51.46425435487246,33.483562156456415,72.91461163721831
2018-01-19 07:00:00+01:00,2018-01-19,7,59.2,57.55900684000194,36.40996066826298,82.09530693180793
2018-01-19 08:00:00+01:00,2018-01-19,8,59.89,60.36784267185205,38.06351757014336,84.78602394117055
2018-01-19 09:00:00+01:00,2018-01-19,9,59.96,63.75640610739786,44.54590013367588,87.19723510713527
2018-01-19 10:00:00+01:00,2018-01-19,10,59.46,63.90811105844259,46.70965415033868,85.87291345207399
2018-01-19 11:00:00+01:00,2018-01-19,11,58.7,63.58638553806786,47.26609959148249,85.1261290275918
2018-01-19 12:00:00+01:00,2018-01-19,12,56.58,62.50350822014879,46.176935689853345,83.66828695943327
2018-01-19 13:00:00+01:00,2018-01-19,13,55.4,61.98765416598358,44.57478196850838,83.25390221949405
2018-01-19 14:00:00+01:00,2018-01-19,14,54.83,59.36672724536818,42.96167201071892,80.5713681519096
2018-01-19 15:00:00+01:00,2018-01-19,15,52.01,57.83906447574428,38.88318106425816,79.17249829269406
2018-01-19 16:00:00+01:00,2018-01-19,16,52.0,57.151885985285006,37.56101490478262,79.32491735061745
2018-01-19 17:00:00+01:00,2018-01-19,17,54.83,58.91257258182095,37.30629361591634,81.87909260272127
2018-01-19 18:00:00+01:00,2018-01-19,18,58.69,62.53541030118083,41.82426744222245,87.32208520361385
2018-01-19 19:00:00+01:00,2018-01-19,19,59.86,64.44988644275884,45.9809163567526,89.93440183641289
2018-01-19 20:00:00+01:00,2018-01-19,20,59.95,64.7828093627688,48.961974362393235,87.32449194030585
2018-01-19 21:00:00+01:00,2018-01-19,21,59.46,63.92440699557162,48.912352056401396,82.0616859732481
2018-01-19 22:00:00+01:00,2018-01-19,22,59.06,61.74927211250538,48.06902163122963,82.123958551131
2018-01-19 23:00:00+01:00,2018-01-19,23,58.49,58.469052641895985,45.1029642316342,79.19097901974428
2018-01-20 00:00:00+01:00,2018-01-20,0,58.49,56.3020908372777,42.312136576965976,75.62302139051437
2018-01-20 01:00:00+01:00,2018-01-20,1,48.01,51.01027720961931,34.49884624631252,71.18141637133974
2018-01-20 02:00:00+01:00,2018-01-20,2,41.18,47.218444923140645,33.23855013971281,67.11593383356902
2018-01-20 03:00:00+01:00,2018-01-20,3,41.18,45.43405943389529,30.27711407871208,64.5614918710852
2018-01-20 04:00:00+01:00,2018-01-20,4,40.0,44.246440046613856,29.46505690203037,63.11756838039933
2018-01-20 05:00:00+01:00,2018-01-20,5,39.58,45.22071828494659,29.217565291154976,66.27602840727451
2018-01-20 06:00:00+01:00,2018-01-20,6,39.83,47.864536809477016,29.883844611060972,69.31489409182288
2018-01-20 07:00:00+01:00,2018-01-20,7,42.74,51.33922075569617,30.19017458395721,75.87552084750216
2018-01-20 08:00:00+01:00,2018-01-20,8,41.27,53.97105202322896,31.66672692152027,78.38923329254746
2018-01-20 09:00:00+01:00,2018-01-20,9,51.0,57.05481675829011,37.84431078456813,80.49564575802754
2018-01-20 10:00:00+01:00,2018-01-20,10,58.49,59.47567743127312,42.277220523169206,81.44047982490451
2018-01-20 11:00:00+01:00,2018-01-20,11,57.8,59.31741332689016,42.99712738030479,80.8571568164141
2018-01-20 12:00:00+01:00,2018-01-20,12,50.66,57.43849583779636,41.111923307500916,78.60327457708084
2018-01-20 13:00:00+01:00,2018-01-20,13,53.01,56.7908128068032,39.37794060932801,78.05706086031367
2018-01-20 14:00:00+01:00,2018-01-20,14,47.0,54.40997532762633,38.004920092977066,75.61461623416774
2018-01-20 15:00:00+01:00,2018-01-20,15,40.01,51.18422684427137,32.22834343278525,72.51766066122116
2018-01-20 16:00:00+01:00,2018-01-20,16,39.8,51.09149018158979,31.500619101087402,73.26452154692223
2018-01-20 17:00:00+01:00,2018-01-20,17,44.38,53.03229149971138,31.426012533806762,75.9988115206117
2018-01-20 18:00:00+01:00,2018-01-20,18,49.38,57.164105541922424,36.45296268296404,81.95078044435544
2018-01-20 19:00:00+01:00,2018-01-20,19,56.01,60.047886178714336,41.5789160927081,85.5324015723684
2018-01-20 20:00:00+01:00,2018-01-20,20,57.8,61.66824473433828,45.847409733962714,84.20992731187533
2018-01-20 21:00:00+01:00,2018-01-20,21,57.5,61.114750533022246,46.10269559385202,79.25202951069873
2018-01-20 22:00:00+01:00,2018-01-20,22,46.05,58.93743750002443,45.25718701874868,79.31212393865005
2018-01-20 23:00:00+01:00,2018-01-20,23,41.05,55.87374032480011,42.50765191453833,76.5956667026484
2018-01-21 00:00:00+01:00,2018-01-21,0,40.45,45.186289387651684,31.196335127339957,64.50721994088835
2018-01-21 01:00:00+01:00,2018-01-21,1,30.57,38.61744740104381,22.10601643773702,58.78858656276423
2018-01-21 02:00:00+01:00,2018-01-21,2,29.24,36.002514885224755,22.022620101796917,55.90000379565313
2018-01-21 03:00:00+01:00,2018-01-21,3,27.5,32.77786330009034,17.620917944907127,51.90529573728025
2018-01-21 04:00:00+01:00,2018-01-21,4,19.99,32.348067811514525,17.56668466693104,51.219196145299996
2018-01-21 05:00:00+01:00,2018-01-21,5,25.0,32.86241959164071,16.859266597849093,53.91772971396862
2018-01-21 06:00:00+01:00,2018-01-21,6,28.47,34.77586854645521,16.795176348039163,56.22622582880106
2018-01-21 07:00:00+01:00,2018-01-21,7,33.33,38.15963023070747,17.01058405896851,62.69593032251346
2018-01-21 08:00:00+01:00,2018-01-21,8,38.63,41.55752309055414,19.253197988845454,65.97570435987264
2018-01-21 09:00:00+01:00,2018-01-21,9,40.35,46.70551189357177,27.49500591984979,70.14634089330919
2018-01-21 10:00:00+01:00,2018-01-21,10,46.7,50.61115401254361,33.412697104439694,72.575956406175
2018-01-21 11:00:00+01:00,2018-01-21,11,46.05,50.155358407952846,33.835072461367474,71.69510189747679
2018-01-21 12:00:00+01:00,2018-01-21,12,43.3,47.625925551627354,31.29935302133191,68.79070429091183
2018-01-21 13:00:00+01:00,2018-01-21,13,47.93,47.81913763482841,30.406265437353213,69.08538568833887
2018-01-21 14:00:00+01:00,2018-01-21,14,45.66,43.69691205934869,27.29185682469943,64.9015529658901
2018-01-21 15:00:00+01:00,2018-01-21,15,41.2,39.76370490458554,20.807821493099418,61.097138721535316
2018-01-21 16:00:00+01:00,2018-01-21,16,41.2,40.10078332253279,20.509912242030403,62.27381468786523
2018-01-21 17:00:00+01:00,2018-01-21,17,44.54,41.20253706329343,19.596258097388812,64.16905708419375
2018-01-21 18:00:00+01:00,2018-01-21,18,58.03,46.925747197901956,26.214604338943573,71.71242210033498
2018-01-21 19:00:00+01:00,2018-01-21,19,60.9,52.627791558311536,34.1588214723053,78.11230695196559
2018-01-21 20:00:00+01:00,2018-01-21,20,61.97,55.02079977068987,39.1999647703143,77.56248234822692
2018-01-21 21:00:00+01:00,2018-01-21,21,63.43,54.744458953776665,39.73240401460644,72.88173793145316
2018-01-21 22:00:00+01:00,2018-01-21,22,61.8,49.464905016269725,35.784654534993976,69.83959145489534
2018-01-21 23:00:00+01:00,2018-01-21,23,59.54,43.52290318661468,30.156814776352896,64.24482956446298
2018-01-22 00:00:00+01:00,2018-01-22,0,58.03,49.33554703387531,35.34559277356358,68.65647758711198
2018-01-22 01:00:00+01:00,2018-01-22,1,44.72,42.60875551348139,26.097324550174598,62.77989467520181
2018-01-22 02:00:00+01:00,2018-01-22,2,40.95,40.055777289487274,26.075882506059436,59.953266199915646
2018-01-22 03:00:00+01:00,2018-01-22,3,40.35,36.26119864567395,21.10425329049074,55.38863108286386
2018-01-22 04:00:00+01:00,2018-01-22,4,39.85,34.500267764921304,19.718884620337818,53.371396098706775
2018-01-22 05:00:00+01:00,2018-01-22,5,40.2,37.24461035813854,21.24145736434692,58.29992048046645
2018-01-22 06:00:00+01:00,2018-01-22,6,44.5,42.495879714925074,24.51518751650903,63.94623699727093
2018-01-22 07:00:00+01:00,2018-01-22,7,58.03,50.56517903865675,29.416132866917792,75.10147913046274
2018-01-22 08:00:00+01:00,2018-01-22,8,59.01,55.236147487094215,32.93182238538553,79.65432875641271
2018-01-22 09:00:00+01:00,2018-01-22,9,60.79,58.58203699495441,39.37153102123243,82.02286599469183
2018-01-22 10:00:00+01:00,2018-01-22,10,60.1,59.76083743357608,42.562380525472165,81.72563982720746
2018-01-22 11:00:00+01:00,2018-01-22,11,58.7,60.462009464176944,44.14172351759157,82.00175295370089
2018-01-22 12:00:00+01:00,2018-01-22,12,58.09,58.77123978856223,42.44466725826678,79.93601852784671
2018-01-22 13:00:00+01:00,2018-01-22,13,58.01,59.114594422879655,41.70172222540446,80.38084247639011
2018-01-22 14:00:00+01:00,2018-01-22,14,55.69,55.34520919565252,38.94015396100326,76.54985010219394
2018-01-22 15:00:00+01:00,2018-01-22,15,52.73,52.45338848597138,33.49750507448526,73.78682230292117
2018-01-22 16:00:00+01:00,2018-01-22,16,52.16,53.513658337769265,33.922787257266876,75.6866897031017
2018-01-22 17:00:00+01:00,2018-01-22,17,55.8,56.43629323905626,34.83001427315165,79.40281325995659
2018-01-22 18:00:00+01:00,2018-01-22,18,57.69,63.69345558974046,42.98231273078208,88.48013049217349
2018-01-22 19:00:00+01:00,2018-01-22,19,59.03,67.37368208361677,48.904711997610534,92.85819747727083
2018-01-22 20:00:00+01:00,2018-01-22,20,61.01,66.80474264653438,50.98390764615881,89.34642522407142
2018-01-22 21:00:00+01:00,2018-01-22,21,60.32,66.73232304154082,51.720268102370596,84.86960201921731
2018-01-22 22:00:00+01:00,2018-01-22,22,57.86,63.279384994620145,49.599134513344396,83.65407143324576
2018-01-22 23:00:00+01:00,2018-01-22,23,56.09,58.61531107448309,45.24922266422131,79.33723745233138
2018-01-23 00:00:00+01:00,2018-01-23,0,59.01,52.90947256917907,38.919518308867346,72.23040312241574
2018-01-23 01:00:00+01:00,2018-01-23,1,53.01,46.737111100706564,30.22568013739977,66.90825026242698
2018-01-23 02:00:00+01:00,2018-01-23,2,49.4,43.40564260012768,29.42574781669984,63.30313151055605
2018-01-23 03:00:00+01:00,2018-01-23,3,47.43,41.86224536005434,26.705300004871127,60.98967779724425
2018-01-23 04:00:00+01:00,2018-01-23,4,47.43,40.88029686684898,26.098913722265493,59.75142520063445
2018-01-23 05:00:00+01:00,2018-01-23,5,47.76,41.95725173015315,25.954098736361537,63.01256185248106
2018-01-23 06:00:00+01:00,2018-01-23,6,53.48,46.2735699504289,28.292877752012856,67.72392723277476
2018-01-23 07:00:00+01:00,2018-01-23,7,59.34,54.64063414153975,33.49158796980079,79.17693423334575
2018-01-23 08:00:00+01:00,2018-01-23,8,61.41,57.612563468733434,35.30823836702474,82.03074473805194
2018-01-23 09:00:00+01:00,2018-01-23,9,61.8,61.13258791995703,41.92208194623505,84.57341691969445
2018-01-23 10:00:00+01:00,2018-01-23,10,61.62,61.52167269355181,44.32321578544789,83.4864750871832
2018-01-23 11:00:00+01:00,2018-01-23,11,60.69,60.95655126924191,44.63626532265654,82.49629475876586
2018-01-23 12:00:00+01:00,2018-01-23,12,59.55,59.32141878172374,42.9948462514283,80.48619752100822
2018-01-23 13:00:00+01:00,2018-01-23,13,60.02,58.051855545205434,40.63898334773024,79.31810359871591
2018-01-23 14:00:00+01:00,2018-01-23,14,59.34,54.777934614222566,38.372879379573305,75.98257552076399
2018-01-23 15:00:00+01:00,2018-01-23,15,58.7,53.208856591257245,34.252973179771125,74.54229040820702
2018-01-23 16:00:00+01:00,2018-01-23,16,59.34,52.53272975117393,32.94185867067154,74.70576111650638
2018-01-23 17:00:00+01:00,2018-01-23,17,58.03,54.961772537322375,33.35549357141776,77.9282925582227
2018-01-23 18:00:00+01:00,2018-01-23,18,61.09,58.46262605485297,37.751483195894586,83.24930095728598
2018-01-23 19:00:00+01:00,2018-01-23,19,62.57,60.72355125078633,42.25458116478009,86.20806664444038
2018-01-23 20:00:00+01:00,2018-01-23,20,63.51,61.173696000029,45.35286099965343,83.71537857756604
2018-01-23 21:00:00+01:00,2018-01-23,21,63.09,61.728502554726276,46.71644761555605,79.86578153240276
2018-01-23 22:00:00+01:00,2018-01-23,22,61.77,57.376844816991365,43.696594335715616,77.75153125561698
2018-01-23 23:00:00+01:00,2018-01-23,23,61.69,53.43646400789157,40.07037559762979,74.15839038573986
2018-01-24 00:00:00+01:00,2018-01-24,0,61.59,59.23098018807083,45.241025927759104,78.5519107413075
2018-01-24 01:00:00+01:00,2018-01-24,1,59.75,53.74952630768322,37.238095344376426,73.92066546940364
2018-01-24 02:00:00+01:00,2018-01-24,2,57.69,50.11031049304428,36.13041570961644,70.00779940347266
2018-01-24 03:00:00+01:00,2018-01-24,3,53.01,48.63327281439181,33.4763274592086,67.76070525158173
2018-01-24 04:00:00+01:00,2018-01-24,4,49.57,47.499749618680944,32.71836647409746,66.37087795246642
2018-01-24 05:00:00+01:00,2018-01-24,5,51.0,48.51625862545545,32.513105631663834,69.57156874778336
2018-01-24 06:00:00+01:00,2018-01-24,6,56.65,53.62650486508492,35.645812666668874,75.07686214743077
2018-01-24 07:00:00+01:00,2018-01-24,7,58.7,60.40940174385937,39.26035557212041,84.94570183566536
2018-01-24 08:00:00+01:00,2018-01-24,8,59.9,62.368317546693504,40.06399244498482,86.786498816012
2018-01-24 09:00:00+01:00,2018-01-24,9,59.9,64.5719130887941,45.361407115072126,88.01274208853152
2018-01-24 10:00:00+01:00,2018-01-24,10,58.51,64.76989250345966,47.571435595355744,86.73469489709105
2018-01-24 11:00:00+01:00,2018-01-24,11,57.45,64.63481152709542,48.31452558051005,86.17455501661937
2018-01-24 12:00:00+01:00,2018-01-24,12,55.9,63.45360998582754,47.1270374555321,84.61838872511203
2018-01-24 13:00:00+01:00,2018-01-24,13,55.83,62.67335111953181,45.26047892205661,83.93959917304227
2018-01-24 14:00:00+01:00,2018-01-24,14,53.56,61.101647644578904,44.69659240992964,82.30628855112032
2018-01-24 15:00:00+01:00,2018-01-24,15,50.86,59.87107729100872,40.9151938795226,81.2045111079585
2018-01-24 16:00:00+01:00,2018-01-24,16,50.09,59.73620314090672,40.14533206040433,81.90923450623916
2018-01-24 17:00:00+01:00,2018-01-24,17,52.17,61.05290927812437,39.44663031221975,84.0194292990247
2018-01-24 18:00:00+01:00,2018-01-24,18,57.45,64.35561822340208,43.64447536444369,89.1422931258351
2018-01-24 19:00:00+01:00,2018-01-24,19,59.75,66.43747295710139,47.968502871095154,91.92198835075544
2018-01-24 20:00:00+01:00,2018-01-24,20,60.82,66.65702893973761,50.83619393936205,89.19871151727466
2018-01-24 21:00:00+01:00,2018-01-24,21,60.01,65.624956126906,50.61290118773577,83.76223510458249
2018-01-24 22:00:00+01:00,2018-01-24,22,59.0,62.30863670185762,48.62838622058187,82.68332314048324
2018-01-24 23:00:00+01:00,2018-01-24,23,57.69,59.93245388614459,46.56636547588281,80.65438026399289
2018-01-25 00:00:00+01:00,2018-01-25,0,58.95,57.87468879301365,43.88473453270192,77.19561934625031
2018-01-25 01:00:00+01:00,2018-01-25,1,56.02,52.73921108053239,36.2277801172256,72.9103502422528
2018-01-25 02:00:00+01:00,2018-01-25,2,47.76,49.96557149900259,35.985676715574755,69.86306040943097
2018-01-25 03:00:00+01:00,2018-01-25,3,46.01,47.57705264793821,32.420107292755,66.70448508512811
2018-01-25 04:00:00+01:00,2018-01-25,4,45.39,45.56828228035145,30.78689913576796,64.43941061413692
2018-01-25 05:00:00+01:00,2018-01-25,5,45.39,46.77051219083108,30.76735919703946,67.825822313159
2018-01-25 06:00:00+01:00,2018-01-25,6,54.82,52.26461196333279,34.283919764916746,73.71496924567865
2018-01-25 07:00:00+01:00,2018-01-25,7,55.84,57.74766053201235,36.59861436027339,82.28396062381833
2018-01-25 08:00:00+01:00,2018-01-25,8,58.68,59.55717547330431,37.25285037159563,83.97535674262281
2018-01-25 09:00:00+01:00,2018-01-25,9,59.11,61.12939564477405,41.91888967105207,84.57022464451147
2018-01-25 10:00:00+01:00,2018-01-25,10,58.95,61.23338160042251,44.0349246923186,83.19818399405389
2018-01-25 11:00:00+01:00,2018-01-25,11,58.19,61.04494805790616,44.72466211132079,82.58469154743011
2018-01-25 12:00:00+01:00,2018-01-25,12,56.94,60.50320810898935,44.176635578693904,81.66798684827384
2018-01-25 13:00:00+01:00,2018-01-25,13,56.92,59.927341479487744,42.51446928201255,81.1935895329982
2018-01-25 14:00:00+01:00,2018-01-25,14,55.69,57.78814388348676,41.3830886488375,78.99278479002817
2018-01-25 15:00:00+01:00,2018-01-25,15,51.89,55.442600122957536,36.486716711471416,76.77603393990731
2018-01-25 16:00:00+01:00,2018-01-25,16,49.0,54.80762647871097,35.21675539820858,76.9806578440434
2018-01-25 17:00:00+01:00,2018-01-25,17,49.37,57.1532084030776,35.546929437172984,80.11972842397792
2018-01-25 18:00:00+01:00,2018-01-25,18,55.69,61.014367783646904,40.30322492468852,85.80104268607992
2018-01-25 19:00:00+01:00,2018-01-25,19,57.69,63.17767257006922,44.70870248406298,88.66218796372328
2018-01-25 20:00:00+01:00,2018-01-25,20,57.98,63.380575170029886,47.55974016965432,85.92225774756693
2018-01-25 21:00:00+01:00,2018-01-25,21,54.19,63.201809053684464,48.18975411451424,81.33908803136094
2018-01-25 22:00:00+01:00,2018-01-25,22,48.17,61.04219687549089,47.36194639421514,81.4168833141165
2018-01-25 23:00:00+01:00,2018-01-25,23,43.09,57.414894653670196,44.048806243408414,78.13682103151848
2018-01-26 00:00:00+01:00,2018-01-26,0,42.61,50.69468496495134,36.704730704639616,70.01561551818801
2018-01-26 01:00:00+01:00,2018-01-26,1,38.05,46.449395405085525,29.937964441778732,66.62053456680594
2018-01-26 02:00:00+01:00,2018-01-26,2,35.84,41.84041514066072,27.86052035723288,61.73790405108909
2018-01-26 03:00:00+01:00,2018-01-26,3,33.01,40.04165164931452,24.884706294131306,59.16908408650443
2018-01-26 04:00:00+01:00,2018-01-26,4,32.8,39.217575180732375,24.43619203614889,58.088703514517846
2018-01-26 05:00:00+01:00,2018-01-26,5,34.9,40.26597253020775,24.26281953641613,61.32128265253566
2018-01-26 06:00:00+01:00,2018-01-26,6,39.91,46.01089003881996,28.030197840403915,67.46124732116581
2018-01-26 07:00:00+01:00,2018-01-26,7,51.27,51.63317004413434,30.48412387239538,76.16947013594033
2018-01-26 08:00:00+01:00,2018-01-26,8,57.3,54.6182751920652,32.313950090356514,79.0364564613837
2018-01-26 09:00:00+01:00,2018-01-26,9,58.01,56.49756225085548,37.2870562771335,79.9383912505929
2018-01-26 10:00:00+01:00,2018-01-26,10,57.6,56.70978740902832,39.51133050092441,78.67458980265971
2018-01-26 11:00:00+01:00,2018-01-26,11,53.75,56.228592252824754,39.90830630623938,77.7683357423487
2018-01-26 12:00:00+01:00,2018-01-26,12,50.23,54.869456037615734,38.54288350732029,76.03423477690022
2018-01-26 13:00:00+01:00,2018-01-26,13,49.2,53.92283316240621,36.50996096493101,75.18908121591667
2018-01-26 14:00:00+01:00,2018-01-26,14,48.96,51.82211304392189,35.41705780927263,73.0267539504633
2018-01-26 15:00:00+01:00,2018-01-26,15,48.25,49.792779549485125,30.836896137999005,71.12621336643491
2018-01-26 16:00:00+01:00,2018-01-26,16,48.25,48.97603316759429,29.3851620870919,71.14906453292673
2018-01-26 17:00:00+01:00,2018-01-26,17,51.15,50.53270125438841,28.926422288483792,73.49922127528873
2018-01-26 18:00:00+01:00,2018-01-26,18,54.7,54.49233331876987,33.78119045981149,79.2790082212029
2018-01-26 19:00:00+01:00,2018-01-26,19,57.98,56.79111136089807,38.322141274891834,82.27562675455212
2018-01-26 20:00:00+01:00,2018-01-26,20,58.44,56.856177821554795,41.03534282117923,79.39786039909185
2018-01-26 21:00:00+01:00,2018-01-26,21,58.39,54.33216677197959,39.32011183280936,72.46944574965607
2018-01-26 22:00:00+01:00,2018-01-26,22,57.3,49.70037572337846,36.02012524210271,70.07506216200407
2018-01-26 23:00:00+01:00,2018-01-26,23,54.77,45.71585442191569,32.349766011653905,66.43778079976397
2018-01-27 00:00:00+01:00,2018-01-27,0,51.47,46.03227263973272,32.04231837942099,65.35320319296939
2018-01-27 01:00:00+01:00,2018-01-27,1,39.52,41.55842768315497,25.046996719848174,61.729566844875386
2018-01-27 02:00:00+01:00,2018-01-27,2,38.12,39.44756416228329,25.467669378855454,59.345053072711664
2018-01-27 03:00:00+01:00,2018-01-27,3,38.05,36.683231693434514,21.526286338251303,55.810664130624424
2018-01-27 04:00:00+01:00,2018-01-27,4,37.92,35.84620950867355,21.064826364090067,54.717337842459024
2018-01-27 05:00:00+01:00,2018-01-27,5,37.92,37.52410247704998,21.520949483258363,58.57941259937789
2018-01-27 06:00:00+01:00,2018-01-27,6,38.09,40.49017847170449,22.509486273288445,61.940535754050345
2018-01-27 07:00:00+01:00,2018-01-27,7,39.27,46.496716767693265,25.347670595954305,71.03301685949926
2018-01-27 08:00:00+01:00,2018-01-27,8,43.45,51.21293371993568,28.90860861822699,75.63111498925417
2018-01-27 09:00:00+01:00,2018-01-27,9,51.47,54.8123564696799,35.60185049595792,78.25318546941732
2018-01-27 10:00:00+01:00,2018-01-27,10,56.09,55.554397894037855,38.35594098593394,77.51920028766924
2018-01-27 11:00:00+01:00,2018-01-27,11,54.15,54.55380812899354,38.233522182408166,76.09355161851748
2018-01-27 12:00:00+01:00,2018-01-27,12,49.09,53.79148772587214,37.464915195576694,74.95626646515663
2018-01-27 13:00:00+01:00,2018-01-27,13,51.09,52.84342751540741,35.43055531793222,74.10967556891788
2018-01-27 14:00:00+01:00,2018-01-27,14,46.95,50.068028145291,33.66297291064174,71.27266905183242
2018-01-27 15:00:00+01:00,2018-01-27,15,44.6,47.92302963469387,28.96714622320775,69.25646345164364
2018-01-27 16:00:00+01:00,2018-01-27,16,44.49,47.615491469362176,28.024620388859788,69.78852283469462
2018-01-27 17:00:00+01:00,2018-01-27,17,46.0,49.99954232925485,28.393263363350236,72.96606235015517
2018-01-27 18:00:00+01:00,2018-01-27,18,57.2,55.139360143999646,34.42821728504126,79.92603504643267
2018-01-27 19:00:00+01:00,2018-01-27,19,60.08,60.35776407205807,41.88879398605183,85.84227946571212
2018-01-27 20:00:00+01:00,2018-01-27,20,60.59,60.26314538223718,44.44231038186161,82.80482795977423
2018-01-27 21:00:00+01:00,2018-01-27,21,60.61,59.66613233773844,44.65407739856821,77.80341131541493
2018-01-27 22:00:00+01:00,2018-01-27,22,60.37,56.10025504947443,42.42000456819868,76.47494148810004
2018-01-27 23:00:00+01:00,2018-01-27,23,59.42,52.38213830789946,39.01604989763768,73.10406468574774
2018-01-28 00:00:00+01:00,2018-01-28,0,57.12,52.97750225397989,38.987547993668166,72.29843280721656
2018-01-28 01:00:00+01:00,2018-01-28,1,53.01,45.90043651018041,29.38900554687362,66.07157567190083
2018-01-28 02:00:00+01:00,2018-01-28,2,42.1,42.6682948059826,28.68840002255476,62.56578371641097
2018-01-28 03:00:00+01:00,2018-01-28,3,39.98,40.82029994623787,25.663354591054656,59.94773238342778
2018-01-28 04:00:00+01:00,2018-01-28,4,39.66,40.31235365884127,25.53097051425778,59.18348199262674
2018-01-28 05:00:00+01:00,2018-01-28,5,39.66,41.23843261517975,25.23527962138813,62.29374273750766
2018-01-28 06:00:00+01:00,2018-01-28,6,39.81,43.76666796893898,25.78597577052294,65.21702525128484
2018-01-28 07:00:00+01:00,2018-01-28,7,39.98,46.6614003176009,25.51235414586194,71.19770040940689
2018-01-28 08:00:00+01:00,2018-01-28,8,40.0,50.1023213897639,27.797996288055213,74.5205026590824
2018-01-28 09:00:00+01:00,2018-01-28,9,41.6,54.91874882417471,35.708242850452734,78.35957782391213
2018-01-28 10:00:00+01:00,2018-01-28,10,50.0,57.99829551690516,40.799838608801245,79.96309791053655
2018-01-28 11:00:00+01:00,2018-01-28,11,51.65,58.949672733325485,42.62938678674011,80.48941622284943
2018-01-28 12:00:00+01:00,2018-01-28,12,51.58,56.04177625731701,39.71520372702157,77.2065549966015
2018-01-28 13:00:00+01:00,2018-01-28,13,52.88,57.19621480547907,39.78334260800388,78.46246285898954
2018-01-28 14:00:00+01:00,2018-01-28,14,50.66,53.362461188231556,36.957405953582295,74.56710209477296
2018-01-28 15:00:00+01:00,2018-01-28,15,43.42,50.18695902360915,31.23107561212303,71.52039284055893
2018-01-28 16:00:00+01:00,2018-01-28,16,41.6,50.97666615290882,31.38579507240643,73.14969751824125
2018-01-28 17:00:00+01:00,2018-01-28,17,44.01,53.05337438094648,31.447095415041865,76.0198944018468
2018-01-28 18:00:00+01:00,2018-01-28,18,53.95,59.424856841030646,38.713713982072264,84.21153174346367
2018-01-28 19:00:00+01:00,2018-01-28,19,59.58,64.70909337659133,46.24012329058509,90.19360877024539
2018-01-28 20:00:00+01:00,2018-01-28,20,60.98,64.46096166502332,48.64012666464775,87.00264424256036
2018-01-28 21:00:00+01:00,2018-01-28,21,61.99,64.58651944967438,49.57446451050416,82.72379842735087
2018-01-28 22:00:00+01:00,2018-01-28,22,60.98,62.569651257023494,48.889400775747745,82.94433769564911
2018-01-28 23:00:00+01:00,2018-01-28,23,58.19,58.690853865565124,45.32476545530334,79.41278024341341
2018-01-29 00:00:00+01:00,2018-01-29,0,56.37,54.99927164826769,41.00931738795596,74.32020220150436
2018-01-29 01:00:00+01:00,2018-01-29,1,46.18,49.38149082332448,32.87005986001768,69.55262998504489
2018-01-29 02:00:00+01:00,2018-01-29,2,45.13,44.91744054031621,30.93754575688837,64.81492945074459
2018-01-29 03:00:00+01:00,2018-01-29,3,45.09,41.93471050545427,26.77776515027106,61.06214294264418
2018-01-29 04:00:00+01:00,2018-01-29,4,46.0,41.263399447309,26.482016302725512,60.13452778109447
2018-01-29 05:00:00+01:00,2018-01-29,5,47.95,42.386311271448264,26.383158277656648,63.441621393776174
2018-01-29 06:00:00+01:00,2018-01-29,6,57.79,47.384122494305224,29.40343029588918,68.83447977665108
2018-01-29 07:00:00+01:00,2018-01-29,7,59.42,54.00731024734093,32.85826407560197,78.54361033914692
2018-01-29 08:00:00+01:00,2018-01-29,8,58.99,56.91492711624628,34.61060201453759,81.33310838556477
2018-01-29 09:00:00+01:00,2018-01-29,9,58.99,59.458363381416504,40.247857407694525,82.89919238115392
2018-01-29 10:00:00+01:00,2018-01-29,10,59.01,61.15080687750268,43.95234996939877,83.11560927113408
2018-01-29 11:00:00+01:00,2018-01-29,11,58.19,61.830162305499776,45.509876358914404,83.36990579502373
2018-01-29 12:00:00+01:00,2018-01-29,12,56.37,61.419817888639614,45.09324535834417,82.5845966279241
2018-01-29 13:00:00+01:00,2018-01-29,13,55.39,61.15727384431186,43.744401646836664,82.42352189782233
2018-01-29 14:00:00+01:00,2018-01-29,14,54.23,57.77353092318451,41.36847568853525,78.97817182972592
2018-01-29 15:00:00+01:00,2018-01-29,15,54.14,55.17535775733704,36.21947434585092,76.50879157428682
2018-01-29 16:00:00+01:00,2018-01-29,16,54.04,55.24998921342582,35.65911813292343,77.42302057875827
2018-01-29 17:00:00+01:00,2018-01-29,17,54.14,57.746662562327415,36.1403835964228,80.71318258322773
2018-01-29 18:00:00+01:00,2018-01-29,18,58.19,63.06238955461428,42.351246695655895,87.84906445704729
2018-01-29 19:00:00+01:00,2018-01-29,19,59.58,66.75071690539487,48.28174681938863,92.23523229904893
2018-01-29 20:00:00+01:00,2018-01-29,20,59.8,66.48183872742844,50.66100372705287,89.0235213049655
2018-01-29 21:00:00+01:00,2018-01-29,21,59.25,66.0545425801145,51.04248764094427,84.19182155779099
2018-01-29 22:00:00+01:00,2018-01-29,22,54.63,62.99657225443485,49.3163217731591,83.37125869306047
2018-01-29 23:00:00+01:00,2018-01-29,23,54.04,59.396434368753944,46.03034595849216,80.11836074660224
2018-01-30 00:00:00+01:00,2018-01-30,0,48.01,52.148896195506175,38.15894193519445,71.46982674874285
2018-01-30 01:00:00+01:00,2018-01-30,1,44.1,46.28798714924007,29.776556185933273,66.45912631096049
2018-01-30 02:00:00+01:00,2018-01-30,2,41.2,43.75112110320655,29.771226319778712,63.64861001363492
2018-01-30 03:00:00+01:00,2018-01-30,3,41.06,42.22437202994824,27.06742667476503,61.35180446713815
2018-01-30 04:00:00+01:00,2018-01-30,4,41.2,41.53902579276263,26.757642648179143,60.4101541265481
2018-01-30 05:00:00+01:00,2018-01-30,5,43.6,43.095553683660455,27.09240068986884,64.15086380598837
2018-01-30 06:00:00+01:00,2018-01-30,6,48.01,49.15895770150783,31.178265503091787,70.6093149838537
2018-01-30 07:00:00+01:00,2018-01-30,7,55.39,54.0766810887193,32.92763491698034,78.61298118052528
2018-01-30 08:00:00+01:00,2018-01-30,8,57.0,55.773847731760156,33.46952263005147,80.19202900107865
2018-01-30 09:00:00+01:00,2018-01-30,9,58.58,57.77131747220992,38.56081149848794,81.21214647194734
2018-01-30 10:00:00+01:00,2018-01-30,10,58.87,58.242703134395775,41.04424622629186,80.20750552802716
2018-01-30 11:00:00+01:00,2018-01-30,11,58.75,57.85476939874748,41.53448345216211,79.39451288827142
2018-01-30 12:00:00+01:00,2018-01-30,12,58.58,56.31834002881717,39.991767498521725,77.48311876810166
2018-01-30 13:00:00+01:00,2018-01-30,13,58.39,55.737120496243804,38.32424829876861,77.00336854975427
2018-01-30 14:00:00+01:00,2018-01-30,14,58.19,53.32200571421462,36.91695047956536,74.52664662075603
2018-01-30 15:00:00+01:00,2018-01-30,15,57.79,51.62589829540461,32.67001488391849,72.95933211235439
2018-01-30 16:00:00+01:00,2018-01-30,16,56.37,51.27733572234369,31.686464641841305,73.45036708767614
2018-01-30 17:00:00+01:00,2018-01-30,17,58.19,52.31112850505876,30.704849539154146,75.27764852595908
2018-01-30 18:00:00+01:00,2018-01-30,18,58.99,55.73802975769382,35.02688689873544,80.52470466012684
2018-01-30 19:00:00+01:00,2018-01-30,19,60.07,58.056889865646305,39.58791977964007,83.54140525930036
2018-01-30 20:00:00+01:00,2018-01-30,20,60.19,58.99549593974567,43.174660939370106,81.53717851728273
2018-01-30 21:00:00+01:00,2018-01-30,21,59.69,59.09027662502275,44.078221685852526,77.22755560269924
2018-01-30 22:00:00+01:00,2018-01-30,22,58.01,55.59780698471128,41.917556503435534,75.9724934233369
2018-01-30 23:00:00+01:00,2018-01-30,23,55.31,52.40081508343927,39.03472667317749,73.12274146128756
2018-01-31 00:00:00+01:00,2018-01-31,0,58.78,52.656020061275356,38.66606580096363,71.97695061451202
2018-01-31 01:00:00+01:00,2018-01-31,1,55.39,47.786363082876704,31.27493211956991,67.95750224459712
2018-01-31 02:00:00+01:00,2018-01-31,2,51.13,44.75225055194635,30.77235576851851,64.64973946237473
2018-01-31 03:00:00+01:00,2018-01-31,3,48.46,43.400894246214996,28.243948891031785,62.528326683404906
2018-01-31 04:00:00+01:00,2018-01-31,4,48.46,41.89649693889548,27.115113794311995,60.76762527268095
2018-01-31 05:00:00+01:00,2018-01-31,5,50.82,43.5572445039019,27.554091510110283,64.61255462622981
2018-01-31 06:00:00+01:00,2018-01-31,6,55.39,48.12923841187081,30.148546213454765,69.57959569421666
2018-01-31 07:00:00+01:00,2018-01-31,7,58.01,55.72578824233419,34.57674207059523,80.26208833414017
2018-01-31 08:00:00+01:00,2018-01-31,8,58.99,57.48902164232727,35.18469654061859,81.90720291164577
2018-01-31 09:00:00+01:00,2018-01-31,9,59.26,59.92506203258748,40.714556058865504,83.3658910323249
2018-01-31 10:00:00+01:00,2018-01-31,10,59.25,59.878721579790025,42.68026467168611,81.84352397342141
2018-01-31 11:00:00+01:00,2018-01-31,11,58.67,59.677251751754284,43.35696580516891,81.21699524127823
2018-01-31 12:00:00+01:00,2018-01-31,12,58.39,59.27285927462841,42.946286744332966,80.4376380139129
2018-01-31 13:00:00+01:00,2018-01-31,13,59.0,58.41489338516955,41.00202118769435,79.68114143868002
2018-01-31 14:00:00+01:00,2018-01-31,14,58.39,55.96262597688567,39.55757074223641,77.16726688342709
2018-01-31 15:00:00+01:00,2018-01-31,15,58.19,55.09715039344333,36.14126698195721,76.4305842103931
2018-01-31 16:00:00+01:00,2018-01-31,16,57.98,54.287724493714634,34.696853413212246,76.46075585904708
2018-01-31 17:00:00+01:00,2018-01-31,17,57.07,56.327156542504575,34.72087757659996,79.29367656340489
2018-01-31 18:00:00+01:00,2018-01-31,18,58.99,59.22740256270232,38.51625970374394,84.01407746513534
2018-01-31 19:00:00+01:00,2018-01-31,19,60.13,61.2770589910765,42.808088905070264,86.76157438473055
2018-01-31 20:00:00+01:00,2018-01-31,20,60.61,61.45855303703895,45.63771803666339,84.00023561457601
2018-01-31 21:00:00+01:00,2018-01-31,21,60.37,60.43294164710757,45.42088670793734,78.57022062478406
2018-01-31 22:00:00+01:00,2018-01-31,22,59.25,57.14869821994798,43.46844773867223,77.5233846585736
2018-01-31 23:00:00+01:00,2018-01-31,23,58.78,53.816252670360576,40.450164260098795,74.53817904820886
2018-02-01 00:00:00+01:00,2018-02-01,0,14.43,56.99058337261349,43.000629112301766,76.31151392585016
2018-02-01 01:00:00+01:00,2018-02-01,1,10.26,52.05244357485445,35.54101261154766,72.22358273657487
2018-02-01 02:00:00+01:00,2018-02-01,2,7.48,48.677201620037295,34.69730683660946,68.57469053046566
2018-02-01 03:00:00+01:00,2018-02-01,3,4.52,46.95045836308991,31.793513007906697,66.07789080027982
2018-02-01 04:00:00+01:00,2018-02-01,4,4.24,45.86540247119812,31.08401932661463,64.73653080498359
2018-02-01 05:00:00+01:00,2018-02-01,5,8.36,46.85385444092616,30.850701447134547,67.90916456325408
2018-02-01 06:00:00+01:00,2018-02-01,6,22.58,51.09133485263133,33.11064265421528,72.54169213497718
2018-02-01 07:00:00+01:00,2018-02-01,7,41.92,56.30000801019504,35.150961838456084,80.83630810200103
2018-02-01 08:00:00+01:00,2018-02-01,8,47.95,57.67168254723259,35.36735744552391,82.08986381655109
2018-02-01 09:00:00+01:00,2018-02-01,9,49.9,59.65791456561832,40.44740859189634,83.09874356535573
2018-02-01 10:00:00+01:00,2018-02-01,10,50.5,60.10324954452974,42.904792636425825,82.06805193816112
2018-02-01 11:00:00+01:00,2018-02-01,11,49.7,59.34602196999945,43.025736023414076,80.88576545952338
2018-02-01 12:00:00+01:00,2018-02-01,12,48.16,59.129005452199806,42.80243292190436,80.29378419148429
2018-02-01 13:00:00+01:00,2018-02-01,13,48.02,58.93380664570809,41.52093444823289,80.20005469921855
2018-02-01 14:00:00+01:00,2018-02-01,14,47.64,57.51856003097089,41.11350479632163,78.7232009375123
2018-02-01 15:00:00+01:00,2018-02-01,15,46.38,55.70468256687534,36.74879915538922,77.03811638382513
2018-02-01 16:00:00+01:00,2018-02-01,16,46.4,54.82679925656042,35.23592817605803,76.99983062189287
2018-02-01 17:00:00+01:00,2018-02-01,17,49.71,56.379820180860214,34.7735412149556,79.34634020176054
2018-02-01 18:00:00+01:00,2018-02-01,18,52.25,59.63578897629924,38.924646117340856,84.42246387873226
2018-02-01 19:00:00+01:00,2018-02-01,19,53.47,61.50457277138253,43.03560268537629,86.98908816503658
2018-02-01 20:00:00+01:00,2018-02-01,20,55.54,62.19804489989622,46.37720989952065,84.73972747743326
2018-02-01 21:00:00+01:00,2018-02-01,21,55.02,61.206128217168455,46.19407327799823,79.34340719484494
2018-02-01 22:00:00+01:00,2018-02-01,22,50.5,58.497474319107084,44.817223837831335,78.8721607577327
2018-02-01 23:00:00+01:00,2018-02-01,23,39.63,56.36012783212359,42.99403942186181,77.08205420997189
2018-02-02 00:00:00+01:00,2018-02-02,0,44.9,32.911207909275234,18.921253648963507,52.2321384625119
2018-02-02 01:00:00+01:00,2018-02-02,1,41.6,28.446501037155077,11.935070073848284,48.61764019887549
2018-02-02 02:00:00+01:00,2018-02-02,2,40.55,26.02639743834913,12.04650265492129,45.9238863487775
2018-02-02 03:00:00+01:00,2018-02-02,3,39.5,21.48818926403629,6.331243908853079,40.6156217012262
2018-02-02 04:00:00+01:00,2018-02-02,4,39.25,21.410709538841935,6.629326394258449,40.281837872627406
2018-02-02 05:00:00+01:00,2018-02-02,5,39.5,23.945793978526687,7.942640984735071,45.0011041008546
2018-02-02 06:00:00+01:00,2018-02-02,6,41.73,31.497665645543748,13.516973447127704,52.9480229278896
2018-02-02 07:00:00+01:00,2018-02-02,7,54.23,41.24920465606948,20.10015848433052,65.78550474787548
2018-02-02 08:00:00+01:00,2018-02-02,8,58.29,46.01493616676561,23.71061106505692,70.4331174360841
2018-02-02 09:00:00+01:00,2018-02-02,9,58.59,48.03599460440482,28.82548863068284,71.47682360414224
2018-02-02 10:00:00+01:00,2018-02-02,10,58.1,49.042395808932916,31.843938900829002,71.0071982025643
2018-02-02 11:00:00+01:00,2018-02-02,11,54.65,47.990771723196964,31.670485776611592,69.5305152127209
2018-02-02 12:00:00+01:00,2018-02-02,12,54.49,47.91937940862246,31.592806878327018,69.08415814790695
2018-02-02 13:00:00+01:00,2018-02-02,13,52.04,45.98781334554633,28.574941148071133,67.2540613990568
2018-02-02 14:00:00+01:00,2018-02-02,14,45.2,43.73634050166784,27.33128526701858,64.94098140820925
2018-02-02 15:00:00+01:00,2018-02-02,15,44.1,42.446393346438285,23.490509934952165,63.77982716338806
2018-02-02 16:00:00+01:00,2018-02-02,16,44.61,41.39826571985016,21.80739463934777,63.5712970851826
2018-02-02 17:00:00+01:00,2018-02-02,17,51.37,43.17778847931429,21.571509513409673,66.1443085002146
2018-02-02 18:00:00+01:00,2018-02-02,18,57.65,46.85316717778935,26.14202431883097,71.63984208022237
2018-02-02 19:00:00+01:00,2018-02-02,19,60.05,49.9071093535014,31.43813926749516,75.39162474715545
2018-02-02 20:00:00+01:00,2018-02-02,20,60.61,51.70487210763643,35.884037107260866,74.24655468517349
2018-02-02 21:00:00+01:00,2018-02-02,21,60.17,50.132233643249464,35.12017870407924,68.26951262092595
2018-02-02 22:00:00+01:00,2018-02-02,22,58.99,46.40283930634783,32.72258882507208,66.77752574497345
2018-02-02 23:00:00+01:00,2018-02-02,23,58.72,39.84111515537971,26.47502674511793,60.563041533228
2018-02-03 00:00:00+01:00,2018-02-03,0,37.45,49.58633446132269,35.596380201010966,68.90726501455936
2018-02-03 01:00:00+01:00,2018-02-03,1,36.68,45.72754862789734,29.21611766459055,65.89868778961775
2018-02-03 02:00:00+01:00,2018-02-03,2,36.68,43.39153068347556,29.41163590004772,63.28901959390393
2018-02-03 03:00:00+01:00,2018-02-03,3,37.0,40.97291978735936,25.815974432176148,60.10035222454927
2018-02-03 04:00:00+01:00,2018-02-03,4,39.5,40.83448053325973,26.053097388676242,59.7056088670452
2018-02-03 05:00:00+01:00,2018-02-03,5,42.82,41.826356440801064,25.823203447009448,62.881666563128974
2018-02-03 06:00:00+01:00,2018-02-03,6,51.09,45.099921710734655,27.11922951231861,66.55027899308051
2018-02-03 07:00:00+01:00,2018-02-03,7,57.57,51.73410692939873,30.585060757659768,76.27040702120472
2018-02-03 08:00:00+01:00,2018-02-03,8,62.09,54.82921444905933,32.52488934735064,79.24739571837782
2018-02-03 09:00:00+01:00,2018-02-03,9,65.0,57.90038639039699,38.68988041667501,81.34121539013441
2018-02-03 10:00:00+01:00,2018-02-03,10,65.0,59.22910160123756,42.030644693133645,81.19390399486895
2018-02-03 11:00:00+01:00,2018-02-03,11,64.13,58.357337540510194,42.03705159392482,79.89708103003414
2018-02-03 12:00:00+01:00,2018-02-03,12,63.53,57.549490760655395,41.22291823035995,78.71426949993989
2018-02-03 13:00:00+01:00,2018-02-03,13,61.68,55.898593467529864,38.48572127005467,77.16484152104033
2018-02-03 14:00:00+01:00,2018-02-03,14,58.07,52.41665460457297,36.01159936992371,73.62129551111438
2018-02-03 15:00:00+01:00,2018-02-03,15,55.19,50.62106191989016,31.66517850840404,71.95449573683993
2018-02-03 16:00:00+01:00,2018-02-03,16,50.25,50.950250099532425,31.359379019030037,73.12328146486487
2018-02-03 17:00:00+01:00,2018-02-03,17,46.0,53.672037667833024,32.06575870192841,76.63855768873334
2018-02-03 18:00:00+01:00,2018-02-03,18,44.62,58.41522712711752,37.704084268159136,83.20190202955054
2018-02-03 19:00:00+01:00,2018-02-03,19,47.73,62.62303104230459,44.15406095629835,88.10754643595865
2018-02-03 20:00:00+01:00,2018-02-03,20,52.19,63.29389708699698,47.47306208662141,85.83557966453404
2018-02-03 21:00:00+01:00,2018-02-03,21,52.19,62.78337381821549,47.77131887904526,80.92065279589198
2018-02-03 22:00:00+01:00,2018-02-03,22,46.95,59.82546068528383,46.14521020400808,80.20014712390945
2018-02-03 23:00:00+01:00,2018-02-03,23,41.18,56.073140630201785,42.70705221994,76.79506700805007
2018-02-04 00:00:00+01:00,2018-02-04,0,30.69,40.012080822587485,26.02212656227576,59.33301137582416
2018-02-04 01:00:00+01:00,2018-02-04,1,25.31,37.2177230790262,20.706292115719407,57.38886224074662
2018-02-04 02:00:00+01:00,2018-02-04,2,18.89,35.097502584392956,21.117607800965118,54.99499149482133
2018-02-04 03:00:00+01:00,2018-02-04,3,18.89,33.16831299825887,18.01136764307566,52.29574543544878
2018-02-04 04:00:00+01:00,2018-02-04,4,18.89,32.58421147294298,17.802828328359496,51.45533980672845
2018-02-04 05:00:00+01:00,2018-02-04,5,20.0,33.89207278677577,17.888919792984154,54.94738290910368
2018-02-04 06:00:00+01:00,2018-02-04,6,24.91,37.93782303126304,19.957130832846993,59.38818031360889
2018-02-04 07:00:00+01:00,2018-02-04,7,28.89,40.79401056191884,19.64496439017988,65.33031065372484
2018-02-04 08:00:00+01:00,2018-02-04,8,32.23,44.41776330886593,22.11343820715724,68.83594457818442
2018-02-04 09:00:00+01:00,2018-02-04,9,33.1,47.61328328354173,28.402777309819754,71.05411228327915
2018-02-04 10:00:00+01:00,2018-02-04,10,32.92,48.59096861560348,31.392511707499565,70.55577100923486
2018-02-04 11:00:00+01:00,2018-02-04,11,32.52,49.67456886926992,33.35428292268455,71.21431235879386
2018-02-04 12:00:00+01:00,2018-02-04,12,32.52,48.121194864484366,31.794622334188922,69.28597360376885
2018-02-04 13:00:00+01:00,2018-02-04,13,30.92,47.77379825419349,30.36092605671829,69.04004630770396
2018-02-04 14:00:00+01:00,2018-02-04,14,25.98,43.73608562741315,27.331030392763893,64.94072653395457
2018-02-04 15:00:00+01:00,2018-02-04,15,21.82,41.10820398389198,22.152320572405863,62.44163780084176
2018-02-04 16:00:00+01:00,2018-02-04,16,22.88,39.87296351889341,20.282092438391018,62.04599488422585
2018-02-04 17:00:00+01:00,2018-02-04,17,24.47,38.79687390474437,17.19059493883976,61.76339392564469
2018-02-04 18:00:00+01:00,2018-02-04,18,25.98,41.95864639470536,21.24750353574698,66.74532129713839
2018-02-04 19:00:00+01:00,2018-02-04,19,30.69,47.7952033541164,29.326233268110165,73.27971874777046
2018-02-04 20:00:00+01:00,2018-02-04,20,37.56,50.26253252203487,34.4416975216593,72.80421509957192
2018-02-04 21:00:00+01:00,2018-02-04,21,41.69,50.292113399862146,35.28005846069192,68.42939237753863
2018-02-04 22:00:00+01:00,2018-02-04,22,37.3,46.73447225466225,33.0542217733865,67.10915869328787
2018-02-04 23:00:00+01:00,2018-02-04,23,32.36,42.578379868740384,29.212291458478603,63.300306246588676
2018-02-05 00:00:00+01:00,2018-02-05,0,42.4,30.284836398757346,16.29488213844562,49.60576695199401
2018-02-05 01:00:00+01:00,2018-02-05,1,35.78,26.020390634238264,9.508959670931471,46.19152979595869
2018-02-05 02:00:00+01:00,2018-02-05,2,33.57,22.991227364242885,9.011332580815047,42.88871627467125
2018-02-05 03:00:00+01:00,2018-02-05,3,33.27,20.42941761028919,5.272472255105978,39.5568500474791
2018-02-05 04:00:00+01:00,2018-02-05,4,32.4,19.473884697145607,4.6925015525621205,38.34501303093108
2018-02-05 05:00:00+01:00,2018-02-05,5,33.57,21.56126642388166,5.558113430090042,42.61657654620957
2018-02-05 06:00:00+01:00,2018-02-05,6,44.68,27.174579438764578,9.193887240348534,48.62493672111043
2018-02-05 07:00:00+01:00,2018-02-05,7,48.32,32.32156801756089,11.172521845821933,56.85786810936688
2018-02-05 08:00:00+01:00,2018-02-05,8,50.23,36.327659972282135,14.023334870573446,60.74584124160063
2018-02-05 09:00:00+01:00,2018-02-05,9,51.73,37.44028772485995,18.22978175113797,60.88111672459737
2018-02-05 10:00:00+01:00,2018-02-05,10,49.89,38.63753264572706,21.43907573762315,60.60233503935845
2018-02-05 11:00:00+01:00,2018-02-05,11,49.7,39.59447700445651,23.274191057871136,61.13422049398045
2018-02-05 12:00:00+01:00,2018-02-05,12,49.79,37.383586077793545,21.0570135474981,58.54836481707803
2018-02-05 13:00:00+01:00,2018-02-05,13,49.69,37.09311340608906,19.680241208613865,58.359361459599526
2018-02-05 14:00:00+01:00,2018-02-05,14,49.19,33.02529910024507,16.62024386559581,54.229940006786485
2018-02-05 15:00:00+01:00,2018-02-05,15,49.01,29.168116300159,10.21223288867288,50.50155011710878
2018-02-05 16:00:00+01:00,2018-02-05,16,48.48,30.050833583040735,10.459962502538346,52.223864948373176
2018-02-05 17:00:00+01:00,2018-02-05,17,46.23,30.632483710808167,9.026204744903552,53.599003731708486
2018-02-05 18:00:00+01:00,2018-02-05,18,47.0,34.55427059158733,13.84312773262895,59.34094549402035
2018-02-05 19:00:00+01:00,2018-02-05,19,48.18,39.44659131743731,20.977621231431073,64.93110671109136
2018-02-05 20:00:00+01:00,2018-02-05,20,48.23,42.676969475128786,26.85613447475322,65.21865205266585
2018-02-05 21:00:00+01:00,2018-02-05,21,50.0,43.743475709884436,28.73142077071421,61.88075468756092
2018-02-05 22:00:00+01:00,2018-02-05,22,48.23,40.16346293502183,26.483212453746084,60.53814937364745
2018-02-05 23:00:00+01:00,2018-02-05,23,46.23,36.51903885617132,23.15295044590954,57.24096523401961
2018-02-06 00:00:00+01:00,2018-02-06,0,60.69,44.276256621378394,30.286302361066667,63.59718717461506
2018-02-06 01:00:00+01:00,2018-02-06,1,59.74,39.16871109364015,22.657280130333355,59.33985025536057
2018-02-06 02:00:00+01:00,2018-02-06,2,59.3,36.779758102073856,22.79986331864602,56.67724701250223
2018-02-06 03:00:00+01:00,2018-02-06,3,58.33,34.99717711554205,19.84023176035884,54.12460955273196
2018-02-06 04:00:00+01:00,2018-02-06,4,58.0,33.30469297093585,18.52330982635236,52.17582130472132
2018-02-06 05:00:00+01:00,2018-02-06,5,57.07,35.013778010575514,19.010625016783898,56.069088132903424
2018-02-06 06:00:00+01:00,2018-02-06,6,56.64,40.44470550148847,22.464013303072427,61.89506278383433
2018-02-06 07:00:00+01:00,2018-02-06,7,56.64,44.294264376479205,23.145218204740246,68.83056446828519
2018-02-06 08:00:00+01:00,2018-02-06,8,57.13,46.35110443354586,24.046779331837175,70.76928570286435
2018-02-06 09:00:00+01:00,2018-02-06,9,63.61,48.63430871747309,29.42380274375111,72.07513771721051
2018-02-06 10:00:00+01:00,2018-02-06,10,64.97,48.539394655761306,31.340937747657392,70.5041970493927
2018-02-06 11:00:00+01:00,2018-02-06,11,64.97,49.27293225301082,32.95264630642545,70.81267574253476
2018-02-06 12:00:00+01:00,2018-02-06,12,64.97,48.997530844742116,32.67095831444667,70.1623095840266
2018-02-06 13:00:00+01:00,2018-02-06,13,64.97,48.33275573264615,30.919883535170953,69.59900378615662
2018-02-06 14:00:00+01:00,2018-02-06,14,62.86,46.40558196150423,30.00052672685497,67.61022286804564
2018-02-06 15:00:00+01:00,2018-02-06,15,58.64,44.768405429458454,25.812522017972334,66.10183924640823
2018-02-06 16:00:00+01:00,2018-02-06,16,55.0,44.504726424296436,24.913855343794047,66.67775778962888
2018-02-06 17:00:00+01:00,2018-02-06,17,54.54,44.67240730787463,23.066128341970014,67.63892732877494
2018-02-06 18:00:00+01:00,2018-02-06,18,56.13,46.39604921026497,25.684906351306587,71.182724112698
2018-02-06 19:00:00+01:00,2018-02-06,19,61.0,49.26495077782698,30.795980691820745,74.74946617148103
2018-02-06 20:00:00+01:00,2018-02-06,20,64.29,50.53059839286304,34.709763392487474,73.0722809704001
2018-02-06 21:00:00+01:00,2018-02-06,21,66.0,51.7623093456286,36.750254406458374,69.8995883233051
2018-02-06 22:00:00+01:00,2018-02-06,22,66.0,51.204683902284714,37.524433421008965,71.57937034091033
2018-02-06 23:00:00+01:00,2018-02-06,23,65.71,47.06482708620639,33.69873867594461,67.78675346405468
2018-02-07 00:00:00+01:00,2018-02-07,0,58.69,58.03953980866645,44.04958554835472,77.36047036190311
2018-02-07 01:00:00+01:00,2018-02-07,1,54.41,54.63946288631804,38.12803192301125,74.81060204803846
2018-02-07 02:00:00+01:00,2018-02-07,2,52.09,52.105935376422224,38.126040592994386,72.00342428685059
2018-02-07 03:00:00+01:00,2018-02-07,3,52.08,51.25410833391694,36.09716297873373,70.38154077110684
2018-02-07 04:00:00+01:00,2018-02-07,4,52.09,50.62282709956618,35.841443954982694,69.49395543335166
2018-02-07 05:00:00+01:00,2018-02-07,5,54.41,51.485026713519744,35.48187371972813,72.54033683584765
2018-02-07 06:00:00+01:00,2018-02-07,6,59.16,54.27244943722442,36.29175723880837,75.72280671957027
2018-02-07 07:00:00+01:00,2018-02-07,7,59.41,58.543188035211884,37.394141863472925,83.07948812701787
2018-02-07 08:00:00+01:00,2018-02-07,8,62.16,59.958361219091024,37.65403611738233,84.37654248840951
2018-02-07 09:00:00+01:00,2018-02-07,9,63.17,63.681794848064214,44.471288874342235,87.12262384780163
2018-02-07 10:00:00+01:00,2018-02-07,10,63.97,65.88930390770108,48.69084699959716,87.85410630133246
2018-02-07 11:00:00+01:00,2018-02-07,11,63.95,66.01297690184947,49.6926909552641,87.55272039137341
2018-02-07 12:00:00+01:00,2018-02-07,12,64.97,65.6165635357576,49.28999100546216,86.78134227504209
2018-02-07 13:00:00+01:00,2018-02-07,13,64.97,65.59502368602553,48.18215148855033,86.861271739536
2018-02-07 14:00:00+01:00,2018-02-07,14,63.8,63.16586517103492,46.76080993638566,84.37050607757634
2018-02-07 15:00:00+01:00,2018-02-07,15,63.17,60.8594657347564,41.90358232327028,82.19289955170618
2018-02-07 16:00:00+01:00,2018-02-07,16,62.64,59.37346630003672,39.78259521953433,81.54649766536916
2018-02-07 17:00:00+01:00,2018-02-07,17,62.64,60.391621031042824,38.78534206513821,83.35814105194314
2018-02-07 18:00:00+01:00,2018-02-07,18,62.47,62.625600502848854,41.91445764389047,87.41227540528187
2018-02-07 19:00:00+01:00,2018-02-07,19,62.47,66.04433534557685,47.57536525957062,91.5288507392309
2018-02-07 20:00:00+01:00,2018-02-07,20,62.8,67.41426054051642,51.593425540140856,89.95594311805348
2018-02-07 21:00:00+01:00,2018-02-07,21,63.9,68.39646165962999,53.384406720459765,86.53374063730648
2018-02-07 22:00:00+01:00,2018-02-07,22,63.0,65.57875845588326,51.89850797460751,85.95344489450888
2018-02-07 23:00:00+01:00,2018-02-07,23,62.41,62.746710668606724,49.38062225834494,83.46863704645502
2018-02-08 00:00:00+01:00,2018-02-08,0,60.71,56.08676555892921,42.09681129861748,75.40769611216588
2018-02-08 01:00:00+01:00,2018-02-08,1,58.4,51.826932938755796,35.315501975449,71.99807210047621
2018-02-08 02:00:00+01:00,2018-02-08,2,54.9,48.99216898433307,35.01227420090523,68.88965789476144
2018-02-08 03:00:00+01:00,2018-02-08,3,53.2,48.14380391830057,32.98685856311736,67.27123635549049
2018-02-08 04:00:00+01:00,2018-02-08,4,52.93,47.51199060067011,32.730607456086624,66.38311893445558
2018-02-08 05:00:00+01:00,2018-02-08,5,53.2,48.24539662215496,32.24224362836335,69.30070674448288
2018-02-08 06:00:00+01:00,2018-02-08,6,58.07,51.78011004397329,33.799417845557244,73.23046732631914
2018-02-08 07:00:00+01:00,2018-02-08,7,62.21,55.97377639020313,34.82473021846417,80.51007648200911
2018-02-08 08:00:00+01:00,2018-02-08,8,64.66,58.527065827196495,36.22274072548781,82.94524709651499
2018-02-08 09:00:00+01:00,2018-02-08,9,65.7,60.958013546494996,41.74750757277302,84.39884254623242
2018-02-08 10:00:00+01:00,2018-02-08,10,65.7,62.4020924360942,45.203635527990286,84.3668948297256
2018-02-08 11:00:00+01:00,2018-02-08,11,66.66,61.60500652797625,45.28472058139088,83.1447500175002
2018-02-08 12:00:00+01:00,2018-02-08,12,68.02,61.6546885638506,45.328116033555155,82.81946730313508
2018-02-08 13:00:00+01:00,2018-02-08,13,68.89,60.35723084672095,42.94435864924576,81.62347890023142
2018-02-08 14:00:00+01:00,2018-02-08,14,68.86,58.31522100977321,41.91016577512395,79.51986191631462
2018-02-08 15:00:00+01:00,2018-02-08,15,68.5,56.61567691234264,37.65979350085652,77.94911072929241
2018-02-08 16:00:00+01:00,2018-02-08,16,68.48,55.763788672968246,36.17291759246586,77.93682003830068
2018-02-08 17:00:00+01:00,2018-02-08,17,68.5,57.879170384499446,36.27289141859483,80.84569040539976
2018-02-08 18:00:00+01:00,2018-02-08,18,67.98,59.78403491178955,39.072892052831165,84.57070981422257
2018-02-08 19:00:00+01:00,2018-02-08,19,69.41,60.70515728048058,42.23618719447434,86.18967267413464
2018-02-08 20:00:00+01:00,2018-02-08,20,68.0,61.68169258482787,45.860857584452305,84.22337516236493
2018-02-08 21:00:00+01:00,2018-02-08,21,69.81,61.992788630658296,46.98073369148807,80.13006760833478
2018-02-08 22:00:00+01:00,2018-02-08,22,69.3,59.31784525214423,45.63759477086848,79.69253169076984
2018-02-08 23:00:00+01:00,2018-02-08,23,66.66,57.31996534116793,43.95387693090615,78.04189171901622
2018-02-09 00:00:00+01:00,2018-02-09,0,65.8,62.26883948300453,48.2788852226928,81.58977003624119
2018-02-09 01:00:00+01:00,2018-02-09,1,60.91,57.607781143276576,41.09635017996978,77.778920304997
2018-02-09 02:00:00+01:00,2018-02-09,2,59.28,55.19215759540283,41.212262811974995,75.08964650583121
2018-02-09 03:00:00+01:00,2018-02-09,3,59.28,53.598613826721774,38.44166847153856,72.72604626391168
2018-02-09 04:00:00+01:00,2018-02-09,4,58.95,53.25782788539053,38.47644474080705,72.128956219176
2018-02-09 05:00:00+01:00,2018-02-09,5,59.28,53.10498581069832,37.1018328169067,74.16029593302622
2018-02-09 06:00:00+01:00,2018-02-09,6,59.28,56.960314326459205,38.97962212804316,78.41067160880506
2018-02-09 07:00:00+01:00,2018-02-09,7,59.28,62.45231460473345,41.30326843299449,86.98861469653944
2018-02-09 08:00:00+01:00,2018-02-09,8,59.28,64.98185589209811,42.677530790389426,89.4000371614166
2018-02-09 09:00:00+01:00,2018-02-09,9,61.69,66.69029572072904,47.47978974700706,90.13112472046646
2018-02-09 10:00:00+01:00,2018-02-09,10,61.69,67.70838311297025,50.50992620486634,89.67318550660164
2018-02-09 11:00:00+01:00,2018-02-09,11,63.5,67.64490460711575,51.324618660530376,89.18464809663969
2018-02-09 12:00:00+01:00,2018-02-09,12,64.78,67.76937761678323,51.44280508648779,88.93415635606772
2018-02-09 13:00:00+01:00,2018-02-09,13,65.8,66.76493418133603,49.352061983860835,88.0311822348465
2018-02-09 14:00:00+01:00,2018-02-09,14,65.8,65.68048631441107,49.27543107976181,86.88512722095248
2018-02-09 15:00:00+01:00,2018-02-09,15,63.96,62.956534370451365,44.000650958965245,84.28996818740114
2018-02-09 16:00:00+01:00,2018-02-09,16,65.01,62.932880150328444,43.342009069826055,85.10591151566089
2018-02-09 17:00:00+01:00,2018-02-09,17,65.8,63.95918616471299,42.352907198808374,86.92570618561331
2018-02-09 18:00:00+01:00,2018-02-09,18,63.5,65.54576136387448,44.834618504916094,90.3324362663075
2018-02-09 19:00:00+01:00,2018-02-09,19,67.72,67.57095332739318,49.10198324138695,93.05546872104725
2018-02-09 20:00:00+01:00,2018-02-09,20,70.67,68.58560775147002,52.764772751094455,91.12729032900708
2018-02-09 21:00:00+01:00,2018-02-09,21,73.07,69.62175367762528,54.60969873845505,87.75903265530177
2018-02-09 22:00:00+01:00,2018-02-09,22,72.3,66.65119235689316,52.97094187561741,87.02587879551878
2018-02-09 23:00:00+01:00,2018-02-09,23,71.39,64.17559756044166,50.80950915017988,84.89752393828995
2018-02-10 00:00:00+01:00,2018-02-10,0,59.14,63.89040719047644,49.90045293016471,83.2113377437131
2018-02-10 01:00:00+01:00,2018-02-10,1,56.97,58.67806195641913,42.166630993112335,78.84920111813955
2018-02-10 02:00:00+01:00,2018-02-10,2,51.41,56.54990698874203,42.57001220531419,76.4473958991704
2018-02-10 03:00:00+01:00,2018-02-10,3,48.55,55.12793588513091,39.9709905299477,74.25536832232082
2018-02-10 04:00:00+01:00,2018-02-10,4,48.29,55.87827793702161,41.09689479243812,74.74940627080707
2018-02-10 05:00:00+01:00,2018-02-10,5,50.64,54.97384276894203,38.97068977515041,76.02915289126994
2018-02-10 06:00:00+01:00,2018-02-10,6,58.18,57.51256157575965,39.531869377343604,78.9629188581055
2018-02-10 07:00:00+01:00,2018-02-10,7,73.43,58.481556116111776,37.332509944372816,83.01785620791776
2018-02-10 08:00:00+01:00,2018-02-10,8,74.26,60.65940450465071,38.355079402942025,85.0775857739692
2018-02-10 09:00:00+01:00,2018-02-10,9,75.49,62.95210514576581,43.741599172043834,86.39293414550323
2018-02-10 10:00:00+01:00,2018-02-10,10,73.7,66.42480708032367,49.22635017221976,88.38960947395506
2018-02-10 11:00:00+01:00,2018-02-10,11,70.47,66.57206605030983,50.25178010372446,88.11180953983377
2018-02-10 12:00:00+01:00,2018-02-10,12,71.5,66.15204760580124,49.8254750755058,87.31682634508573
2018-02-10 13:00:00+01:00,2018-02-10,13,69.93,64.30969794931731,46.896825751842115,85.57594600282778
2018-02-10 14:00:00+01:00,2018-02-10,14,65.99,62.38421029254514,45.97915505789588,83.58885119908655
2018-02-10 15:00:00+01:00,2018-02-10,15,65.1,59.93516644977264,40.97928303828652,81.26860026672242
2018-02-10 16:00:00+01:00,2018-02-10,16,65.01,60.06415112866023,40.47328004815784,82.23718249399266
2018-02-10 17:00:00+01:00,2018-02-10,17,67.13,62.467450054396565,40.86117108849195,85.43397007529688
2018-02-10 18:00:00+01:00,2018-02-10,18,73.94,65.2088061926731,44.49766333371471,89.99548109510611
2018-02-10 19:00:00+01:00,2018-02-10,19,78.76,69.9633242722402,51.49435418623396,95.44783966589426
2018-02-10 20:00:00+01:00,2018-02-10,20,80.0,71.393811926505,55.57297692612943,93.93549450404205
2018-02-10 21:00:00+01:00,2018-02-10,21,75.21,72.34389368884348,57.33183874967325,90.48117266651997
2018-02-10 22:00:00+01:00,2018-02-10,22,69.95,68.21273672011091,54.53248623883516,88.58742315873653
2018-02-10 23:00:00+01:00,2018-02-10,23,65.1,66.46415224159655,53.09806383133477,87.18607861944484
2018-02-11 00:00:00+01:00,2018-02-11,0,56.86,60.41180206282728,46.42184780251555,79.73273261606394
2018-02-11 01:00:00+01:00,2018-02-11,1,54.24,55.19974297602717,38.688312012720374,75.37088213774759
2018-02-11 02:00:00+01:00,2018-02-11,2,49.55,51.55682248041664,37.576927696988804,71.45431139084502
2018-02-11 03:00:00+01:00,2018-02-11,3,48.9,48.34837851340477,33.19143315822156,67.47581095059468
2018-02-11 04:00:00+01:00,2018-02-11,4,48.1,48.501212352810285,33.7198292082268,67.37234068659575
2018-02-11 05:00:00+01:00,2018-02-11,5,51.15,49.59616843484737,33.593015441055755,70.65147855717528
2018-02-11 06:00:00+01:00,2018-02-11,6,60.18,54.63683143914341,36.65613924072736,76.08718872148927
2018-02-11 07:00:00+01:00,2018-02-11,7,67.2,61.25356427355931,40.104518101820354,85.7898643653653
2018-02-11 08:00:00+01:00,2018-02-11,8,68.4,63.38622294868152,41.081897846972836,87.80440421800002
2018-02-11 09:00:00+01:00,2018-02-11,9,70.07,66.02511577960522,46.81460980588324,89.46594477934264
2018-02-11 10:00:00+01:00,2018-02-11,10,70.71,67.89637259606295,50.69791568795903,89.86117498969433
2018-02-11 11:00:00+01:00,2018-02-11,11,69.8,66.40088274865568,50.0805968020703,87.94062623817962
2018-02-11 12:00:00+01:00,2018-02-11,12,68.4,65.97380915106754,49.6472366207721,87.13858789035203
2018-02-11 13:00:00+01:00,2018-02-11,13,67.2,64.29002708124177,46.87715488376658,85.55627513475224
2018-02-11 14:00:00+01:00,2018-02-11,14,64.2,62.13932529404131,45.73427005939205,83.34396620058273
2018-02-11 15:00:00+01:00,2018-02-11,15,65.82,59.93193754413503,40.97605413264891,81.26537136108482
2018-02-11 16:00:00+01:00,2018-02-11,16,65.85,59.42805464923252,39.83718356873013,81.60108601456497
2018-02-11 17:00:00+01:00,2018-02-11,17,67.64,62.053298835038206,40.44701986913359,85.01981885593852
2018-02-11 18:00:00+01:00,2018-02-11,18,70.69,68.02521732827687,47.314074469318484,92.81189223070989
2018-02-11 19:00:00+01:00,2018-02-11,19,72.5,72.3086879342195,53.83971784821327,97.79320332787356
2018-02-11 20:00:00+01:00,2018-02-11,20,71.42,72.62970862260391,56.80887362222835,95.17139120014096
2018-02-11 21:00:00+01:00,2018-02-11,21,67.23,71.61757336675903,56.605518427588805,89.75485234443552
2018-02-11 22:00:00+01:00,2018-02-11,22,67.89,67.11455223865207,53.43430175737632,87.48923867727768
2018-02-11 23:00:00+01:00,2018-02-11,23,67.16,64.27089994037297,50.90481153011119,84.99282631822126
2018-02-12 00:00:00+01:00,2018-02-12,0,55.79,59.86914545425318,45.87919119394145,79.19007600748985
2018-02-12 01:00:00+01:00,2018-02-12,1,48.57,54.9099158073681,38.39848484406131,75.08105496908851
2018-02-12 02:00:00+01:00,2018-02-12,2,46.65,50.952965759848986,36.97307097642115,70.85045467027736
2018-02-12 03:00:00+01:00,2018-02-12,3,45.65,49.80446002926074,34.64751467407753,68.93189246645065
2018-02-12 04:00:00+01:00,2018-02-12,4,45.15,49.3009367022094,34.51955355762591,68.17206503599488
2018-02-12 05:00:00+01:00,2018-02-12,5,45.65,50.502899294219496,34.49974630042788,71.55820941654741
2018-02-12 06:00:00+01:00,2018-02-12,6,46.14,56.815800100204626,38.83510790178858,78.26615738255049
2018-02-12 07:00:00+01:00,2018-02-12,7,46.65,63.676293350083185,42.527247178344226,88.21259344188917
2018-02-12 08:00:00+01:00,2018-02-12,8,47.0,66.06866555051741,43.764340448808724,90.4868468198359
2018-02-12 09:00:00+01:00,2018-02-12,9,49.68,67.52523632350339,48.314730349781414,90.96606532324081
2018-02-12 10:00:00+01:00,2018-02-12,10,55.79,68.55300379322729,51.354546885123376,90.51780618685868
2018-02-12 11:00:00+01:00,2018-02-12,11,58.46,68.34085614180842,52.020570195223044,89.88059963133236
2018-02-12 12:00:00+01:00,2018-02-12,12,58.46,67.00218044049909,50.675607910203645,88.16695917978357
2018-02-12 13:00:00+01:00,2018-02-12,13,63.17,65.16611369456673,47.75324149709154,86.4323617480772
2018-02-12 14:00:00+01:00,2018-02-12,14,62.01,63.82624581633879,47.42119058168953,85.03088672288021
2018-02-12 15:00:00+01:00,2018-02-12,15,57.27,62.62880920940178,43.67292579791566,83.96224302635156
2018-02-12 16:00:00+01:00,2018-02-12,16,57.0,62.956219482455865,43.365348401953476,85.12925084778831
2018-02-12 17:00:00+01:00,2018-02-12,17,62.31,64.49807951320234,42.89180054729773,87.46459953410266
2018-02-12 18:00:00+01:00,2018-02-12,18,66.92,69.0550000435069,48.34385718454851,93.84167494593991
2018-02-12 19:00:00+01:00,2018-02-12,19,67.2,71.86907685560887,53.40010676960263,97.35359224926293
2018-02-12 20:00:00+01:00,2018-02-12,20,67.67,70.46999321582688,54.64915821545131,93.01167579336393
2018-02-12 21:00:00+01:00,2018-02-12,21,67.53,69.0633173610913,54.05126242192107,87.20059633876778
2018-02-12 22:00:00+01:00,2018-02-12,22,67.09,66.93952875451798,53.25927827324223,87.3142151931436
2018-02-12 23:00:00+01:00,2018-02-12,23,62.76,64.67269823075894,51.30660982049716,85.39462460860723
2018-02-13 00:00:00+01:00,2018-02-13,0,60.05,56.67098814345901,42.681033883147286,75.99191869669568
2018-02-13 01:00:00+01:00,2018-02-13,1,48.4,50.14152053317247,33.630089569865675,70.31265969489289
2018-02-13 02:00:00+01:00,2018-02-13,2,44.32,47.173826885024866,33.19393210159703,67.07131579545324
2018-02-13 03:00:00+01:00,2018-02-13,3,42.79,46.01870524377627,30.861759888593056,65.14613768096618
2018-02-13 04:00:00+01:00,2018-02-13,4,41.71,45.05039846859483,30.26901532401134,63.9215268023803
2018-02-13 05:00:00+01:00,2018-02-13,5,41.71,46.50250873610513,30.49935574231351,67.55781885843304
2018-02-13 06:00:00+01:00,2018-02-13,6,43.99,50.9731154345551,32.992423236139054,72.42347271690096
2018-02-13 07:00:00+01:00,2018-02-13,7,56.81,56.85669744002988,35.707651268290924,81.39299753183587
2018-02-13 08:00:00+01:00,2018-02-13,8,60.69,59.23483704006419,36.93051193835551,83.65301830938269
2018-02-13 09:00:00+01:00,2018-02-13,9,61.28,62.00218449830036,42.79167852457838,85.44301349803777
2018-02-13 10:00:00+01:00,2018-02-13,10,60.05,63.78886080598464,46.590403897880726,85.75366319961603
2018-02-13 11:00:00+01:00,2018-02-13,11,52.8,64.50695351160219,48.18666756501682,86.04669700112613
2018-02-13 12:00:00+01:00,2018-02-13,12,49.62,64.5300827843188,48.20351025402335,85.69486152360328
2018-02-13 13:00:00+01:00,2018-02-13,13,49.3,64.0651219750239,46.652249777548704,85.33137002853437
2018-02-13 14:00:00+01:00,2018-02-13,14,45.56,61.57189409669526,45.166838862046,82.77653500323667
2018-02-13 15:00:00+01:00,2018-02-13,15,43.99,59.30756518011115,40.35168176862503,80.64099899706093
2018-02-13 16:00:00+01:00,2018-02-13,16,45.36,59.708006595342496,40.11713551484011,81.88103796067494
2018-02-13 17:00:00+01:00,2018-02-13,17,49.85,62.44397389801854,40.837694932113926,85.41049391891886
2018-02-13 18:00:00+01:00,2018-02-13,18,54.38,65.7766069820273,45.06546412306892,90.56328188446032
2018-02-13 19:00:00+01:00,2018-02-13,19,60.61,68.82176065477417,50.35279056876793,94.30627604842823
2018-02-13 20:00:00+01:00,2018-02-13,20,61.92,67.98876383014799,52.16792882977242,90.53044640768505
2018-02-13 21:00:00+01:00,2018-02-13,21,61.48,67.69755989633464,52.68550495716441,85.83483887401113
2018-02-13 22:00:00+01:00,2018-02-13,22,58.19,65.90929618113805,52.2290456998623,86.28398261976366
2018-02-13 23:00:00+01:00,2018-02-13,23,47.06,60.94444599780909,47.57835758754731,81.66637237565737
2018-02-14 00:00:00+01:00,2018-02-14,0,41.85,49.44796612645134,35.458011866139614,68.76889667968801
2018-02-14 01:00:00+01:00,2018-02-14,1,39.89,43.08223274583777,26.570801782530978,63.25337190755819
2018-02-14 02:00:00+01:00,2018-02-14,2,38.85,39.633644921076105,25.653750137648267,59.53113383150448
2018-02-14 03:00:00+01:00,2018-02-14,3,35.75,37.75644067371526,22.59949531853205,56.88387311090517
2018-02-14 04:00:00+01:00,2018-02-14,4,35.91,36.994210170229636,22.21282702564615,55.86533850401511
2018-02-14 05:00:00+01:00,2018-02-14,5,37.17,37.829828873391754,21.82667587960014,58.885138995719664
2018-02-14 06:00:00+01:00,2018-02-14,6,42.82,42.95061092028756,24.969918721871515,64.40096820263341
2018-02-14 07:00:00+01:00,2018-02-14,7,49.47,52.956167912021634,31.807121740282675,77.49246800382763
2018-02-14 08:00:00+01:00,2018-02-14,8,58.8,56.21339220076411,33.90906709905542,80.6315734700826
2018-02-14 09:00:00+01:00,2018-02-14,9,57.19,57.908736133641284,38.698230159919305,81.3495651333787
2018-02-14 10:00:00+01:00,2018-02-14,10,56.96,57.045224815204094,39.84676790710018,79.01002720883548
2018-02-14 11:00:00+01:00,2018-02-14,11,50.81,54.989882777308296,38.669596830722924,76.52962626683224
2018-02-14 12:00:00+01:00,2018-02-14,12,48.41,53.98649001709049,37.659917486795045,75.15126875637498
2018-02-14 13:00:00+01:00,2018-02-14,13,47.48,53.194081166836554,35.78120896936136,74.46032922034702
2018-02-14 14:00:00+01:00,2018-02-14,14,45.99,50.76541099705131,34.36035576240205,71.97005190359272
2018-02-14 15:00:00+01:00,2018-02-14,15,45.0,49.66484168983776,30.708958278351638,70.99827550678754
2018-02-14 16:00:00+01:00,2018-02-14,16,45.99,48.71559490701242,29.124723826510028,70.88862627234485
2018-02-14 17:00:00+01:00,2018-02-14,17,45.75,52.36657961939581,30.760300653491193,75.33309964029613
2018-02-14 18:00:00+01:00,2018-02-14,18,52.08,54.27384188150269,33.56269902254431,79.06051678393571
2018-02-14 19:00:00+01:00,2018-02-14,19,60.54,58.8482599104834,40.37928982447716,84.33277530413746
2018-02-14 20:00:00+01:00,2018-02-14,20,61.87,58.6961299401638,42.87529493978823,81.23781251770086
2018-02-14 21:00:00+01:00,2018-02-14,21,61.11,58.162459437997164,43.15040449882694,76.29973841567366
2018-02-14 22:00:00+01:00,2018-02-14,22,57.19,55.199719543424784,41.519469062149035,75.5744059820504
2018-02-14 23:00:00+01:00,2018-02-14,23,44.93,49.14016706882684,35.77407865856506,69.86209344667513
2018-02-15 00:00:00+01:00,2018-02-15,0,42.3,42.94092232374643,28.9509680634347,62.2618528769831
2018-02-15 01:00:00+01:00,2018-02-15,1,41.7,39.10754674656577,22.596115783258973,59.278685908286185
2018-02-15 02:00:00+01:00,2018-02-15,2,39.88,36.52440612193298,22.54451133850514,56.42189503236135
2018-02-15 03:00:00+01:00,2018-02-15,3,39.6,32.81654782047521,17.659602465291997,51.94398025766512
2018-02-15 04:00:00+01:00,2018-02-15,4,39.88,33.47661925783007,18.695236113246587,52.347747591615544
2018-02-15 05:00:00+01:00,2018-02-15,5,41.7,34.92703893643308,18.923885942641462,55.98234905876099
2018-02-15 06:00:00+01:00,2018-02-15,6,43.98,41.14719662259063,23.166504424174583,62.59755390493648
2018-02-15 07:00:00+01:00,2018-02-15,7,53.99,48.175048108379045,27.026001936640085,72.71134820018503
2018-02-15 08:00:00+01:00,2018-02-15,8,58.3,53.389821504797496,31.085496403088808,77.80800277411599
2018-02-15 09:00:00+01:00,2018-02-15,9,59.68,54.04474901530803,34.83424304158605,77.48557801504545
2018-02-15 10:00:00+01:00,2018-02-15,10,59.83,54.121977524308264,36.92352061620435,76.08677991793965
2018-02-15 11:00:00+01:00,2018-02-15,11,59.68,52.78380422910398,36.463518282518606,74.32354771862792
2018-02-15 12:00:00+01:00,2018-02-15,12,59.01,52.14931277726242,35.82274024696698,73.31409151654691
2018-02-15 13:00:00+01:00,2018-02-15,13,59.94,51.18950588804958,33.776633690574386,72.45575394156005
2018-02-15 14:00:00+01:00,2018-02-15,14,59.68,48.616708324967895,32.211653090318634,69.82134923150932
2018-02-15 15:00:00+01:00,2018-02-15,15,59.94,46.19723596181104,27.24135255032492,67.53066977876082
2018-02-15 16:00:00+01:00,2018-02-15,16,60.18,47.16967749541628,27.578806414913892,69.34270886074873
2018-02-15 17:00:00+01:00,2018-02-15,17,60.53,48.05988082889654,26.453601862991924,71.02640084979686
2018-02-15 18:00:00+01:00,2018-02-15,18,61.28,52.60695383673952,31.89581097778114,77.39362873917254
2018-02-15 19:00:00+01:00,2018-02-15,19,63.7,57.95697117090003,39.488001084893796,83.44148656455408
2018-02-15 20:00:00+01:00,2018-02-15,20,65.03,58.20957020230755,42.388735201931986,80.7512527798446
2018-02-15 21:00:00+01:00,2018-02-15,21,64.63,58.02577093002003,43.0137159908498,76.16304990769652
2018-02-15 22:00:00+01:00,2018-02-15,22,61.9,53.84711368053786,40.16686319926211,74.22180011916348
2018-02-15 23:00:00+01:00,2018-02-15,23,60.19,47.50073096315789,34.13464255289611,68.22265734100618
2018-02-16 00:00:00+01:00,2018-02-16,0,60.69,50.88846722971609,36.898512969404365,70.20939778295276
2018-02-16 01:00:00+01:00,2018-02-16,1,60.0,47.88961713710156,31.378186173794766,68.06075629882199
2018-02-16 02:00:00+01:00,2018-02-16,2,56.91,45.025753811693036,31.0458590282652,64.92324272212142
2018-02-16 03:00:00+01:00,2018-02-16,3,52.8,43.17643715459349,28.019491799410282,62.3038695917834
2018-02-16 04:00:00+01:00,2018-02-16,4,51.14,43.12819116031194,28.346808015728456,61.99931949409741
2018-02-16 05:00:00+01:00,2018-02-16,5,54.87,44.647416116829206,28.64426312303759,65.70272623915712
2018-02-16 06:00:00+01:00,2018-02-16,6,60.38,48.76931242625085,30.788620227834805,70.21966970859671
2018-02-16 07:00:00+01:00,2018-02-16,7,61.4,56.51993539278631,35.37088922104735,81.05623548459229
2018-02-16 08:00:00+01:00,2018-02-16,8,62.19,59.56760023656894,37.26327513486025,83.98578150588745
2018-02-16 09:00:00+01:00,2018-02-16,9,62.28,61.20829233906179,41.99778636533981,84.6491213387992
2018-02-16 10:00:00+01:00,2018-02-16,10,62.09,62.24049187013793,45.042034962034016,84.20529426376932
2018-02-16 11:00:00+01:00,2018-02-16,11,61.39,61.921086599715,45.600800653129625,83.46083008923894
2018-02-16 12:00:00+01:00,2018-02-16,12,60.75,61.14013093484075,44.813558404545304,82.30490967412524
2018-02-16 13:00:00+01:00,2018-02-16,13,60.69,60.705711113932765,43.29283891645757,81.97195916744323
2018-02-16 14:00:00+01:00,2018-02-16,14,60.21,58.66223125759209,42.25717602294283,79.8668721641335
2018-02-16 15:00:00+01:00,2018-02-16,15,59.01,57.91102484982669,38.95514143834057,79.24445866677647
2018-02-16 16:00:00+01:00,2018-02-16,16,60.01,57.986510665384664,38.395639584882275,80.1595420307171
2018-02-16 17:00:00+01:00,2018-02-16,17,60.05,59.52444888078519,37.91816991488057,82.4909689016855
2018-02-16 18:00:00+01:00,2018-02-16,18,60.69,62.20634037249323,41.49519751353485,86.99301527492625
2018-02-16 19:00:00+01:00,2018-02-16,19,62.55,64.78251607425321,46.31354598824697,90.26703146790726
2018-02-16 20:00:00+01:00,2018-02-16,20,62.61,63.62588343249799,47.805048432122426,86.16756601003505
2018-02-16 21:00:00+01:00,2018-02-16,21,62.59,64.9754203494394,49.963365410269176,83.11269932711589
2018-02-16 22:00:00+01:00,2018-02-16,22,61.65,61.61602813183687,47.93577765056112,81.99071457046249
2018-02-16 23:00:00+01:00,2018-02-16,23,61.87,57.54411429588762,44.178025885625836,78.26604067373592
2018-02-17 00:00:00+01:00,2018-02-17,0,61.57,57.824027256216745,43.83407299590502,77.14495780945342
2018-02-17 01:00:00+01:00,2018-02-17,1,60.69,54.660948459578776,38.14951749627198,74.8320876212992
2018-02-17 02:00:00+01:00,2018-02-17,2,58.01,50.846348787251216,36.86645400382338,70.7438376976796
2018-02-17 03:00:00+01:00,2018-02-17,3,51.13,49.72830754971453,34.57136219453132,68.85573998690444
2018-02-17 04:00:00+01:00,2018-02-17,4,46.96,47.955952535118556,33.17456939053507,66.82708086890403
2018-02-17 05:00:00+01:00,2018-02-17,5,44.34,49.160929779932644,33.15777678614103,70.21623990226055
2018-02-17 06:00:00+01:00,2018-02-17,6,43.84,51.504424179902244,33.5237319814862,72.95478146224809
2018-02-17 07:00:00+01:00,2018-02-17,7,44.43,53.544493227174826,32.395447055435866,78.08079331898082
2018-02-17 08:00:00+01:00,2018-02-17,8,44.43,55.55150068170864,33.24717557999995,79.96968195102713
2018-02-17 09:00:00+01:00,2018-02-17,9,50.0,56.994969861412486,37.78446388769051,80.4357988611499
2018-02-17 10:00:00+01:00,2018-02-17,10,59.01,59.144832945394526,41.94637603729061,81.10963533902591
2018-02-17 11:00:00+01:00,2018-02-17,11,50.26,58.92864569490283,42.60835974831746,80.46838918442677
2018-02-17 12:00:00+01:00,2018-02-17,12,46.95,58.331695756022825,42.00512322572738,79.49647449530731
2018-02-17 13:00:00+01:00,2018-02-17,13,46.96,58.88668580343165,41.47381360595645,80.15293385694211
2018-02-17 14:00:00+01:00,2018-02-17,14,45.0,57.395804979015054,40.99074974436579,78.60044588555647
2018-02-17 15:00:00+01:00,2018-02-17,15,44.14,54.52925817340696,35.57337476192084,75.86269199035674
2018-02-17 16:00:00+01:00,2018-02-17,16,43.07,54.62098951372023,35.030118433217844,76.79402087905268
2018-02-17 17:00:00+01:00,2018-02-17,17,44.99,56.02920653095779,34.42292756505317,78.9957265518581
2018-02-17 18:00:00+01:00,2018-02-17,18,49.77,58.44377477414473,37.732631915186346,83.23044967657775
2018-02-17 19:00:00+01:00,2018-02-17,19,57.01,62.15551954785203,43.68654946184579,87.64003494150609
2018-02-17 20:00:00+01:00,2018-02-17,20,60.38,63.03750505359672,47.21667005322115,85.57918763113378
2018-02-17 21:00:00+01:00,2018-02-17,21,60.05,62.41675454741103,47.404699608240804,80.55403352508752
2018-02-17 22:00:00+01:00,2018-02-17,22,55.01,60.9527725047224,47.27252202344665,81.327458943348
2018-02-17 23:00:00+01:00,2018-02-17,23,54.34,57.89118896895135,44.525100558689566,78.61311534679965
2018-02-18 00:00:00+01:00,2018-02-18,0,55.09,51.87542068772616,37.885466427414435,71.19635124096283
2018-02-18 01:00:00+01:00,2018-02-18,1,47.42,47.91842899211373,31.40699802880694,68.08956815383415
2018-02-18 02:00:00+01:00,2018-02-18,2,44.43,45.20067558345348,31.220780800025643,65.09816449388185
2018-02-18 03:00:00+01:00,2018-02-18,3,43.31,42.479042779737014,27.322097424553803,61.606475216926924
2018-02-18 04:00:00+01:00,2018-02-18,4,42.99,41.02834810888143,26.246964964297945,59.8994764426669
2018-02-18 05:00:00+01:00,2018-02-18,5,43.14,41.79457332679837,25.791420333006755,62.84988344912628
2018-02-18 06:00:00+01:00,2018-02-18,6,43.31,43.57619162094027,25.595499422524227,65.02654890328613
2018-02-18 07:00:00+01:00,2018-02-18,7,44.09,45.28650203304944,24.137455861310478,69.82280212485543
2018-02-18 08:00:00+01:00,2018-02-18,8,44.09,47.652491529852874,25.348166428144186,72.07067279917138
2018-02-18 09:00:00+01:00,2018-02-18,9,47.42,51.247640329040244,32.037134355318265,74.68846932877767
2018-02-18 10:00:00+01:00,2018-02-18,10,51.23,55.095348067337,37.896891159233085,77.06015046096839
2018-02-18 11:00:00+01:00,2018-02-18,11,55.01,52.701247861303294,36.38096191471792,74.24099135082724
2018-02-18 12:00:00+01:00,2018-02-18,12,51.5,51.775300952025006,35.44872842172956,72.94007969130949
2018-02-18 13:00:00+01:00,2018-02-18,13,56.01,52.36117471344373,34.948302515968535,73.6274227669542
2018-02-18 14:00:00+01:00,2018-02-18,14,52.15,49.87279825184844,33.467743017199176,71.07743915838985
2018-02-18 15:00:00+01:00,2018-02-18,15,47.42,47.92870907858387,28.97282566709775,69.26214289553366
2018-02-18 16:00:00+01:00,2018-02-18,16,45.01,46.94260716281929,27.351736082316904,69.11563852815173
2018-02-18 17:00:00+01:00,2018-02-18,17,47.42,47.83239282512635,26.226113859221734,70.79891284602667
2018-02-18 18:00:00+01:00,2018-02-18,18,56.01,51.292370520989365,30.581227662030983,76.07904542342239
2018-02-18 19:00:00+01:00,2018-02-18,19,61.11,58.05987576845915,39.59090568245291,83.54439116211321
2018-02-18 20:00:00+01:00,2018-02-18,20,61.96,59.47490943297411,43.65407443259854,82.01659201051116
2018-02-18 21:00:00+01:00,2018-02-18,21,62.19,60.037488546115455,45.02543360694523,78.17476752379194
2018-02-18 22:00:00+01:00,2018-02-18,22,61.89,56.91744039492594,43.23718991365019,77.29212683355155
2018-02-18 23:00:00+01:00,2018-02-18,23,60.45,53.08103441551916,39.71494600525738,73.80296079336745
2018-02-19 00:00:00+01:00,2018-02-19,0,58.58,54.40610687140461,40.41615261109288,73.72703742464128
2018-02-19 01:00:00+01:00,2018-02-19,1,49.06,48.27614030301108,31.76470933970429,68.44727946473151
2018-02-19 02:00:00+01:00,2018-02-19,2,45.59,45.651343578864626,31.67144879543679,65.548832489293
2018-02-19 03:00:00+01:00,2018-02-19,3,45.4,43.10616977654954,27.94922442136633,62.23360221373945
2018-02-19 04:00:00+01:00,2018-02-19,4,45.4,43.12201526381777,28.340632119234286,61.99314359760324
2018-02-19 05:00:00+01:00,2018-02-19,5,45.59,44.38273801309153,28.379585019299917,65.43804813541945
2018-02-19 06:00:00+01:00,2018-02-19,6,53.0,48.80002836720146,30.81933616878542,70.25038564954733
2018-02-19 07:00:00+01:00,2018-02-19,7,59.89,54.42600348341932,33.27695731168036,78.96230357522532
2018-02-19 08:00:00+01:00,2018-02-19,8,61.28,56.44939800356251,34.14507290185382,80.867579272881
2018-02-19 09:00:00+01:00,2018-02-19,9,61.63,58.50243548256335,39.29192950884137,81.94326448230078
2018-02-19 10:00:00+01:00,2018-02-19,10,61.28,60.29001098674139,43.09155407863748,82.25481338037278
2018-02-19 11:00:00+01:00,2018-02-19,11,60.84,61.03390941376705,44.71362346718168,82.57365290329099
2018-02-19 12:00:00+01:00,2018-02-19,12,60.39,59.57006785396186,43.243495323666416,80.73484659324635
2018-02-19 13:00:00+01:00,2018-02-19,13,60.69,61.037590061772484,43.62471786429729,82.30383811528296
2018-02-19 14:00:00+01:00,2018-02-19,14,60.05,57.998848595299556,41.593793360650295,79.20348950184098
2018-02-19 15:00:00+01:00,2018-02-19,15,59.08,56.266722065567386,37.310838654081266,77.60015588251716
2018-02-19 16:00:00+01:00,2018-02-19,16,57.0,55.448609816283316,35.85773873578093,77.62164118161576
2018-02-19 17:00:00+01:00,2018-02-19,17,59.92,56.59314196983299,34.98686300392838,79.5596619907333
2018-02-19 18:00:00+01:00,2018-02-19,18,62.28,61.19146965545625,40.48032679649787,85.97814455788927
2018-02-19 19:00:00+01:00,2018-02-19,19,62.04,65.02913710453898,46.56016701853274,90.51365249819304
2018-02-19 20:00:00+01:00,2018-02-19,20,60.88,65.05511075185582,49.234275751480254,87.59679332939288
2018-02-19 21:00:00+01:00,2018-02-19,21,60.38,65.50949062479624,50.497435685626016,83.64676960247273
2018-02-19 22:00:00+01:00,2018-02-19,22,56.54,62.55914607442308,48.878895593147334,82.9338325130487
2018-02-19 23:00:00+01:00,2018-02-19,23,51.4,59.096570935039516,45.730482524777734,79.81849731288781
2018-02-20 00:00:00+01:00,2018-02-20,0,50.68,50.61449552525205,36.624541264940326,69.93542607848872
2018-02-20 01:00:00+01:00,2018-02-20,1,46.95,45.90798655095922,29.39655558765243,66.07912571267964
2018-02-20 02:00:00+01:00,2018-02-20,2,42.43,43.102464490288824,29.122569706860986,62.999953400717196
2018-02-20 03:00:00+01:00,2018-02-20,3,42.41,41.83696241306272,26.68001705787951,60.96439485025263
2018-02-20 04:00:00+01:00,2018-02-20,4,42.21,40.21515517631367,25.433772031730186,59.08628351009914
2018-02-20 05:00:00+01:00,2018-02-20,5,42.41,41.50584373384227,25.502690740050653,62.56115385617018
2018-02-20 06:00:00+01:00,2018-02-20,6,47.19,45.50881788761699,27.528125689200948,66.95917516996285
2018-02-20 07:00:00+01:00,2018-02-20,7,60.05,52.286865814400514,31.137819642661555,76.8231659062065
2018-02-20 08:00:00+01:00,2018-02-20,8,61.92,53.74973553367697,31.44541043196828,78.16791680299546
2018-02-20 09:00:00+01:00,2018-02-20,9,61.85,55.959620666379735,36.749114692657756,79.40044966611715
2018-02-20 10:00:00+01:00,2018-02-20,10,59.89,55.85445960445751,38.656002696353596,77.8192619980889
2018-02-20 11:00:00+01:00,2018-02-20,11,56.1,55.888402498791194,39.56811655220582,77.42814598831514
2018-02-20 12:00:00+01:00,2018-02-20,12,53.38,55.42161737084651,39.09504484055107,76.586396110131
2018-02-20 13:00:00+01:00,2018-02-20,13,51.67,55.706291859398846,38.29341966192365,76.97253991290931
2018-02-20 14:00:00+01:00,2018-02-20,14,50.7,53.019037099549394,36.61398186490013,74.22367800609081
2018-02-20 15:00:00+01:00,2018-02-20,15,49.87,52.034314897295324,33.078431485809205,73.3677487142451
2018-02-20 16:00:00+01:00,2018-02-20,16,50.25,51.50905390496498,31.91818282446259,73.68208527029742
2018-02-20 17:00:00+01:00,2018-02-20,17,53.51,52.791999472464454,31.18572050655984,75.75851949336477
2018-02-20 18:00:00+01:00,2018-02-20,18,60.05,55.44919455494087,34.738051695982485,80.2358694573739
2018-02-20 19:00:00+01:00,2018-02-20,19,59.62,57.68274592740962,39.21377584140338,83.16726132106368
2018-02-20 20:00:00+01:00,2018-02-20,20,59.89,58.39636274189403,42.575527741518464,80.93804531943108
2018-02-20 21:00:00+01:00,2018-02-20,21,57.65,57.980209707278675,42.96815476810845,76.11748868495516
2018-02-20 22:00:00+01:00,2018-02-20,22,50.0,54.895636919889306,41.21538643861356,75.27032335851493
2018-02-20 23:00:00+01:00,2018-02-20,23,44.22,50.26793157528476,36.90184316502298,70.98985795313305
2018-02-21 00:00:00+01:00,2018-02-21,0,42.4,46.39711678646694,32.40716252615521,65.7180473397036
2018-02-21 01:00:00+01:00,2018-02-21,1,39.15,41.78321680627715,25.27178584297036,61.95435596799757
2018-02-21 02:00:00+01:00,2018-02-21,2,38.65,39.07390465948822,25.094009876060383,58.97139356991659
2018-02-21 03:00:00+01:00,2018-02-21,3,37.86,37.37618563363006,22.219240278446847,56.50361807081997
2018-02-21 04:00:00+01:00,2018-02-21,4,37.33,36.82572049019218,22.044337345608696,55.69684882397765
2018-02-21 05:00:00+01:00,2018-02-21,5,39.06,37.8017649644061,21.79861197061448,58.85707508673401
2018-02-21 06:00:00+01:00,2018-02-21,6,45.65,43.1398144615971,25.159122263181054,64.59017174394296
2018-02-21 07:00:00+01:00,2018-02-21,7,59.13,51.64191404707914,30.49286787534018,76.17821413888512
2018-02-21 08:00:00+01:00,2018-02-21,8,60.69,54.49611070297603,32.19178560126734,78.91429197229454
2018-02-21 09:00:00+01:00,2018-02-21,9,60.49,56.555993390883074,37.345487417161095,79.9968223906205
2018-02-21 10:00:00+01:00,2018-02-21,10,55.51,55.42860240126005,38.23014549315614,77.39340479489144
2018-02-21 11:00:00+01:00,2018-02-21,11,49.71,53.05246372058561,36.732177774000235,74.59220721010955
2018-02-21 12:00:00+01:00,2018-02-21,12,47.65,52.382221749723115,36.05564921942767,73.5470004890076
2018-02-21 13:00:00+01:00,2018-02-21,13,46.06,50.76641764731174,33.353545449836545,72.0326657008222
2018-02-21 14:00:00+01:00,2018-02-21,14,44.4,48.309743159228695,31.904687924579434,69.51438406577012
2018-02-21 15:00:00+01:00,2018-02-21,15,44.97,47.92226521495937,28.966381803473247,69.25569903190915
2018-02-21 16:00:00+01:00,2018-02-21,16,47.41,48.06510534413453,28.47423426363214,70.23813670946697
2018-02-21 17:00:00+01:00,2018-02-21,17,55.43,51.1235764510575,29.517297485152888,74.09009647195782
2018-02-21 18:00:00+01:00,2018-02-21,18,58.93,54.752381941693876,34.041239082735494,79.53905684412689
2018-02-21 19:00:00+01:00,2018-02-21,19,60.36,57.55356853094263,39.08459844493639,83.03808392459669
2018-02-21 20:00:00+01:00,2018-02-21,20,60.29,57.255584630803845,41.43474963042828,79.7972672083409
2018-02-21 21:00:00+01:00,2018-02-21,21,60.03,56.40499323339175,41.39293829422152,74.54227221106824
2018-02-21 22:00:00+01:00,2018-02-21,22,55.01,51.453799658133015,37.773549176857266,71.82848609675864
2018-02-21 23:00:00+01:00,2018-02-21,23,47.92,46.46900731812807,33.10291890786629,67.19093369597636
2018-02-22 00:00:00+01:00,2018-02-22,0,46.01,45.45383693904816,31.463882678736432,64.77476749228482
2018-02-22 01:00:00+01:00,2018-02-22,1,43.69,41.81516255169119,25.303731588384395,61.986301713411606
2018-02-22 02:00:00+01:00,2018-02-22,2,42.87,39.06050104667895,25.080606263251113,58.95798995710732
2018-02-22 03:00:00+01:00,2018-02-22,3,42.8,37.26435220774401,22.1074068525608,56.39178464493392
2018-02-22 04:00:00+01:00,2018-02-22,4,42.7,36.83102972862565,22.049646584042165,55.70215806241112
2018-02-22 05:00:00+01:00,2018-02-22,5,42.85,38.223370418294664,22.220217424503048,59.278680540622574
2018-02-22 06:00:00+01:00,2018-02-22,6,49.93,44.064476955144514,26.08378475672847,65.51483423749036
2018-02-22 07:00:00+01:00,2018-02-22,7,59.19,53.39909967723268,32.25005350549372,77.93539976903867
2018-02-22 08:00:00+01:00,2018-02-22,8,60.97,55.687333103817835,33.38300800210915,80.10551437313633
2018-02-22 09:00:00+01:00,2018-02-22,9,60.07,57.157993549930936,37.94748757620896,80.59882254966836
2018-02-22 10:00:00+01:00,2018-02-22,10,58.69,55.016415146370335,37.81795823826642,76.98121754000172
2018-02-22 11:00:00+01:00,2018-02-22,11,58.69,53.3630779913362,37.042792044750826,74.90282148086014
2018-02-22 12:00:00+01:00,2018-02-22,12,56.3,52.880097520282604,36.55352498998716,74.04487625956709
2018-02-22 13:00:00+01:00,2018-02-22,13,53.9,50.983752908909764,33.57088071143457,72.25000096242023
2018-02-22 14:00:00+01:00,2018-02-22,14,49.93,48.88132338257082,32.47626814792156,70.08596428911224
2018-02-22 15:00:00+01:00,2018-02-22,15,47.65,47.9151772153812,28.95929380389508,69.24861103233098
2018-02-22 16:00:00+01:00,2018-02-22,16,49.8,48.76844700841249,29.177575927910098,70.94147837374493
2018-02-22 17:00:00+01:00,2018-02-22,17,56.34,52.84396546587025,31.237686499965633,75.81048548677057
2018-02-22 18:00:00+01:00,2018-02-22,18,59.98,56.94290660014443,36.23176374118605,81.72958150257745
2018-02-22 19:00:00+01:00,2018-02-22,19,61.61,60.09106756622593,41.62209748021969,85.57558295988
2018-02-22 20:00:00+01:00,2018-02-22,20,61.54,59.51630417249165,43.695469172116084,82.0579867500287
2018-02-22 21:00:00+01:00,2018-02-22,21,61.48,58.74892959814936,43.73687465897913,76.88620857582585
2018-02-22 22:00:00+01:00,2018-02-22,22,59.19,54.739933438815356,41.05968295753961,75.11461987744097
2018-02-22 23:00:00+01:00,2018-02-22,23,56.01,49.8940020146368,36.527913604375016,70.61592839248509
2018-02-23 00:00:00+01:00,2018-02-23,0,49.8,52.82336444910278,38.833410188791056,72.14429500233945
2018-02-23 01:00:00+01:00,2018-02-23,1,47.11,48.009204191627894,31.4977732283211,68.18034335334832
2018-02-23 02:00:00+01:00,2018-02-23,2,45.9,46.174821506044985,32.19492672261715,66.07231041647336
2018-02-23 03:00:00+01:00,2018-02-23,3,44.79,44.86686128153226,29.709915926349048,63.99429371872217
2018-02-23 04:00:00+01:00,2018-02-23,4,44.79,44.91591084699742,30.134527702413934,63.78703918078289
2018-02-23 05:00:00+01:00,2018-02-23,5,45.94,44.86350300663849,28.860350012846872,65.9188131289664
2018-02-23 06:00:00+01:00,2018-02-23,6,52.25,49.65177481803417,31.671082619618126,71.10213210038003
2018-02-23 07:00:00+01:00,2018-02-23,7,61.62,56.30016483497186,35.1511186632329,80.83646492677785
2018-02-23 08:00:00+01:00,2018-02-23,8,63.03,59.02870928092905,36.724384179220365,83.44689055024755
2018-02-23 09:00:00+01:00,2018-02-23,9,61.88,60.777723688515856,41.56721771479388,84.21855268825328
2018-02-23 10:00:00+01:00,2018-02-23,10,61.6,60.72781768487535,43.52936077677143,82.69262007850674
2018-02-23 11:00:00+01:00,2018-02-23,11,60.96,59.637604045118074,43.3173180985327,81.17734753464202
2018-02-23 12:00:00+01:00,2018-02-23,12,61.25,58.665826671437856,42.33925414114241,79.83060541072234
2018-02-23 13:00:00+01:00,2018-02-23,13,61.45,57.610989699802886,40.19811750232769,78.87723775331335
2018-02-23 14:00:00+01:00,2018-02-23,14,61.12,55.379814650833815,38.974759416184554,76.58445555737524
2018-02-23 15:00:00+01:00,2018-02-23,15,60.96,53.54610927035284,34.59022585886672,74.87954308730261
2018-02-23 16:00:00+01:00,2018-02-23,16,61.03,54.14053501478045,34.54966393427806,76.31356638011289
2018-02-23 17:00:00+01:00,2018-02-23,17,60.74,57.56531940728407,35.95904044137946,80.53183942818438
2018-02-23 18:00:00+01:00,2018-02-23,18,61.87,60.54214878763778,39.831005928679396,85.3288236900708
2018-02-23 19:00:00+01:00,2018-02-23,19,63.79,61.70924398038676,43.24027389438052,87.19375937404081
2018-02-23 20:00:00+01:00,2018-02-23,20,63.85,61.864165866370705,46.04333086599514,84.40584844390776
2018-02-23 21:00:00+01:00,2018-02-23,21,63.8,61.713638798332,46.70158385916177,79.85091777600849
2018-02-23 22:00:00+01:00,2018-02-23,22,62.01,58.64525077469858,44.96500029342283,79.0199372133242
2018-02-23 23:00:00+01:00,2018-02-23,23,62.01,55.34765367449677,41.98156526423499,76.06958005234506
2018-02-24 00:00:00+01:00,2018-02-24,0,61.34,54.82409818218476,40.834143921873036,74.14502873542143
2018-02-24 01:00:00+01:00,2018-02-24,1,60.21,50.13568638402968,33.62425542072289,70.3068255457501
2018-02-24 02:00:00+01:00,2018-02-24,2,58.1,48.63039800084652,34.65050321741868,68.52788691127489
2018-02-24 03:00:00+01:00,2018-02-24,3,55.35,46.407057846090005,31.250112490906794,65.53449028327992
2018-02-24 04:00:00+01:00,2018-02-24,4,53.86,46.75844561770357,31.977062473120085,65.62957395148905
2018-02-24 05:00:00+01:00,2018-02-24,5,53.58,46.55073375312641,30.547580759334792,67.60604387545432
2018-02-24 06:00:00+01:00,2018-02-24,6,55.0,49.94121514313012,31.96052294471408,71.39157242547597
2018-02-24 07:00:00+01:00,2018-02-24,7,58.0,54.069090950180296,32.92004477844134,78.60539104198628
2018-02-24 08:00:00+01:00,2018-02-24,8,55.01,56.23582062572194,33.93149552401326,80.65400189504044
2018-02-24 09:00:00+01:00,2018-02-24,9,60.25,57.94320351037478,38.7326975366528,81.3840325101122
2018-02-24 10:00:00+01:00,2018-02-24,10,60.85,59.625253174358946,42.42679626625503,81.59005556799033
2018-02-24 11:00:00+01:00,2018-02-24,11,61.48,59.13594028229397,42.8156543357086,80.67568377181792
2018-02-24 12:00:00+01:00,2018-02-24,12,61.34,59.1031199693479,42.77654743905246,80.26789870863239
2018-02-24 13:00:00+01:00,2018-02-24,13,61.05,59.20878650689199,41.795914309416794,80.47503456040246
2018-02-24 14:00:00+01:00,2018-02-24,14,60.85,57.986997919033136,41.581942684383876,79.19163882557456
2018-02-24 15:00:00+01:00,2018-02-24,15,59.83,55.13339077714287,36.17750736565675,76.46682459409266
2018-02-24 16:00:00+01:00,2018-02-24,16,58.68,54.47733666537174,34.88646558486935,76.65036803070419
2018-02-24 17:00:00+01:00,2018-02-24,17,59.01,55.08663474171662,33.48035577581201,78.05315476261694
2018-02-24 18:00:00+01:00,2018-02-24,18,60.65,58.5021745937277,37.79103173476932,83.28884949616072
2018-02-24 19:00:00+01:00,2018-02-24,19,62.11,60.037148999426925,41.56817891342069,85.52166439308098
2018-02-24 20:00:00+01:00,2018-02-24,20,62.94,61.5804923790183,45.759657378642736,84.12217495655536
2018-02-24 21:00:00+01:00,2018-02-24,21,62.58,62.44146319567234,47.429408256502114,80.57874217334883
2018-02-24 22:00:00+01:00,2018-02-24,22,62.09,59.24124222230505,45.5609917410293,79.61592866093066
2018-02-24 23:00:00+01:00,2018-02-24,23,62.11,57.274739080082135,43.908650669820354,77.99666545793042
2018-02-25 00:00:00+01:00,2018-02-25,0,62.28,57.254928097928406,43.26497383761668,76.57585865116508
2018-02-25 01:00:00+01:00,2018-02-25,1,60.96,52.55997195182182,36.04854098851503,72.73111111354224
2018-02-25 02:00:00+01:00,2018-02-25,2,59.0,50.49618347708036,36.51628869365252,70.39367238750873
2018-02-25 03:00:00+01:00,2018-02-25,3,55.01,48.62543217310098,33.46848681791777,67.75286461029089
2018-02-25 04:00:00+01:00,2018-02-25,4,54.1,47.910619170750465,33.12923602616698,66.78174750453593
2018-02-25 05:00:00+01:00,2018-02-25,5,52.41,47.808789523659286,31.80563652986767,68.8640996459872
2018-02-25 06:00:00+01:00,2018-02-25,6,51.26,50.32584862149751,32.34515642308146,71.77620590384336
2018-02-25 07:00:00+01:00,2018-02-25,7,55.11,53.18237383953817,32.03332766779921,77.71867393134417
2018-02-25 08:00:00+01:00,2018-02-25,8,54.1,54.35256858822176,32.04824348651307,78.77074985754025
2018-02-25 09:00:00+01:00,2018-02-25,9,59.95,56.96325508091625,37.75274910719427,80.40408408065366
2018-02-25 10:00:00+01:00,2018-02-25,10,60.45,58.73888434919705,41.54042744109314,80.70368674282844
2018-02-25 11:00:00+01:00,2018-02-25,11,60.6,58.50145972892725,42.18117378234188,80.04120321845119
2018-02-25 12:00:00+01:00,2018-02-25,12,60.21,58.36365080080937,42.03707827051392,79.52842954009385
2018-02-25 13:00:00+01:00,2018-02-25,13,60.43,58.36471324313946,40.95184104566427,79.63096129664993
2018-02-25 14:00:00+01:00,2018-02-25,14,60.0,57.44591607590162,41.04086084125236,78.65055698244304
2018-02-25 15:00:00+01:00,2018-02-25,15,57.01,54.13169661797267,35.17581320648655,75.46513043492246
2018-02-25 16:00:00+01:00,2018-02-25,16,51.26,53.465056284255084,33.874185203752695,75.63808764958753
2018-02-25 17:00:00+01:00,2018-02-25,17,51.64,54.636377479552195,33.03009851364758,77.60289750045251
2018-02-25 18:00:00+01:00,2018-02-25,18,59.08,58.60958600909545,37.89844315013707,83.39626091152847
2018-02-25 19:00:00+01:00,2018-02-25,19,62.83,61.38241980102985,42.91344971502361,86.8669351946839
2018-02-25 20:00:00+01:00,2018-02-25,20,62.94,63.35307416851659,47.532239168141025,85.89475674605364
2018-02-25 21:00:00+01:00,2018-02-25,21,62.94,63.31099675836664,48.298941819196415,81.44827573604313
2018-02-25 22:00:00+01:00,2018-02-25,22,61.87,60.7050897010889,47.02483921981315,81.07977613971451
2018-02-25 23:00:00+01:00,2018-02-25,23,55.69,58.508213498591886,45.142125088330104,79.23013987644018
2018-02-26 00:00:00+01:00,2018-02-26,0,50.64,55.53779847615699,41.54784421584527,74.85872902939366
2018-02-26 01:00:00+01:00,2018-02-26,1,47.0,51.64877415016466,35.13734318685787,71.81991331188507
2018-02-26 02:00:00+01:00,2018-02-26,2,46.27,49.47757370683322,35.49767892340538,69.37506261726159
2018-02-26 03:00:00+01:00,2018-02-26,3,44.07,46.76290490201898,31.60595954683577,65.89033733920888
2018-02-26 04:00:00+01:00,2018-02-26,4,44.61,45.909488254870375,31.12810511028689,64.78061658865585
2018-02-26 05:00:00+01:00,2018-02-26,5,46.44,46.00033908986661,29.99718609607499,67.05564921219451
2018-02-26 06:00:00+01:00,2018-02-26,6,53.97,49.43963260803809,31.458940409622045,70.88998989038394
2018-02-26 07:00:00+01:00,2018-02-26,7,62.44,54.992534313693966,33.84348814195501,79.52883440549996
2018-02-26 08:00:00+01:00,2018-02-26,8,64.97,56.08038139648128,33.77605629477259,80.49856266579977
2018-02-26 09:00:00+01:00,2018-02-26,9,65.62,58.618840856676925,39.40833488295495,82.05966985641435
2018-02-26 10:00:00+01:00,2018-02-26,10,64.28,59.151341815383695,41.95288490727978,81.11614420901509
2018-02-26 11:00:00+01:00,2018-02-26,11,63.3,58.776304359308725,42.45601841272335,80.31604784883267
2018-02-26 12:00:00+01:00,2018-02-26,12,61.87,58.80564889825418,42.47907636795873,79.97042763753866
2018-02-26 13:00:00+01:00,2018-02-26,13,61.97,58.72814661041845,41.31527441294325,79.99439466392892
2018-02-26 14:00:00+01:00,2018-02-26,14,61.05,57.085336289906195,40.680281055256934,78.28997719644761
2018-02-26 15:00:00+01:00,2018-02-26,15,60.61,54.79447044238302,35.8385870308969,76.12790425933281
2018-02-26 16:00:00+01:00,2018-02-26,16,60.05,52.90489785603434,33.31402677553195,75.07792922136679
2018-02-26 17:00:00+01:00,2018-02-26,17,62.1,54.08993829219425,32.48365932628963,77.05645831309457
2018-02-26 18:00:00+01:00,2018-02-26,18,64.13,58.96410645369052,38.25296359473214,83.75078135612354
2018-02-26 19:00:00+01:00,2018-02-26,19,66.15,61.423971557739264,42.95500147173303,86.90848695139331
2018-02-26 20:00:00+01:00,2018-02-26,20,70.76,62.10821191121986,46.287376910844294,84.64989448875691
2018-02-26 21:00:00+01:00,2018-02-26,21,64.63,62.58071561351453,47.5686606743443,80.71799459119102
2018-02-26 22:00:00+01:00,2018-02-26,22,63.03,59.98800823786278,46.30775775658703,80.36269467648839
2018-02-26 23:00:00+01:00,2018-02-26,23,61.01,56.310132171169684,42.9440437609079,77.03205854901798
2018-02-27 00:00:00+01:00,2018-02-27,0,57.95,54.23898278186916,40.249028521557435,73.55991333510583
2018-02-27 01:00:00+01:00,2018-02-27,1,54.4,49.7631284288786,33.25169746557181,69.93426759059902
2018-02-27 02:00:00+01:00,2018-02-27,2,49.79,47.53070368118688,33.55080889775904,67.42819259161524
2018-02-27 03:00:00+01:00,2018-02-27,3,49.55,46.07685714621025,30.91991179102704,65.20428958340017
2018-02-27 04:00:00+01:00,2018-02-27,4,49.44,45.739589904944864,30.958206760361378,64.61071823873033
2018-02-27 05:00:00+01:00,2018-02-27,5,49.9,46.85491473464181,30.851761740850193,67.91022485696972
2018-02-27 06:00:00+01:00,2018-02-27,6,55.15,51.90229968140473,33.921607482988684,73.35265696375058
2018-02-27 07:00:00+01:00,2018-02-27,7,65.02,59.64239520523589,38.49334903349693,84.17869529704188
2018-02-27 08:00:00+01:00,2018-02-27,8,66.15,61.88778990228136,39.58346480057267,86.30597117159985
2018-02-27 09:00:00+01:00,2018-02-27,9,70.0,63.468981624856085,44.258475651134106,86.9098106245935
2018-02-27 10:00:00+01:00,2018-02-27,10,70.82,62.8434662100266,45.645009301922684,84.80826860365798
2018-02-27 11:00:00+01:00,2018-02-27,11,70.03,62.010772826900414,45.69048688031504,83.55051631642436
2018-02-27 12:00:00+01:00,2018-02-27,12,71.01,61.69025112860736,45.363678598311914,82.85502986789184
2018-02-27 13:00:00+01:00,2018-02-27,13,71.04,61.08524082987621,43.67236863240102,82.35148888338668
2018-02-27 14:00:00+01:00,2018-02-27,14,70.82,59.27202494491178,42.86696971026252,80.47666585145319
2018-02-27 15:00:00+01:00,2018-02-27,15,65.84,57.59497047618417,38.63908706469805,78.92840429313395
2018-02-27 16:00:00+01:00,2018-02-27,16,69.68,57.88523855079512,38.294367470292734,80.05826991612756
2018-02-27 17:00:00+01:00,2018-02-27,17,67.49,60.16514545175828,38.55886648585366,83.1316654726586
2018-02-27 18:00:00+01:00,2018-02-27,18,66.0,61.899208483590044,41.18806562463166,86.68588338602306
2018-02-27 19:00:00+01:00,2018-02-27,19,71.88,64.2155538426234,45.746583756617156,89.70006923627744
2018-02-27 20:00:00+01:00,2018-02-27,20,74.15,66.44452170390441,50.62368670352885,88.98620428144147
2018-02-27 21:00:00+01:00,2018-02-27,21,72.0,64.66321759998111,49.65116266081088,82.8004965776576
2018-02-27 22:00:00+01:00,2018-02-27,22,67.08,61.71684439190553,48.03659391062978,82.09153083053116
2018-02-27 23:00:00+01:00,2018-02-27,23,63.12,58.74046222985584,45.374373819594055,79.46238860770413
2018-02-28 00:00:00+01:00,2018-02-28,0,61.05,58.78907382701176,44.799119566700035,78.11000438024843
2018-02-28 01:00:00+01:00,2018-02-28,1,59.18,54.441484176695916,37.93005321338912,74.61262333841634
2018-02-28 02:00:00+01:00,2018-02-28,2,51.5,50.87342030505094,36.893525521623104,70.77090921547932
2018-02-28 03:00:00+01:00,2018-02-28,3,49.44,49.639467904219146,34.482522549035934,68.76690034140906
2018-02-28 04:00:00+01:00,2018-02-28,4,47.51,48.678949035975066,33.89756589139158,67.55007736976054
2018-02-28 05:00:00+01:00,2018-02-28,5,48.0,49.10701973972,33.103866745928386,70.16232986204791
2018-02-28 06:00:00+01:00,2018-02-28,6,49.79,54.206296116608335,36.22560391819229,75.65665339895419
2018-02-28 07:00:00+01:00,2018-02-28,7,61.01,62.616847954003255,41.467801782264296,87.15314804580925
2018-02-28 08:00:00+01:00,2018-02-28,8,62.01,63.67246935936562,41.36814425765694,88.09065062868412
2018-02-28 09:00:00+01:00,2018-02-28,9,62.48,66.63501466137033,47.424508687648355,90.07584366110775
2018-02-28 10:00:00+01:00,2018-02-28,10,62.09,65.40115736953325,48.20270046142934,87.36595976316464
2018-02-28 11:00:00+01:00,2018-02-28,11,61.28,64.53659414017963,48.21630819359426,86.07633762970357
2018-02-28 12:00:00+01:00,2018-02-28,12,61.68,65.29743005203031,48.970857521734864,86.4622087913148
2018-02-28 13:00:00+01:00,2018-02-28,13,61.48,63.80476330977579,46.39189111230059,85.07101136328626
2018-02-28 14:00:00+01:00,2018-02-28,14,60.05,62.681696273170814,46.276641038521554,83.88633717971223
2018-02-28 15:00:00+01:00,2018-02-28,15,58.93,60.39615420675398,41.44027079526786,81.72958802370376
2018-02-28 16:00:00+01:00,2018-02-28,16,58.19,61.89610016522789,42.305229084725504,84.06913153056033
2018-02-28 17:00:00+01:00,2018-02-28,17,55.25,63.25529107313746,41.64901210723284,86.22181109403778
2018-02-28 18:00:00+01:00,2018-02-28,18,55.25,65.34145995213728,44.6303170931789,90.1281348545703
2018-02-28 19:00:00+01:00,2018-02-28,19,60.57,68.80847819556277,50.33950810955653,94.29299358921682
2018-02-28 20:00:00+01:00,2018-02-28,20,62.88,69.01110189166029,53.19026689128472,91.55278446919735
2018-02-28 21:00:00+01:00,2018-02-28,21,62.28,66.97809966553116,51.966044726360934,85.11537864320765
2018-02-28 22:00:00+01:00,2018-02-28,22,59.59,63.50569573557878,49.825445254303034,83.8803821742044
2018-02-28 23:00:00+01:00,2018-02-28,23,49.79,60.423255056013225,47.057166645751444,81.14518143386152
2018-03-01 00:00:00+01:00,2018-03-01,0,12.14,52.80587518572511,38.81592092541338,72.12680573896178
2018-03-01 01:00:00+01:00,2018-03-01,1,5.48,48.754052212764,32.24262124945721,68.92519137448443
2018-03-01 02:00:00+01:00,2018-03-01,2,5.0,44.62015770419451,30.640262920766673,64.51764661462289
2018-03-01 03:00:00+01:00,2018-03-01,3,2.3,43.06238724121175,27.90544188602854,62.18981967840166
2018-03-01 04:00:00+01:00,2018-03-01,4,2.3,41.81468435151695,27.033301206933466,60.68581268530242
2018-03-01 05:00:00+01:00,2018-03-01,5,5.0,42.6852994787681,26.682146484976485,63.74060960109601
2018-03-01 06:00:00+01:00,2018-03-01,6,12.25,47.214359367957854,29.23366716954181,68.66471665030372
2018-03-01 07:00:00+01:00,2018-03-01,7,41.69,55.43801001100145,34.28896383926249,79.97431010280744
2018-03-01 08:00:00+01:00,2018-03-01,8,51.76,56.88045968819076,34.57613458648207,81.29864095750926
2018-03-01 09:00:00+01:00,2018-03-01,9,53.9,58.61600904945625,39.40550307573427,82.05683804919367
2018-03-01 10:00:00+01:00,2018-03-01,10,54.45,57.78372927398232,40.5852723658784,79.7485316676137
2018-03-01 11:00:00+01:00,2018-03-01,11,53.42,56.996439108551314,40.67615316196594,78.53618259807526
2018-03-01 12:00:00+01:00,2018-03-01,12,52.26,57.69298411795917,41.36641158766373,78.85776285724366
2018-03-01 13:00:00+01:00,2018-03-01,13,52.0,56.39631712872299,38.983444931247796,77.66256518223346
2018-03-01 14:00:00+01:00,2018-03-01,14,50.76,54.4987505964639,38.09369536181464,75.70339150300532
2018-03-01 15:00:00+01:00,2018-03-01,15,49.96,53.52071110428286,34.56482769279674,74.85414492123263
2018-03-01 16:00:00+01:00,2018-03-01,16,49.48,52.40399855938514,32.81312747888275,74.57702992471758
2018-03-01 17:00:00+01:00,2018-03-01,17,51.0,53.46038509977109,31.854106133866473,76.4269051206714
2018-03-01 18:00:00+01:00,2018-03-01,18,53.05,55.20461303355594,34.493470174597554,79.99128793598896
2018-03-01 19:00:00+01:00,2018-03-01,19,53.47,58.982841843688014,40.51387175768178,84.46735723734207
2018-03-01 20:00:00+01:00,2018-03-01,20,53.9,60.22379525641715,44.40296025604158,82.76547783395421
2018-03-01 21:00:00+01:00,2018-03-01,21,53.42,58.27722546461066,43.26517052544043,76.41450444228715
2018-03-01 22:00:00+01:00,2018-03-01,22,51.01,55.39374435736538,41.71349387608963,75.768430795991
2018-03-01 23:00:00+01:00,2018-03-01,23,40.75,51.29170935632209,37.925620946060306,72.01363573417038
2018-03-02 00:00:00+01:00,2018-03-02,0,58.39,33.12312808445496,19.133173824143235,52.444058637691626
2018-03-02 01:00:00+01:00,2018-03-02,1,54.1,28.829136398537266,12.317705435230472,49.000275560257684
2018-03-02 02:00:00+01:00,2018-03-02,2,45.1,26.163162955573664,12.183268172145826,46.06065186600203
2018-03-02 03:00:00+01:00,2018-03-02,3,43.84,23.674642229550233,8.517696874367022,42.80207466674014
2018-03-02 04:00:00+01:00,2018-03-02,4,43.57,23.47158866932738,8.690205524743895,42.34271700311285
2018-03-02 05:00:00+01:00,2018-03-02,5,43.39,24.92904053742169,8.925887543630076,45.9843506597496
2018-03-02 06:00:00+01:00,2018-03-02,6,43.64,30.879046164240634,12.89835396582459,52.32940344658649
2018-03-02 07:00:00+01:00,2018-03-02,7,44.35,42.67748234076312,21.52843616902416,67.2137824325691
2018-03-02 08:00:00+01:00,2018-03-02,8,44.1,47.32219041301197,25.01786531130328,71.74037168233046
2018-03-02 09:00:00+01:00,2018-03-02,9,50.28,49.376526189381465,30.166020215659486,72.81735518911889
2018-03-02 10:00:00+01:00,2018-03-02,10,55.01,49.90299084942893,32.70453394132502,71.86779324306032
2018-03-02 11:00:00+01:00,2018-03-02,11,51.07,49.33868751209184,33.018401565506466,70.87843100161578
2018-03-02 12:00:00+01:00,2018-03-02,12,46.96,49.244621404888655,32.91804887459321,70.40940014417313
2018-03-02 13:00:00+01:00,2018-03-02,13,46.95,47.99055834363404,30.577686146158847,69.25680639714452
2018-03-02 14:00:00+01:00,2018-03-02,14,44.35,45.370251716945816,28.965196482296555,66.57489262348723
2018-03-02 15:00:00+01:00,2018-03-02,15,43.57,44.79665155792655,25.840768146440432,66.13008537487633
2018-03-02 16:00:00+01:00,2018-03-02,16,43.39,44.42473817657058,24.83386709606819,66.59776954190302
2018-03-02 17:00:00+01:00,2018-03-02,17,47.38,45.754146697169105,24.14786773126449,68.72066671806942
2018-03-02 18:00:00+01:00,2018-03-02,18,50.54,48.39649221128305,27.685349352324664,73.18316711371607
2018-03-02 19:00:00+01:00,2018-03-02,19,58.19,51.24206640836867,32.773096322362434,76.72658180202274
2018-03-02 20:00:00+01:00,2018-03-02,20,58.99,51.59476824445922,35.77393324408365,74.13645082199628
2018-03-02 21:00:00+01:00,2018-03-02,21,58.59,50.091147215665,35.07909227649478,68.22842619334149
2018-03-02 22:00:00+01:00,2018-03-02,22,55.1,48.11182805014754,34.43157756887179,68.48651448877315
2018-03-02 23:00:00+01:00,2018-03-02,23,51.0,42.63480656237344,29.26871815211166,63.35673294022173
2018-03-03 00:00:00+01:00,2018-03-03,0,42.0,50.09925626474285,36.10930200443112,69.42018681797951
2018-03-03 01:00:00+01:00,2018-03-03,1,38.85,45.89397975889423,29.38254879558744,66.06511892061465
2018-03-03 02:00:00+01:00,2018-03-03,2,38.2,41.74634223168525,27.76644744825741,61.64383114211362
2018-03-03 03:00:00+01:00,2018-03-03,3,36.68,39.76342545479456,24.606480099611346,58.89085789198447
2018-03-03 04:00:00+01:00,2018-03-03,4,36.23,39.70033628041439,24.918953135830904,58.57146461419986
2018-03-03 05:00:00+01:00,2018-03-03,5,36.36,39.56755354892344,23.564400555131826,60.62286367125135
2018-03-03 06:00:00+01:00,2018-03-03,6,36.61,41.595000566457074,23.61430836804103,63.04535784880293
2018-03-03 07:00:00+01:00,2018-03-03,7,38.0,45.29501141052289,24.14596523878393,69.83131150232887
2018-03-03 08:00:00+01:00,2018-03-03,8,38.0,46.677058583779925,24.372733482071236,71.09523985309842
2018-03-03 09:00:00+01:00,2018-03-03,9,45.19,50.81856975791415,31.60806378419217,74.25939875765157
2018-03-03 10:00:00+01:00,2018-03-03,10,48.39,52.874538013694504,35.67608110559059,74.83934040732589
2018-03-03 11:00:00+01:00,2018-03-03,11,46.46,51.24963673478769,34.92935078820232,72.78938022431163
2018-03-03 12:00:00+01:00,2018-03-03,12,44.45,49.083534784688645,32.7569622543932,70.24831352397314
2018-03-03 13:00:00+01:00,2018-03-03,13,43.29,49.22747553922609,31.814603341750896,70.49372359273656
2018-03-03 14:00:00+01:00,2018-03-03,14,40.89,47.02084755678039,30.615792322131128,68.2254884633218
2018-03-03 15:00:00+01:00,2018-03-03,15,40.37,45.803446247580105,26.847562836093985,67.13688006452989
2018-03-03 16:00:00+01:00,2018-03-03,16,41.7,44.96761639983565,25.37674531933326,67.1406477651681
2018-03-03 17:00:00+01:00,2018-03-03,17,44.92,46.89173043737789,25.285451471473273,69.8582504582782
2018-03-03 18:00:00+01:00,2018-03-03,18,52.52,51.01445164236439,30.30330878340601,75.80112654479741
2018-03-03 19:00:00+01:00,2018-03-03,19,63.14,57.33366348679599,38.864693400789754,82.81817888045005
2018-03-03 20:00:00+01:00,2018-03-03,20,56.56,57.27931035301235,41.45847535263678,79.82099293054941
2018-03-03 21:00:00+01:00,2018-03-03,21,57.45,57.69941961063262,42.68736467146239,75.8366985883091
2018-03-03 22:00:00+01:00,2018-03-03,22,52.0,55.09816028422625,41.417909802950504,75.47284672285187
2018-03-03 23:00:00+01:00,2018-03-03,23,50.48,51.378599380795166,38.012510970533384,72.10052575864346
2018-03-04 00:00:00+01:00,2018-03-04,0,27.31,45.304316451890244,31.314362191578518,64.62524700512691
2018-03-04 01:00:00+01:00,2018-03-04,1,25.2,41.771905679935585,25.260474716628792,61.943044841656004
2018-03-04 02:00:00+01:00,2018-03-04,2,17.27,39.50844112670476,25.528546343276922,59.40593003713313
2018-03-04 03:00:00+01:00,2018-03-04,3,12.0,35.53657542827193,20.37963007308872,54.66400786546184
2018-03-04 04:00:00+01:00,2018-03-04,4,10.68,35.499373754280036,20.71799060969655,54.37050208806551
2018-03-04 05:00:00+01:00,2018-03-04,5,19.56,35.69653360374351,19.693380609951895,56.75184372607142
2018-03-04 06:00:00+01:00,2018-03-04,6,29.54,38.46313730016207,20.482445101746023,59.91349458250792
2018-03-04 07:00:00+01:00,2018-03-04,7,40.0,42.666949914215934,21.517903742476975,67.20325000602193
2018-03-04 08:00:00+01:00,2018-03-04,8,43.13,44.59404826079141,22.289723159082723,69.0122295301099
2018-03-04 09:00:00+01:00,2018-03-04,9,43.89,48.180689737270846,28.970183763548867,71.62151873700827
2018-03-04 10:00:00+01:00,2018-03-04,10,43.13,48.8564096795473,31.657952771443384,70.82121207317869
2018-03-04 11:00:00+01:00,2018-03-04,11,40.71,49.27573138826329,32.95544544167792,70.81547487778724
2018-03-04 12:00:00+01:00,2018-03-04,12,36.89,47.95641983915063,31.629847308855183,69.12119857843511
2018-03-04 13:00:00+01:00,2018-03-04,13,35.02,47.59801874941111,30.185146551935915,68.86426680292158
2018-03-04 14:00:00+01:00,2018-03-04,14,32.5,45.51220564621817,29.10715041156891,66.71684655275959
2018-03-04 15:00:00+01:00,2018-03-04,15,29.29,43.35494148781987,24.399058076333752,64.68837530476965
2018-03-04 16:00:00+01:00,2018-03-04,16,27.0,44.0662967776204,24.475425697118013,66.23932814295284
2018-03-04 17:00:00+01:00,2018-03-04,17,26.9,45.918137923043766,24.31185895713915,68.88465794394409
2018-03-04 18:00:00+01:00,2018-03-04,18,26.9,52.02882467517171,31.31768181621333,76.81549957760473
2018-03-04 19:00:00+01:00,2018-03-04,19,27.61,58.97728703547175,40.50831694946551,84.46180242912581
2018-03-04 20:00:00+01:00,2018-03-04,20,36.89,57.13435656551947,41.3135215651439,79.67603914305653
2018-03-04 21:00:00+01:00,2018-03-04,21,42.87,57.606583554276156,42.59452861510593,75.74386253195264
2018-03-04 22:00:00+01:00,2018-03-04,22,38.69,54.08910290493973,40.40885242366398,74.46378934356534
2018-03-04 23:00:00+01:00,2018-03-04,23,32.89,50.4333227461847,37.06723433592292,71.15524912403299
2018-03-05 00:00:00+01:00,2018-03-05,0,45.0,31.468653481650296,17.47869922133857,50.789584034886964
2018-03-05 01:00:00+01:00,2018-03-05,1,38.02,27.979826146589396,11.468395183282603,48.150965308309814
2018-03-05 02:00:00+01:00,2018-03-05,2,35.59,23.97148721557854,9.991592432150703,43.86897612600691
2018-03-05 03:00:00+01:00,2018-03-05,3,34.17,21.310451801868503,6.153506446685292,40.43788423905841
2018-03-05 04:00:00+01:00,2018-03-05,4,33.87,20.638944806782156,5.85756166219867,39.51007314056763
2018-03-05 05:00:00+01:00,2018-03-05,5,34.17,23.859789686395395,7.856636692603779,44.915099808723305
2018-03-05 06:00:00+01:00,2018-03-05,6,40.56,30.68613715889183,12.705444960475788,52.13649444123769
2018-03-05 07:00:00+01:00,2018-03-05,7,49.91,37.325502521467854,16.176456349728895,61.861802613273845
2018-03-05 08:00:00+01:00,2018-03-05,8,52.69,40.42307259970091,18.11874749799222,64.8412538690194
2018-03-05 09:00:00+01:00,2018-03-05,9,52.46,42.18150574011359,22.970999766391614,65.62233473985101
2018-03-05 10:00:00+01:00,2018-03-05,10,49.74,42.21703035687705,25.01857344877314,64.18183275050845
2018-03-05 11:00:00+01:00,2018-03-05,11,48.77,42.1670294163476,25.84674346976223,63.706772905871546
2018-03-05 12:00:00+01:00,2018-03-05,12,46.47,40.08542308806064,23.758850557765193,61.25020182734512
2018-03-05 13:00:00+01:00,2018-03-05,13,45.71,39.147176545722886,21.73430434824769,60.41342459923335
2018-03-05 14:00:00+01:00,2018-03-05,14,43.0,36.98666389468882,20.581608660039556,58.19130480123023
2018-03-05 15:00:00+01:00,2018-03-05,15,43.21,34.26269707424516,15.30681366275904,55.59613089119494
2018-03-05 16:00:00+01:00,2018-03-05,16,43.0,34.50918620426299,14.9183151237606,56.68221756959543
2018-03-05 17:00:00+01:00,2018-03-05,17,39.68,34.169132477951244,12.56285351204663,57.13565249885156
2018-03-05 18:00:00+01:00,2018-03-05,18,37.02,36.63458384461394,15.92344098565556,61.42125874704696
2018-03-05 19:00:00+01:00,2018-03-05,19,40.0,39.26563824355243,20.796668157546193,64.7501536372065
2018-03-05 20:00:00+01:00,2018-03-05,20,41.51,41.944123846734804,26.123288846359237,64.48580642427186
2018-03-05 21:00:00+01:00,2018-03-05,21,46.44,44.00696498762535,28.994910048455125,62.14424396530184
2018-03-05 22:00:00+01:00,2018-03-05,22,46.7,40.455181753318485,26.774931272042735,60.8298681919441
2018-03-05 23:00:00+01:00,2018-03-05,23,41.26,35.89763596633285,22.531547556071068,56.61956234418114
2018-03-06 00:00:00+01:00,2018-03-06,0,64.97,41.80000188225064,27.810047621938914,61.120932435487305
2018-03-06 01:00:00+01:00,2018-03-06,1,64.93,37.49030361727202,20.978872653965226,57.66144277899244
2018-03-06 02:00:00+01:00,2018-03-06,2,62.86,35.746087860788734,21.766193077360896,55.643576771217106
2018-03-06 03:00:00+01:00,2018-03-06,3,61.37,33.416586772378764,18.259641417195553,52.544019209568674
2018-03-06 04:00:00+01:00,2018-03-06,4,56.64,32.41213252253582,17.630749377952334,51.28326085632129
2018-03-06 05:00:00+01:00,2018-03-06,5,52.0,33.601954506701816,17.5988015129102,54.657264629029726
2018-03-06 06:00:00+01:00,2018-03-06,6,50.2,37.5583820749743,19.577689876558253,59.00873935732015
2018-03-06 07:00:00+01:00,2018-03-06,7,49.95,44.18531740569823,23.03627123395927,68.72161749750421
2018-03-06 08:00:00+01:00,2018-03-06,8,50.0,46.51947342708709,24.215148325378404,70.93765469640559
2018-03-06 09:00:00+01:00,2018-03-06,9,53.01,48.040002202262315,28.829496228540336,71.48083120199973
2018-03-06 10:00:00+01:00,2018-03-06,10,55.0,45.90768459881393,28.709227690710016,67.87248699244532
2018-03-06 11:00:00+01:00,2018-03-06,11,54.64,46.10600189518614,29.785715948600767,67.64574538471008
2018-03-06 12:00:00+01:00,2018-03-06,12,53.13,45.84234483812246,29.515772307827014,67.00712357740694
2018-03-06 13:00:00+01:00,2018-03-06,13,52.04,45.9701513671657,28.557279169690503,67.23639942067616
2018-03-06 14:00:00+01:00,2018-03-06,14,52.51,43.102116156470736,26.697060921821475,64.30675706301216
2018-03-06 15:00:00+01:00,2018-03-06,15,49.71,42.71139887752021,23.75551546603409,64.04483269446999
2018-03-06 16:00:00+01:00,2018-03-06,16,46.97,42.59741100352916,23.00653992302677,64.77044236886161
2018-03-06 17:00:00+01:00,2018-03-06,17,46.87,42.89800116984083,21.291722203936217,65.86452119074116
2018-03-06 18:00:00+01:00,2018-03-06,18,46.75,43.38296104678736,22.671818187828976,68.16963594922038
2018-03-06 19:00:00+01:00,2018-03-06,19,49.0,46.539248370153864,28.070278284147626,72.02376376380792
2018-03-06 20:00:00+01:00,2018-03-06,20,51.5,47.37180490053895,31.55096990016338,69.91348747807601
2018-03-06 21:00:00+01:00,2018-03-06,21,63.03,50.60561436702427,35.593559427854046,68.74289334470076
2018-03-06 22:00:00+01:00,2018-03-06,22,64.97,49.65218718491741,35.97193670364166,70.02687362354303
2018-03-06 23:00:00+01:00,2018-03-06,23,61.79,45.070796514805316,31.704708104543535,65.79272289265361
2018-03-07 00:00:00+01:00,2018-03-07,0,61.14,55.94687908067458,41.95692482036285,75.26780963391124
2018-03-07 01:00:00+01:00,2018-03-07,1,59.19,54.09712638645268,37.585695423145886,74.2682655481731
2018-03-07 02:00:00+01:00,2018-03-07,2,57.89,50.317775863190015,36.33788107976218,70.21526477361839
2018-03-07 03:00:00+01:00,2018-03-07,3,56.25,48.81366007342172,33.65671471823851,67.94109251061164
2018-03-07 04:00:00+01:00,2018-03-07,4,56.0,48.21182258075346,33.430439436169976,67.08295091453894
2018-03-07 05:00:00+01:00,2018-03-07,5,58.0,47.66571759051366,31.662564596722042,68.72102771284156
2018-03-07 06:00:00+01:00,2018-03-07,6,59.19,50.144005024322325,32.16331282590628,71.59436230666819
2018-03-07 07:00:00+01:00,2018-03-07,7,59.01,54.97593059394393,33.82688442220497,79.51223068574993
2018-03-07 08:00:00+01:00,2018-03-07,8,61.89,55.12208211991826,32.817757018209576,79.54026338923676
2018-03-07 09:00:00+01:00,2018-03-07,9,63.0,57.89544372885257,38.68493775513059,81.33627272858999
2018-03-07 10:00:00+01:00,2018-03-07,10,62.96,59.14349667697876,41.94503976887484,81.10829907061014
2018-03-07 11:00:00+01:00,2018-03-07,11,63.01,58.68742188606656,42.36713593948119,80.2271653755905
2018-03-07 12:00:00+01:00,2018-03-07,12,62.78,57.84170841433498,41.51513588403954,79.00648715361947
2018-03-07 13:00:00+01:00,2018-03-07,13,62.52,58.05823122879415,40.645359031318954,79.32447928230462
2018-03-07 14:00:00+01:00,2018-03-07,14,62.01,57.41458426476235,41.009529030113086,78.61922517130375
2018-03-07 15:00:00+01:00,2018-03-07,15,61.89,55.08397700351135,36.12809359202523,76.41741082046113
2018-03-07 16:00:00+01:00,2018-03-07,16,61.96,53.94593130592516,34.35506022542277,76.1189626712576
2018-03-07 17:00:00+01:00,2018-03-07,17,62.0,55.53458042172849,33.92830145582388,78.50110044262881
2018-03-07 18:00:00+01:00,2018-03-07,18,63.17,57.787806937360244,37.07666407840186,82.57448183979326
2018-03-07 19:00:00+01:00,2018-03-07,19,62.93,59.14867379895823,40.67970371295199,84.63318919261229
2018-03-07 20:00:00+01:00,2018-03-07,20,63.03,59.79113522976744,43.970300229391874,82.3328178073045
2018-03-07 21:00:00+01:00,2018-03-07,21,62.69,64.60737386409428,49.59531892492406,82.74465284177077
2018-03-07 22:00:00+01:00,2018-03-07,22,65.0,62.8867756146315,49.206525133355754,83.26146205325712
2018-03-07 23:00:00+01:00,2018-03-07,23,61.45,58.13282456507013,44.76673615480835,78.85475094291843
2018-03-08 00:00:00+01:00,2018-03-08,0,67.76,56.36648276736952,42.37652850705779,75.68741332060618
2018-03-08 01:00:00+01:00,2018-03-08,1,65.6,52.29134261839952,35.779911655092725,72.46248178011993
2018-03-08 02:00:00+01:00,2018-03-08,2,63.9,49.13687616603323,35.156981382605395,69.0343650764616
2018-03-08 03:00:00+01:00,2018-03-08,3,62.21,48.52519694640203,33.36825159121882,67.65262938359194
2018-03-08 04:00:00+01:00,2018-03-08,4,62.14,48.52272352616319,33.741340381579704,67.39385185994865
2018-03-08 05:00:00+01:00,2018-03-08,5,62.68,49.13240223040277,33.12924923661115,70.18771235273067
2018-03-08 06:00:00+01:00,2018-03-08,6,65.67,53.24411263356861,35.26342043515257,74.69446991591447
2018-03-08 07:00:00+01:00,2018-03-08,7,67.76,58.60066041362738,37.45161424188842,83.13696050543336
2018-03-08 08:00:00+01:00,2018-03-08,8,69.21,61.39913839587324,39.09481329416455,85.81731966519173
2018-03-08 09:00:00+01:00,2018-03-08,9,70.26,63.583442622283485,44.372936648561506,87.0242716220209
2018-03-08 10:00:00+01:00,2018-03-08,10,70.46,64.47943173836703,47.28097483026311,86.44423413199841
2018-03-08 11:00:00+01:00,2018-03-08,11,70.0,63.201885701574454,46.88159975498908,84.7416291910984
2018-03-08 12:00:00+01:00,2018-03-08,12,70.7,62.91006258509458,46.583490054799135,84.07484132437907
2018-03-08 13:00:00+01:00,2018-03-08,13,70.41,61.540989862992696,44.1281176655175,82.80723791650317
2018-03-08 14:00:00+01:00,2018-03-08,14,70.0,60.83246562910945,44.42741039446019,82.03710653565086
2018-03-08 15:00:00+01:00,2018-03-08,15,69.0,59.6954286526824,40.73954524119628,81.02886246963217
2018-03-08 16:00:00+01:00,2018-03-08,16,68.0,58.39571044548376,38.80483936498137,80.56874181081619
2018-03-08 17:00:00+01:00,2018-03-08,17,69.72,60.68590824480996,39.079629278905344,83.65242826571028
2018-03-08 18:00:00+01:00,2018-03-08,18,70.51,61.672566648456325,40.96142378949794,86.45924155088935
2018-03-08 19:00:00+01:00,2018-03-08,19,70.26,62.716304281822566,44.24733419581633,88.20081967547662
2018-03-08 20:00:00+01:00,2018-03-08,20,70.35,63.32739876472003,47.50656376434446,85.86908134225709
2018-03-08 21:00:00+01:00,2018-03-08,21,70.01,63.26339492814524,48.25133998897501,81.40067390582172
2018-03-08 22:00:00+01:00,2018-03-08,22,66.98,60.3738900740567,46.693639592780954,80.74857651268232
2018-03-08 23:00:00+01:00,2018-03-08,23,65.7,57.29065837065373,43.92456996039195,78.01258474850202
2018-03-09 00:00:00+01:00,2018-03-09,0,70.47,62.62240863781375,48.63245437750202,81.94333919105041
2018-03-09 01:00:00+01:00,2018-03-09,1,68.14,57.634806706112116,41.12337574280532,77.80594586783253
2018-03-09 02:00:00+01:00,2018-03-09,2,65.1,54.28188435576571,40.301989572337874,74.17937326619409
2018-03-09 03:00:00+01:00,2018-03-09,3,62.52,52.43619974969563,37.27925439451242,71.56363218688554
2018-03-09 04:00:00+01:00,2018-03-09,4,61.69,51.779880674853516,36.99849753027003,70.651009008639
2018-03-09 05:00:00+01:00,2018-03-09,5,61.69,52.602956911950855,36.59980391815924,73.65826703427877
2018-03-09 06:00:00+01:00,2018-03-09,6,68.14,56.634933603539345,38.6542414051233,78.0852908858852
2018-03-09 07:00:00+01:00,2018-03-09,7,72.0,61.06173011991797,39.91268394817901,85.59803021172397
2018-03-09 08:00:00+01:00,2018-03-09,8,73.55,63.26252511376602,40.95820001205733,87.68070638308451
2018-03-09 09:00:00+01:00,2018-03-09,9,73.91,65.19665973277519,45.98615375905321,88.63748873251261
2018-03-09 10:00:00+01:00,2018-03-09,10,73.51,65.81779225872995,48.61933535062604,87.78259465236134
2018-03-09 11:00:00+01:00,2018-03-09,11,73.6,65.051702862199,48.73141691561362,86.59144635172294
2018-03-09 12:00:00+01:00,2018-03-09,12,74.17,64.72929323098558,48.40272070069013,85.89407197027006
2018-03-09 13:00:00+01:00,2018-03-09,13,74.17,63.760186117934424,46.34731392045923,85.02643417144489
2018-03-09 14:00:00+01:00,2018-03-09,14,72.5,63.68934549731215,47.284290262662886,84.89398640385356
2018-03-09 15:00:00+01:00,2018-03-09,15,72.19,60.31366004417581,41.35777663268969,81.6470938611256
2018-03-09 16:00:00+01:00,2018-03-09,16,71.68,60.46427116561549,40.873400085113104,82.63730253094793
2018-03-09 17:00:00+01:00,2018-03-09,17,71.07,61.63760625485666,40.03132728895204,84.60412627575698
2018-03-09 18:00:00+01:00,2018-03-09,18,72.3,64.6760896832219,43.96494682426352,89.46276458565492
2018-03-09 19:00:00+01:00,2018-03-09,19,72.99,66.37594110963758,47.90697102363134,91.86045650329163
2018-03-09 20:00:00+01:00,2018-03-09,20,72.91,67.4097482867146,51.588913286339036,89.95143086425165
2018-03-09 21:00:00+01:00,2018-03-09,21,72.19,67.38606298241422,52.37400804324399,85.5233419600907
2018-03-09 22:00:00+01:00,2018-03-09,22,71.14,63.86634708698564,50.18609660570989,84.24103352561126
2018-03-09 23:00:00+01:00,2018-03-09,23,69.02,61.24752557584088,47.8814371655791,81.96945195368917
2018-03-10 00:00:00+01:00,2018-03-10,0,61.87,64.51172452063605,50.521770260324324,83.83265507387271
2018-03-10 01:00:00+01:00,2018-03-10,1,58.79,60.108098717284975,43.59666775397818,80.2792378790054
2018-03-10 02:00:00+01:00,2018-03-10,2,57.55,57.25152382585831,43.27162904243047,77.14901273628668
2018-03-10 03:00:00+01:00,2018-03-10,3,57.0,55.34274399752329,40.18579864234008,74.47017643471321
2018-03-10 04:00:00+01:00,2018-03-10,4,57.0,54.63259466707043,39.85121152248694,73.5037230008559
2018-03-10 05:00:00+01:00,2018-03-10,5,57.0,55.257392840950956,39.25423984715934,76.31270296327887
2018-03-10 06:00:00+01:00,2018-03-10,6,61.03,58.638936156583156,40.65824395816711,80.08929343892902
2018-03-10 07:00:00+01:00,2018-03-10,7,77.0,60.91451661026542,39.765470438526464,85.45081670207142
2018-03-10 08:00:00+01:00,2018-03-10,8,78.68,61.84518460903665,39.540859507327966,86.26336587835515
2018-03-10 09:00:00+01:00,2018-03-10,9,79.73,63.872205419513556,44.66169944579158,87.31303441925098
2018-03-10 10:00:00+01:00,2018-03-10,10,78.0,66.31656631067617,49.11810940257225,88.28136870430755
2018-03-10 11:00:00+01:00,2018-03-10,11,76.89,65.87453630097473,49.55425035438935,87.41427979049867
2018-03-10 12:00:00+01:00,2018-03-10,12,75.67,65.15886872318708,48.83229619289164,86.32364746247157
2018-03-10 13:00:00+01:00,2018-03-10,13,75.85,64.73050876458298,47.31763656710778,85.99675681809344
2018-03-10 14:00:00+01:00,2018-03-10,14,74.01,63.449519054915854,47.04446382026659,84.65415996145727
2018-03-10 15:00:00+01:00,2018-03-10,15,73.78,60.86102177124716,41.90513835976104,82.19445558819694
2018-03-10 16:00:00+01:00,2018-03-10,16,73.7,60.47670001257868,40.88582893207629,82.64973137791112
2018-03-10 17:00:00+01:00,2018-03-10,17,74.14,61.226419187159536,39.62014022125492,84.19293920805985
2018-03-10 18:00:00+01:00,2018-03-10,18,77.03,64.10805529099429,43.396912432035904,88.8947301934273
2018-03-10 19:00:00+01:00,2018-03-10,19,80.0,68.07024092549192,49.60127083948568,93.55475631914598
2018-03-10 20:00:00+01:00,2018-03-10,20,81.65,69.18775682517185,53.36692182479628,91.72943940270889
2018-03-10 21:00:00+01:00,2018-03-10,21,78.27,69.23121977864437,54.219164839474146,87.36849875632086
2018-03-10 22:00:00+01:00,2018-03-10,22,74.89,65.93311532164435,52.2528648403686,86.30780176026997
2018-03-10 23:00:00+01:00,2018-03-10,23,71.1,63.714930291843004,50.34884188158122,84.4368566696913
2018-03-11 00:00:00+01:00,2018-03-11,0,65.21,61.93791020003365,47.94795593972192,81.25884075327032
2018-03-11 01:00:00+01:00,2018-03-11,1,56.27,55.849544444386325,39.33811348107953,76.02068360610674
2018-03-11 02:00:00+01:00,2018-03-11,2,54.94,53.81113255168971,39.83123776826187,73.70862146211809
2018-03-11 03:00:00+01:00,2018-03-11,3,52.12,51.4165714224561,36.25962606727289,70.54400385964601
2018-03-11 04:00:00+01:00,2018-03-11,4,50.1,52.134441640349316,37.35305849576583,71.00556997413479
2018-03-11 05:00:00+01:00,2018-03-11,5,52.61,52.94144281060185,36.93828981681023,73.99675293292975
2018-03-11 06:00:00+01:00,2018-03-11,6,54.24,56.6703837981647,38.689691599748656,78.12074108051056
2018-03-11 07:00:00+01:00,2018-03-11,7,57.0,62.97326475532228,41.824218583583324,87.50956484712827
2018-03-11 08:00:00+01:00,2018-03-11,8,61.5,64.83730071432606,42.53297561261738,89.25548198364456
2018-03-11 09:00:00+01:00,2018-03-11,9,65.03,66.77696829537344,47.56646232165146,90.21779729511086
2018-03-11 10:00:00+01:00,2018-03-11,10,64.45,68.2962368906137,51.097779982509785,90.26103928424509
2018-03-11 11:00:00+01:00,2018-03-11,11,66.58,66.57440891321357,50.2541229666282,88.11415240273752
2018-03-11 12:00:00+01:00,2018-03-11,12,67.13,65.36726722257936,49.040694692283914,86.53204596186384
2018-03-11 13:00:00+01:00,2018-03-11,13,67.21,65.39632489371964,47.98345269624444,86.6625729472301
2018-03-11 14:00:00+01:00,2018-03-11,14,66.26,64.53275700788836,48.1277017732391,85.73739791442978
2018-03-11 15:00:00+01:00,2018-03-11,15,63.08,61.68746624174391,42.73158283025779,83.02090005869368
2018-03-11 16:00:00+01:00,2018-03-11,16,62.18,61.89150085553185,42.30062977502946,84.0645322208643
2018-03-11 17:00:00+01:00,2018-03-11,17,70.0,62.91644298718869,41.31016402128407,85.882963008089
2018-03-11 18:00:00+01:00,2018-03-11,18,75.0,67.09829468938236,46.387151830423974,91.88496959181538
2018-03-11 19:00:00+01:00,2018-03-11,19,75.56,71.05866644166811,52.58969635566187,96.54318183532217
2018-03-11 20:00:00+01:00,2018-03-11,20,72.69,71.80382610726402,55.98299110688845,94.34550868480108
2018-03-11 21:00:00+01:00,2018-03-11,21,71.96,71.89396199519533,56.8819070560251,90.03124097287181
2018-03-11 22:00:00+01:00,2018-03-11,22,69.36,69.02594856360699,55.34569808233124,89.4006350022326
2018-03-11 23:00:00+01:00,2018-03-11,23,70.0,65.46763492535968,52.101546515097894,86.18956130320797
2018-03-12 00:00:00+01:00,2018-03-12,0,49.62,61.96725065325389,47.977296392942165,81.28818120649056
2018-03-12 01:00:00+01:00,2018-03-12,1,47.07,56.35579242456616,39.84436146125937,76.52693158628658
2018-03-12 02:00:00+01:00,2018-03-12,2,45.67,52.24336122271352,38.26346643928568,72.1408501331419
2018-03-12 03:00:00+01:00,2018-03-12,3,45.51,49.92741143625814,34.77046608107493,69.05484387344805
2018-03-12 04:00:00+01:00,2018-03-12,4,45.67,49.49839822822548,34.717015083641996,68.36952656201095
2018-03-12 05:00:00+01:00,2018-03-12,5,47.07,51.150740706355734,35.14758771256412,72.20605082868364
2018-03-12 06:00:00+01:00,2018-03-12,6,54.34,56.41040821119667,38.429716012780624,77.86076549354252
2018-03-12 07:00:00+01:00,2018-03-12,7,64.82,62.87005116995753,41.72100499821857,87.40635126176352
2018-03-12 08:00:00+01:00,2018-03-12,8,64.98,65.39625937303099,43.0919342713223,89.81444064234948
2018-03-12 09:00:00+01:00,2018-03-12,9,66.77,67.07278346245616,47.86227748873418,90.51361246219358
2018-03-12 10:00:00+01:00,2018-03-12,10,67.18,66.90656010326134,49.70810319515743,88.87136249689273
2018-03-12 11:00:00+01:00,2018-03-12,11,67.1,66.48009719591417,50.1598112493288,88.01984068543811
2018-03-12 12:00:00+01:00,2018-03-12,12,66.76,65.18884157648127,48.86226904618582,86.35362031576575
2018-03-12 13:00:00+01:00,2018-03-12,13,67.1,64.19981058252418,46.786938385048984,85.46605863603465
2018-03-12 14:00:00+01:00,2018-03-12,14,65.0,63.56175035113,47.15669511648074,84.76639125767142
2018-03-12 15:00:00+01:00,2018-03-12,15,66.0,61.494938701105454,42.539055289619334,82.82837251805523
2018-03-12 16:00:00+01:00,2018-03-12,16,67.2,61.841019655908084,42.250148575405696,84.01405102124053
2018-03-12 17:00:00+01:00,2018-03-12,17,68.83,64.80918810088652,43.2029091349819,87.77570812178683
2018-03-12 18:00:00+01:00,2018-03-12,18,70.15,71.0016749916633,50.29053213270491,95.78834989409631
2018-03-12 19:00:00+01:00,2018-03-12,19,70.0,73.25374809221283,54.784778006206594,98.7382634858669
2018-03-12 20:00:00+01:00,2018-03-12,20,70.01,71.90021897588325,56.07938397550768,94.44190155342031
2018-03-12 21:00:00+01:00,2018-03-12,21,69.89,71.75724250360096,56.745187564430736,89.89452148127745
2018-03-12 22:00:00+01:00,2018-03-12,22,68.4,68.64044070752848,54.960190226252735,89.0151271461541
2018-03-12 23:00:00+01:00,2018-03-12,23,67.51,65.49755082849194,52.13146241823016,86.21947720634023
2018-03-13 00:00:00+01:00,2018-03-13,0,44.44,59.35288261354142,45.36292835322969,78.67381316677809
2018-03-13 01:00:00+01:00,2018-03-13,1,39.63,54.61065301107268,38.099222047765885,74.7817921727931
2018-03-13 02:00:00+01:00,2018-03-13,2,34.21,51.123568701706134,37.143673918278296,71.02105761213451
2018-03-13 03:00:00+01:00,2018-03-13,3,33.71,49.57895318885909,34.42200783367588,68.706385626049
2018-03-13 04:00:00+01:00,2018-03-13,4,33.61,48.80929063399831,34.02790748941482,67.68041896778378
2018-03-13 05:00:00+01:00,2018-03-13,5,34.01,50.42420103660241,34.421048042810796,71.47951115893032
2018-03-13 06:00:00+01:00,2018-03-13,6,41.06,56.758093640220785,38.77740144180474,78.20845092256664
2018-03-13 07:00:00+01:00,2018-03-13,7,51.17,65.03670815709754,43.88766198535858,89.57300824890353
2018-03-13 08:00:00+01:00,2018-03-13,8,54.02,66.36608968648713,44.061764584778444,90.78427095580562
2018-03-13 09:00:00+01:00,2018-03-13,9,57.68,68.26345659748195,49.05295062375997,91.70428559721937
2018-03-13 10:00:00+01:00,2018-03-13,10,57.9,67.17957761968252,49.981120711578605,89.1443800133139
2018-03-13 11:00:00+01:00,2018-03-13,11,55.0,65.99765576841287,49.6773698218275,87.53739925793681
2018-03-13 12:00:00+01:00,2018-03-13,12,52.56,65.30074543629857,48.974172906003126,86.46552417558306
2018-03-13 13:00:00+01:00,2018-03-13,13,50.32,64.02609202691121,46.61321982943602,85.29234008042168
2018-03-13 14:00:00+01:00,2018-03-13,14,48.47,62.686997977769714,46.28194274312045,83.89163888431113
2018-03-13 15:00:00+01:00,2018-03-13,15,44.67,61.5771654853379,42.62128207385178,82.91059930228768
2018-03-13 16:00:00+01:00,2018-03-13,16,46.48,61.95016625644403,42.35929517594164,84.12319762177647
2018-03-13 17:00:00+01:00,2018-03-13,17,48.56,64.02613790998839,42.41985894408378,86.99265793088871
2018-03-13 18:00:00+01:00,2018-03-13,18,55.24,67.43587558940044,46.72473273044206,92.22255049183346
2018-03-13 19:00:00+01:00,2018-03-13,19,65.3,70.18171822434608,51.71274813833985,95.66623361800015
2018-03-13 20:00:00+01:00,2018-03-13,20,66.15,68.929194301549,53.10835930117344,91.47087687908606
2018-03-13 21:00:00+01:00,2018-03-13,21,56.66,68.94951822492922,53.937463285758994,87.08679720260571
2018-03-13 22:00:00+01:00,2018-03-13,22,50.43,66.89594938935485,53.215698908079105,87.27063582798047
2018-03-13 23:00:00+01:00,2018-03-13,23,42.73,63.582097752173674,50.21600934191189,84.30402413002196
2018-03-14 00:00:00+01:00,2018-03-14,0,40.23,42.92794872644121,28.93799446612948,62.24887927967788
2018-03-14 01:00:00+01:00,2018-03-14,1,39.56,39.04068526950615,22.529254306199356,59.21182443122657
2018-03-14 02:00:00+01:00,2018-03-14,2,37.02,34.93682174957813,20.95692696615029,54.8343106600065
2018-03-14 03:00:00+01:00,2018-03-14,3,35.56,33.47261512114682,18.315669765963612,52.60004755833673
2018-03-14 04:00:00+01:00,2018-03-14,4,34.01,32.52341239402979,17.742029249446304,51.39454072781526
2018-03-14 05:00:00+01:00,2018-03-14,5,36.13,34.10866808266323,18.105515088871613,55.16397820499114
2018-03-14 06:00:00+01:00,2018-03-14,6,37.91,39.818573747210536,21.837881548794492,61.26893102955639
2018-03-14 07:00:00+01:00,2018-03-14,7,50.58,47.364829699596,26.21578352785704,71.90112979140198
2018-03-14 08:00:00+01:00,2018-03-14,8,52.03,50.40193145224153,28.09760635053284,74.82011272156002
2018-03-14 09:00:00+01:00,2018-03-14,9,52.26,51.61324869965281,32.40274272593083,75.05407769939023
2018-03-14 10:00:00+01:00,2018-03-14,10,50.58,50.23958354665421,33.041126638550296,72.20438594028559
2018-03-14 11:00:00+01:00,2018-03-14,11,48.78,49.00569816658274,32.68541221999737,70.54544165610668
2018-03-14 12:00:00+01:00,2018-03-14,12,44.02,47.514948915635394,31.18837638533995,68.67972765491987
2018-03-14 13:00:00+01:00,2018-03-14,13,39.69,47.187536905659144,29.77466470818395,68.45378495916961
2018-03-14 14:00:00+01:00,2018-03-14,14,36.72,45.70814773326934,29.30309249862008,66.91278863981076
2018-03-14 15:00:00+01:00,2018-03-14,15,31.31,43.78347476976428,24.827591358278163,65.11690858671406
2018-03-14 16:00:00+01:00,2018-03-14,16,24.7,44.12945649871935,24.53858541821696,66.30248786405178
2018-03-14 17:00:00+01:00,2018-03-14,17,20.1,46.73440416355372,25.128125197649105,69.70092418445404
2018-03-14 18:00:00+01:00,2018-03-14,18,15.0,49.67918207852291,28.96803921956453,74.46585698095593
2018-03-14 19:00:00+01:00,2018-03-14,19,37.61,54.82270068813987,36.35373060213363,80.30721608179392
2018-03-14 20:00:00+01:00,2018-03-14,20,48.21,55.195017841242496,39.37418284086693,77.73670041877955
2018-03-14 21:00:00+01:00,2018-03-14,21,41.11,52.015479965717645,37.00342502654742,70.15275894339413
2018-03-14 22:00:00+01:00,2018-03-14,22,36.72,47.85874594935194,34.17849546807619,68.23343238797756
2018-03-14 23:00:00+01:00,2018-03-14,23,21.2,42.801459086907364,29.435370676645583,63.523385464755656
2018-03-15 00:00:00+01:00,2018-03-15,0,25.36,28.64828206010402,14.658327799792293,47.96921261334069
2018-03-15 01:00:00+01:00,2018-03-15,1,12.4,26.559480206750703,10.04804924344391,46.730619368471125
2018-03-15 02:00:00+01:00,2018-03-15,2,5.48,23.64976527247186,9.669870489044023,43.54725418290023
2018-03-15 03:00:00+01:00,2018-03-15,3,5.48,22.24375728849018,7.086811933306969,41.37118972568009
2018-03-15 04:00:00+01:00,2018-03-15,4,5.48,21.096633866192228,6.3152507216087415,39.9677621999777
2018-03-15 05:00:00+01:00,2018-03-15,5,8.55,23.391724807097983,7.388571813306367,44.4470349294259
2018-03-15 06:00:00+01:00,2018-03-15,6,29.31,26.892088133215896,8.911395934799852,48.342445415561755
2018-03-15 07:00:00+01:00,2018-03-15,7,37.07,35.03870627750662,13.88966010576766,59.57500636931261
2018-03-15 08:00:00+01:00,2018-03-15,8,44.51,37.78299255700649,15.4786674552978,62.20117382632498
2018-03-15 09:00:00+01:00,2018-03-15,9,46.25,37.433457845092704,18.222951871370725,60.874286844830124
2018-03-15 10:00:00+01:00,2018-03-15,10,45.78,37.322877078918395,20.12442017081448,59.28767947254978
2018-03-15 11:00:00+01:00,2018-03-15,11,44.44,36.35593972376269,20.035653777177316,57.89568321328663
2018-03-15 12:00:00+01:00,2018-03-15,12,41.76,33.99707332120147,17.670500790906026,55.161852060485955
2018-03-15 13:00:00+01:00,2018-03-15,13,39.7,32.23169459528772,14.818822397812525,53.49794264879819
2018-03-15 14:00:00+01:00,2018-03-15,14,35.17,29.989538800009665,13.584483565360404,51.19417970655108
2018-03-15 15:00:00+01:00,2018-03-15,15,34.01,26.810839537462165,7.854956125976045,48.14427335441194
2018-03-15 16:00:00+01:00,2018-03-15,16,33.61,25.70570091685367,6.11482983635128,47.87873228218611
2018-03-15 17:00:00+01:00,2018-03-15,17,36.05,24.878132861389012,3.271853895484398,47.84465288228933
2018-03-15 18:00:00+01:00,2018-03-15,18,44.51,26.01921050118325,5.3080676422248665,50.80588540361627
2018-03-15 19:00:00+01:00,2018-03-15,19,53.69,34.07853136929439,15.609561283288151,59.563046762948446
2018-03-15 20:00:00+01:00,2018-03-15,20,54.01,37.87031097448419,22.049475974108624,60.411993552021244
2018-03-15 21:00:00+01:00,2018-03-15,21,47.75,36.50002634944762,21.487971410277396,54.63730532712411
2018-03-15 22:00:00+01:00,2018-03-15,22,40.04,32.90479924981976,19.22454876854401,53.27948568844538
2018-03-15 23:00:00+01:00,2018-03-15,23,34.01,25.738732181562057,12.372643771300275,46.46065855941035
2018-03-16 00:00:00+01:00,2018-03-16,0,45.42,30.478099745430484,16.488145485118757,49.79903029866715
2018-03-16 01:00:00+01:00,2018-03-16,1,37.17,25.039860937594984,8.52842997428819,45.2110000993154
2018-03-16 02:00:00+01:00,2018-03-16,2,34.0,21.03829504929045,7.058400265862613,40.93578395971882
2018-03-16 03:00:00+01:00,2018-03-16,3,30.55,19.60794536949372,4.451000014310509,38.73537780668363
2018-03-16 04:00:00+01:00,2018-03-16,4,29.97,19.60681204402748,4.825428899443992,38.47794037781295
2018-03-16 05:00:00+01:00,2018-03-16,5,35.55,20.92684592177548,4.923692927983865,41.98215604410339
2018-03-16 06:00:00+01:00,2018-03-16,6,44.46,29.899704821349424,11.91901262293338,51.35006210369528
2018-03-16 07:00:00+01:00,2018-03-16,7,50.54,37.967882121561544,16.818835949822585,62.504182213367535
2018-03-16 08:00:00+01:00,2018-03-16,8,55.29,41.5967405225286,19.29241542081991,66.01492179184709
2018-03-16 09:00:00+01:00,2018-03-16,9,55.99,41.70218082514981,22.49167485142783,65.14300982488723
2018-03-16 10:00:00+01:00,2018-03-16,10,52.8,41.140925807614764,23.94246889951085,63.10572820124615
2018-03-16 11:00:00+01:00,2018-03-16,11,51.17,40.61104175583246,24.290755809247088,62.1507852453564
2018-03-16 12:00:00+01:00,2018-03-16,12,50.54,38.84578341389498,22.519210883599534,60.010562153179464
2018-03-16 13:00:00+01:00,2018-03-16,13,50.18,36.99184765093158,19.578975453456387,58.25809570444205
2018-03-16 14:00:00+01:00,2018-03-16,14,46.5,34.85723043431265,18.452175199663387,56.06187134085406
2018-03-16 15:00:00+01:00,2018-03-16,15,44.3,34.13422710374148,15.17834369225536,55.46766092069126
2018-03-16 16:00:00+01:00,2018-03-16,16,41.91,34.05375398109349,14.462882900591104,56.226785346425935
2018-03-16 17:00:00+01:00,2018-03-16,17,42.89,36.46532061328234,14.859041647377722,59.431840634182656
2018-03-16 18:00:00+01:00,2018-03-16,18,45.44,40.54890762520344,19.83776476624506,65.33558252763646
2018-03-16 19:00:00+01:00,2018-03-16,19,50.54,47.93271035187243,29.463740265866193,73.41722574552648
2018-03-16 20:00:00+01:00,2018-03-16,20,50.13,47.61197534949823,31.791140349122664,70.15365792703528
2018-03-16 21:00:00+01:00,2018-03-16,21,50.17,45.66891016323852,30.656855224068295,63.80618914091501
2018-03-16 22:00:00+01:00,2018-03-16,22,49.89,41.04211840949243,27.361867928216682,61.41680484811805
2018-03-16 23:00:00+01:00,2018-03-16,23,44.01,36.3665428801548,23.000454469893022,57.088469258003094
2018-03-17 00:00:00+01:00,2018-03-17,0,41.71,41.099715901322874,27.109761641011147,60.420646454559545
2018-03-17 01:00:00+01:00,2018-03-17,1,36.27,36.611169568568336,20.099738605261543,56.782308730288754
2018-03-17 02:00:00+01:00,2018-03-17,2,35.0,34.570777792403256,20.590883008975418,54.46826670283163
2018-03-17 03:00:00+01:00,2018-03-17,3,35.55,32.0938588034706,16.93691344828739,51.22129124066051
2018-03-17 04:00:00+01:00,2018-03-17,4,36.37,31.572255363982134,16.790872219398647,50.4433836977676
2018-03-17 05:00:00+01:00,2018-03-17,5,36.96,33.63508341135373,17.631930417562117,54.69039353368164
2018-03-17 06:00:00+01:00,2018-03-17,6,37.89,37.70782956579579,19.727137367379747,59.158186848141646
2018-03-17 07:00:00+01:00,2018-03-17,7,37.87,41.063340171183214,19.914293999444254,65.5996402629892
2018-03-17 08:00:00+01:00,2018-03-17,8,40.8,44.37134180322492,22.067016701516234,68.78952307254342
2018-03-17 09:00:00+01:00,2018-03-17,9,49.0,46.121784805939384,26.911278832217405,69.5626138056768
2018-03-17 10:00:00+01:00,2018-03-17,10,50.44,45.326737824838766,28.12828091673485,67.29154021847015
2018-03-17 11:00:00+01:00,2018-03-17,11,50.44,44.567761432591226,28.247475486005854,66.10750492211517
2018-03-17 12:00:00+01:00,2018-03-17,12,50.72,44.32654537784952,27.999972847554076,65.49132411713401
2018-03-17 13:00:00+01:00,2018-03-17,13,50.27,44.259880373719554,26.84700817624436,65.52612842723002
2018-03-17 14:00:00+01:00,2018-03-17,14,46.52,42.160104123422244,25.755048888772983,63.36474502996366
2018-03-17 15:00:00+01:00,2018-03-17,15,43.09,40.05891794550562,21.1030345340195,61.3923517624554
2018-03-17 16:00:00+01:00,2018-03-17,16,41.7,39.13589756586184,19.54502648535945,61.30892893119428
2018-03-17 17:00:00+01:00,2018-03-17,17,42.78,39.63366961983511,18.027390653930496,62.60018964073543
2018-03-17 18:00:00+01:00,2018-03-17,18,47.13,42.88183693018357,22.170694071225185,67.66851183261659
2018-03-17 19:00:00+01:00,2018-03-17,19,52.5,48.05936045208906,29.590390366082822,73.54387584574312
2018-03-17 20:00:00+01:00,2018-03-17,20,63.83,49.07968811505069,33.25885311467513,71.62137069258775
2018-03-17 21:00:00+01:00,2018-03-17,21,57.4,49.15756223382327,34.145507294653044,67.29484121149976
2018-03-17 22:00:00+01:00,2018-03-17,22,57.89,48.27506260075628,34.59481211948053,68.6497490393819
2018-03-17 23:00:00+01:00,2018-03-17,23,52.53,44.366603608266686,31.000515198004905,65.08852998611498
2018-03-18 00:00:00+01:00,2018-03-18,0,46.72,48.745850690991595,34.75589643067987,68.06678124422827
2018-03-18 01:00:00+01:00,2018-03-18,1,43.97,43.72512776866403,27.213696805357237,63.89626693038445
2018-03-18 02:00:00+01:00,2018-03-18,2,40.63,42.03992833714723,28.060033553719393,61.9374172475756
2018-03-18 03:00:00+01:00,2018-03-18,3,38.75,39.831565397320446,24.674620042137235,58.958997834510356
2018-03-18 04:00:00+01:00,2018-03-18,4,37.1,40.00165034458172,25.220267199998233,58.87277867836719
2018-03-18 05:00:00+01:00,2018-03-18,5,37.89,39.99547574267946,23.992322748887844,61.05078586500737
2018-03-18 06:00:00+01:00,2018-03-18,6,37.6,42.177408352520956,24.196716154104912,63.62776563486681
2018-03-18 07:00:00+01:00,2018-03-18,7,36.29,44.20218410775199,23.05313793601303,68.73848419955797
2018-03-18 08:00:00+01:00,2018-03-18,8,36.8,47.67335167994759,25.3690265782389,72.09153294926608
2018-03-18 09:00:00+01:00,2018-03-18,9,37.9,51.11848350431535,31.90797753059337,74.55931250405277
2018-03-18 10:00:00+01:00,2018-03-18,10,38.95,51.96315779009437,34.76470088199046,73.92796018372576
2018-03-18 11:00:00+01:00,2018-03-18,11,40.11,52.988849880301345,36.66856393371597,74.52859336982529
2018-03-18 12:00:00+01:00,2018-03-18,12,39.05,51.94554585154956,35.61897332125412,73.11032459083404
2018-03-18 13:00:00+01:00,2018-03-18,13,39.05,52.41732004520611,35.004447847730916,73.68356809871658
2018-03-18 14:00:00+01:00,2018-03-18,14,37.7,49.79098958266276,33.3859343480135,70.99563048920417
2018-03-18 15:00:00+01:00,2018-03-18,15,33.33,47.24389713623663,28.288013724750513,68.57733095318642
2018-03-18 16:00:00+01:00,2018-03-18,16,20.1,47.44120418406616,27.85033310356377,69.6142355493986
2018-03-18 17:00:00+01:00,2018-03-18,17,28.13,48.56335454742072,26.957075581516108,71.52987456832105
2018-03-18 18:00:00+01:00,2018-03-18,18,38.0,52.51548861515835,31.804345756199965,77.30216351759137
2018-03-18 19:00:00+01:00,2018-03-18,19,44.44,58.37924207721117,39.91027199120493,83.86375747086522
2018-03-18 20:00:00+01:00,2018-03-18,20,49.7,61.21083565924092,45.390000658865354,83.75251823677797
2018-03-18 21:00:00+01:00,2018-03-18,21,50.5,59.400506329483335,44.38845139031311,77.53778530715982
2018-03-18 22:00:00+01:00,2018-03-18,22,47.48,57.78727824614411,44.10702776486836,78.16196468476973
2018-03-18 23:00:00+01:00,2018-03-18,23,44.99,53.062911513340296,39.696823103078515,73.78483789118859
2018-03-19 00:00:00+01:00,2018-03-19,0,43.63,41.706416798669665,27.716462538357938,61.02734735190633
2018-03-19 01:00:00+01:00,2018-03-19,1,40.8,36.832152667801125,20.320721704494332,57.003291829521544
2018-03-19 02:00:00+01:00,2018-03-19,2,39.91,34.684171924254976,20.704277140827138,54.58166083468335
2018-03-19 03:00:00+01:00,2018-03-19,3,37.7,32.57913323104896,17.422187875865745,51.706565668238866
2018-03-19 04:00:00+01:00,2018-03-19,4,37.5,31.38654557449805,16.605162429914564,50.25767390828352
2018-03-19 05:00:00+01:00,2018-03-19,5,39.81,31.95451644231291,15.951363448521295,53.00982656464082
2018-03-19 06:00:00+01:00,2018-03-19,6,40.21,36.704658536742684,18.72396633832664,58.15501581908854
2018-03-19 07:00:00+01:00,2018-03-19,7,54.1,42.08979043801436,20.940744266275402,66.62609052982035
2018-03-19 08:00:00+01:00,2018-03-19,8,62.63,45.035258148146205,22.730933046437517,69.4534394174647
2018-03-19 09:00:00+01:00,2018-03-19,9,60.0,45.54852899960453,26.33802302588255,68.98935799934195
2018-03-19 10:00:00+01:00,2018-03-19,10,52.4,44.481800760790634,27.28334385268672,66.44660315442202
2018-03-19 11:00:00+01:00,2018-03-19,11,50.27,44.591468062862624,28.271182116277252,66.13121155238656
2018-03-19 12:00:00+01:00,2018-03-19,12,46.49,43.91750709395368,27.590934563658237,65.08228583323816
2018-03-19 13:00:00+01:00,2018-03-19,13,44.99,44.46877399902722,27.055901801552025,65.73502205253769
2018-03-19 14:00:00+01:00,2018-03-19,14,43.63,42.36268949532611,25.957634260676848,63.56733040186752
2018-03-19 15:00:00+01:00,2018-03-19,15,41.79,41.156422212306644,22.200538800820524,62.48985602925642
2018-03-19 16:00:00+01:00,2018-03-19,16,40.11,38.52260595595106,18.93173487544867,60.6956373212835
2018-03-19 17:00:00+01:00,2018-03-19,17,40.11,40.71963900258426,19.113360036679644,63.68615902348458
2018-03-19 18:00:00+01:00,2018-03-19,18,42.01,44.59302784691643,23.881884987958045,69.37970274934945
2018-03-19 19:00:00+01:00,2018-03-19,19,47.0,49.486867110814465,31.017897024808228,74.97138250446852
2018-03-19 20:00:00+01:00,2018-03-19,20,54.02,52.11881311982576,36.29797811945019,74.66049569736282
2018-03-19 21:00:00+01:00,2018-03-19,21,50.17,52.617711557146116,37.60565661797589,70.75499053482261
2018-03-19 22:00:00+01:00,2018-03-19,22,44.44,49.58833290611815,35.9080824248424,69.96301934474377
2018-03-19 23:00:00+01:00,2018-03-19,23,39.71,45.8058890881552,32.439800677893416,66.52781546600349
2018-03-20 00:00:00+01:00,2018-03-20,0,35.0,40.146954506137476,26.15700024582575,59.46788505937414
2018-03-20 01:00:00+01:00,2018-03-20,1,34.69,36.74712853264775,20.235697569340957,56.91826769436817
2018-03-20 02:00:00+01:00,2018-03-20,2,33.59,34.98289420187623,21.00299941844839,54.8803831123046
2018-03-20 03:00:00+01:00,2018-03-20,3,33.02,32.65013166481371,17.493186309630502,51.77756410200362
2018-03-20 04:00:00+01:00,2018-03-20,4,31.38,31.94390990583245,17.162526761248962,50.81503823961792
2018-03-20 05:00:00+01:00,2018-03-20,5,33.89,34.02970971605696,18.026556722265347,55.08501983838487
2018-03-20 06:00:00+01:00,2018-03-20,6,35.0,38.23196324193559,20.251271043519544,59.682320524281444
2018-03-20 07:00:00+01:00,2018-03-20,7,36.4,46.47596266179591,25.326916490056952,71.0122627536019
2018-03-20 08:00:00+01:00,2018-03-20,8,43.77,51.26357186584327,28.95924676413458,75.68175313516176
2018-03-20 09:00:00+01:00,2018-03-20,9,44.01,51.01505189917113,31.804545925449148,74.45588089890855
2018-03-20 10:00:00+01:00,2018-03-20,10,39.81,47.839911339990365,30.64145443188645,69.80471373362175
2018-03-20 11:00:00+01:00,2018-03-20,11,36.4,47.35109401564175,31.030808069056377,68.89083750516569
2018-03-20 12:00:00+01:00,2018-03-20,12,36.1,46.335834831541284,30.00926230124584,67.50061357082578
2018-03-20 13:00:00+01:00,2018-03-20,13,36.1,45.11824327939827,27.705371081923076,66.38449133290874
2018-03-20 14:00:00+01:00,2018-03-20,14,35.9,42.73060926328247,26.325554028633206,63.93525016982388
2018-03-20 15:00:00+01:00,2018-03-20,15,36.1,41.80138627387435,22.84550286238823,63.13482009082413
2018-03-20 16:00:00+01:00,2018-03-20,16,36.2,42.04289376015703,22.45202267965464,64.21592512548946
2018-03-20 17:00:00+01:00,2018-03-20,17,36.3,42.51145061016548,20.905171644260868,65.4779706310658
2018-03-20 18:00:00+01:00,2018-03-20,18,37.74,46.101872301077336,25.390729442118953,70.88854720351036
2018-03-20 19:00:00+01:00,2018-03-20,19,47.01,50.20347182388103,31.734501737874794,75.6879872175351
2018-03-20 20:00:00+01:00,2018-03-20,20,55.99,53.5011622717167,37.680327271341135,76.04284484925375
2018-03-20 21:00:00+01:00,2018-03-20,21,50.25,50.59183277909831,35.579777839928084,68.7291117567748
2018-03-20 22:00:00+01:00,2018-03-20,22,46.6,46.55487410800302,32.87462362672727,66.92956054662864
2018-03-20 23:00:00+01:00,2018-03-20,23,39.1,41.778365634996426,28.412277224734645,62.50029201284472
2018-03-21 00:00:00+01:00,2018-03-21,0,37.89,37.25701780635349,23.26706354604176,56.57794835959015
2018-03-21 01:00:00+01:00,2018-03-21,1,37.89,33.84760283371933,17.336171870412535,54.01874199543975
2018-03-21 02:00:00+01:00,2018-03-21,2,34.02,31.256258552579595,17.276363769151757,51.15374746300797
2018-03-21 03:00:00+01:00,2018-03-21,3,33.89,29.269051736848763,14.112106381665551,48.396484174038676
2018-03-21 04:00:00+01:00,2018-03-21,4,33.89,28.319994865631514,13.538611721048028,47.191123199416985
2018-03-21 05:00:00+01:00,2018-03-21,5,34.02,29.995837387194218,13.992684393402602,51.051147509522124
2018-03-21 06:00:00+01:00,2018-03-21,6,39.81,34.270865154648526,16.29017295623248,55.72122243699438
2018-03-21 07:00:00+01:00,2018-03-21,7,45.89,39.91474553227883,18.76569936053987,64.45104562408483
2018-03-21 08:00:00+01:00,2018-03-21,8,49.44,43.957690089288604,21.653364987579916,68.3758713586071
2018-03-21 09:00:00+01:00,2018-03-21,9,49.38,44.930791551642834,25.720285577920855,68.37162055138026
2018-03-21 10:00:00+01:00,2018-03-21,10,48.5,42.0542992548502,24.855842346746286,64.01910164848158
2018-03-21 11:00:00+01:00,2018-03-21,11,47.43,41.51935669054966,25.199070743964285,63.0591001800736
2018-03-21 12:00:00+01:00,2018-03-21,12,47.05,40.900053487448176,24.573480957152732,62.06483222673266
2018-03-21 13:00:00+01:00,2018-03-21,13,47.05,40.82693642985205,23.41406423237685,62.09318448336251
2018-03-21 14:00:00+01:00,2018-03-21,14,45.79,38.701539656590256,22.296484421940995,59.90618056313167
2018-03-21 15:00:00+01:00,2018-03-21,15,45.69,37.47099126822897,18.51510785674285,58.80442508517875
2018-03-21 16:00:00+01:00,2018-03-21,16,44.51,37.27409477320689,17.6832236927045,59.44712613853933
2018-03-21 17:00:00+01:00,2018-03-21,17,45.4,38.53398541435165,16.927706448447033,61.500505435251966
2018-03-21 18:00:00+01:00,2018-03-21,18,47.52,40.77116033088207,20.060017471923686,65.55783523331509
2018-03-21 19:00:00+01:00,2018-03-21,19,54.11,48.45775780955349,29.988787723547254,73.94227320320755
2018-03-21 20:00:00+01:00,2018-03-21,20,63.83,51.49965369253359,35.678818692158025,74.04133627007064
2018-03-21 21:00:00+01:00,2018-03-21,21,54.96,49.41452888697692,34.40247394780669,67.5518078646534
2018-03-21 22:00:00+01:00,2018-03-21,22,54.22,45.98162240033151,32.30137191905576,66.35630883895712
2018-03-21 23:00:00+01:00,2018-03-21,23,49.66,40.473274479249795,27.107186068988014,61.19520085709809
2018-03-22 00:00:00+01:00,2018-03-22,0,51.45,45.69064515623495,31.700690895923223,65.01157570947161
2018-03-22 01:00:00+01:00,2018-03-22,1,50.78,42.72321512994233,26.21178416663554,62.89435429166275
2018-03-22 02:00:00+01:00,2018-03-22,2,51.05,39.44165995616555,25.461765172737714,59.33914886659392
2018-03-22 03:00:00+01:00,2018-03-22,3,48.77,38.53550273145039,23.37855737626718,57.6629351686403
2018-03-22 04:00:00+01:00,2018-03-22,4,47.31,37.779609555301114,22.998226410717628,56.650737889086585
2018-03-22 05:00:00+01:00,2018-03-22,5,50.0,39.52565627030213,23.522503276510513,60.58096639263004
2018-03-22 06:00:00+01:00,2018-03-22,6,51.02,44.6644312618629,26.683739063446858,66.11478854420875
2018-03-22 07:00:00+01:00,2018-03-22,7,54.99,50.87507145022514,29.726025278486183,75.41137154203113
2018-03-22 08:00:00+01:00,2018-03-22,8,63.15,53.15057400605067,30.84624890434198,77.56875527536917
2018-03-22 09:00:00+01:00,2018-03-22,9,59.59,55.68213225506512,36.47162628134314,79.12296125480253
2018-03-22 10:00:00+01:00,2018-03-22,10,58.91,53.2890811171784,36.090624209074484,75.25388351080979
2018-03-22 11:00:00+01:00,2018-03-22,11,58.56,53.19465161716512,36.87436567057975,74.73439510668906
2018-03-22 12:00:00+01:00,2018-03-22,12,56.01,52.64568552000221,36.31911298970677,73.8104642592867
2018-03-22 13:00:00+01:00,2018-03-22,13,57.32,52.931012170113114,35.51813997263792,74.19726022362357
2018-03-22 14:00:00+01:00,2018-03-22,14,53.36,51.02043853579553,34.61538330114627,72.22507944233695
2018-03-22 15:00:00+01:00,2018-03-22,15,52.28,50.58833695979409,31.63245354830797,71.92177077674387
2018-03-22 16:00:00+01:00,2018-03-22,16,50.74,49.99472413780755,30.403853057305163,72.16775550314
2018-03-22 17:00:00+01:00,2018-03-22,17,50.27,51.76533283736982,30.159053871465204,74.73185285827014
2018-03-22 18:00:00+01:00,2018-03-22,18,51.31,53.49266206746141,32.78151920850303,78.27933696989443
2018-03-22 19:00:00+01:00,2018-03-22,19,58.71,59.36733110312052,40.89836101711428,84.85184649677458
2018-03-22 20:00:00+01:00,2018-03-22,20,65.0,62.95296501454793,47.13213001417236,85.49464759208499
2018-03-22 21:00:00+01:00,2018-03-22,21,58.42,58.68716051083508,43.67510557166485,76.82443948851156
2018-03-22 22:00:00+01:00,2018-03-22,22,52.52,56.380501936293356,42.70025145501761,76.75518837491897
2018-03-22 23:00:00+01:00,2018-03-22,23,46.77,52.16244184819266,38.796353437930875,72.88436822604095
2018-03-23 00:00:00+01:00,2018-03-23,0,41.94,49.574500241452505,35.58454598114078,68.89543079468918
2018-03-23 01:00:00+01:00,2018-03-23,1,41.48,46.37735073203488,29.865919768728084,66.54848989375529
2018-03-23 02:00:00+01:00,2018-03-23,2,40.95,44.397028236700486,30.417133453272648,64.29451714712886
2018-03-23 03:00:00+01:00,2018-03-23,3,40.49,42.34207779533551,27.1851324401523,61.46951023252542
2018-03-23 04:00:00+01:00,2018-03-23,4,40.55,42.21592089566886,27.434537751085372,61.08704922945433
2018-03-23 05:00:00+01:00,2018-03-23,5,42.78,43.9939428477637,27.990789853972082,65.0492529700916
2018-03-23 06:00:00+01:00,2018-03-23,6,45.45,47.100460845175675,29.11976864675963,68.55081812752152
2018-03-23 07:00:00+01:00,2018-03-23,7,51.31,51.57663590871321,30.427589736974248,76.1129360005192
2018-03-23 08:00:00+01:00,2018-03-23,8,56.05,55.73016172466782,33.42583662295914,80.14834299398632
2018-03-23 09:00:00+01:00,2018-03-23,9,57.05,56.06415875003319,36.85365277631121,79.5049877497706
2018-03-23 10:00:00+01:00,2018-03-23,10,56.91,55.78899978724911,38.5905428791452,77.7538021808805
2018-03-23 11:00:00+01:00,2018-03-23,11,53.89,54.88713165025067,38.5668457036653,76.42687513977461
2018-03-23 12:00:00+01:00,2018-03-23,12,51.87,53.08691194851591,36.76033941822047,74.25169068780039
2018-03-23 13:00:00+01:00,2018-03-23,13,50.35,52.88214804591907,35.46927584844387,74.14839609942953
2018-03-23 14:00:00+01:00,2018-03-23,14,49.23,51.27239703358872,34.86734179893946,72.47703794013013
2018-03-23 15:00:00+01:00,2018-03-23,15,44.51,49.55401509655135,30.598131685065233,70.88744891350113
2018-03-23 16:00:00+01:00,2018-03-23,16,42.81,49.48767274511579,29.8968016646134,71.66070411044822
2018-03-23 17:00:00+01:00,2018-03-23,17,41.79,50.169369331002876,28.56309036509826,73.13588935190319
2018-03-23 18:00:00+01:00,2018-03-23,18,41.69,51.590891798569075,30.879748939610693,76.3775667010021
2018-03-23 19:00:00+01:00,2018-03-23,19,44.67,56.46931312565094,38.000343039644704,81.953828519305
2018-03-23 20:00:00+01:00,2018-03-23,20,50.41,59.740304819695645,43.91946981932008,82.2819873972327
2018-03-23 21:00:00+01:00,2018-03-23,21,49.51,56.375956656676635,41.36390171750641,74.51323563435312
2018-03-23 22:00:00+01:00,2018-03-23,22,45.04,52.80943979969411,39.12918931841836,73.18412623831972
2018-03-23 23:00:00+01:00,2018-03-23,23,35.89,49.36272246518011,35.99663405491833,70.0846488430284
2018-03-24 00:00:00+01:00,2018-03-24,0,30.0,40.663424505005544,26.673470244693817,59.984355058242215
2018-03-24 01:00:00+01:00,2018-03-24,1,22.23,37.76332118388442,21.25189022057763,57.93446034560484
2018-03-24 02:00:00+01:00,2018-03-24,2,19.1,37.20260041430565,23.22270563087781,57.10008932473402
2018-03-24 03:00:00+01:00,2018-03-24,3,11.0,35.26245413350763,20.10550877832442,54.38988657069754
2018-03-24 04:00:00+01:00,2018-03-24,4,10.49,34.43194113144453,19.650557986861045,53.30306946523
2018-03-24 05:00:00+01:00,2018-03-24,5,10.49,36.07493453247688,20.071781538685265,57.13024465480479
2018-03-24 06:00:00+01:00,2018-03-24,6,11.0,37.9399137091573,19.95922151074126,59.39027099150316
2018-03-24 07:00:00+01:00,2018-03-24,7,13.0,42.08503244658152,20.935986274842563,66.62133253838752
2018-03-24 08:00:00+01:00,2018-03-24,8,13.2,46.52331954321676,24.21899444150807,70.94150081253525
2018-03-24 09:00:00+01:00,2018-03-24,9,19.98,47.582219495394284,28.371713521672305,71.0230484951317
2018-03-24 10:00:00+01:00,2018-03-24,10,21.0,46.88391265855044,29.68545575044653,68.84871505218183
2018-03-24 11:00:00+01:00,2018-03-24,11,20.31,47.05372076442974,30.73343481784437,68.59346425395368
2018-03-24 12:00:00+01:00,2018-03-24,12,19.98,45.258991484140495,28.93241895384505,66.42377022342498
2018-03-24 13:00:00+01:00,2018-03-24,13,20.39,44.962346795864384,27.54947459838919,66.22859484937484
2018-03-24 14:00:00+01:00,2018-03-24,14,20.01,41.99213809296296,25.5870828583137,63.196778999504374
2018-03-24 15:00:00+01:00,2018-03-24,15,15.89,39.071905236673565,20.116021825187445,60.405339053623344
2018-03-24 16:00:00+01:00,2018-03-24,16,15.33,39.35595969755026,19.765088617047873,61.5289910628827
2018-03-24 17:00:00+01:00,2018-03-24,17,19.98,39.49642532385952,17.890146357954904,62.46294534475984
2018-03-24 18:00:00+01:00,2018-03-24,18,23.57,41.40245072330049,20.691307864342107,66.18912562573351
2018-03-24 19:00:00+01:00,2018-03-24,19,33.3,45.61999375209912,27.151023666092883,71.10450914575318
2018-03-24 20:00:00+01:00,2018-03-24,20,49.0,50.192590378218895,34.37175537784333,72.73427295575596
2018-03-24 21:00:00+01:00,2018-03-24,21,49.8,47.61883857122027,32.606783632050046,65.75611754889675
2018-03-24 22:00:00+01:00,2018-03-24,22,45.45,44.97588556110826,31.295635079832508,65.35057199973387
2018-03-24 23:00:00+01:00,2018-03-24,23,35.4,39.706310779018814,26.340222368757033,60.428237156867105
2018-03-27 00:00:00+02:00,2018-03-27,0,42.49,45.368589727507256,31.37863546719553,64.68952028074392
2018-03-27 01:00:00+02:00,2018-03-27,1,38.83,40.7259427613955,24.214511798088708,60.89708192311592
2018-03-27 02:00:00+02:00,2018-03-27,2,38.0,38.77766355096357,24.79776876753573,58.67515246139194
2018-03-27 03:00:00+02:00,2018-03-27,3,38.01,36.3501944346101,21.19324907942689,55.47762687180001
2018-03-27 04:00:00+02:00,2018-03-27,4,37.83,36.06070020947091,21.279317064887422,54.93182854325638
2018-03-27 05:00:00+02:00,2018-03-27,5,38.98,38.55998750055586,22.556834506764247,59.61529762288377
2018-03-27 06:00:00+02:00,2018-03-27,6,48.47,45.17246711472622,27.191774916310173,66.62282439707207
2018-03-27 07:00:00+02:00,2018-03-27,7,56.01,52.32455748381862,31.175511312079664,76.8608575756246
2018-03-27 08:00:00+02:00,2018-03-27,8,58.11,54.59411216965681,32.289787067948126,79.0122934389753
2018-03-27 09:00:00+02:00,2018-03-27,9,58.11,56.28598720974069,37.07548123601871,79.7268162094781
2018-03-27 10:00:00+02:00,2018-03-27,10,55.99,55.41515500866283,38.216698100558915,77.37995740229422
2018-03-27 11:00:00+02:00,2018-03-27,11,52.73,54.27514651070212,37.95486056411675,75.81489000022606
2018-03-27 12:00:00+02:00,2018-03-27,12,49.52,52.977191003299765,36.65061847300432,74.14196974258425
2018-03-27 13:00:00+02:00,2018-03-27,13,47.34,50.813107043452256,33.40023484597706,72.07935509696273
2018-03-27 14:00:00+02:00,2018-03-27,14,43.98,48.678648981131076,32.273593746481815,69.88328988767249
2018-03-27 15:00:00+02:00,2018-03-27,15,42.31,46.69025385962344,27.73437044813732,68.02368767657322
2018-03-27 16:00:00+02:00,2018-03-27,16,40.73,46.772898653171694,27.182027572669305,68.94593001850413
2018-03-27 17:00:00+02:00,2018-03-27,17,41.22,48.19334368650159,26.587064720596977,71.15986370740191
2018-03-27 18:00:00+02:00,2018-03-27,18,42.0,50.65979400158129,29.948651142622907,75.44646890401431
2018-03-27 19:00:00+02:00,2018-03-27,19,48.41,55.6902114102101,37.22124132420386,81.17472680386416
2018-03-27 20:00:00+02:00,2018-03-27,20,52.68,59.663907051252544,43.84307205087698,82.2055896287896
2018-03-27 21:00:00+02:00,2018-03-27,21,54.99,60.42358162676736,45.41152668759713,78.56086060444385
2018-03-27 22:00:00+02:00,2018-03-27,22,50.92,55.565742389958544,41.885491908682795,75.94042882858416
2018-03-27 23:00:00+02:00,2018-03-27,23,45.01,50.2656089443242,36.89952053406242,70.98753532217249
2018-03-28 00:00:00+02:00,2018-03-28,0,41.74,43.55492975988797,29.564975499576242,62.87586031312463
2018-03-28 01:00:00+02:00,2018-03-28,1,35.45,41.00636081965058,24.494929856343788,61.177499981371
2018-03-28 02:00:00+02:00,2018-03-28,2,33.72,39.24904776598974,25.2691529825619,59.14653667641811
2018-03-28 03:00:00+02:00,2018-03-28,3,32.62,37.85227436263587,22.695329007452656,56.97970679982578
2018-03-28 04:00:00+02:00,2018-03-28,4,33.3,37.409633469589416,22.62825032500593,56.28076180337489
2018-03-28 05:00:00+02:00,2018-03-28,5,35.05,38.888991630172285,22.88583863638067,59.944301752500195
2018-03-28 06:00:00+02:00,2018-03-28,6,41.94,43.30228565455635,25.321593456140306,64.7526429369022
2018-03-28 07:00:00+02:00,2018-03-28,7,50.69,49.108609551251256,27.959563379512296,73.64490964305725
2018-03-28 08:00:00+02:00,2018-03-28,8,56.76,51.684893800082875,29.380568698374187,76.10307506940137
2018-03-28 09:00:00+02:00,2018-03-28,9,56.8,53.656093920983004,34.445587947261025,77.09692292072043
2018-03-28 10:00:00+02:00,2018-03-28,10,53.02,52.334612075485836,35.13615516738192,74.29941446911722
2018-03-28 11:00:00+02:00,2018-03-28,11,50.92,51.032981741051124,34.71269579446575,72.57272523057506
2018-03-28 12:00:00+02:00,2018-03-28,12,49.62,49.248537011295056,32.92196448099961,70.41331575057954
2018-03-28 13:00:00+02:00,2018-03-28,13,48.99,47.759840198512606,30.34696800103741,69.02608825202307
2018-03-28 14:00:00+02:00,2018-03-28,14,45.7,46.06027099907895,29.65521576442969,67.26491190562037
2018-03-28 15:00:00+02:00,2018-03-28,15,44.07,44.325468134094876,25.369584722608757,65.65890195104465
2018-03-28 16:00:00+02:00,2018-03-28,16,42.35,43.133162022636995,23.542290942134606,65.30619338796944
2018-03-28 17:00:00+02:00,2018-03-28,17,40.72,44.484653707003346,22.87837474109873,67.45117372790367
2018-03-28 18:00:00+02:00,2018-03-28,18,40.16,46.044284447149316,25.333141588190934,70.83095934958234
2018-03-28 19:00:00+02:00,2018-03-28,19,45.99,51.26872053498139,32.79975044897515,76.75323592863545
2018-03-28 20:00:00+02:00,2018-03-28,20,48.19,53.38413128866997,37.5632962882944,75.92581386620702
2018-03-28 21:00:00+02:00,2018-03-28,21,49.69,56.18397160863392,41.17191666946369,74.32125058631041
2018-03-28 22:00:00+02:00,2018-03-28,22,45.39,52.03429875000207,38.354048268726324,72.4089851886277
2018-03-28 23:00:00+02:00,2018-03-28,23,38.46,46.952288362549176,33.586199952287394,67.67421474039747
2018-03-29 00:00:00+02:00,2018-03-29,0,34.23,40.80540797489682,26.815453714585097,60.12633852813349
2018-03-29 01:00:00+02:00,2018-03-29,1,31.0,38.020832676366375,21.50940171305958,58.19197183808679
2018-03-29 02:00:00+02:00,2018-03-29,2,26.23,35.38551657846852,21.40562179504068,55.28300548889689
2018-03-29 03:00:00+02:00,2018-03-29,3,25.22,34.25057960992804,19.093634254744828,53.37801204711795
2018-03-29 04:00:00+02:00,2018-03-29,4,25.49,33.54748865888585,18.76610551430236,52.41861699267132
2018-03-29 05:00:00+02:00,2018-03-29,5,25.98,35.33087876499873,19.327725771207113,56.38618888732664
2018-03-29 06:00:00+02:00,2018-03-29,6,26.74,39.433681955148344,21.4529897567323,60.8840392374942
2018-03-29 07:00:00+02:00,2018-03-29,7,33.73,44.42125876124569,23.27221258950673,68.95755885305168
2018-03-29 08:00:00+02:00,2018-03-29,8,39.84,46.83879870677938,24.53447360507069,71.25697997609788
2018-03-29 09:00:00+02:00,2018-03-29,9,43.01,48.38224737390957,29.171741400187592,71.82307637364698
2018-03-29 10:00:00+02:00,2018-03-29,10,40.54,47.16840484577161,29.969947937667698,69.13320723940299
2018-03-29 11:00:00+02:00,2018-03-29,11,38.86,46.40785814387084,30.087572197285468,67.94760163339478
2018-03-29 12:00:00+02:00,2018-03-29,12,34.73,44.51059152806209,28.18401899776665,65.67537026734658
2018-03-29 13:00:00+02:00,2018-03-29,13,32.48,43.76168895489441,26.348816757419215,65.02793700840488
2018-03-29 14:00:00+02:00,2018-03-29,14,26.74,41.628440886323084,25.223385651673823,62.8330817928645
2018-03-29 15:00:00+02:00,2018-03-29,15,23.32,39.31333369355788,20.35745028207176,60.64676751050766
2018-03-29 16:00:00+02:00,2018-03-29,16,15.33,38.03874924828945,18.44787816778706,60.21178061362189
2018-03-29 17:00:00+02:00,2018-03-29,17,12.0,38.85658867219355,17.250309706288938,61.82310869309387
2018-03-29 18:00:00+02:00,2018-03-29,18,12.4,40.1536179002601,19.44247504130172,64.94029280269312
2018-03-29 19:00:00+02:00,2018-03-29,19,12.4,44.9502084440242,26.48123835801796,70.43472383767826
2018-03-29 20:00:00+02:00,2018-03-29,20,25.52,46.761255284305186,30.94042028392962,69.30293786184224
2018-03-29 21:00:00+02:00,2018-03-29,21,30.0,48.72249290636505,33.71043796719482,66.85977188404154
2018-03-29 22:00:00+02:00,2018-03-29,22,26.74,45.26413476626251,31.58388428498676,65.63882120488813
2018-03-29 23:00:00+02:00,2018-03-29,23,23.02,40.36908019329677,27.002991783034986,61.09100657114506
2018-03-30 00:00:00+02:00,2018-03-30,0,7.5,26.67803497146836,12.688080711156633,45.99896552470503
2018-03-30 01:00:00+02:00,2018-03-30,1,5.48,24.294786073106707,7.783355109799913,44.465925234827125
2018-03-30 02:00:00+02:00,2018-03-30,2,4.35,22.345227557223403,8.365332773795565,42.242716467651775
2018-03-30 03:00:00+02:00,2018-03-30,3,3.54,20.73420819338196,5.577262838198749,39.86164063057187
2018-03-30 04:00:00+02:00,2018-03-30,4,2.35,20.092656824648003,5.311273680064517,38.963785158433474
2018-03-30 05:00:00+02:00,2018-03-30,5,2.61,21.29759304963095,5.294440055839335,42.35290317195886
2018-03-30 06:00:00+02:00,2018-03-30,6,4.25,24.292086264787702,6.311394066371658,45.74244354713356
2018-03-30 07:00:00+02:00,2018-03-30,7,2.35,30.49061212426247,9.34156595252351,55.02691221606846
2018-03-30 08:00:00+02:00,2018-03-30,8,2.35,33.29564056805644,10.991315466347753,57.71382183737494
2018-03-30 09:00:00+02:00,2018-03-30,9,5.09,35.47095986419174,16.260453890469762,58.91178886392916
2018-03-30 10:00:00+02:00,2018-03-30,10,5.35,35.19050416821794,17.992047260114028,57.15530656184933
2018-03-30 11:00:00+02:00,2018-03-30,11,5.48,34.71082845715913,18.39054251057376,56.250571946683074
2018-03-30 12:00:00+02:00,2018-03-30,12,5.09,31.073986329380524,14.74741379908508,52.23876506866501
2018-03-30 13:00:00+02:00,2018-03-30,13,5.48,29.911955394372086,12.49908319689689,51.17820344788255
2018-03-30 14:00:00+02:00,2018-03-30,14,4.5,27.29602502745584,10.89096979280658,48.500665933997254
2018-03-30 15:00:00+02:00,2018-03-30,15,2.32,24.311583385238634,5.355699973752515,45.64501720218841
2018-03-30 16:00:00+02:00,2018-03-30,16,2.3,22.293479990150065,2.702608909647676,44.46651135548251
2018-03-30 17:00:00+02:00,2018-03-30,17,2.3,22.669131519231296,1.0628525533266817,45.63565154013162
2018-03-30 18:00:00+02:00,2018-03-30,18,2.31,24.51109612979156,3.7999532708331785,49.29777103222458
2018-03-30 19:00:00+02:00,2018-03-30,19,5.0,26.98782038909858,8.518850303092343,52.47233578275264
2018-03-30 20:00:00+02:00,2018-03-30,20,5.35,31.593570545291733,15.772735544916166,54.135253122828786
2018-03-30 21:00:00+02:00,2018-03-30,21,9.97,34.94346712019067,19.93141218102044,53.080746097867156
2018-03-30 22:00:00+02:00,2018-03-30,22,7.5,31.848550527582802,18.168300046307053,52.22323696620842
2018-03-30 23:00:00+02:00,2018-03-30,23,5.09,26.62673177585031,13.260643365588528,47.3486581536986
2018-03-31 00:00:00+02:00,2018-03-31,0,5.48,15.140378788436673,1.1504245281249457,34.46130934167334
2018-03-31 01:00:00+02:00,2018-03-31,1,2.31,12.641521157004965,-3.8699098063018287,32.812660318725385
2018-03-31 02:00:00+02:00,2018-03-31,2,2.3,9.401180769841169,-4.578714013586669,29.29866968026954
2018-03-31 03:00:00+02:00,2018-03-31,3,2.3,9.145380311715604,-6.011565043467607,28.272812748905515
2018-03-31 04:00:00+02:00,2018-03-31,4,2.3,7.237500053617042,-7.543883090966444,26.10862838740251
2018-03-31 05:00:00+02:00,2018-03-31,5,2.3,7.810472451844416,-8.192680541947201,28.865782574172325
2018-03-31 06:00:00+02:00,2018-03-31,6,2.3,10.763758283742074,-7.2169339146739695,32.214115566087926
2018-03-31 07:00:00+02:00,2018-03-31,7,2.54,12.11592424704337,-9.033121924695589,36.652224338849365
2018-03-31 08:00:00+02:00,2018-03-31,8,5.27,13.505156025068706,-8.799169076639982,37.9233372943872
2018-03-31 09:00:00+02:00,2018-03-31,9,8.85,14.961743965513662,-4.248762008208317,38.40257296525108
2018-03-31 10:00:00+02:00,2018-03-31,10,10.65,15.304583134204842,-1.893873773899072,37.26938552783623
2018-03-31 11:00:00+02:00,2018-03-31,11,8.85,14.337228357199852,-1.9830575893855205,35.87697184672379
2018-03-31 12:00:00+02:00,2018-03-31,12,6.7,13.15473802613196,-3.171834504163483,34.319516765416445
2018-03-31 13:00:00+02:00,2018-03-31,13,8.85,12.947691235536197,-4.465180961938998,34.213939289046664
2018-03-31 14:00:00+02:00,2018-03-31,14,9.2,11.325979914191354,-5.079075320457907,32.530620820732764
2018-03-31 15:00:00+02:00,2018-03-31,15,5.48,10.360010807491333,-8.595872603994787,31.693444624441113
2018-03-31 16:00:00+02:00,2018-03-31,16,5.48,9.986917554588226,-9.603953525914163,32.159948919920666
2018-03-31 17:00:00+02:00,2018-03-31,17,6.06,11.211409530550707,-10.394869435353908,34.17792955145103
2018-03-31 18:00:00+02:00,2018-03-31,18,12.4,13.532520020463505,-7.178622838494878,38.31919492289653
2018-03-31 19:00:00+02:00,2018-03-31,19,25.61,17.106754944776313,-1.3622151412299246,42.59127033843037
2018-03-31 20:00:00+02:00,2018-03-31,20,39.64,18.81766218674199,2.996827186366424,41.359344764279044
2018-03-31 21:00:00+02:00,2018-03-31,21,44.22,22.509130354376698,7.497075415206471,40.64640933205318
2018-03-31 22:00:00+02:00,2018-03-31,22,44.45,19.005727868950114,5.325477387674365,39.380414307575734
2018-03-31 23:00:00+02:00,2018-03-31,23,38.78,14.952943276578305,1.5868548663165232,35.674869654426594
2018-04-01 00:00:00+02:00,2018-04-01,0,30.0,28.776003910134598,14.786049649822871,48.09693446337127
2018-04-01 01:00:00+02:00,2018-04-01,1,7.04,25.27380551894674,8.762374555639948,45.44494468066716
2018-04-01 02:00:00+02:00,2018-04-01,2,4.0,23.504935148602033,9.525040365174196,43.40242405903041
2018-04-01 03:00:00+02:00,2018-04-01,3,2.63,22.19423431768442,7.037288962501208,41.32166675487433
2018-04-01 04:00:00+02:00,2018-04-01,4,4.99,20.440245148851723,5.6588620042682365,39.311373482637194
2018-04-01 05:00:00+02:00,2018-04-01,5,11.08,21.12380287328157,5.120649879489953,42.17911299560948
2018-04-01 06:00:00+02:00,2018-04-01,6,22.34,23.509004817080903,5.5283126186648595,44.959362099426755
2018-04-01 07:00:00+02:00,2018-04-01,7,34.17,28.278411707243112,7.129365535504153,52.81471179904911
2018-04-01 08:00:00+02:00,2018-04-01,8,47.23,29.986540842187207,7.682215740478519,54.404722111505706
2018-04-01 09:00:00+02:00,2018-04-01,9,49.14,33.525431225109166,14.314925251387187,56.966260224846586
2018-04-01 10:00:00+02:00,2018-04-01,10,49.63,33.79909202110327,16.600635112999356,55.76389441473466
2018-04-01 11:00:00+02:00,2018-04-01,11,48.86,33.36930831656867,17.049022369983298,54.90905180609261
2018-04-01 12:00:00+02:00,2018-04-01,12,48.36,32.40436872932763,16.077796199032186,53.569147468612115
2018-04-01 13:00:00+02:00,2018-04-01,13,48.19,32.61807318511954,15.205200987644346,53.88432123863001
2018-04-01 14:00:00+02:00,2018-04-01,14,45.58,30.154303122783386,13.749247888134125,51.3589440293248
2018-04-01 15:00:00+02:00,2018-04-01,15,44.19,28.30266218012418,9.34677876863806,49.63609599707396
2018-04-01 16:00:00+02:00,2018-04-01,16,44.19,26.92367386274744,7.33280278224505,49.096705228079884
2018-04-01 17:00:00+02:00,2018-04-01,17,50.08,28.56697315178361,6.960694185878996,51.53349317268393
2018-04-01 18:00:00+02:00,2018-04-01,18,49.96,32.87603720711753,12.164894348159144,57.66271210955055
2018-04-01 19:00:00+02:00,2018-04-01,19,49.14,40.983369438866134,22.514399352859897,66.46788483252018
2018-04-01 20:00:00+02:00,2018-04-01,20,49.36,45.58544145366428,29.764606453288714,68.12712403120133
2018-04-01 21:00:00+02:00,2018-04-01,21,48.97,48.061694190176986,33.04963925100676,66.19897316785347
2018-04-01 22:00:00+02:00,2018-04-01,22,48.11,45.86725264892203,32.187002167646284,66.24193908754765
2018-04-01 23:00:00+02:00,2018-04-01,23,40.0,41.30009957561321,27.93401116535143,62.0220259534615
2018-04-02 00:00:00+02:00,2018-04-02,0,50.28,38.09336517481532,24.10341091450359,57.41429572805198
2018-04-02 01:00:00+02:00,2018-04-02,1,44.55,30.540447093166552,14.029016129859759,50.71158625488697
2018-04-02 02:00:00+02:00,2018-04-02,2,43.97,27.965384636978087,13.985489853550249,47.86287354740646
2018-04-02 03:00:00+02:00,2018-04-02,3,43.4,25.410281271145127,10.253335915961916,44.53771370833503
2018-04-02 04:00:00+02:00,2018-04-02,4,43.4,24.69486365752326,9.913480512939774,43.565991991308735
2018-04-02 05:00:00+02:00,2018-04-02,5,43.9,27.7973306133889,11.794177619597285,48.85264073571681
2018-04-02 06:00:00+02:00,2018-04-02,6,44.01,34.96562952320707,16.984937324791026,56.415986805552926
2018-04-02 07:00:00+02:00,2018-04-02,7,44.35,42.69917516182413,21.55012899008517,67.23547525363011
2018-04-02 08:00:00+02:00,2018-04-02,8,44.35,47.62196611155885,25.31764100985016,72.04014738087734
2018-04-02 09:00:00+02:00,2018-04-02,9,52.01,50.39995894564042,31.189452971918442,73.84078794537784
2018-04-02 10:00:00+02:00,2018-04-02,10,57.98,49.72951181461959,32.53105490651568,71.69431420825097
2018-04-02 11:00:00+02:00,2018-04-02,11,58.09,49.77166195160381,33.45137600501844,71.31140544112776
2018-04-02 12:00:00+02:00,2018-04-02,12,57.02,48.67594048132524,32.3493679510298,69.84071922060973
2018-04-02 13:00:00+02:00,2018-04-02,13,58.19,48.37854456961827,30.965672372143075,69.64479262312874
2018-04-02 14:00:00+02:00,2018-04-02,14,57.98,46.07153246732768,29.666477232678417,67.27617337386909
2018-04-02 15:00:00+02:00,2018-04-02,15,54.47,44.57453687381239,25.61865346232627,65.90797069076217
2018-04-02 16:00:00+02:00,2018-04-02,16,52.55,46.266356809725124,26.675485729222736,68.43938817505756
2018-04-02 17:00:00+02:00,2018-04-02,17,54.1,47.98214878013986,26.375869814235244,70.94866880104018
2018-04-02 18:00:00+02:00,2018-04-02,18,58.29,50.48421938452026,29.773076525561876,75.27089428695328
2018-04-02 19:00:00+02:00,2018-04-02,19,59.82,53.3386118505651,34.869641764558864,78.82312724421917
2018-04-02 20:00:00+02:00,2018-04-02,20,62.02,54.72560112961496,38.90476612923939,77.26728370715202
2018-04-02 21:00:00+02:00,2018-04-02,21,62.1,54.27806495990781,39.26601002073758,72.4153439375843
2018-04-02 22:00:00+02:00,2018-04-02,22,59.81,50.21627954476084,36.53602906348509,70.59096598338645
2018-04-02 23:00:00+02:00,2018-04-02,23,58.1,44.873979662917826,31.507891252656044,65.59590604076612
2018-04-03 00:00:00+02:00,2018-04-03,0,50.0,48.56217563098173,34.57222137067,67.88310618421839
2018-04-03 01:00:00+02:00,2018-04-03,1,45.94,43.76213611478937,27.250705151482578,63.93327527650979
2018-04-03 02:00:00+02:00,2018-04-03,2,42.0,43.1837947469671,29.203899963539264,63.081283657395474
2018-04-03 03:00:00+02:00,2018-04-03,3,38.85,41.17838009353355,26.021434738350337,60.30581253072346
2018-04-03 04:00:00+02:00,2018-04-03,4,37.91,41.04317192432444,26.261788779740954,59.91430025810991
2018-04-03 05:00:00+02:00,2018-04-03,5,38.6,41.152099852327645,25.14894685853603,62.207409974655555
2018-04-03 06:00:00+02:00,2018-04-03,6,39.1,42.979459147738815,24.99876694932277,64.42981643008467
2018-04-03 07:00:00+02:00,2018-04-03,7,39.81,47.13864576112606,25.989599589387097,71.67494585293204
2018-04-03 08:00:00+02:00,2018-04-03,8,40.0,50.46673598329366,28.16241088158497,74.88491725261215
2018-04-03 09:00:00+02:00,2018-04-03,9,46.0,53.87391278533579,34.66340681161381,77.31474178507321
2018-04-03 10:00:00+02:00,2018-04-03,10,49.0,55.75912689733762,38.56066998923371,77.72392929096901
2018-04-03 11:00:00+02:00,2018-04-03,11,50.0,55.0304567616535,38.710170815068125,76.57020025117744
2018-04-03 12:00:00+02:00,2018-04-03,12,50.45,53.97661899463533,37.65004646433989,75.14139773391982
2018-04-03 13:00:00+02:00,2018-04-03,13,49.29,53.570034446438264,36.15716224896307,74.83628249994874
2018-04-03 14:00:00+02:00,2018-04-03,14,46.46,50.96666145267598,34.56160621802672,72.17130235921739
2018-04-03 15:00:00+02:00,2018-04-03,15,40.16,49.71344546803683,30.75756205655071,71.0468792849866
2018-04-03 16:00:00+02:00,2018-04-03,16,38.85,49.215451320191505,29.624580239689116,71.38848268552394
2018-04-03 17:00:00+02:00,2018-04-03,17,40.6,50.53307521823411,28.926796252329495,73.49959523913444
2018-04-03 18:00:00+02:00,2018-04-03,18,45.84,53.787461127309754,33.07631826835137,78.57413602974277
2018-04-03 19:00:00+02:00,2018-04-03,19,53.21,58.280620522583014,39.81165043657678,83.76513591623707
2018-04-03 20:00:00+02:00,2018-04-03,20,52.14,60.11643699642273,44.29560199604716,82.65811957395978
2018-04-03 21:00:00+02:00,2018-04-03,21,46.02,62.19063826804982,47.17858332887959,80.3279172457263
2018-04-03 22:00:00+02:00,2018-04-03,22,45.94,57.721951567052564,44.041701085776815,78.09663800567819
2018-04-03 23:00:00+02:00,2018-04-03,23,42.0,53.69340134435049,40.32731293408871,74.41532772219878
2018-04-04 00:00:00+02:00,2018-04-04,0,27.78,42.78516616045847,28.795211900146747,62.10609671369514
2018-04-04 01:00:00+02:00,2018-04-04,1,26.29,38.610226273762606,22.098795310455813,58.781365435483025
2018-04-04 02:00:00+02:00,2018-04-04,2,20.72,36.61873575022135,22.63884096679351,56.51622466064972
2018-04-04 03:00:00+02:00,2018-04-04,3,15.25,33.31316466755177,18.156219312368556,52.44059710474168
2018-04-04 04:00:00+02:00,2018-04-04,4,12.79,32.24137960775791,17.45999646317442,51.11250794154338
2018-04-04 05:00:00+02:00,2018-04-04,5,20.5,32.80164993584491,16.79849694205329,53.85696005817282
2018-04-04 06:00:00+02:00,2018-04-04,6,26.29,37.2063018391964,19.225609640780355,58.656659121542255
2018-04-04 07:00:00+02:00,2018-04-04,7,32.29,42.037094591569215,20.888048419830255,66.5733946833752
2018-04-04 08:00:00+02:00,2018-04-04,8,36.89,44.65301971228895,22.348694610580264,69.07120098160745
2018-04-04 09:00:00+02:00,2018-04-04,9,37.0,46.28840301732591,27.077897043603933,69.72923201706334
2018-04-04 10:00:00+02:00,2018-04-04,10,35.59,46.99727683250965,29.798819924405734,68.96207922614104
2018-04-04 11:00:00+02:00,2018-04-04,11,31.68,46.46607793966173,30.145791993076358,68.00582142918567
2018-04-04 12:00:00+02:00,2018-04-04,12,30.5,45.02312443899076,28.69655190869532,66.18790317827525
2018-04-04 13:00:00+02:00,2018-04-04,13,30.64,45.09290880653507,27.680036609059876,66.35915686004554
2018-04-04 14:00:00+02:00,2018-04-04,14,28.02,42.15606355059687,25.751008315947608,63.36070445713828
2018-04-04 15:00:00+02:00,2018-04-04,15,27.92,40.05071247060566,21.09482905911954,61.38414628755544
2018-04-04 16:00:00+02:00,2018-04-04,16,27.8,39.74031334374884,20.14944226324645,61.91334470908128
2018-04-04 17:00:00+02:00,2018-04-04,17,28.0,41.94695685729581,20.340677891391195,64.91347687819612
2018-04-04 18:00:00+02:00,2018-04-04,18,31.04,44.407628857622996,23.696485998664613,69.19430376005602
2018-04-04 19:00:00+02:00,2018-04-04,19,38.16,49.51536965378607,31.04639956777983,74.99988504744013
2018-04-04 20:00:00+02:00,2018-04-04,20,43.74,49.95355428741649,34.13271928704092,72.49523686495354
2018-04-04 21:00:00+02:00,2018-04-04,21,49.89,48.624106251127266,33.61205131195704,66.76138522880376
2018-04-04 22:00:00+02:00,2018-04-04,22,43.09,45.191066646060634,31.510816164784885,65.56575308468625
2018-04-04 23:00:00+02:00,2018-04-04,23,42.91,40.91686374035276,27.55077533009098,61.63879011820105
2018-04-05 00:00:00+02:00,2018-04-05,0,36.61,34.8685355377834,20.878581277471675,54.189466091020066
2018-04-05 01:00:00+02:00,2018-04-05,1,34.65,31.782585890774765,15.271154927467972,51.95372505249519
2018-04-05 02:00:00+02:00,2018-04-05,2,33.28,28.540400764872533,14.560505981444695,48.43788967530091
2018-04-05 03:00:00+02:00,2018-04-05,3,32.33,25.776277414350353,10.619332059167142,44.90370985154026
2018-04-05 04:00:00+02:00,2018-04-05,4,32.0,25.05140717077767,10.270024026194182,43.92253550456314
2018-04-05 05:00:00+02:00,2018-04-05,5,33.59,28.168865056077493,12.165712062285877,49.2241751784054
2018-04-05 06:00:00+02:00,2018-04-05,6,36.07,33.408339739664385,15.42764754124834,54.85869702201024
2018-04-05 07:00:00+02:00,2018-04-05,7,47.51,39.78724022372226,18.638194051983298,64.32354031552825
2018-04-05 08:00:00+02:00,2018-04-05,8,50.64,43.600587495453475,21.296262393744787,68.01876876477198
2018-04-05 09:00:00+02:00,2018-04-05,9,49.69,43.24782099728934,24.03731502356736,66.68864999702676
2018-04-05 10:00:00+02:00,2018-04-05,10,45.56,42.60926704042972,25.410810132325807,64.5740694340611
2018-04-05 11:00:00+02:00,2018-04-05,11,42.56,41.68439625291466,25.364110306329287,63.2241397424386
2018-04-05 12:00:00+02:00,2018-04-05,12,43.59,40.745544104490264,24.41897157419482,61.91032284377475
2018-04-05 13:00:00+02:00,2018-04-05,13,44.69,39.906137009782206,22.49326481230701,61.17238506329267
2018-04-05 14:00:00+02:00,2018-04-05,14,43.22,37.99063232099137,21.585577086342106,59.19527322753278
2018-04-05 15:00:00+02:00,2018-04-05,15,43.89,36.481056388290426,17.525172976804306,57.814490205240205
2018-04-05 16:00:00+02:00,2018-04-05,16,43.89,36.33359746307038,16.742726382567994,58.506628828402825
2018-04-05 17:00:00+02:00,2018-04-05,17,43.89,37.89190292563905,16.285623959734437,60.85842294653937
2018-04-05 18:00:00+02:00,2018-04-05,18,40.03,40.849719874539815,20.138577015581433,65.63639477697284
2018-04-05 19:00:00+02:00,2018-04-05,19,43.59,46.12470262732943,27.65573254132319,71.60921802098349
2018-04-05 20:00:00+02:00,2018-04-05,20,46.44,48.36193831421355,32.541103313837986,70.9036208917506
2018-04-05 21:00:00+02:00,2018-04-05,21,49.69,51.00874305571144,35.996688116541215,69.14602203338794
2018-04-05 22:00:00+02:00,2018-04-05,22,48.01,45.66312751134778,31.982877030072032,66.0378139499734
2018-04-05 23:00:00+02:00,2018-04-05,23,46.3,41.725560404099625,28.359471993837843,62.447486781947916
2018-04-06 00:00:00+02:00,2018-04-06,0,55.69,44.23964076011856,30.249686499806835,63.560571313355226
2018-04-06 01:00:00+02:00,2018-04-06,1,51.94,41.009675464526964,24.49824450122017,61.18081462624738
2018-04-06 02:00:00+02:00,2018-04-06,2,49.95,38.460338789851114,24.480444006423276,58.357827700279486
2018-04-06 03:00:00+02:00,2018-04-06,3,49.66,36.93458530622905,21.777639951045842,56.06201774341896
2018-04-06 04:00:00+02:00,2018-04-06,4,49.0,35.92938432597579,21.148001181392303,54.80051265976126
2018-04-06 05:00:00+02:00,2018-04-06,5,49.89,37.60672936363042,21.603576369838805,58.66203948595833
2018-04-06 06:00:00+02:00,2018-04-06,6,55.0,40.941390563969485,22.96069836555344,62.39174784631534
2018-04-06 07:00:00+02:00,2018-04-06,7,61.01,44.634965671039076,23.485919499300117,69.17126576284507
2018-04-06 08:00:00+02:00,2018-04-06,8,63.01,47.586042347393814,25.281717245685126,72.00422361671231
2018-04-06 09:00:00+02:00,2018-04-06,9,63.35,48.655085792508615,29.444579818786636,72.09591479224603
2018-04-06 10:00:00+02:00,2018-04-06,10,62.8,47.75343263439138,30.554975726287466,69.71823502802278
2018-04-06 11:00:00+02:00,2018-04-06,11,61.79,47.026624690291065,30.706338743705693,68.56636817981502
2018-04-06 12:00:00+02:00,2018-04-06,12,61.97,46.26597386102602,29.939401330730576,67.43075260031051
2018-04-06 13:00:00+02:00,2018-04-06,13,61.29,46.30630509933085,28.893432901855654,67.57255315284132
2018-04-06 14:00:00+02:00,2018-04-06,14,58.67,45.49806295597824,29.09300772132898,66.70270386251966
2018-04-06 15:00:00+02:00,2018-04-06,15,56.0,43.933806938627995,24.977923527141876,65.26724075557777
2018-04-06 16:00:00+02:00,2018-04-06,16,55.0,44.1542987885119,24.563427708009513,66.32733015384434
2018-04-06 17:00:00+02:00,2018-04-06,17,56.07,44.46122454875092,22.854945582846305,67.42774456965124
2018-04-06 18:00:00+02:00,2018-04-06,18,58.27,44.29577891373303,23.58463605477465,69.08245381616605
2018-04-06 19:00:00+02:00,2018-04-06,19,61.79,48.507917194470096,30.03894710846386,73.99243258812416
2018-04-06 20:00:00+02:00,2018-04-06,20,61.17,51.15968098668161,35.33884598630604,73.70136356421867
2018-04-06 21:00:00+02:00,2018-04-06,21,64.53,53.33457570670545,38.322520767535224,71.47185468438194
2018-04-06 22:00:00+02:00,2018-04-06,22,63.79,51.6974068206335,38.017156339357754,72.07209325925912
2018-04-06 23:00:00+02:00,2018-04-06,23,58.51,47.788004036867505,34.421915626605724,68.5099304147158
2018-04-07 00:00:00+02:00,2018-04-07,0,61.4,54.895380802932,40.905426542620276,74.21631135616867
2018-04-07 01:00:00+02:00,2018-04-07,1,59.19,50.591529799016,34.08009883570921,70.76266896073642
2018-04-07 02:00:00+02:00,2018-04-07,2,59.09,47.761277018223495,33.78138223479566,67.65876592865186
2018-04-07 03:00:00+02:00,2018-04-07,3,59.19,45.90014357567105,30.74319822048784,65.02757601286096
2018-04-07 04:00:00+02:00,2018-04-07,4,59.19,46.26005757266264,31.478674428079152,65.13118590644811
2018-04-07 05:00:00+02:00,2018-04-07,5,60.0,46.76398748836048,30.76083449456886,67.81929761068838
2018-04-07 06:00:00+02:00,2018-04-07,6,60.15,49.97102049361749,31.990328295201444,71.42137777596335
2018-04-07 07:00:00+02:00,2018-04-07,7,59.98,53.022422285302426,31.873376113563467,77.55872237710841
2018-04-07 08:00:00+02:00,2018-04-07,8,62.64,54.62013528675129,32.31581018504261,79.03831655606979
2018-04-07 09:00:00+02:00,2018-04-07,9,66.03,56.53335074270077,37.32284476897879,79.9741797424382
2018-04-07 10:00:00+02:00,2018-04-07,10,63.3,58.52995565488065,41.33149874677674,80.49475804851204
2018-04-07 11:00:00+02:00,2018-04-07,11,63.49,57.52159391188546,41.20130796530009,79.0613374014094
2018-04-07 12:00:00+02:00,2018-04-07,12,62.83,56.739644948373346,40.4130724180779,77.90442368765784
2018-04-07 13:00:00+02:00,2018-04-07,13,62.5,56.62712876627826,39.214256568803066,77.89337681978873
2018-04-07 14:00:00+02:00,2018-04-07,14,62.01,55.44385780703375,39.03880257238449,76.64849871357517
2018-04-07 15:00:00+02:00,2018-04-07,15,61.14,52.31794045724935,33.36205704576323,73.65137427419913
2018-04-07 16:00:00+02:00,2018-04-07,16,60.5,51.825563434880884,32.234692354378495,73.99859480021333
2018-04-07 17:00:00+02:00,2018-04-07,17,60.83,53.56835108832723,31.96207212242262,76.53487110922755
2018-04-07 18:00:00+02:00,2018-04-07,18,60.83,55.79357839941132,35.082435540452934,80.58025330184434
2018-04-07 19:00:00+02:00,2018-04-07,19,60.38,59.737728835696544,41.268758749690306,85.2222442293506
2018-04-07 20:00:00+02:00,2018-04-07,20,59.93,60.973899982038446,45.15306498166288,83.5155825595755
2018-04-07 21:00:00+02:00,2018-04-07,21,58.59,63.68380706847366,48.671752129303435,81.82108604615016
2018-04-07 22:00:00+02:00,2018-04-07,22,62.01,61.893769312962796,48.21351883168705,82.26845575158842
2018-04-07 23:00:00+02:00,2018-04-07,23,58.68,57.666058639726074,44.29997022946429,78.38798501757437
2018-04-08 00:00:00+02:00,2018-04-08,0,69.61,56.066528086430175,42.07657382611845,75.38745863966685
2018-04-08 01:00:00+02:00,2018-04-08,1,66.8,51.19140428353197,34.67997332022518,71.36254344525238
2018-04-08 02:00:00+02:00,2018-04-08,2,65.67,49.73095013593559,35.751055352507755,69.62843904636397
2018-04-08 03:00:00+02:00,2018-04-08,3,64.39,48.19310443088733,33.03615907570412,67.32053686807724
2018-04-08 04:00:00+02:00,2018-04-08,4,63.9,48.86943343906914,34.088050294485654,67.74056177285462
2018-04-08 05:00:00+02:00,2018-04-08,5,63.67,48.5695283026259,32.56637530883428,69.62483842495381
2018-04-08 06:00:00+02:00,2018-04-08,6,62.21,50.329912249915864,32.34922005149982,71.78026953226171
2018-04-08 07:00:00+02:00,2018-04-08,7,62.0,50.90406725380359,29.75502108206463,75.44036734560959
2018-04-08 08:00:00+02:00,2018-04-08,8,62.21,54.05079897531275,31.746473873604064,78.46898024463124
2018-04-08 09:00:00+02:00,2018-04-08,9,65.0,56.163795705483565,36.953289731761586,79.60462470522098
2018-04-08 10:00:00+02:00,2018-04-08,10,66.3,58.73286503439614,41.53440812629223,80.69766742802753
2018-04-08 11:00:00+02:00,2018-04-08,11,67.67,58.185561870970574,41.8652759243852,79.72530536049452
2018-04-08 12:00:00+02:00,2018-04-08,12,68.0,57.20327043455943,40.876697904263985,78.36804917384391
2018-04-08 13:00:00+02:00,2018-04-08,13,69.61,56.91817604362325,39.50530384614805,78.18442409713371
2018-04-08 14:00:00+02:00,2018-04-08,14,69.23,56.859729168441746,40.454673933792485,78.06437007498316
2018-04-08 15:00:00+02:00,2018-04-08,15,66.92,54.217512611249205,35.261629199763085,75.55094642819898
2018-04-08 16:00:00+02:00,2018-04-08,16,65.67,53.724273814615835,34.133402734113446,75.89730517994828
2018-04-08 17:00:00+02:00,2018-04-08,17,64.39,54.838675595039696,33.23239662913508,77.80519561594002
2018-04-08 18:00:00+02:00,2018-04-08,18,63.52,55.87695202600863,35.16580916705025,80.66362692844166
2018-04-08 19:00:00+02:00,2018-04-08,19,63.43,57.49575397145371,39.02678388544747,82.98026936510777
2018-04-08 20:00:00+02:00,2018-04-08,20,64.14,59.16926400617565,43.348429005800085,81.71094658371271
2018-04-08 21:00:00+02:00,2018-04-08,21,65.7,60.705738371665255,45.69368343249503,78.84301734934175
2018-04-08 22:00:00+02:00,2018-04-08,22,65.7,60.5312261141637,46.85097563288795,80.90591255278932
2018-04-08 23:00:00+02:00,2018-04-08,23,64.39,56.58078053027663,43.214692120014846,77.30270690812492
2018-04-09 00:00:00+02:00,2018-04-09,0,68.77,60.0731936927845,46.08323943247277,79.39412424602116
2018-04-09 01:00:00+02:00,2018-04-09,1,67.15,55.23301789905535,38.721586935748554,75.40415706077576
2018-04-09 02:00:00+02:00,2018-04-09,2,64.07,53.377484915927496,39.39759013249966,73.27497382635588
2018-04-09 03:00:00+02:00,2018-04-09,3,61.69,51.22918709334865,36.07224173816544,70.35661953053855
2018-04-09 04:00:00+02:00,2018-04-09,4,61.69,51.5232020471992,36.74181890261571,70.39433038098467
2018-04-09 05:00:00+02:00,2018-04-09,5,62.99,51.879595445023334,35.87644245123172,72.93490556735125
2018-04-09 06:00:00+02:00,2018-04-09,6,68.21,54.55783702429635,36.5771448258803,76.0081943066422
2018-04-09 07:00:00+02:00,2018-04-09,7,73.02,56.97218415930822,35.82313798756926,81.50848425111421
2018-04-09 08:00:00+02:00,2018-04-09,8,74.68,58.61449527462056,36.31017017291187,83.03267654393906
2018-04-09 09:00:00+02:00,2018-04-09,9,74.91,60.054441222792626,40.84393524907065,83.49527022253005
2018-04-09 10:00:00+02:00,2018-04-09,10,74.42,62.4395974102963,45.24114050219239,84.40439980392769
2018-04-09 11:00:00+02:00,2018-04-09,11,74.3,63.01996765839772,46.699681711812346,84.55971114792166
2018-04-09 12:00:00+02:00,2018-04-09,12,74.42,61.924625433967456,45.59805290367201,83.08940417325195
2018-04-09 13:00:00+02:00,2018-04-09,13,74.7,62.0560426744819,44.643170477006706,83.32229072799237
2018-04-09 14:00:00+02:00,2018-04-09,14,74.42,60.76211412048459,44.35705888583533,81.96675502702601
2018-04-09 15:00:00+02:00,2018-04-09,15,73.73,58.142196972568556,39.186313561082436,79.47563078951833
2018-04-09 16:00:00+02:00,2018-04-09,16,73.18,58.22392757006209,38.6330564895597,80.39695893539454
2018-04-09 17:00:00+02:00,2018-04-09,17,72.94,58.113614845471375,36.50733587956676,81.0801348663717
2018-04-09 18:00:00+02:00,2018-04-09,18,73.99,59.61081866123178,38.8996758022734,84.3974935636648
2018-04-09 19:00:00+02:00,2018-04-09,19,75.0,62.35692071759958,43.88795063159334,87.84143611125364
2018-04-09 20:00:00+02:00,2018-04-09,20,75.0,63.71893549556053,47.89810049518496,86.26061807309759
2018-04-09 21:00:00+02:00,2018-04-09,21,73.81,65.7812999655956,50.76924502642537,83.91857894327208
2018-04-09 22:00:00+02:00,2018-04-09,22,73.01,62.927434005930955,49.247183524655206,83.30212044455658
2018-04-09 23:00:00+02:00,2018-04-09,23,71.25,59.467413476129344,46.10132506586756,80.18933985397763
2018-04-10 00:00:00+02:00,2018-04-10,0,65.08,63.03434876493467,49.04439450462294,82.35527931817134
2018-04-10 01:00:00+02:00,2018-04-10,1,62.21,58.100221264082734,41.58879030077594,78.27136042580315
2018-04-10 02:00:00+02:00,2018-04-10,2,61.85,56.01158925116631,42.031694467738475,75.90907816159469
2018-04-10 03:00:00+02:00,2018-04-10,3,61.67,54.08073865989727,38.92379330471406,73.20817109708719
2018-04-10 04:00:00+02:00,2018-04-10,4,61.85,53.08808322263108,38.30670007804759,71.95921155641655
2018-04-10 05:00:00+02:00,2018-04-10,5,61.89,54.20188880939928,38.19873581560766,75.25719893172719
2018-04-10 06:00:00+02:00,2018-04-10,6,74.67,58.227562302623895,40.24687010420785,79.67791958496974
2018-04-10 07:00:00+02:00,2018-04-10,7,80.37,63.77372156934683,42.624675397607874,88.31002166115283
2018-04-10 08:00:00+02:00,2018-04-10,8,81.22,65.11776819839318,42.813443096684495,89.53594946771167
2018-04-10 09:00:00+02:00,2018-04-10,9,82.3,66.23753431748025,47.027028343758275,89.67836331721767
2018-04-10 10:00:00+02:00,2018-04-10,10,79.17,66.97844512385615,49.77998821575223,88.94324751748753
2018-04-10 11:00:00+02:00,2018-04-10,11,76.89,66.89062579248835,50.57033984590298,88.4303692820123
2018-04-10 12:00:00+02:00,2018-04-10,12,75.04,66.25592648022665,49.929353949931205,87.42070521951113
2018-04-10 13:00:00+02:00,2018-04-10,13,75.21,65.95506151028722,48.54218931281203,87.22130956379769
2018-04-10 14:00:00+02:00,2018-04-10,14,74.9,64.68358145177568,48.27852621712642,85.8882223583171
2018-04-10 15:00:00+02:00,2018-04-10,15,74.89,63.30140174552169,44.34551833403557,84.63483556247147
2018-04-10 16:00:00+02:00,2018-04-10,16,74.89,62.79420428237859,43.2033332018762,84.96723564771102
2018-04-10 17:00:00+02:00,2018-04-10,17,77.24,64.38556243658269,42.779283470678074,87.35208245748301
2018-04-10 18:00:00+02:00,2018-04-10,18,80.0,66.48317614421721,45.77203328525883,91.26985104665023
2018-04-10 19:00:00+02:00,2018-04-10,19,80.48,69.41717128878408,50.94820120277784,94.90168668243814
2018-04-10 20:00:00+02:00,2018-04-10,20,84.13,70.52627525075215,54.70544025037658,93.0679578282892
2018-04-10 21:00:00+02:00,2018-04-10,21,79.81,70.26323330283589,55.25117836366566,88.40051228051237
2018-04-10 22:00:00+02:00,2018-04-10,22,76.2,67.42502555420452,53.744775072928775,87.79971199283014
2018-04-10 23:00:00+02:00,2018-04-10,23,71.18,65.24422713939236,51.87813872913058,85.96615351724066
2018-04-11 00:00:00+02:00,2018-04-11,0,69.94,63.395843835191805,49.40588957488008,82.71677438842848
2018-04-11 01:00:00+02:00,2018-04-11,1,67.2,57.967632657386204,41.45620169407941,78.13877181910662
2018-04-11 02:00:00+02:00,2018-04-11,2,63.93,54.61402056283168,40.634125779403846,74.51150947326005
2018-04-11 03:00:00+02:00,2018-04-11,3,58.0,53.268350237801336,38.111404882618125,72.39578267499124
2018-04-11 04:00:00+02:00,2018-04-11,4,54.94,52.779281715683496,37.99789857110001,71.65041004946897
2018-04-11 05:00:00+02:00,2018-04-11,5,54.79,53.73031708807069,37.727164094279075,74.7856272103986
2018-04-11 06:00:00+02:00,2018-04-11,6,54.84,60.11224192073881,42.13154972232277,81.56259920308466
2018-04-11 07:00:00+02:00,2018-04-11,7,54.94,65.9957685736844,44.84672240194544,90.53206866549039
2018-04-11 08:00:00+02:00,2018-04-11,8,54.99,67.02176928213377,44.71744418042509,91.43995055145227
2018-04-11 09:00:00+02:00,2018-04-11,9,58.61,68.56530619247175,49.35480021874977,92.00613519220917
2018-04-11 10:00:00+02:00,2018-04-11,10,62.5,68.6013009020296,51.40284399392569,90.566103295661
2018-04-11 11:00:00+02:00,2018-04-11,11,62.8,67.142164886433,50.82187893984762,88.68190837595694
2018-04-11 12:00:00+02:00,2018-04-11,12,58.97,66.04373018540444,49.717157655109,87.20850892468893
2018-04-11 13:00:00+02:00,2018-04-11,13,56.42,65.52687216463465,48.11399996715946,86.79312021814512
2018-04-11 14:00:00+02:00,2018-04-11,14,54.99,64.8254025804249,48.420347345775646,86.03004348696632
2018-04-11 15:00:00+02:00,2018-04-11,15,52.3,62.562783278861694,43.606899867375574,83.89621709581147
2018-04-11 16:00:00+02:00,2018-04-11,16,52.3,62.657565636381136,43.06669455587875,84.83059700171358
2018-04-11 17:00:00+02:00,2018-04-11,17,62.99,66.25875096525726,44.65247199935265,89.22527098615758
2018-04-11 18:00:00+02:00,2018-04-11,18,67.17,70.02535732376978,49.3142144648114,94.8120322262028
2018-04-11 19:00:00+02:00,2018-04-11,19,68.68,72.3487987101925,53.87982862418626,97.83331410384656
2018-04-11 20:00:00+02:00,2018-04-11,20,64.28,74.05009258613015,58.22925758575458,96.5917751636672
2018-04-11 21:00:00+02:00,2018-04-11,21,64.18,71.8398017287286,56.827746789558375,89.97708070640509
2018-04-11 22:00:00+02:00,2018-04-11,22,60.5,68.2170386168105,54.53678813553475,88.59172505543611
2018-04-11 23:00:00+02:00,2018-04-11,23,54.99,65.66356038027153,52.29747197000975,86.38548675811982
2018-04-12 00:00:00+02:00,2018-04-12,0,64.01,57.21968702275117,43.22973276243944,76.54061757598784
2018-04-12 01:00:00+02:00,2018-04-12,1,60.0,53.23821599061755,36.726785027310754,73.40935515233797
2018-04-12 02:00:00+02:00,2018-04-12,2,58.62,49.015099179697,35.035204396269165,68.91258809012538
2018-04-12 03:00:00+02:00,2018-04-12,3,58.46,46.52544849211197,31.36850313692876,65.65288092930189
2018-04-12 04:00:00+02:00,2018-04-12,4,58.46,46.48756010565772,31.706176961074235,65.3586884394432
2018-04-12 05:00:00+02:00,2018-04-12,5,60.22,46.86801123632246,30.864858242530843,67.92332135865037
2018-04-12 06:00:00+02:00,2018-04-12,6,64.62,50.6133105128453,32.63261831442926,72.06366779519115
2018-04-12 07:00:00+02:00,2018-04-12,7,68.91,55.618213773911535,34.469167602172575,80.15451386571752
2018-04-12 08:00:00+02:00,2018-04-12,8,69.69,57.8016011808172,35.49727607910852,82.2197824501357
2018-04-12 09:00:00+02:00,2018-04-12,9,69.68,59.247861733472156,40.03735575975018,82.68869073320957
2018-04-12 10:00:00+02:00,2018-04-12,10,68.8,60.97163748766277,43.773180579558854,82.93643988129415
2018-04-12 11:00:00+02:00,2018-04-12,11,68.79,60.40574305590443,44.08545710931906,81.94548654542837
2018-04-12 12:00:00+02:00,2018-04-12,12,67.75,58.312801453794734,41.98622892349929,79.47758019307922
2018-04-12 13:00:00+02:00,2018-04-12,13,67.51,56.009009974863055,38.59613777738786,77.27525802837351
2018-04-12 14:00:00+02:00,2018-04-12,14,68.01,53.993899187805994,37.58884395315673,75.19854009434741
2018-04-12 15:00:00+02:00,2018-04-12,15,68.64,52.46488644081452,33.5090030293284,73.79832025776429
2018-04-12 16:00:00+02:00,2018-04-12,16,69.02,52.26471519105346,32.67384411055107,74.4377465563859
2018-04-12 17:00:00+02:00,2018-04-12,17,69.83,57.33037224299235,35.72409327708773,80.29689226389266
2018-04-12 18:00:00+02:00,2018-04-12,18,71.19,61.532583800632686,40.821440941674304,86.31925870306571
2018-04-12 19:00:00+02:00,2018-04-12,19,71.42,62.93238028786716,44.463410201860924,88.41689568152123
2018-04-12 20:00:00+02:00,2018-04-12,20,69.04,62.507833365094505,46.68699836471894,85.04951594263156
2018-04-12 21:00:00+02:00,2018-04-12,21,68.91,62.79050229047384,47.77844735130361,80.92778126815033
2018-04-12 22:00:00+02:00,2018-04-12,22,68.25,58.49120869574183,44.81095821446608,78.86589513436745
2018-04-12 23:00:00+02:00,2018-04-12,23,67.2,54.86828131445837,41.50219290419659,75.59020769230666
2018-04-13 00:00:00+02:00,2018-04-13,0,59.5,62.313753417423825,48.3237991571121,81.63468397066049
2018-04-13 01:00:00+02:00,2018-04-13,1,55.6,56.93960966539212,40.428178702085326,77.11074882711253
2018-04-13 02:00:00+02:00,2018-04-13,2,51.95,52.44190999068879,38.462015207260954,72.33939890111716
2018-04-13 03:00:00+02:00,2018-04-13,3,50.52,51.24950213067429,36.092556775491076,70.3769345678642
2018-04-13 04:00:00+02:00,2018-04-13,4,50.1,51.065516987888934,36.28413384330545,69.9366453216744
2018-04-13 05:00:00+02:00,2018-04-13,5,51.35,52.28290648548832,36.2797534916967,73.33821660781624
2018-04-13 06:00:00+02:00,2018-04-13,6,57.0,57.17047302246898,39.18978082405294,78.62083030481483
2018-04-13 07:00:00+02:00,2018-04-13,7,59.99,62.963997964441,41.81495179270204,87.50029805624699
2018-04-13 08:00:00+02:00,2018-04-13,8,64.1,64.63270573807746,42.32838063636878,89.05088700739596
2018-04-13 09:00:00+02:00,2018-04-13,9,65.04,66.886488978567,47.67598300484502,90.32731797830442
2018-04-13 10:00:00+02:00,2018-04-13,10,61.88,66.3782180006256,49.17976109252168,88.34302039425698
2018-04-13 11:00:00+02:00,2018-04-13,11,61.61,64.93227637344269,48.61199042685732,86.47201986296663
2018-04-13 12:00:00+02:00,2018-04-13,12,61.64,64.31624523930688,47.98967270901144,85.48102397859137
2018-04-13 13:00:00+02:00,2018-04-13,13,61.61,62.64543147240365,45.232559274928455,83.91167952591411
2018-04-13 14:00:00+02:00,2018-04-13,14,60.62,61.189323542503374,44.78426830785411,82.39396444904479
2018-04-13 15:00:00+02:00,2018-04-13,15,59.59,59.59755765670993,40.64167424522381,80.9309914736597
2018-04-13 16:00:00+02:00,2018-04-13,16,59.59,59.63581746518081,40.04494638467842,81.80884883051326
2018-04-13 17:00:00+02:00,2018-04-13,17,57.42,61.695201041766566,40.08892207586195,84.66172106266689
2018-04-13 18:00:00+02:00,2018-04-13,18,55.43,64.43456516341317,43.723422304454786,89.22124006584619
2018-04-13 19:00:00+02:00,2018-04-13,19,56.5,64.88959613479624,46.42062604879,90.3741115284503
2018-04-13 20:00:00+02:00,2018-04-13,20,61.64,64.78904612163656,48.96821112126099,87.33072869917362
2018-04-13 21:00:00+02:00,2018-04-13,21,69.0,65.01974161974299,50.00768668057276,83.15702059741947
2018-04-13 22:00:00+02:00,2018-04-13,22,62.9,63.4068074476614,49.72655696638565,83.78149388628702
2018-04-13 23:00:00+02:00,2018-04-13,23,60.62,60.694469473082336,47.328381062820554,81.41639585093063
2018-04-14 00:00:00+02:00,2018-04-14,0,56.35,56.814174561452546,42.82422030114082,76.13510511468921
2018-04-14 01:00:00+02:00,2018-04-14,1,53.89,53.055850625691086,36.54441966238429,73.2269897874115
2018-04-14 02:00:00+02:00,2018-04-14,2,52.28,48.70393241562083,34.72403763219299,68.6014213260492
2018-04-14 03:00:00+02:00,2018-04-14,3,51.8,47.50212351875892,32.34517816357571,66.62955595594883
2018-04-14 04:00:00+02:00,2018-04-14,4,50.83,46.606377225193825,31.824994080610338,65.47750555897929
2018-04-14 05:00:00+02:00,2018-04-14,5,50.1,47.380927008938244,31.377774015146628,68.43623713126615
2018-04-14 06:00:00+02:00,2018-04-14,6,50.83,49.612496484486925,31.63180428607088,71.06285376683277
2018-04-14 07:00:00+02:00,2018-04-14,7,49.58,50.85513339914928,29.706087227410322,75.39143349095528
2018-04-14 08:00:00+02:00,2018-04-14,8,47.43,53.23710530995239,30.932780208243702,77.65528657927089
2018-04-14 09:00:00+02:00,2018-04-14,9,54.61,55.74246263998268,36.531956666260704,79.1832916397201
2018-04-14 10:00:00+02:00,2018-04-14,10,56.21,55.58596319601992,38.387506287916004,77.5507655896513
2018-04-14 11:00:00+02:00,2018-04-14,11,55.6,55.68121274650406,39.36092679991869,77.220956236028
2018-04-14 12:00:00+02:00,2018-04-14,12,53.61,54.77585807751634,38.449285547220896,75.94063681680083
2018-04-14 13:00:00+02:00,2018-04-14,13,52.49,54.979437002305815,37.56656480483062,76.24568505581628
2018-04-14 14:00:00+02:00,2018-04-14,14,51.01,53.71940118796725,37.31434595331799,74.92404209450866
2018-04-14 15:00:00+02:00,2018-04-14,15,44.5,50.61487872704604,31.65899531555992,71.94831254399583
2018-04-14 16:00:00+02:00,2018-04-14,16,42.22,49.7787416530797,30.18787057257731,71.95177301841214
2018-04-14 17:00:00+02:00,2018-04-14,17,39.1,50.54328694940655,28.937007983501935,73.50980697030687
2018-04-14 18:00:00+02:00,2018-04-14,18,42.32,51.97532046457121,31.26417760561283,76.76199536700423
2018-04-14 19:00:00+02:00,2018-04-14,19,43.59,55.13200148567982,36.663031399673585,80.61651687933389
2018-04-14 20:00:00+02:00,2018-04-14,20,49.39,58.355325937965006,42.53449093758944,80.89700851550205
2018-04-14 21:00:00+02:00,2018-04-14,21,55.43,61.4167438349398,46.404688895769574,79.5540228126163
2018-04-14 22:00:00+02:00,2018-04-14,22,51.8,58.77730665918559,45.09705617790984,79.15199309781121
2018-04-14 23:00:00+02:00,2018-04-14,23,47.43,54.98067215123318,41.6145837409714,75.70259852908147
2018-04-15 00:00:00+02:00,2018-04-15,0,37.71,48.878914546123355,34.88896028581163,68.19984509936002
2018-04-15 01:00:00+02:00,2018-04-15,1,36.1,43.80151857638144,27.290087613074647,63.97265773810186
2018-04-15 02:00:00+02:00,2018-04-15,2,32.07,42.029896810877325,28.050002027449487,61.9273857213057
2018-04-15 03:00:00+02:00,2018-04-15,3,31.67,40.41674579969394,25.25980044451073,59.54417823688385
2018-04-15 04:00:00+02:00,2018-04-15,4,30.0,40.157985181734276,25.37660203715079,59.02911351551975
2018-04-15 05:00:00+02:00,2018-04-15,5,29.5,40.01254249360233,24.009389499810716,61.06785261593024
2018-04-15 06:00:00+02:00,2018-04-15,6,31.37,42.33820296039488,24.357510761978837,63.788560242740736
2018-04-15 07:00:00+02:00,2018-04-15,7,31.77,40.9826298029458,19.833583631206842,65.51892989475179
2018-04-15 08:00:00+02:00,2018-04-15,8,31.87,43.54611582310372,21.24179072139503,67.96429709242221
2018-04-15 09:00:00+02:00,2018-04-15,9,36.3,48.00637539112034,28.795869417398364,71.44720439085776
2018-04-15 10:00:00+02:00,2018-04-15,10,38.38,48.107140366209144,30.90868345810523,70.07194275984054
2018-04-15 11:00:00+02:00,2018-04-15,11,40.35,47.61693699555828,31.296651048972905,69.15668048508222
2018-04-15 12:00:00+02:00,2018-04-15,12,40.0,47.117784915521135,30.79121238522569,68.28256365480561
2018-04-15 13:00:00+02:00,2018-04-15,13,39.0,47.17110405671749,29.758231859242294,68.43735211022795
2018-04-15 14:00:00+02:00,2018-04-15,14,37.2,45.06840351735624,28.663348282706977,66.27304442389766
2018-04-15 15:00:00+02:00,2018-04-15,15,36.3,41.70058708406312,22.744703672577003,63.0340209010129
2018-04-15 16:00:00+02:00,2018-04-15,16,31.87,40.21352776363629,20.622656683133904,62.386559128968734
2018-04-15 17:00:00+02:00,2018-04-15,17,32.5,40.49228484679455,18.886005880889932,63.458804867694866
2018-04-15 18:00:00+02:00,2018-04-15,18,32.33,42.69292844270262,21.98178558374424,67.47960334513564
2018-04-15 19:00:00+02:00,2018-04-15,19,35.0,44.458646166788405,25.989676080782168,69.94316156044246
2018-04-15 20:00:00+02:00,2018-04-15,20,45.0,48.92378168697935,33.10294668660379,71.46546426451641
2018-04-15 21:00:00+02:00,2018-04-15,21,61.53,53.00589916073617,37.99384422156594,71.14317813841265
2018-04-15 22:00:00+02:00,2018-04-15,22,59.98,50.869035334176246,37.1887848529005,71.24372177280186
2018-04-15 23:00:00+02:00,2018-04-15,23,51.8,46.27394009261225,32.90785168235047,66.99586647046054
2018-04-16 00:00:00+02:00,2018-04-16,0,45.23,44.54946421547931,30.559509955167584,63.87039476871598
2018-04-16 01:00:00+02:00,2018-04-16,1,36.1,40.71034566381971,24.198914700512915,60.88148482554013
2018-04-16 02:00:00+02:00,2018-04-16,2,34.0,37.2379172728749,23.258022489447065,57.135406183303274
2018-04-16 03:00:00+02:00,2018-04-16,3,33.4,36.505887433498685,21.348942078315474,55.633319870688595
2018-04-16 04:00:00+02:00,2018-04-16,4,32.94,36.52080150814078,21.73941836355729,55.39192984192625
2018-04-16 05:00:00+02:00,2018-04-16,5,37.4,37.240136447355376,21.23698345356376,58.295446569683286
2018-04-16 06:00:00+02:00,2018-04-16,6,47.2,41.155085955041315,23.17439375662527,62.60544323738717
2018-04-16 07:00:00+02:00,2018-04-16,7,56.1,44.72147217899311,23.57242600725415,69.25777227079911
2018-04-16 08:00:00+02:00,2018-04-16,8,57.09,47.847934009644476,25.543608907935788,72.26611527896297
2018-04-16 09:00:00+02:00,2018-04-16,9,57.1,49.00621984980169,29.79571387607971,72.4470488495391
2018-04-16 10:00:00+02:00,2018-04-16,10,55.74,49.77026543863413,32.57180853053021,71.73506783226551
2018-04-16 11:00:00+02:00,2018-04-16,11,52.97,50.86641372229974,34.54612777571437,72.40615721182368
2018-04-16 12:00:00+02:00,2018-04-16,12,51.81,50.266703735231715,33.94013120493627,71.4314824745162
2018-04-16 13:00:00+02:00,2018-04-16,13,49.99,48.83026612701923,31.417393929544033,70.0965141805297
2018-04-16 14:00:00+02:00,2018-04-16,14,46.3,47.125279461083814,30.720224226434553,68.32992036762522
2018-04-16 15:00:00+02:00,2018-04-16,15,45.79,45.9824599183645,27.026576506878378,67.31589373531428
2018-04-16 16:00:00+02:00,2018-04-16,16,44.51,45.308369513111025,25.717498432608636,67.48140087844347
2018-04-16 17:00:00+02:00,2018-04-16,17,45.74,45.51518600882544,23.908907042920823,68.48170602972576
2018-04-16 18:00:00+02:00,2018-04-16,18,48.49,46.059662620888545,25.348519761930163,70.84633752332157
2018-04-16 19:00:00+02:00,2018-04-16,19,52.84,47.431579158490294,28.962609072484057,72.91609455214436
2018-04-16 20:00:00+02:00,2018-04-16,20,55.0,52.3465585519195,36.52572355154393,74.88824112945656
2018-04-16 21:00:00+02:00,2018-04-16,21,60.02,59.89616611351384,44.884111174343616,78.03344509119033
2018-04-16 22:00:00+02:00,2018-04-16,22,55.9,57.26042500804844,43.580174526772694,77.63511144667406
2018-04-16 23:00:00+02:00,2018-04-16,23,53.0,51.670362401019375,38.30427399075759,72.39228877886767
2018-04-17 00:00:00+02:00,2018-04-17,0,44.54,47.67232558119472,33.68237132088299,66.99325613443139
2018-04-17 01:00:00+02:00,2018-04-17,1,43.68,42.69002359940285,26.178592636096056,62.86116276112327
2018-04-17 02:00:00+02:00,2018-04-17,2,42.08,39.817159490032566,25.837264706604728,59.71464840046094
2018-04-17 03:00:00+02:00,2018-04-17,3,40.68,38.89683274823277,23.739887393049557,58.02426518542268
2018-04-17 04:00:00+02:00,2018-04-17,4,40.5,38.396003092126726,23.61461994754324,57.2671314259122
2018-04-17 05:00:00+02:00,2018-04-17,5,42.97,41.43104317389663,25.427890180105017,62.48635329622454
2018-04-17 06:00:00+02:00,2018-04-17,6,48.01,47.16150812983678,29.18081593142074,68.61186541218264
2018-04-17 07:00:00+02:00,2018-04-17,7,54.88,53.5240378173501,32.37499164561114,78.06033790915609
2018-04-17 08:00:00+02:00,2018-04-17,8,56.0,55.470098955066454,33.16577385335776,79.88828022438494
2018-04-17 09:00:00+02:00,2018-04-17,9,55.6,57.31576312244814,38.10525714872616,80.75659212218557
2018-04-17 10:00:00+02:00,2018-04-17,10,55.0,56.30736705034364,39.10891014223973,78.27216944397503
2018-04-17 11:00:00+02:00,2018-04-17,11,53.9,54.427292604165565,38.10700665758019,75.9670360936895
2018-04-17 12:00:00+02:00,2018-04-17,12,54.39,54.354922594147595,38.02835006385215,75.51970133343208
2018-04-17 13:00:00+02:00,2018-04-17,13,54.0,52.82129499777109,35.408422800295895,74.08754305128156
2018-04-17 14:00:00+02:00,2018-04-17,14,52.28,50.480000709401054,34.07494547475179,71.68464161594247
2018-04-17 15:00:00+02:00,2018-04-17,15,52.03,50.11939774667766,31.163514335191543,71.45283156362744
2018-04-17 16:00:00+02:00,2018-04-17,16,52.02,48.7757711027537,29.184900022251313,70.94880246808614
2018-04-17 17:00:00+02:00,2018-04-17,17,53.25,50.9021940347634,29.295915068858783,73.86871405566372
2018-04-17 18:00:00+02:00,2018-04-17,18,53.01,52.907788376015596,32.19664551705721,77.69446327844861
2018-04-17 19:00:00+02:00,2018-04-17,19,55.06,56.467577363096794,37.99860727709056,81.95209275675086
2018-04-17 20:00:00+02:00,2018-04-17,20,58.51,57.933227996287044,42.11239299591148,80.4749105738241
2018-04-17 21:00:00+02:00,2018-04-17,21,66.61,60.004898316592005,44.99284337742178,78.14217729426849
2018-04-17 22:00:00+02:00,2018-04-17,22,58.0,56.17098098118548,42.49073049990973,76.5456674198111
2018-04-17 23:00:00+02:00,2018-04-17,23,54.95,52.87037732059097,39.50428891032919,73.59230369843925
2018-04-18 00:00:00+02:00,2018-04-18,0,54.54,50.97205460103086,36.982100340719136,70.29298515426753
2018-04-18 01:00:00+02:00,2018-04-18,1,54.01,47.756574593846054,31.24514363053926,67.92771375556647
2018-04-18 02:00:00+02:00,2018-04-18,2,52.52,44.77836884694345,30.798474063515613,64.67585775737183
2018-04-18 03:00:00+02:00,2018-04-18,3,50.42,44.092154788796144,28.935209433612933,63.219587225986054
2018-04-18 04:00:00+02:00,2018-04-18,4,48.0,43.14183222908269,28.3604490844992,62.01296056286816
2018-04-18 05:00:00+02:00,2018-04-18,5,49.3,45.36020830908407,29.357055315292456,66.41551843141198
2018-04-18 06:00:00+02:00,2018-04-18,6,52.52,49.210179797291644,31.2294875988756,70.66053707963749
2018-04-18 07:00:00+02:00,2018-04-18,7,54.5,53.72584650343917,32.57680033170021,78.26214659524516
2018-04-18 08:00:00+02:00,2018-04-18,8,55.43,54.18022042939945,31.87589532769076,78.59840169871794
2018-04-18 09:00:00+02:00,2018-04-18,9,55.0,55.75158724412654,36.54108127040456,79.19241624386396
2018-04-18 10:00:00+02:00,2018-04-18,10,54.33,56.845316428393026,39.64685952028911,78.8101188220244
2018-04-18 11:00:00+02:00,2018-04-18,11,52.01,55.69326468944539,39.37297874286002,77.23300817896933
2018-04-18 12:00:00+02:00,2018-04-18,12,51.35,54.59044782906666,38.26387529877122,75.75522656835115
2018-04-18 13:00:00+02:00,2018-04-18,13,50.0,54.237295472323765,36.82442327484857,75.50354352583423
2018-04-18 14:00:00+02:00,2018-04-18,14,46.95,53.08475034288438,36.679695108235116,74.28939124942579
2018-04-18 15:00:00+02:00,2018-04-18,15,47.43,51.08739435600113,32.13151094451501,72.4208281729509
2018-04-18 16:00:00+02:00,2018-04-18,16,47.99,50.42332849670568,30.83245741620329,72.59635986203813
2018-04-18 17:00:00+02:00,2018-04-18,17,48.08,51.42899779987183,29.822718833967215,74.39551782077214
2018-04-18 18:00:00+02:00,2018-04-18,18,48.01,52.164555347919304,31.45341248896092,76.95123025035232
2018-04-18 19:00:00+02:00,2018-04-18,19,50.0,54.122945735913824,35.653975649907586,79.60746112956788
2018-04-18 20:00:00+02:00,2018-04-18,20,53.52,56.6661848361947,40.845349835819135,79.20786741373175
2018-04-18 21:00:00+02:00,2018-04-18,21,55.1,61.50367642643109,46.491621487260865,79.64095540410759
2018-04-18 22:00:00+02:00,2018-04-18,22,53.52,56.393546451847314,42.713295970571565,76.76823289047293
2018-04-18 23:00:00+02:00,2018-04-18,23,50.0,52.64172114109634,39.27563273083456,73.36364751894463
2018-04-19 00:00:00+02:00,2018-04-19,0,46.5,49.84804819529349,35.85809393498176,69.16897874853015
2018-04-19 01:00:00+02:00,2018-04-19,1,45.22,46.15661328135127,29.645182318044476,66.32775244307169
2018-04-19 02:00:00+02:00,2018-04-19,2,45.01,43.87330503158475,29.89341024815691,63.77079394201312
2018-04-19 03:00:00+02:00,2018-04-19,3,43.67,42.2337043148227,27.07675895963949,61.36113675201261
2018-04-19 04:00:00+02:00,2018-04-19,4,42.74,41.41681327168664,26.635430127103156,60.28794160547211
2018-04-19 05:00:00+02:00,2018-04-19,5,44.95,42.36932084241747,26.366167848625857,63.42463096474538
2018-04-19 06:00:00+02:00,2018-04-19,6,45.57,46.518046892716974,28.53735469430093,67.96840417506283
2018-04-19 07:00:00+02:00,2018-04-19,7,50.0,49.40765414943407,28.258607977695114,73.94395424124006
2018-04-19 08:00:00+02:00,2018-04-19,8,50.99,50.93213915759086,28.627814055882173,75.35032042690935
2018-04-19 09:00:00+02:00,2018-04-19,9,51.0,52.31834437431419,33.10783840059221,75.75917337405161
2018-04-19 10:00:00+02:00,2018-04-19,10,48.64,52.79872524862918,35.60026834052527,74.76352764226057
2018-04-19 11:00:00+02:00,2018-04-19,11,46.0,51.55306797369302,35.232782027107646,73.09281146321696
2018-04-19 12:00:00+02:00,2018-04-19,12,45.99,51.06787966835727,34.74130713806183,72.23265840764176
2018-04-19 13:00:00+02:00,2018-04-19,13,45.49,50.36629102268715,32.953418825211955,71.63253907619762
2018-04-19 14:00:00+02:00,2018-04-19,14,44.5,48.80909674916868,32.40404151451942,70.01373765571009
2018-04-19 15:00:00+02:00,2018-04-19,15,43.59,46.90775850614386,27.951875094657737,68.24119232309363
2018-04-19 16:00:00+02:00,2018-04-19,16,42.42,45.67924574534231,26.088374664839918,67.85227711067475
2018-04-19 17:00:00+02:00,2018-04-19,17,42.64,46.80610577061439,25.199826804709772,69.77262579151471
2018-04-19 18:00:00+02:00,2018-04-19,18,44.51,47.75322574587833,27.04208288691995,72.53990064831135
2018-04-19 19:00:00+02:00,2018-04-19,19,47.84,49.732726669303965,31.263756583297727,75.21724206295802
2018-04-19 20:00:00+02:00,2018-04-19,20,50.31,52.60174023946878,36.780905239093215,75.14342281700584
2018-04-19 21:00:00+02:00,2018-04-19,21,52.52,55.79115438622758,40.779099447057355,73.92843336390408
2018-04-19 22:00:00+02:00,2018-04-19,22,47.19,52.800084704255326,39.11983422297958,73.17477114288094
2018-04-19 23:00:00+02:00,2018-04-19,23,45.0,49.86599824726827,36.49990983700649,70.58792462511656
2018-04-20 00:00:00+02:00,2018-04-20,0,37.13,43.60578183544803,29.6158275751363,62.92671238868469
2018-04-20 01:00:00+02:00,2018-04-20,1,36.41,41.340506731753095,24.8290757684463,61.51164589347351
2018-04-20 02:00:00+02:00,2018-04-20,2,35.81,38.99650845242618,25.01661366899834,58.89399736285455
2018-04-20 03:00:00+02:00,2018-04-20,3,35.11,37.25884865830445,22.10190330312124,56.38628109549436
2018-04-20 04:00:00+02:00,2018-04-20,4,35.0,37.22767982623793,22.446296681654445,56.0988081600234
2018-04-20 05:00:00+02:00,2018-04-20,5,35.31,38.142595507773706,22.13944251398209,59.197905630101616
2018-04-20 06:00:00+02:00,2018-04-20,6,42.28,41.07021241455759,23.089520216141544,62.52056969690344
2018-04-20 07:00:00+02:00,2018-04-20,7,47.49,45.66536540323091,24.51631923149195,70.2016654950369
2018-04-20 08:00:00+02:00,2018-04-20,8,49.97,46.48836903990317,24.18404393819448,70.90655030922167
2018-04-20 09:00:00+02:00,2018-04-20,9,48.69,48.61310188574656,29.40259591202458,72.05393088548398
2018-04-20 10:00:00+02:00,2018-04-20,10,43.41,47.172855119805014,29.9743982117011,69.13765751343641
2018-04-20 11:00:00+02:00,2018-04-20,11,42.19,46.263052345098146,29.942766398512774,67.80279583462209
2018-04-20 12:00:00+02:00,2018-04-20,12,40.72,45.32515065071472,28.998578120419275,66.4899293899992
2018-04-20 13:00:00+02:00,2018-04-20,13,38.08,44.9161960467831,27.503323849307904,66.18244410029357
2018-04-20 14:00:00+02:00,2018-04-20,14,35.51,43.98064901883596,27.5755937841867,65.18528992537738
2018-04-20 15:00:00+02:00,2018-04-20,15,34.69,41.16287143329945,22.20698802181333,62.49630525024923
2018-04-20 16:00:00+02:00,2018-04-20,16,34.15,39.99293927093296,20.40206819043057,62.1659706362654
2018-04-20 17:00:00+02:00,2018-04-20,17,36.71,40.848714413491834,19.24243544758722,63.81523443439215
2018-04-20 18:00:00+02:00,2018-04-20,18,40.01,42.513386221496916,21.802243362538533,67.30006112392994
2018-04-20 19:00:00+02:00,2018-04-20,19,41.72,44.898227440890146,26.42925735488391,70.3827428345442
2018-04-20 20:00:00+02:00,2018-04-20,20,44.69,48.09016659109061,32.26933159071504,70.63184916862767
2018-04-20 21:00:00+02:00,2018-04-20,21,46.18,50.65269186510004,35.64063692592981,68.78997084277653
2018-04-20 22:00:00+02:00,2018-04-20,22,43.69,47.028636643279285,33.348386162003536,67.4033230819049
2018-04-20 23:00:00+02:00,2018-04-20,23,42.01,43.23337333777663,29.867284927514845,63.95529971562492
2018-04-21 00:00:00+02:00,2018-04-21,0,42.0,39.80726130706422,25.817307046752497,59.12819186030089
2018-04-21 01:00:00+02:00,2018-04-21,1,40.78,36.68170955786131,20.170278594554517,56.85284871958173
2018-04-21 02:00:00+02:00,2018-04-21,2,35.2,35.46586797999535,21.485973196567514,55.363356890423724
2018-04-21 03:00:00+02:00,2018-04-21,3,34.85,32.91332356926681,17.756378214083597,52.04075600645672
2018-04-21 04:00:00+02:00,2018-04-21,4,34.69,33.763019901331575,18.981636756748088,52.634148235117046
2018-04-21 05:00:00+02:00,2018-04-21,5,34.5,33.67191074013466,17.668757746343047,54.72722086246257
2018-04-21 06:00:00+02:00,2018-04-21,6,33.69,38.151307326051224,20.17061512763518,59.60166460839708
2018-04-21 07:00:00+02:00,2018-04-21,7,31.77,40.3279350846857,19.17888891294674,64.86423517649169
2018-04-21 08:00:00+02:00,2018-04-21,8,33.69,42.40951656538219,20.105191463673503,66.82769783470069
2018-04-21 09:00:00+02:00,2018-04-21,9,36.1,43.18004431901488,23.969538345292904,66.6208733187523
2018-04-21 10:00:00+02:00,2018-04-21,10,40.88,42.45294392404172,25.254487015937805,64.4177463176731
2018-04-21 11:00:00+02:00,2018-04-21,11,41.41,41.80913547639737,25.488849529812,63.348878965921315
2018-04-21 12:00:00+02:00,2018-04-21,12,39.99,41.03243308941183,24.70586055911639,62.19721182869632
2018-04-21 13:00:00+02:00,2018-04-21,13,40.43,40.274807798216806,22.86193560074161,61.54105585172727
2018-04-21 14:00:00+02:00,2018-04-21,14,38.0,39.521670544806724,23.116615310157464,60.72631145134814
2018-04-21 15:00:00+02:00,2018-04-21,15,35.2,36.84218386081689,17.88630044933077,58.17561767776667
2018-04-21 16:00:00+02:00,2018-04-21,16,35.0,36.10724034740902,16.51636926690663,58.28027171274146
2018-04-21 17:00:00+02:00,2018-04-21,17,35.5,36.86482841983744,15.258549453932822,59.831348440737756
2018-04-21 18:00:00+02:00,2018-04-21,18,35.8,38.59583157643244,17.884688717474056,63.38250647886546
2018-04-21 19:00:00+02:00,2018-04-21,19,41.24,41.75687659918906,23.287906513182826,67.24139199284312
2018-04-21 20:00:00+02:00,2018-04-21,20,43.89,45.54067333230114,29.719838331925573,68.08235590983818
2018-04-21 21:00:00+02:00,2018-04-21,21,47.69,47.64024555222197,32.62819061305174,65.77752452989846
2018-04-21 22:00:00+02:00,2018-04-21,22,44.92,45.848349577639354,32.168099096363605,66.22303601626497
2018-04-21 23:00:00+02:00,2018-04-21,23,43.69,41.61453764735057,28.248449237088792,62.336464025198865
2018-04-22 00:00:00+02:00,2018-04-22,0,43.89,40.87076066288447,26.880806402572745,60.19169121612114
2018-04-22 01:00:00+02:00,2018-04-22,1,41.31,37.227105103724014,20.71567414041722,57.39824426544443
2018-04-22 02:00:00+02:00,2018-04-22,2,41.05,33.910746212609126,19.93085142918129,53.8082351230375
2018-04-22 03:00:00+02:00,2018-04-22,3,39.72,32.23466469754554,17.07771934236233,51.36209713473545
2018-04-22 04:00:00+02:00,2018-04-22,4,37.5,32.53063938640189,17.7492562418184,51.40176772018736
2018-04-22 05:00:00+02:00,2018-04-22,5,38.81,32.458570150942556,16.45541715715094,53.513880273270466
2018-04-22 06:00:00+02:00,2018-04-22,6,39.5,34.259664128227804,16.27897192981176,55.71002141057366
2018-04-22 07:00:00+02:00,2018-04-22,7,38.81,34.50496555718135,13.355919385442391,59.04126564898734
2018-04-22 08:00:00+02:00,2018-04-22,8,39.97,35.89062113203311,13.586296030324423,60.308802401351606
2018-04-22 09:00:00+02:00,2018-04-22,9,42.42,37.74426847542333,18.533762501701354,61.18509747516075
2018-04-22 10:00:00+02:00,2018-04-22,10,43.69,40.30557567031301,23.107118762209097,62.2703780639444
2018-04-22 11:00:00+02:00,2018-04-22,11,43.69,40.92779303777777,24.607507091192396,62.46753652730171
2018-04-22 12:00:00+02:00,2018-04-22,12,42.0,39.136414159084445,22.809841628789002,60.30119289836893
2018-04-22 13:00:00+02:00,2018-04-22,13,39.54,39.929651590221205,22.51677939274601,61.19589964373167
2018-04-22 14:00:00+02:00,2018-04-22,14,41.42,37.83427015919962,21.429214924550358,59.03891106574103
2018-04-22 15:00:00+02:00,2018-04-22,15,35.45,35.430083960094464,16.474200548608344,56.76351777704424
2018-04-22 16:00:00+02:00,2018-04-22,16,35.15,36.17646845672389,16.5855973762215,58.34949982205633
2018-04-22 17:00:00+02:00,2018-04-22,17,35.11,35.947225459171605,14.34094649326699,58.913745480071924
2018-04-22 18:00:00+02:00,2018-04-22,18,36.0,37.319998202719844,16.608855343761462,62.106673105152865
2018-04-22 19:00:00+02:00,2018-04-22,19,38.0,42.315575063864195,23.846604977857957,67.80009045751825
2018-04-22 20:00:00+02:00,2018-04-22,20,43.69,44.875798130265515,29.05496312988995,67.41748070780257
2018-04-22 21:00:00+02:00,2018-04-22,21,53.24,47.93097703406458,32.918922094894356,66.06825601174107
2018-04-22 22:00:00+02:00,2018-04-22,22,50.0,46.32621139361629,32.64596091234054,66.7008978322419
2018-04-22 23:00:00+02:00,2018-04-22,23,45.0,42.23792664428093,28.87183823401915,62.959853022129224
2018-04-23 00:00:00+02:00,2018-04-23,0,51.84,42.89051854057199,28.900564280260262,62.21144909380865
2018-04-23 01:00:00+02:00,2018-04-23,1,48.97,39.02107856424289,22.5096476009361,59.19221772596331
2018-04-23 02:00:00+02:00,2018-04-23,2,45.07,36.83535722887169,22.855462445443855,56.732846139300065
2018-04-23 03:00:00+02:00,2018-04-23,3,44.01,35.14489344389882,19.987948088715612,54.27232588108873
2018-04-23 04:00:00+02:00,2018-04-23,4,45.0,34.15701289342584,19.375629748842357,53.028141227211314
2018-04-23 05:00:00+02:00,2018-04-23,5,45.07,35.4209755519818,19.41782255819018,56.47628567430971
2018-04-23 06:00:00+02:00,2018-04-23,6,51.53,39.75407042064714,21.773378222231095,61.204427702992994
2018-04-23 07:00:00+02:00,2018-04-23,7,51.43,43.84261782456165,22.69357165282269,68.37891791636764
2018-04-23 08:00:00+02:00,2018-04-23,8,53.73,45.35238820108785,23.04806309937916,69.77056947040634
2018-04-23 09:00:00+02:00,2018-04-23,9,54.5,47.07651396001783,27.86600798629585,70.51734295975524
2018-04-23 10:00:00+02:00,2018-04-23,10,54.3,47.792250933424576,30.593794025320662,69.75705332705596
2018-04-23 11:00:00+02:00,2018-04-23,11,53.73,46.84156095264385,30.52127500605848,68.38130444216779
2018-04-23 12:00:00+02:00,2018-04-23,12,53.6,45.71421616055754,29.387643630262097,66.87899489984203
2018-04-23 13:00:00+02:00,2018-04-23,13,52.5,45.477197246468755,28.06432504899356,66.74344529997921
2018-04-23 14:00:00+02:00,2018-04-23,14,51.53,43.69523595069087,27.29018071604161,64.89987685723229
2018-04-23 15:00:00+02:00,2018-04-23,15,50.69,41.052080967925704,22.096197556439584,62.38551478487548
2018-04-23 16:00:00+02:00,2018-04-23,16,50.0,40.75783262635591,21.166961545853525,62.930863991688355
2018-04-23 17:00:00+02:00,2018-04-23,17,48.08,41.83129915918778,20.225020193283164,64.7978191800881
2018-04-23 18:00:00+02:00,2018-04-23,18,45.99,42.314743580048784,21.6036007210904,67.1014184824818
2018-04-23 19:00:00+02:00,2018-04-23,19,48.01,44.34539656836648,25.876426482360245,69.82991196202053
2018-04-23 20:00:00+02:00,2018-04-23,20,50.69,48.26140835238617,32.4405733520106,70.80309092992323
2018-04-23 21:00:00+02:00,2018-04-23,21,54.1,51.73960930808265,36.72755436891242,69.87688828575914
2018-04-23 22:00:00+02:00,2018-04-23,22,51.12,48.98523934383213,35.30498886255638,69.35992578245774
2018-04-23 23:00:00+02:00,2018-04-23,23,50.0,44.747139067336875,31.381050657075093,65.46906544518517
2018-04-24 00:00:00+02:00,2018-04-24,0,45.49,48.03602704428253,34.0460727839708,67.3569575975192
2018-04-24 01:00:00+02:00,2018-04-24,1,44.0,44.14391061488672,27.632479651579928,64.31504977660714
2018-04-24 02:00:00+02:00,2018-04-24,2,42.1,41.22926717061018,27.24937238718234,61.12675608103855
2018-04-24 03:00:00+02:00,2018-04-24,3,42.0,40.56768275701284,25.41073740182963,59.69511519420275
2018-04-24 04:00:00+02:00,2018-04-24,4,42.0,40.43347446742218,25.652091322838693,59.30460280120765
2018-04-24 05:00:00+02:00,2018-04-24,5,43.6,41.437727205202656,25.43457421141104,62.493037327530566
2018-04-24 06:00:00+02:00,2018-04-24,6,48.01,46.06084464187121,28.08015244345517,67.51120192421706
2018-04-24 07:00:00+02:00,2018-04-24,7,50.0,49.4732612000167,28.32421502827774,74.00956129182269
2018-04-24 08:00:00+02:00,2018-04-24,8,52.01,50.44911120140338,28.144786099694695,74.86729247072188
2018-04-24 09:00:00+02:00,2018-04-24,9,53.6,52.17235805507248,32.9618520813505,75.6131870548099
2018-04-24 10:00:00+02:00,2018-04-24,10,52.01,51.953088253860734,34.75463134575682,73.91789064749213
2018-04-24 11:00:00+02:00,2018-04-24,11,50.69,50.39754123645831,34.07725528987294,71.93728472598225
2018-04-24 12:00:00+02:00,2018-04-24,12,50.69,49.89122305150341,33.564650521207966,71.05600179078789
2018-04-24 13:00:00+02:00,2018-04-24,13,50.0,48.858134804059716,31.44526260658452,70.12438285757018
2018-04-24 14:00:00+02:00,2018-04-24,14,49.1,47.11825013182128,30.713194897172016,68.32289103836268
2018-04-24 15:00:00+02:00,2018-04-24,15,47.4,46.725511238265405,27.769627826779285,68.05894505521519
2018-04-24 16:00:00+02:00,2018-04-24,16,46.01,45.57230018310172,25.98142910259933,67.74533154843417
2018-04-24 17:00:00+02:00,2018-04-24,17,47.3,45.89749864168713,24.291219675782514,68.86401866258745
2018-04-24 18:00:00+02:00,2018-04-24,18,46.86,45.39865459171001,24.68751173275163,70.18532949414303
2018-04-24 19:00:00+02:00,2018-04-24,19,48.36,47.58719022274908,29.118220136742842,73.07170561640314
2018-04-24 20:00:00+02:00,2018-04-24,20,51.98,50.789892561986925,34.96905756161136,73.33157513952398
2018-04-24 21:00:00+02:00,2018-04-24,21,54.53,53.67844361505204,38.66638867588181,71.81572259272852
2018-04-24 22:00:00+02:00,2018-04-24,22,52.0,50.23936987417487,36.55911939289912,70.61405631280049
2018-04-24 23:00:00+02:00,2018-04-24,23,50.69,47.78461558444341,34.41852717418163,68.50654196229169
2018-04-25 00:00:00+02:00,2018-04-25,0,45.0,47.32011276340067,33.330158503088946,66.64104331663734
2018-04-25 01:00:00+02:00,2018-04-25,1,42.17,44.33733528672705,27.825904323420254,64.50847444844746
2018-04-25 02:00:00+02:00,2018-04-25,2,46.37,41.88419541815687,27.904300634729033,61.78168432858524
2018-04-25 03:00:00+02:00,2018-04-25,3,46.0,40.58032224240301,25.423376887219796,59.70775467959292
2018-04-25 04:00:00+02:00,2018-04-25,4,45.12,39.86920370305077,25.087820558467286,58.74033203683624
2018-04-25 05:00:00+02:00,2018-04-25,5,43.87,40.9916658045078,24.98851281071618,62.04697592683571
2018-04-25 06:00:00+02:00,2018-04-25,6,47.47,44.506897645124994,26.52620544670895,65.95725492747084
2018-04-25 07:00:00+02:00,2018-04-25,7,51.98,47.123659797909866,25.974613626170907,71.65995988971585
2018-04-25 08:00:00+02:00,2018-04-25,8,52.69,48.46083417040728,26.156509068698593,72.87901543972578
2018-04-25 09:00:00+02:00,2018-04-25,9,53.1,49.72503996003927,30.51453398631729,73.16586895977669
2018-04-25 10:00:00+02:00,2018-04-25,10,52.69,49.97440185856692,32.77594495046301,71.93920425219831
2018-04-25 11:00:00+02:00,2018-04-25,11,52.45,48.72526082895738,32.40497488237201,70.26500431848132
2018-04-25 12:00:00+02:00,2018-04-25,12,52.0,48.31991358706516,31.993341056769715,69.48469232634964
2018-04-25 13:00:00+02:00,2018-04-25,13,52.01,47.66276542279921,30.249893225324016,68.92901347630968
2018-04-25 14:00:00+02:00,2018-04-25,14,48.0,46.232944037346726,29.827888802697466,67.43758494388814
2018-04-25 15:00:00+02:00,2018-04-25,15,42.09,45.3453210029274,26.38943759144128,66.67875481987718
2018-04-25 16:00:00+02:00,2018-04-25,16,42.08,44.033640611458736,24.442769530956348,66.20667197679117
2018-04-25 17:00:00+02:00,2018-04-25,17,40.69,45.29536658691613,23.689087621011517,68.26188660781645
2018-04-25 18:00:00+02:00,2018-04-25,18,39.65,46.58823840809305,25.877095549134665,71.37491331052607
2018-04-25 19:00:00+02:00,2018-04-25,19,40.44,48.73525199569635,30.266281909690115,74.21976738935041
2018-04-25 20:00:00+02:00,2018-04-25,20,40.69,51.73459265963008,35.913757659254514,74.27627523716714
2018-04-25 21:00:00+02:00,2018-04-25,21,47.09,54.440675870824236,39.42862093165401,72.57795484850072
2018-04-25 22:00:00+02:00,2018-04-25,22,40.69,51.290491150404,37.61024066912825,71.66517758902961
2018-04-25 23:00:00+02:00,2018-04-25,23,38.27,48.89933785560639,35.53324944534461,69.62126423345468
2018-04-26 00:00:00+02:00,2018-04-26,0,36.88,41.60817775420384,27.61822349389211,60.9291083074405
2018-04-26 01:00:00+02:00,2018-04-26,1,35.57,38.163388728994015,21.65195776568722,58.33452789071443
2018-04-26 02:00:00+02:00,2018-04-26,2,34.3,37.05760923365649,23.077714450228655,56.955098144084864
2018-04-26 03:00:00+02:00,2018-04-26,3,34.31,35.62781927484876,20.47087391966555,54.75525171203867
2018-04-26 04:00:00+02:00,2018-04-26,4,34.31,34.85425056003093,20.07286741544744,53.7253788938164
2018-04-26 05:00:00+02:00,2018-04-26,5,35.27,35.175866250777666,19.17271325698605,56.231176373105576
2018-04-26 06:00:00+02:00,2018-04-26,6,37.0,38.755943242001294,20.77525104358525,60.20630052434715
2018-04-26 07:00:00+02:00,2018-04-26,7,44.5,41.94888054758755,20.79983437584859,66.48518063939355
2018-04-26 08:00:00+02:00,2018-04-26,8,46.01,42.931431889734185,20.627106788025497,67.34961315905268
2018-04-26 09:00:00+02:00,2018-04-26,9,49.77,44.13114595907349,24.920639985351514,67.57197495881091
2018-04-26 10:00:00+02:00,2018-04-26,10,49.77,43.88016340574385,26.681706497639937,65.84496579937525
2018-04-26 11:00:00+02:00,2018-04-26,11,50.0,42.70836370929824,26.388077762712868,64.24810719882218
2018-04-26 12:00:00+02:00,2018-04-26,12,50.21,42.17280538500903,25.846232854713584,63.337584124293514
2018-04-26 13:00:00+02:00,2018-04-26,13,51.36,42.38806593079224,24.97519373331704,63.6543139843027
2018-04-26 14:00:00+02:00,2018-04-26,14,50.03,39.53185252139294,23.12679728674368,60.736493427934356
2018-04-26 15:00:00+02:00,2018-04-26,15,51.33,36.565158241270595,17.609274829784475,57.89859205822037
2018-04-26 16:00:00+02:00,2018-04-26,16,51.43,35.98793857707737,16.397067496574984,58.160969942409814
2018-04-26 17:00:00+02:00,2018-04-26,17,51.43,36.63829768671227,15.032018720807656,59.60481770761259
2018-04-26 18:00:00+02:00,2018-04-26,18,50.5,36.89616492648578,16.1850220675274,61.6828398289188
2018-04-26 19:00:00+02:00,2018-04-26,19,52.0,37.854202385255576,19.38523229924934,63.33871777890963
2018-04-26 20:00:00+02:00,2018-04-26,20,54.53,40.784356626595056,24.96352162621949,63.32603920413211
2018-04-26 21:00:00+02:00,2018-04-26,21,56.89,44.501789633573665,29.489734694403438,62.63906861125015
2018-04-26 22:00:00+02:00,2018-04-26,22,54.02,41.24183431911941,27.561583837843664,61.61652075774503
2018-04-26 23:00:00+02:00,2018-04-26,23,50.53,37.62016139829014,24.254072988028362,58.342087776138435
2018-04-27 00:00:00+02:00,2018-04-27,0,53.69,45.39427956374399,31.404325303432266,64.71521011698066
2018-04-27 01:00:00+02:00,2018-04-27,1,51.73,42.465157818900764,25.95372685559397,62.63629698062118
2018-04-27 02:00:00+02:00,2018-04-27,2,49.5,39.678972339368364,25.699077555940526,59.576461249796736
2018-04-27 03:00:00+02:00,2018-04-27,3,46.69,38.56460160689367,23.407656251710456,57.69203404408358
2018-04-27 04:00:00+02:00,2018-04-27,4,45.99,38.52927444069014,23.74789129610665,57.40040277447561
2018-04-27 05:00:00+02:00,2018-04-27,5,47.1,39.46263855555178,23.45948556176016,60.51794867787969
2018-04-27 06:00:00+02:00,2018-04-27,6,52.01,42.679496914841636,24.69880471642559,64.12985419718748
2018-04-27 07:00:00+02:00,2018-04-27,7,53.4,48.08617409720423,26.93712792546527,72.62247418901022
2018-04-27 08:00:00+02:00,2018-04-27,8,54.08,49.47016554585099,27.1658404441423,73.88834681516948
2018-04-27 09:00:00+02:00,2018-04-27,9,54.47,51.518274861782494,32.307768888060515,74.9591038615199
2018-04-27 10:00:00+02:00,2018-04-27,10,54.17,51.63212155132978,34.43366464322587,73.59692394496116
2018-04-27 11:00:00+02:00,2018-04-27,11,52.69,51.033826914680326,34.713540968094954,72.57357040420428
2018-04-27 12:00:00+02:00,2018-04-27,12,52.69,50.879301938071755,34.55272940777631,72.04408067735625
2018-04-27 13:00:00+02:00,2018-04-27,13,51.73,50.420954033300845,33.00808183582565,71.68720208681131
2018-04-27 14:00:00+02:00,2018-04-27,14,50.23,49.29222483397919,32.88716959932993,70.4968657405206
2018-04-27 15:00:00+02:00,2018-04-27,15,49.46,47.19851384820222,28.242630436716098,68.53194766515199
2018-04-27 16:00:00+02:00,2018-04-27,16,47.02,47.52746883089738,27.936597750394988,69.70050019622983
2018-04-27 17:00:00+02:00,2018-04-27,17,45.1,48.40536969621914,26.799090730314525,71.37188971711946
2018-04-27 18:00:00+02:00,2018-04-27,18,42.14,48.26627350708763,27.55513064812925,73.05294840952065
2018-04-27 19:00:00+02:00,2018-04-27,19,44.01,50.8384027395982,32.369432653591964,76.32291813325226
2018-04-27 20:00:00+02:00,2018-04-27,20,48.71,53.22642790706114,37.40559290668557,75.7681104845982
2018-04-27 21:00:00+02:00,2018-04-27,21,52.01,55.0277987459138,40.01574380674357,73.16507772359029
2018-04-27 22:00:00+02:00,2018-04-27,22,49.77,52.29777427832437,38.61752379704862,72.67246071694998
2018-04-27 23:00:00+02:00,2018-04-27,23,45.0,48.52985408727942,35.163765677017636,69.25178046512771
2018-04-28 00:00:00+02:00,2018-04-28,0,44.58,46.85334995906045,32.863395698748725,66.17428051229712
2018-04-28 01:00:00+02:00,2018-04-28,1,40.1,43.269016943275446,26.757585979968653,63.440156104995864
2018-04-28 02:00:00+02:00,2018-04-28,2,39.93,40.54859388040721,26.568699096979373,60.44608279083558
2018-04-28 03:00:00+02:00,2018-04-28,3,44.01,38.817338872198434,23.660393517015223,57.944771309388344
2018-04-28 04:00:00+02:00,2018-04-28,4,46.01,38.06386967926057,23.282486534677084,56.93499801304604
2018-04-28 05:00:00+02:00,2018-04-28,5,46.01,38.42419572809332,22.421042734301707,59.47950585042123
2018-04-28 06:00:00+02:00,2018-04-28,6,47.94,41.49624677946912,23.515554581053074,62.94660406181497
2018-04-28 07:00:00+02:00,2018-04-28,7,47.93,42.146468161960016,20.997421990221056,66.682768253766
2018-04-28 08:00:00+02:00,2018-04-28,8,46.01,43.293115842273366,20.988790740564678,67.71129711159186
2018-04-28 09:00:00+02:00,2018-04-28,9,49.71,45.97359800061121,26.763092026889232,69.41442700034864
2018-04-28 10:00:00+02:00,2018-04-28,10,49.6,46.18363316817458,28.985176260070666,68.14843556180597
2018-04-28 11:00:00+02:00,2018-04-28,11,48.48,45.69326847525007,29.3729825286647,67.23301196477402
2018-04-28 12:00:00+02:00,2018-04-28,12,48.5,45.13338119905798,28.806808668762535,66.29815993834247
2018-04-28 13:00:00+02:00,2018-04-28,13,47.64,45.77350281184151,28.360630614366315,67.03975086535198
2018-04-28 14:00:00+02:00,2018-04-28,14,42.99,43.64467202779325,27.239616793143988,64.84931293433466
2018-04-28 15:00:00+02:00,2018-04-28,15,34.34,41.53718656733004,22.58130315584392,62.87062038427982
2018-04-28 16:00:00+02:00,2018-04-28,16,33.63,40.25127572455378,20.66040464405139,62.42430708988622
2018-04-28 17:00:00+02:00,2018-04-28,17,32.5,40.151641683246154,18.54536271734154,63.11816170414647
2018-04-28 18:00:00+02:00,2018-04-28,18,33.63,39.93211641313157,19.220973554173185,64.71879131556459
2018-04-28 19:00:00+02:00,2018-04-28,19,35.37,42.894666675633104,24.425696589626867,68.37918206928717
2018-04-28 20:00:00+02:00,2018-04-28,20,45.93,47.066533266117695,31.245698265742128,69.60821584365475
2018-04-28 21:00:00+02:00,2018-04-28,21,50.23,49.51645796342266,34.50440302425243,67.65373694109914
2018-04-28 22:00:00+02:00,2018-04-28,22,49.01,48.51591969004827,34.83566920877252,68.89060612867388
2018-04-28 23:00:00+02:00,2018-04-28,23,48.35,44.62017795527918,31.2540895450174,65.34210433312748
2018-04-29 00:00:00+02:00,2018-04-29,0,47.94,46.29900725909945,32.30905299878772,65.61993781233612
2018-04-29 01:00:00+02:00,2018-04-29,1,39.0,42.640550391649654,26.12911942834286,62.81168955337007
2018-04-29 02:00:00+02:00,2018-04-29,2,34.31,40.695708563669726,26.715813780241888,60.5931974740981
2018-04-29 03:00:00+02:00,2018-04-29,3,34.34,40.50910151926958,25.352156164086367,59.63653395645949
2018-04-29 04:00:00+02:00,2018-04-29,4,33.95,40.665452686461755,25.88406954187827,59.536581020247226
2018-04-29 05:00:00+02:00,2018-04-29,5,33.8,40.595124280062905,24.59197128627129,61.650434402390815
2018-04-29 06:00:00+02:00,2018-04-29,6,33.8,42.776600291550544,24.7959080931345,64.2269575738964
2018-04-29 07:00:00+02:00,2018-04-29,7,29.6,43.41671190514353,22.26766573340457,67.95301199694953
2018-04-29 08:00:00+02:00,2018-04-29,8,26.99,42.860963503588444,20.556638401879756,67.27914477290693
2018-04-29 09:00:00+02:00,2018-04-29,9,32.38,45.97241335415441,26.761907380432433,69.41324235389183
2018-04-29 10:00:00+02:00,2018-04-29,10,32.38,46.03631409672125,28.837857188617335,68.00111649035264
2018-04-29 11:00:00+02:00,2018-04-29,11,29.69,45.01167028533751,28.691384338752137,66.55141377486146
2018-04-29 12:00:00+02:00,2018-04-29,12,22.45,45.03166673997241,28.705094209676965,66.1964454792569
2018-04-29 13:00:00+02:00,2018-04-29,13,12.84,45.48670091459782,28.073828717122623,66.75294896810829
2018-04-29 14:00:00+02:00,2018-04-29,14,8.0,43.153704571656405,26.748649337007144,64.35834547819782
2018-04-29 15:00:00+02:00,2018-04-29,15,5.09,38.91927559987192,19.963392188385804,60.2527094168217
2018-04-29 16:00:00+02:00,2018-04-29,16,5.0,37.54575404259365,17.95488296209126,59.71878540792609
2018-04-29 17:00:00+02:00,2018-04-29,17,6.37,38.15503446528646,16.548755499381848,61.12155448618678
2018-04-29 18:00:00+02:00,2018-04-29,18,8.0,38.70739457210791,17.996251713149526,63.49406947454093
2018-04-29 19:00:00+02:00,2018-04-29,19,14.0,41.26411255813234,22.795142472126102,66.7486279517864
2018-04-29 20:00:00+02:00,2018-04-29,20,33.68,48.229171245858176,32.40833624548261,70.77085382339523
2018-04-29 21:00:00+02:00,2018-04-29,21,44.44,51.96443469339065,36.95237975422042,70.10171367106713
2018-04-29 22:00:00+02:00,2018-04-29,22,45.0,51.60159262121006,37.92134213993431,71.97627905983568
2018-04-29 23:00:00+02:00,2018-04-29,23,40.0,47.61103143520234,34.24494302494056,68.33295781305063
2018-04-30 00:00:00+02:00,2018-04-30,0,35.17,43.33797554891044,29.348021288598716,62.658906102147114
2018-04-30 01:00:00+02:00,2018-04-30,1,30.0,38.20226953512211,21.69083857181532,58.37340869684253
2018-04-30 02:00:00+02:00,2018-04-30,2,22.45,36.13142800907444,22.151533225646602,56.02891691950281
2018-04-30 03:00:00+02:00,2018-04-30,3,22.45,34.6347905086419,19.477845153458688,53.76222294583181
2018-04-30 04:00:00+02:00,2018-04-30,4,30.0,33.668629448652474,18.887246304068988,52.539757782437945
2018-04-30 05:00:00+02:00,2018-04-30,5,33.8,35.38228515272999,19.379132158938376,56.4375952750579
2018-04-30 06:00:00+02:00,2018-04-30,6,35.67,39.94273968242048,21.962047484004437,61.393096964766336
2018-04-30 07:00:00+02:00,2018-04-30,7,44.02,42.622635506605896,21.473589334866936,67.15893559841189
2018-04-30 08:00:00+02:00,2018-04-30,8,47.23,43.35496099567539,21.050635893966703,67.77314226499388
2018-04-30 09:00:00+02:00,2018-04-30,9,48.48,46.128112602557145,26.917606628835166,69.56894160229456
2018-04-30 10:00:00+02:00,2018-04-30,10,48.23,45.759216285102426,28.56075937699851,67.72401867873381
2018-04-30 11:00:00+02:00,2018-04-30,11,49.0,45.26018890480363,28.939902958218255,66.79993239432757
2018-04-30 12:00:00+02:00,2018-04-30,12,48.39,44.09783156567933,27.771259035383885,65.26261030496381
2018-04-30 13:00:00+02:00,2018-04-30,13,48.54,41.26131023725125,23.848438039776056,62.52755829076172
2018-04-30 14:00:00+02:00,2018-04-30,14,48.23,38.941694157792064,22.536638923142803,60.14633506433348
2018-04-30 15:00:00+02:00,2018-04-30,15,47.01,36.25463171528894,17.298748303802817,57.588065532238716
2018-04-30 16:00:00+02:00,2018-04-30,16,46.23,36.79648653211859,17.205615451616204,58.969517897451034
2018-04-30 17:00:00+02:00,2018-04-30,17,45.4,37.48994756276729,15.883668596862677,60.45646758366761
2018-04-30 18:00:00+02:00,2018-04-30,18,44.0,37.75824351824407,17.04710065928569,62.54491842067709
2018-04-30 19:00:00+02:00,2018-04-30,19,45.0,41.81338920876558,23.34441912275934,67.29790460241964
2018-04-30 20:00:00+02:00,2018-04-30,20,47.23,50.0144717522361,34.19363675186053,72.55615432977315
2018-04-30 21:00:00+02:00,2018-04-30,21,50.0,53.05090842983409,38.03885349066386,71.18818740751058
2018-04-30 22:00:00+02:00,2018-04-30,22,48.54,51.39332865625429,37.71307817497854,71.7680150948799
2018-04-30 23:00:00+02:00,2018-04-30,23,47.01,48.3584996071728,34.99241119691102,69.0804259850211
2018-05-01 00:00:00+02:00,2018-05-01,0,30.0,41.52823400572614,27.538279745414414,60.84916455896281
2018-05-01 01:00:00+02:00,2018-05-01,1,11.73,36.96071620007327,20.449285236766478,57.13185536179369
2018-05-01 02:00:00+02:00,2018-05-01,2,6.86,33.15694501687572,19.17705023344788,53.05443392730409
2018-05-01 03:00:00+02:00,2018-05-01,3,5.0,33.10885087142149,17.951905516238277,52.2362833086114
2018-05-01 04:00:00+02:00,2018-05-01,4,5.0,32.866643469472805,18.08526032488932,51.737771803258276
2018-05-01 05:00:00+02:00,2018-05-01,5,13.51,34.97391853849829,18.970765544706673,56.0292286608262
2018-05-01 06:00:00+02:00,2018-05-01,6,23.96,38.67682872515927,20.696136526743224,60.127186007505124
2018-05-01 07:00:00+02:00,2018-05-01,7,40.1,40.781871011717186,19.632824839978227,65.31817110352318
2018-05-01 08:00:00+02:00,2018-05-01,8,49.34,43.1385210275878,20.83419592587911,67.5567022969063
2018-05-01 09:00:00+02:00,2018-05-01,9,51.73,46.22619115347966,27.015685179757682,69.66702015321708
2018-05-01 10:00:00+02:00,2018-05-01,10,53.27,44.86410341852472,27.665646510420807,66.82890581215611
2018-05-01 11:00:00+02:00,2018-05-01,11,52.02,44.44561801880326,28.125332072217887,65.9853615083272
2018-05-01 12:00:00+02:00,2018-05-01,12,51.95,45.29324792824639,28.966675397950944,66.45802666753087
2018-05-01 13:00:00+02:00,2018-05-01,13,52.02,44.036654505925625,26.62378230845043,65.30290255943609
2018-05-01 14:00:00+02:00,2018-05-01,14,51.95,42.66282971577222,26.257774481122958,63.86747062231363
2018-05-01 15:00:00+02:00,2018-05-01,15,52.53,41.06958636845208,22.11370295696596,62.40302018540186
2018-05-01 16:00:00+02:00,2018-05-01,16,53.99,41.184465611068056,21.593594530565667,63.3574969764005
2018-05-01 17:00:00+02:00,2018-05-01,17,56.35,42.451270163023956,20.84499119711934,65.41779018392427
2018-05-01 18:00:00+02:00,2018-05-01,18,58.19,43.018020166220076,22.306877307261693,67.8046950686531
2018-05-01 19:00:00+02:00,2018-05-01,19,58.76,43.83234853199305,25.36337844598681,69.31686392564711
2018-05-01 20:00:00+02:00,2018-05-01,20,60.58,48.964268538971666,33.1434335385961,71.50595111650873
2018-05-01 21:00:00+02:00,2018-05-01,21,61.01,50.281545263367335,35.26949032419711,68.41882424104382
2018-05-01 22:00:00+02:00,2018-05-01,22,58.05,48.661415665373724,34.981165184097975,69.03610210399934
2018-05-01 23:00:00+02:00,2018-05-01,23,55.01,46.14212485703656,32.77603644677478,66.86405123488485
2018-05-02 00:00:00+02:00,2018-05-02,0,58.09,41.670180248808535,27.680225988496808,60.9911108020452
2018-05-02 01:00:00+02:00,2018-05-02,1,49.59,35.14996039903931,18.638529435732515,55.32109956075973
2018-05-02 02:00:00+02:00,2018-05-02,2,44.78,30.306460452743742,16.326565669315904,50.203949363172114
2018-05-02 03:00:00+02:00,2018-05-02,3,44.35,28.603377917868727,13.446432562685516,47.73081035505864
2018-05-02 04:00:00+02:00,2018-05-02,4,44.35,28.577393485081483,13.796010340497997,47.44852181886695
2018-05-02 05:00:00+02:00,2018-05-02,5,44.35,31.6302051869509,15.627052193159283,52.68551530927881
2018-05-02 06:00:00+02:00,2018-05-02,6,49.33,36.7979410545027,18.817248856086657,58.248298336848556
2018-05-02 07:00:00+02:00,2018-05-02,7,59.35,44.15133931461898,23.00229314288002,68.68763940642498
2018-05-02 08:00:00+02:00,2018-05-02,8,60.81,46.52830166213342,24.223976560424735,70.94648293145192
2018-05-02 09:00:00+02:00,2018-05-02,9,62.62,49.45670302484434,30.24619705112236,72.89753202458175
2018-05-02 10:00:00+02:00,2018-05-02,10,62.02,50.10636056075057,32.90790365264666,72.07116295438196
2018-05-02 11:00:00+02:00,2018-05-02,11,60.77,49.77017245074371,33.449886504158336,71.30991594026764
2018-05-02 12:00:00+02:00,2018-05-02,12,59.42,49.57362468268369,33.24705215238825,70.73840342196817
2018-05-02 13:00:00+02:00,2018-05-02,13,59.31,48.313961606406124,30.90108940893093,69.58020965991659
2018-05-02 14:00:00+02:00,2018-05-02,14,57.5,46.153720220476295,29.748664985827034,67.3583611270177
2018-05-02 15:00:00+02:00,2018-05-02,15,53.56,45.40572240173808,26.449838990251962,66.73915621868787
2018-05-02 16:00:00+02:00,2018-05-02,16,53.4,45.62634981385189,26.0354787333495,67.79938117918434
2018-05-02 17:00:00+02:00,2018-05-02,17,56.93,48.425259319968816,26.818980354064202,71.39177934086914
2018-05-02 18:00:00+02:00,2018-05-02,18,58.99,51.458412585630505,30.747269726672123,76.24508748806352
2018-05-02 19:00:00+02:00,2018-05-02,19,60.57,54.495948354907206,36.02697826890097,79.98046374856126
2018-05-02 20:00:00+02:00,2018-05-02,20,61.81,56.88043275487725,41.05959775450168,79.42211533241431
2018-05-02 21:00:00+02:00,2018-05-02,21,60.77,57.632587013313085,42.62053207414286,75.76986599098957
2018-05-02 22:00:00+02:00,2018-05-02,22,58.55,53.77054802564902,40.09029754437327,74.14523446427464
2018-05-02 23:00:00+02:00,2018-05-02,23,49.59,50.22417039309809,36.85808198283631,70.94609677094638
2018-05-03 00:00:00+02:00,2018-05-03,0,39.1,49.03755955098866,35.047605290676934,68.35849010422533
2018-05-03 01:00:00+02:00,2018-05-03,1,38.37,42.69366460179575,26.18223363848896,62.86480376351617
2018-05-03 02:00:00+02:00,2018-05-03,2,36.19,39.866008829628235,25.886114046200397,59.76349774005661
2018-05-03 03:00:00+02:00,2018-05-03,3,34.39,38.587393151065896,23.430447795882685,57.714825588255806
2018-05-03 04:00:00+02:00,2018-05-03,4,33.0,37.654546894887716,22.87316375030423,56.52567522867319
2018-05-03 05:00:00+02:00,2018-05-03,5,38.2,38.08627598274779,22.083122988956177,59.1415861050757
2018-05-03 06:00:00+02:00,2018-05-03,6,40.22,42.52680615020588,24.546113951789835,63.977163432551734
2018-05-03 07:00:00+02:00,2018-05-03,7,51.17,49.05975601124466,27.9107098395057,73.59605610305064
2018-05-03 08:00:00+02:00,2018-05-03,8,60.0,51.53645356662234,29.232128464913654,75.95463483594084
2018-05-03 09:00:00+02:00,2018-05-03,9,62.48,54.12805424856583,34.91754827484385,77.56888324830325
2018-05-03 10:00:00+02:00,2018-05-03,10,62.0,53.20081381657982,36.0023569084759,75.1656162102112
2018-05-03 11:00:00+02:00,2018-05-03,11,59.9,51.01118853940681,34.69090259282144,72.55093202893076
2018-05-03 12:00:00+02:00,2018-05-03,12,56.08,50.69532244113939,34.368749910843945,71.86010118042387
2018-05-03 13:00:00+02:00,2018-05-03,13,55.03,49.621458565249256,32.20858636777406,70.88770661875972
2018-05-03 14:00:00+02:00,2018-05-03,14,54.01,47.07443803563254,30.66938280098328,68.27907894217395
2018-05-03 15:00:00+02:00,2018-05-03,15,55.1,45.51431933307574,26.55843592158962,66.84775315002551
2018-05-03 16:00:00+02:00,2018-05-03,16,55.01,44.567884248378554,24.977013167876166,66.740915613711
2018-05-03 17:00:00+02:00,2018-05-03,17,54.94,47.41079221594555,25.804513250040934,70.37731223684587
2018-05-03 18:00:00+02:00,2018-05-03,18,56.68,48.17585876684428,27.464715907885896,72.96253366927729
2018-05-03 19:00:00+02:00,2018-05-03,19,63.39,51.06083656704892,32.591866481042686,76.54535196070299
2018-05-03 20:00:00+02:00,2018-05-03,20,62.48,53.56547272776709,37.74463772739152,76.10715530530413
2018-05-03 21:00:00+02:00,2018-05-03,21,54.96,54.3537416194254,39.34168668025517,72.49102059710188
2018-05-03 22:00:00+02:00,2018-05-03,22,52.01,50.79043422476597,37.11018374349022,71.16512066339158
2018-05-03 23:00:00+02:00,2018-05-03,23,49.08,45.32211216334959,31.956023753087806,66.04403854119788
2018-05-04 00:00:00+02:00,2018-05-04,0,49.3,42.86606740540674,28.87611314509501,62.1869979586434
2018-05-04 01:00:00+02:00,2018-05-04,1,48.8,39.586359851543904,23.07492888823711,59.75749901326432
2018-05-04 02:00:00+02:00,2018-05-04,2,47.6,37.009417592573335,23.029522809145497,56.90690650300171
2018-05-04 03:00:00+02:00,2018-05-04,3,47.55,34.64303037156392,19.486085016380706,53.77046280875383
2018-05-04 04:00:00+02:00,2018-05-04,4,47.66,33.822896841078446,19.04151369649496,52.69402517486392
2018-05-04 05:00:00+02:00,2018-05-04,5,48.6,35.31323964050357,19.31008664671195,56.36854976283148
2018-05-04 06:00:00+02:00,2018-05-04,6,46.85,39.89535207938805,21.914659880972003,61.3457093617339
2018-05-04 07:00:00+02:00,2018-05-04,7,49.3,45.48675770824993,24.337711536510973,70.02305780005592
2018-05-04 08:00:00+02:00,2018-05-04,8,54.92,50.21253967495879,27.908214573250103,74.63072094427729
2018-05-04 09:00:00+02:00,2018-05-04,9,55.92,51.77997157923752,32.56946560551554,75.22080057897494
2018-05-04 10:00:00+02:00,2018-05-04,10,52.5,51.25323451681042,34.05477760870651,73.21803691044181
2018-05-04 11:00:00+02:00,2018-05-04,11,49.1,50.235684362421324,33.91539841583595,71.77542785194527
2018-05-04 12:00:00+02:00,2018-05-04,12,47.17,48.67837510511002,32.35180257481458,69.84315384439451
2018-05-04 13:00:00+02:00,2018-05-04,13,47.52,47.22575558637204,29.812883388896843,68.49200363988251
2018-05-04 14:00:00+02:00,2018-05-04,14,46.3,45.19938075911286,28.794325524463602,66.40402166565428
2018-05-04 15:00:00+02:00,2018-05-04,15,45.07,43.605233773578306,24.649350362092186,64.93866759052808
2018-05-04 16:00:00+02:00,2018-05-04,16,45.01,43.43333773025722,23.842466649754833,65.60636909558966
2018-05-04 17:00:00+02:00,2018-05-04,17,43.01,44.83402213289226,23.227743166987644,67.80054215379258
2018-05-04 18:00:00+02:00,2018-05-04,18,44.49,46.41489526422176,25.70375240526338,71.20157016665479
2018-05-04 19:00:00+02:00,2018-05-04,19,47.18,51.42934210529587,32.960372019289636,76.91385749894994
2018-05-04 20:00:00+02:00,2018-05-04,20,49.1,53.40333569664493,37.58250069626936,75.94501827418199
2018-05-04 21:00:00+02:00,2018-05-04,21,49.4,52.120588666532285,37.10853372736206,70.25786764420877
2018-05-04 22:00:00+02:00,2018-05-04,22,46.4,48.129568269871555,34.449317788595806,68.50425470849717
2018-05-04 23:00:00+02:00,2018-05-04,23,46.4,44.842754241818625,31.476665831556844,65.56468061966692
2018-05-05 00:00:00+02:00,2018-05-05,0,47.18,45.14481364375295,31.15485938344122,64.46574419698962
2018-05-05 01:00:00+02:00,2018-05-05,1,41.83,42.336379642492886,25.824948679186093,62.507518804213305
2018-05-05 02:00:00+02:00,2018-05-05,2,38.19,40.2726501278699,26.292755344442064,60.170139038298274
2018-05-05 03:00:00+02:00,2018-05-05,3,37.73,38.040117870038884,22.883172514855673,57.167550307228794
2018-05-05 04:00:00+02:00,2018-05-05,4,38.02,37.467274914392476,22.68589176980899,56.33840324817795
2018-05-05 05:00:00+02:00,2018-05-05,5,38.69,37.33375369444285,21.33060070065123,58.38906381677076
2018-05-05 06:00:00+02:00,2018-05-05,6,39.64,37.83691568986863,19.85622349145259,59.28727297221449
2018-05-05 07:00:00+02:00,2018-05-05,7,40.49,39.832556623261254,18.683510451522295,64.36885671506724
2018-05-05 08:00:00+02:00,2018-05-05,8,43.62,42.85799766866087,20.553672566952184,67.27617893797937
2018-05-05 09:00:00+02:00,2018-05-05,9,46.54,44.88670987942047,25.676203905698493,68.32753887915788
2018-05-05 10:00:00+02:00,2018-05-05,10,48.43,44.6552711955905,27.456814287486587,66.62007358922189
2018-05-05 11:00:00+02:00,2018-05-05,11,49.51,44.03190659046561,27.711620643880238,65.57165007998955
2018-05-05 12:00:00+02:00,2018-05-05,12,49.44,42.760752002026024,26.43417947173058,63.92553074131051
2018-05-05 13:00:00+02:00,2018-05-05,13,49.69,43.425597176734115,26.01272497925892,64.69184523024458
2018-05-05 14:00:00+02:00,2018-05-05,14,49.19,41.86568886659249,25.46063363194323,63.070329773133906
2018-05-05 15:00:00+02:00,2018-05-05,15,46.63,38.822648097058504,19.866764685572385,60.15608191400828
2018-05-05 16:00:00+02:00,2018-05-05,16,45.07,38.21929065990772,18.62841957940533,60.39232202524016
2018-05-05 17:00:00+02:00,2018-05-05,17,46.54,39.07938901842738,17.473110052522763,62.0459090393277
2018-05-05 18:00:00+02:00,2018-05-05,18,47.0,40.701685028504464,19.99054216954608,65.48835993093749
2018-05-05 19:00:00+02:00,2018-05-05,19,46.44,44.811716028892285,26.342745942886047,70.29623142254634
2018-05-05 20:00:00+02:00,2018-05-05,20,48.43,47.2234841500102,31.402649149634634,69.76516672754725
2018-05-05 21:00:00+02:00,2018-05-05,21,51.15,49.53946710218604,34.52741216301581,67.67674607986253
2018-05-05 22:00:00+02:00,2018-05-05,22,50.0,47.63702866540417,33.956778184128424,68.01171510402979
2018-05-05 23:00:00+02:00,2018-05-05,23,49.14,44.584547461660705,31.218459051398924,65.306473839509
2018-05-06 00:00:00+02:00,2018-05-06,0,53.22,51.52846234418176,37.538508083870035,70.84939289741843
2018-05-06 01:00:00+02:00,2018-05-06,1,52.33,47.223198471618296,30.711767508311503,67.39433763333872
2018-05-06 02:00:00+02:00,2018-05-06,2,51.0,44.40308408637277,30.423189302944934,64.30057299680115
2018-05-06 03:00:00+02:00,2018-05-06,3,50.17,41.914757295720264,26.757811940537053,61.042189732910174
2018-05-06 04:00:00+02:00,2018-05-06,4,50.01,42.63100650762731,27.849623363043825,61.50213484141278
2018-05-06 05:00:00+02:00,2018-05-06,5,50.79,42.720788176315736,26.71763518252412,63.776098298643646
2018-05-06 06:00:00+02:00,2018-05-06,6,53.13,44.86620131382458,26.88550911540854,66.31655859617044
2018-05-06 07:00:00+02:00,2018-05-06,7,58.01,45.15797883634214,24.00893266460318,69.69427892814812
2018-05-06 08:00:00+02:00,2018-05-06,8,62.8,47.04159928734803,24.73727418563934,71.45978055666652
2018-05-06 09:00:00+02:00,2018-05-06,9,63.9,48.72409442748136,29.513588453759382,72.16492342721878
2018-05-06 10:00:00+02:00,2018-05-06,10,63.79,49.86269204563088,32.664235137526966,71.82749443926227
2018-05-06 11:00:00+02:00,2018-05-06,11,62.8,49.55006383290892,33.22977788632355,71.08980732243286
2018-05-06 12:00:00+02:00,2018-05-06,12,62.86,49.1541683808842,32.82759585058876,70.31894712016869
2018-05-06 13:00:00+02:00,2018-05-06,13,62.87,49.49472078771886,32.081848590243666,70.76096884122933
2018-05-06 14:00:00+02:00,2018-05-06,14,62.8,48.47205038187342,32.06699514722416,69.67669128841484
2018-05-06 15:00:00+02:00,2018-05-06,15,60.0,44.56466162819767,25.60877821671155,65.89809544514745
2018-05-06 16:00:00+02:00,2018-05-06,16,60.0,44.01216906141178,24.421297980909394,66.18520042674422
2018-05-06 17:00:00+02:00,2018-05-06,17,60.0,45.930356942636976,24.32407797673236,68.8968769635373
2018-05-06 18:00:00+02:00,2018-05-06,18,59.46,46.61003941538125,25.89889655642287,71.39671431781427
2018-05-06 19:00:00+02:00,2018-05-06,19,62.7,48.8822128246133,30.41324273860706,74.36672821826735
2018-05-06 20:00:00+02:00,2018-05-06,20,62.07,52.43690448957943,36.616069489203866,74.97858706711648
2018-05-06 21:00:00+02:00,2018-05-06,21,64.0,54.98899219868131,39.97693725951108,73.12627117635779
2018-05-06 22:00:00+02:00,2018-05-06,22,63.0,55.027401431329544,41.347150950053795,75.40208786995515
2018-05-06 23:00:00+02:00,2018-05-06,23,59.0,51.03841843986098,37.6723300295992,71.76034481770927
2018-05-07 00:00:00+02:00,2018-05-07,0,56.88,54.904069047887674,40.91411478757595,74.22499960112434
2018-05-07 01:00:00+02:00,2018-05-07,1,52.09,51.534172914390034,35.02274195108324,71.70531207611046
2018-05-07 02:00:00+02:00,2018-05-07,2,51.75,48.56867709865486,34.58878231522702,68.46616600908322
2018-05-07 03:00:00+02:00,2018-05-07,3,51.79,47.54975531856178,32.39280996337857,66.67718775575169
2018-05-07 04:00:00+02:00,2018-05-07,4,51.63,47.5198977815038,32.738514636920314,66.39102611528926
2018-05-07 05:00:00+02:00,2018-05-07,5,52.34,47.95159988382525,31.948446890033637,69.00691000615316
2018-05-07 06:00:00+02:00,2018-05-07,6,55.35,50.72216991977366,32.74147772135762,72.17252720211951
2018-05-07 07:00:00+02:00,2018-05-07,7,57.71,54.80188110244069,33.65283493070173,79.33818119424669
2018-05-07 08:00:00+02:00,2018-05-07,8,61.21,58.25789556723797,35.95357046552928,82.67607683655646
2018-05-07 09:00:00+02:00,2018-05-07,9,61.21,59.39476146146701,40.184255487745034,82.83559046120443
2018-05-07 10:00:00+02:00,2018-05-07,10,61.85,60.924616762452274,43.72615985434836,82.88941915608366
2018-05-07 11:00:00+02:00,2018-05-07,11,62.09,59.90193410684592,43.58164816026055,81.44167759636986
2018-05-07 12:00:00+02:00,2018-05-07,12,61.89,59.223463480145895,42.89689094985045,80.38824221943038
2018-05-07 13:00:00+02:00,2018-05-07,13,62.01,58.62604770038563,41.21317550291043,79.8922957538961
2018-05-07 14:00:00+02:00,2018-05-07,14,62.19,57.68321332362984,41.27815808898058,78.88785423017126
2018-05-07 15:00:00+02:00,2018-05-07,15,62.64,55.7717641680998,36.81588075661368,77.10519798504959
2018-05-07 16:00:00+02:00,2018-05-07,16,62.19,54.98363027448236,35.39275919397997,77.1566616398148
2018-05-07 17:00:00+02:00,2018-05-07,17,62.12,56.191692089977764,34.58541312407315,79.15821211087808
2018-05-07 18:00:00+02:00,2018-05-07,18,61.99,57.1801801297546,36.46903727079622,81.96685503218762
2018-05-07 19:00:00+02:00,2018-05-07,19,61.75,59.19181577966484,40.722845693658606,84.6763311733189
2018-05-07 20:00:00+02:00,2018-05-07,20,61.4,59.68406426295165,43.863229262576084,82.22574684048871
2018-05-07 21:00:00+02:00,2018-05-07,21,61.79,62.117629718951775,47.10557477978155,80.25490869662826
2018-05-07 22:00:00+02:00,2018-05-07,22,61.89,59.963341157757284,46.283090676481535,80.3380275963829
2018-05-07 23:00:00+02:00,2018-05-07,23,61.85,57.728953142369484,44.3628647321077,78.45087952021777
2018-05-08 00:00:00+02:00,2018-05-08,0,65.7,55.32576498591887,41.335810725607146,74.64669553915554
2018-05-08 01:00:00+02:00,2018-05-08,1,63.43,49.8932863146216,33.381855351314805,70.06442547634202
2018-05-08 02:00:00+02:00,2018-05-08,2,62.01,48.18698091285776,34.207086129429925,68.08446982328613
2018-05-08 03:00:00+02:00,2018-05-08,3,58.76,47.18184829269671,32.0249029375135,66.30928072988662
2018-05-08 04:00:00+02:00,2018-05-08,4,58.35,46.597713487062634,31.816330342479148,65.4688418208481
2018-05-08 05:00:00+02:00,2018-05-08,5,58.27,47.75101270314956,31.747859709357947,68.80632282547748
2018-05-08 06:00:00+02:00,2018-05-08,6,58.27,51.28681993719094,33.3061277387749,72.73717721953679
2018-05-08 07:00:00+02:00,2018-05-08,7,55.46,55.30392338300264,34.15487721126368,79.84022347480862
2018-05-08 08:00:00+02:00,2018-05-08,8,57.46,57.322606299494865,35.01828119778618,81.74078756881336
2018-05-08 09:00:00+02:00,2018-05-08,9,61.16,58.69806772580108,39.4875617520791,82.1388967255385
2018-05-08 10:00:00+02:00,2018-05-08,10,62.21,59.983713979373945,42.78525707127003,81.94851637300533
2018-05-08 11:00:00+02:00,2018-05-08,11,65.32,59.011832180288025,42.69154623370265,80.55157566981197
2018-05-08 12:00:00+02:00,2018-05-08,12,66.3,58.98021869393284,42.6536461636374,80.14499743321733
2018-05-08 13:00:00+02:00,2018-05-08,13,67.75,59.07838948359737,41.665517286122174,80.34463753710784
2018-05-08 14:00:00+02:00,2018-05-08,14,68.01,57.84419403525182,41.43913880060256,79.04883494179323
2018-05-08 15:00:00+02:00,2018-05-08,15,66.8,56.72940887232801,37.77352546084189,78.06284268927779
2018-05-08 16:00:00+02:00,2018-05-08,16,66.24,55.78870219138946,36.19783111088707,77.9617335567219
2018-05-08 17:00:00+02:00,2018-05-08,17,65.67,57.07629415374333,35.47001518783872,80.04281417464365
2018-05-08 18:00:00+02:00,2018-05-08,18,65.67,57.76516550775411,37.05402264879573,82.55184041018714
2018-05-08 19:00:00+02:00,2018-05-08,19,65.32,58.4718602161355,40.00289013012926,83.95637560978955
2018-05-08 20:00:00+02:00,2018-05-08,20,66.69,59.865194481657966,44.0443594812824,82.40687705919501
2018-05-08 21:00:00+02:00,2018-05-08,21,70.0,61.84504900196894,46.83299406279871,79.98232797964542
2018-05-08 22:00:00+02:00,2018-05-08,22,70.97,60.88835637073331,47.20810588945756,81.26304280935892
2018-05-08 23:00:00+02:00,2018-05-08,23,70.0,58.197070710921516,44.830982300659734,78.9189970887698
2018-05-09 00:00:00+02:00,2018-05-09,0,71.02,61.98665368385092,47.99669942353919,81.30758423708758
2018-05-09 01:00:00+02:00,2018-05-09,1,70.0,58.33662150452286,41.82519054121607,78.50776066624329
2018-05-09 02:00:00+02:00,2018-05-09,2,68.21,55.49826326628653,41.51836848285869,75.3957521767149
2018-05-09 03:00:00+02:00,2018-05-09,3,68.14,53.78451754475235,38.627572189569136,72.91194998194226
2018-05-09 04:00:00+02:00,2018-05-09,4,68.0,53.72238253490188,38.940999390318396,72.59351086868736
2018-05-09 05:00:00+02:00,2018-05-09,5,68.21,54.20426747349186,38.201114479700244,75.25957759581976
2018-05-09 06:00:00+02:00,2018-05-09,6,71.54,57.399120925571616,39.41842872715557,78.84947820791747
2018-05-09 07:00:00+02:00,2018-05-09,7,75.65,59.72358635728183,38.57454018554287,84.25988644908782
2018-05-09 08:00:00+02:00,2018-05-09,8,76.76,61.58892186679638,39.2845967650877,86.00710313611488
2018-05-09 09:00:00+02:00,2018-05-09,9,77.06,63.40322514324764,44.19271916952566,86.84405414298506
2018-05-09 10:00:00+02:00,2018-05-09,10,77.01,64.79116404630322,47.59270713819931,86.75596643993461
2018-05-09 11:00:00+02:00,2018-05-09,11,77.47,65.0152450213748,48.69495907478942,86.55498851089874
2018-05-09 12:00:00+02:00,2018-05-09,12,77.61,64.14396866033829,47.817396130042845,85.30874739962277
2018-05-09 13:00:00+02:00,2018-05-09,13,77.1,63.96124758271626,46.548375385241066,85.22749563622673
2018-05-09 14:00:00+02:00,2018-05-09,14,76.72,62.930932263867554,46.52587702921829,84.13557317040897
2018-05-09 15:00:00+02:00,2018-05-09,15,76.03,61.21117708681852,42.2552936753324,82.5446109037683
2018-05-09 16:00:00+02:00,2018-05-09,16,75.7,60.80058315261529,41.2097120721129,82.97361451794774
2018-05-09 17:00:00+02:00,2018-05-09,17,75.57,61.26951481349263,39.66323584758801,84.23603483439294
2018-05-09 18:00:00+02:00,2018-05-09,18,76.76,62.92882466746245,42.21768180850407,87.71549956989547
2018-05-09 19:00:00+02:00,2018-05-09,19,78.34,64.37494451947455,45.905974433468316,89.8594599131286
2018-05-09 20:00:00+02:00,2018-05-09,20,79.33,66.10490173518299,50.284066734807425,88.64658431272005
2018-05-09 21:00:00+02:00,2018-05-09,21,77.25,69.0866531198278,54.074598180657574,87.22393209750429
2018-05-09 22:00:00+02:00,2018-05-09,22,75.7,67.13800351604365,53.457753034767904,87.51268995466927
2018-05-09 23:00:00+02:00,2018-05-09,23,74.8,65.64170821119741,52.27561980093563,86.3636345890457
2018-05-10 00:00:00+02:00,2018-05-10,0,72.16,65.77112597325133,51.7811717129396,85.092056526488
2018-05-10 01:00:00+02:00,2018-05-10,1,69.8,62.68598068110953,46.17454971780273,82.85711984282995
2018-05-10 02:00:00+02:00,2018-05-10,2,64.4,58.911319088077015,44.93142430464918,78.80880799850539
2018-05-10 03:00:00+02:00,2018-05-10,3,63.25,58.515842716734866,43.358897361551655,77.64327515392478
2018-05-10 04:00:00+02:00,2018-05-10,4,63.19,57.929624613393955,43.14824146881047,76.80075294717943
2018-05-10 05:00:00+02:00,2018-05-10,5,61.74,58.02215437680202,42.019001383010405,79.07746449912993
2018-05-10 06:00:00+02:00,2018-05-10,6,71.92,61.71223145262586,43.731539254209814,83.1625887349717
2018-05-10 07:00:00+02:00,2018-05-10,7,79.08,66.95743497817082,45.808388806431864,91.49373506997682
2018-05-10 08:00:00+02:00,2018-05-10,8,80.0,68.10959853804407,45.80527343633538,92.52777980736256
2018-05-10 09:00:00+02:00,2018-05-10,9,79.47,68.93604625724825,49.72554028352627,92.37687525698567
2018-05-10 10:00:00+02:00,2018-05-10,10,76.39,69.33584826759245,52.13739135948854,91.30065066122384
2018-05-10 11:00:00+02:00,2018-05-10,11,75.0,68.21680193400053,51.89651598741516,89.75654542352447
2018-05-10 12:00:00+02:00,2018-05-10,12,74.9,67.2873207370385,50.960748206743055,88.45209947632299
2018-05-10 13:00:00+02:00,2018-05-10,13,74.9,65.59973262064587,48.18686042317067,86.86598067415633
2018-05-10 14:00:00+02:00,2018-05-10,14,72.89,64.44101624080152,48.035961006152256,85.64565714734293
2018-05-10 15:00:00+02:00,2018-05-10,15,69.95,62.01990654777362,43.0640231362875,83.35334036472341
2018-05-10 16:00:00+02:00,2018-05-10,16,69.25,61.742023122110695,42.151152041608306,83.91505448744314
2018-05-10 17:00:00+02:00,2018-05-10,17,75.0,62.627775816960806,41.02149685105619,85.59429583786113
2018-05-10 18:00:00+02:00,2018-05-10,18,78.09,65.1353092302687,44.42416637131032,89.92198413270172
2018-05-10 19:00:00+02:00,2018-05-10,19,79.91,67.75367297777511,49.28470289176887,93.23818837142917
2018-05-10 20:00:00+02:00,2018-05-10,20,79.9,69.30486990427777,53.4840349039022,91.84655248181483
2018-05-10 21:00:00+02:00,2018-05-10,21,76.89,69.29442330478511,54.282368365614886,87.4317022824616
2018-05-10 22:00:00+02:00,2018-05-10,22,74.14,66.14847048316969,52.46822000189394,86.5231569217953
2018-05-10 23:00:00+02:00,2018-05-10,23,68.67,64.87560384180583,51.509515431544045,85.59753021965412
2018-05-11 00:00:00+02:00,2018-05-11,0,50.77,63.976624455903334,49.98667019559161,83.29755500914
2018-05-11 01:00:00+02:00,2018-05-11,1,46.61,58.67259995534871,42.161168992041915,78.84373911706913
2018-05-11 02:00:00+02:00,2018-05-11,2,44.56,55.214807909204694,41.234913125776856,75.11229681963306
2018-05-11 03:00:00+02:00,2018-05-11,3,41.92,53.58959210321143,38.43264674802822,72.71702454040134
2018-05-11 04:00:00+02:00,2018-05-11,4,41.07,53.46488026894782,38.68349712436434,72.3360086027333
2018-05-11 05:00:00+02:00,2018-05-11,5,46.17,53.45756807335592,37.454415079564306,74.51287819568384
2018-05-11 06:00:00+02:00,2018-05-11,6,54.22,59.128569426476155,41.14787722806011,80.57892670882201
2018-05-11 07:00:00+02:00,2018-05-11,7,67.64,64.02531526115469,42.87626908941573,88.56161535296067
2018-05-11 08:00:00+02:00,2018-05-11,8,69.0,65.51379915840005,43.20947405669136,89.93198042771854
2018-05-11 09:00:00+02:00,2018-05-11,9,70.02,66.04918773169167,46.838681757969695,89.4900167314291
2018-05-11 10:00:00+02:00,2018-05-11,10,68.68,66.36710616691018,49.16864925880626,88.33190856054156
2018-05-11 11:00:00+02:00,2018-05-11,11,68.31,65.12719970446106,48.80691375787569,86.666943193985
2018-05-11 12:00:00+02:00,2018-05-11,12,66.07,64.41529324654853,48.088720716253086,85.58007198583302
2018-05-11 13:00:00+02:00,2018-05-11,13,67.2,63.393877222811014,45.98100502533582,84.66012527632148
2018-05-11 14:00:00+02:00,2018-05-11,14,66.0,62.261199599992345,45.856144365343084,83.46584050653377
2018-05-11 15:00:00+02:00,2018-05-11,15,64.62,58.989392480885286,40.033509069399166,80.32282629783506
2018-05-11 16:00:00+02:00,2018-05-11,16,63.8,58.54119251521685,38.95032143471446,80.7142238805493
2018-05-11 17:00:00+02:00,2018-05-11,17,67.2,61.34627273260546,39.73999376670085,84.31279275350579
2018-05-11 18:00:00+02:00,2018-05-11,18,70.0,64.16639179369767,43.45524893473929,88.95306669613069
2018-05-11 19:00:00+02:00,2018-05-11,19,72.43,66.90077247414062,48.431802388134386,92.38528786779469
2018-05-11 20:00:00+02:00,2018-05-11,20,69.21,68.6105091471978,52.789674146822236,91.15219172473485
2018-05-11 21:00:00+02:00,2018-05-11,21,64.18,68.8622147076129,53.85015976844268,86.9994936852894
2018-05-11 22:00:00+02:00,2018-05-11,22,62.03,64.97198499684055,51.2917345155648,85.34667143546616
2018-05-11 23:00:00+02:00,2018-05-11,23,54.84,62.170125564333524,48.80403715407174,82.89205194218181
2018-05-12 00:00:00+02:00,2018-05-12,0,63.75,53.05303334093087,39.06307908061914,72.37396389416753
2018-05-12 01:00:00+02:00,2018-05-12,1,58.46,49.87487861216829,33.363447648861495,70.0460177738887
2018-05-12 02:00:00+02:00,2018-05-12,2,55.53,45.67676062985413,31.69686584642629,65.5742495402825
2018-05-12 03:00:00+02:00,2018-05-12,3,53.31,43.63995240170196,28.48300704651875,62.76738483889187
2018-05-12 04:00:00+02:00,2018-05-12,4,52.0,43.30917930828343,28.527796163699946,62.180307642068904
2018-05-12 05:00:00+02:00,2018-05-12,5,55.0,45.342544297059874,29.339391303268258,66.39785441938778
2018-05-12 06:00:00+02:00,2018-05-12,6,58.46,49.56656267478353,31.58587047636749,71.01691995712939
2018-05-12 07:00:00+02:00,2018-05-12,7,67.03,55.768457513282534,34.619411341543575,80.30475760508853
2018-05-12 08:00:00+02:00,2018-05-12,8,68.01,58.08123145178307,35.776906350074384,82.49941272110156
2018-05-12 09:00:00+02:00,2018-05-12,9,68.07,59.70420752188397,40.493701548161994,83.14503652162139
2018-05-12 10:00:00+02:00,2018-05-12,10,68.0,59.895982020825116,42.6975251127212,81.8607844144565
2018-05-12 11:00:00+02:00,2018-05-12,11,67.18,58.89688693117794,42.57660098459257,80.43663042070187
2018-05-12 12:00:00+02:00,2018-05-12,12,66.58,57.618728879782694,41.29215634948725,78.78350761906718
2018-05-12 13:00:00+02:00,2018-05-12,13,66.1,55.87696021442908,38.46408801695389,77.14320826793954
2018-05-12 14:00:00+02:00,2018-05-12,14,65.55,54.38586610469347,37.98081087004421,75.59050701123488
2018-05-12 15:00:00+02:00,2018-05-12,15,65.38,52.13488539266433,33.17900198117821,73.46831920961411
2018-05-12 16:00:00+02:00,2018-05-12,16,65.64,52.153905357031455,32.563034276529066,74.3269367223639
2018-05-12 17:00:00+02:00,2018-05-12,17,67.03,54.84851949355243,33.242240527647816,77.81503951445275
2018-05-12 18:00:00+02:00,2018-05-12,18,68.09,58.89743532171934,38.18629246276096,83.68411022415236
2018-05-12 19:00:00+02:00,2018-05-12,19,65.91,61.82366609915605,43.35469601314981,87.3081814928101
2018-05-12 20:00:00+02:00,2018-05-12,20,65.58,60.5915865347287,44.77075153435313,83.13326911226575
2018-05-12 21:00:00+02:00,2018-05-12,21,65.04,59.26826938810323,44.256214448933,77.40554836577971
2018-05-12 22:00:00+02:00,2018-05-12,22,64.33,56.50931005568916,42.829059574413414,76.88399649431477
2018-05-12 23:00:00+02:00,2018-05-12,23,61.94,53.04027166398491,39.67418325372313,73.7621980418332
2018-05-13 00:00:00+02:00,2018-05-13,0,36.0,58.573426975573646,44.58347271526192,77.89435752881032
2018-05-13 01:00:00+02:00,2018-05-13,1,34.76,53.92554583736412,37.414114874057326,74.09668499908454
2018-05-13 02:00:00+02:00,2018-05-13,2,34.5,49.88126711133249,35.90137232790465,69.77875602176087
2018-05-13 03:00:00+02:00,2018-05-13,3,33.49,48.54464791488302,33.38770255969981,67.67208035207292
2018-05-13 04:00:00+02:00,2018-05-13,4,34.05,47.796695470755196,33.01531232617171,66.66782380454066
2018-05-13 05:00:00+02:00,2018-05-13,5,34.05,48.79583285714011,32.792679863348496,69.85114297946802
2018-05-13 06:00:00+02:00,2018-05-13,6,34.27,50.97261204545286,32.99191984703682,72.42296932779871
2018-05-13 07:00:00+02:00,2018-05-13,7,31.77,54.23569421195809,33.08664804021913,78.77199430376407
2018-05-13 08:00:00+02:00,2018-05-13,8,34.05,56.62232872210217,34.31800362039348,81.04050999142066
2018-05-13 09:00:00+02:00,2018-05-13,9,34.5,58.484498062554806,39.27399208883283,81.92532706229223
2018-05-13 10:00:00+02:00,2018-05-13,10,34.5,59.26575535971688,42.06729845161296,81.23055775334826
2018-05-13 11:00:00+02:00,2018-05-13,11,34.76,58.32336133825478,42.003075391669405,79.86310482777873
2018-05-13 12:00:00+02:00,2018-05-13,12,34.76,57.12165392435874,40.795081394063295,78.28643266364323
2018-05-13 13:00:00+02:00,2018-05-13,13,34.61,57.15420136802061,39.74132917054541,78.42044942153107
2018-05-13 14:00:00+02:00,2018-05-13,14,34.5,56.253965739096806,39.848910504447545,77.45860664563821
2018-05-13 15:00:00+02:00,2018-05-13,15,22.45,53.49781443698623,34.54193102550011,74.83124825393601
2018-05-13 16:00:00+02:00,2018-05-13,16,15.0,53.26561477928077,33.67474369877838,75.43864614461322
2018-05-13 17:00:00+02:00,2018-05-13,17,15.0,54.76393178273704,33.157652816832424,77.73045180363735
2018-05-13 18:00:00+02:00,2018-05-13,18,17.48,56.94275214371853,36.23160928476015,81.72942704615156
2018-05-13 19:00:00+02:00,2018-05-13,19,34.05,59.11401556322632,40.64504547722008,84.59853095688038
2018-05-13 20:00:00+02:00,2018-05-13,20,36.56,59.911555913498134,44.09072091312257,82.4532384910352
2018-05-13 21:00:00+02:00,2018-05-13,21,55.16,60.56277692896971,45.550721989799484,78.7000559066462
2018-05-13 22:00:00+02:00,2018-05-13,22,56.18,60.628598461408956,46.94834798013321,81.00328490003457
2018-05-13 23:00:00+02:00,2018-05-13,23,55.02,57.30397785405485,43.93788944379307,78.02590423190314
2018-05-14 00:00:00+02:00,2018-05-14,0,55.62,44.46637557996225,30.476421319650527,63.787306133198925
2018-05-14 01:00:00+02:00,2018-05-14,1,50.97,41.804921761364206,25.293490798057412,61.976060923084624
2018-05-14 02:00:00+02:00,2018-05-14,2,45.73,39.717438049064604,25.737543265636766,59.614926959492976
2018-05-14 03:00:00+02:00,2018-05-14,3,44.15,38.02570699440234,22.86876163921913,57.15313943159225
2018-05-14 04:00:00+02:00,2018-05-14,4,44.27,38.25591180586055,23.474528661277063,57.12704013964602
2018-05-14 05:00:00+02:00,2018-05-14,5,45.79,39.96380807418782,23.9606550803962,61.01911819651573
2018-05-14 06:00:00+02:00,2018-05-14,6,53.74,43.56050723301668,25.579815034600635,65.01086451536253
2018-05-14 07:00:00+02:00,2018-05-14,7,54.92,46.620395971365156,25.471349799626196,71.15669606317115
2018-05-14 08:00:00+02:00,2018-05-14,8,58.01,47.96958706643901,25.665261964730323,72.3877683357575
2018-05-14 09:00:00+02:00,2018-05-14,9,55.83,48.52718064581312,29.31667467209114,71.96800964555054
2018-05-14 10:00:00+02:00,2018-05-14,10,53.71,47.086085750474936,29.887628842371022,69.05088814410632
2018-05-14 11:00:00+02:00,2018-05-14,11,52.62,48.37485429670463,32.05456835011926,69.91459778622857
2018-05-14 12:00:00+02:00,2018-05-14,12,53.71,48.22608677884326,31.899514248547817,69.39086551812775
2018-05-14 13:00:00+02:00,2018-05-14,13,53.59,47.54830435876895,30.135432161293757,68.81455241227943
2018-05-14 14:00:00+02:00,2018-05-14,14,53.71,46.60653428487314,30.20147905022388,67.81117519141455
2018-05-14 15:00:00+02:00,2018-05-14,15,52.62,41.7309265562929,22.77504314480678,63.06436037324268
2018-05-14 16:00:00+02:00,2018-05-14,16,52.47,39.580231419109154,19.989360338606765,61.753262784441596
2018-05-14 17:00:00+02:00,2018-05-14,17,52.49,41.99984630819605,20.393567342291433,64.96636632909636
2018-05-14 18:00:00+02:00,2018-05-14,18,52.0,42.799520071755886,22.088377212797504,67.58619497418891
2018-05-14 19:00:00+02:00,2018-05-14,19,51.47,48.14660776659273,29.677637680586493,73.63112316024679
2018-05-14 20:00:00+02:00,2018-05-14,20,55.0,50.505984568037306,34.68514956766174,73.04766714557437
2018-05-14 21:00:00+02:00,2018-05-14,21,57.35,58.40288014474031,43.39082520557008,76.5401591224168
2018-05-14 22:00:00+02:00,2018-05-14,22,55.5,57.05155510916596,43.37130462789021,77.42624154779158
2018-05-14 23:00:00+02:00,2018-05-14,23,51.84,53.78867054898957,40.42258213872779,74.51059692683786
2018-05-15 00:00:00+02:00,2018-05-15,0,50.12,54.44024957917979,40.450295318868065,73.76118013241646
2018-05-15 01:00:00+02:00,2018-05-15,1,45.88,49.037150627576835,32.52571966427004,69.20828978929725
2018-05-15 02:00:00+02:00,2018-05-15,2,40.0,46.194586861849544,32.214692078421706,66.09207577227792
2018-05-15 03:00:00+02:00,2018-05-15,3,36.65,45.19412091911912,30.03717556393591,64.32155335630904
2018-05-15 04:00:00+02:00,2018-05-15,4,36.6,44.89594303525449,30.114559890671003,63.76707136903996
2018-05-15 05:00:00+02:00,2018-05-15,5,39.98,45.173839182961665,29.17068618917005,66.22914930528958
2018-05-15 06:00:00+02:00,2018-05-15,6,47.5,49.12850215346215,31.147809955046107,70.578859435808
2018-05-15 07:00:00+02:00,2018-05-15,7,54.6,51.32871375905728,30.17966758731832,75.86501385086328
2018-05-15 08:00:00+02:00,2018-05-15,8,58.6,53.40077597432635,31.096450872617662,77.81895724364485
2018-05-15 09:00:00+02:00,2018-05-15,9,57.01,53.93620159289797,34.725695619175994,77.37703059263539
2018-05-15 10:00:00+02:00,2018-05-15,10,55.0,53.77690150004927,36.578444591945356,75.74170389368066
2018-05-15 11:00:00+02:00,2018-05-15,11,54.92,53.820276799329555,37.49999085274418,75.36002028885349
2018-05-15 12:00:00+02:00,2018-05-15,12,55.0,53.322431531331105,36.99585900103566,74.48721027061559
2018-05-15 13:00:00+02:00,2018-05-15,13,53.87,52.84116750783485,35.42829531035965,74.1074155613453
2018-05-15 14:00:00+02:00,2018-05-15,14,52.47,52.124343383893645,35.719288149244385,73.32898429043506
2018-05-15 15:00:00+02:00,2018-05-15,15,51.37,50.08552347340876,31.129640061922643,71.41895729035855
2018-05-15 16:00:00+02:00,2018-05-15,16,50.63,49.46562857147566,29.874757490973273,71.6386599368081
2018-05-15 17:00:00+02:00,2018-05-15,17,50.0,49.389999013499995,27.78372004759538,72.35651903440032
2018-05-15 18:00:00+02:00,2018-05-15,18,47.9,50.48076855882898,29.769625699870595,75.26744346126199
2018-05-15 19:00:00+02:00,2018-05-15,19,50.0,51.18240321906604,32.7134331330598,76.6669186127201
2018-05-15 20:00:00+02:00,2018-05-15,20,52.0,53.59935357722943,37.77851857685386,76.14103615476648
2018-05-15 21:00:00+02:00,2018-05-15,21,56.16,55.80859773320486,40.796542794034636,73.94587671088135
2018-05-15 22:00:00+02:00,2018-05-15,22,52.49,54.83563173644668,41.15538125517093,75.2103181750723
2018-05-15 23:00:00+02:00,2018-05-15,23,47.76,52.02524932096155,38.65916091069977,72.74717569880984
2018-05-16 00:00:00+02:00,2018-05-16,0,46.76,47.598830694423675,33.60887643411195,66.91976124766035
2018-05-16 01:00:00+02:00,2018-05-16,1,40.0,43.873687107876854,27.36225614457006,64.04482626959728
2018-05-16 02:00:00+02:00,2018-05-16,2,38.0,39.97221291856479,25.992318135136955,59.869701828993165
2018-05-16 03:00:00+02:00,2018-05-16,3,36.87,38.841799368371,23.68485401318779,57.96923180556091
2018-05-16 04:00:00+02:00,2018-05-16,4,38.0,38.375879962465646,23.59449681788216,57.24700829625112
2018-05-16 05:00:00+02:00,2018-05-16,5,39.9,40.075825495554824,24.072672501763208,61.131135617882734
2018-05-16 06:00:00+02:00,2018-05-16,6,46.78,44.87486300554401,26.894170807127963,66.32522028788986
2018-05-16 07:00:00+02:00,2018-05-16,7,55.01,48.87025369320718,27.721207521468223,73.40655378501317
2018-05-16 08:00:00+02:00,2018-05-16,8,57.67,50.5993834977299,28.295058396021215,75.0175647670484
2018-05-16 09:00:00+02:00,2018-05-16,9,57.12,50.62978306203115,31.419277088309173,74.07061206176857
2018-05-16 10:00:00+02:00,2018-05-16,10,55.55,50.824924324264664,33.62646741616075,72.78972671789606
2018-05-16 11:00:00+02:00,2018-05-16,11,56.23,49.75053608147421,33.43025013488884,71.29027957099815
2018-05-16 12:00:00+02:00,2018-05-16,12,56.97,49.70942950897525,33.382856978679804,70.87420824825973
2018-05-16 13:00:00+02:00,2018-05-16,13,56.97,49.4672854297746,32.0544132322994,70.73353348328507
2018-05-16 14:00:00+02:00,2018-05-16,14,56.23,48.21859932279626,31.813544088146998,69.42324022933767
2018-05-16 15:00:00+02:00,2018-05-16,15,56.4,46.27999988696396,27.324116475477837,67.61343370391373
2018-05-16 16:00:00+02:00,2018-05-16,16,56.4,45.42399001000071,25.83311892949832,67.59702137533316
2018-05-16 17:00:00+02:00,2018-05-16,17,56.35,46.24255434776763,24.636275381863015,69.20907436866796
2018-05-16 18:00:00+02:00,2018-05-16,18,55.23,46.10850654621474,25.39736368725636,70.89518144864776
2018-05-16 19:00:00+02:00,2018-05-16,19,54.5,47.910291411524405,29.441321325518167,73.39480680517846
2018-05-16 20:00:00+02:00,2018-05-16,20,56.4,49.65294979191589,33.83211479154032,72.19463236945293
2018-05-16 21:00:00+02:00,2018-05-16,21,57.57,53.982632071824185,38.97057713265396,72.11991104950067
2018-05-16 22:00:00+02:00,2018-05-16,22,55.72,51.9312563090917,38.25100582781595,72.30594274771732
2018-05-16 23:00:00+02:00,2018-05-16,23,49.01,49.169548623863875,35.803460213602094,69.89147500171217
2018-05-17 00:00:00+02:00,2018-05-17,0,48.02,49.16197845144798,35.17202419113625,68.48290900468464
2018-05-17 01:00:00+02:00,2018-05-17,1,46.0,45.54788366349842,29.036452700191624,65.71902282521884
2018-05-17 02:00:00+02:00,2018-05-17,2,44.44,42.21100756651755,28.231112783089714,62.10849647694592
2018-05-17 03:00:00+02:00,2018-05-17,3,44.44,41.669624368517056,26.512679013333845,60.797056805706966
2018-05-17 04:00:00+02:00,2018-05-17,4,44.88,42.47684068432466,27.69545753974117,61.34796901811013
2018-05-17 05:00:00+02:00,2018-05-17,5,47.49,43.33824363284109,27.335090639049476,64.393553755169
2018-05-17 06:00:00+02:00,2018-05-17,6,50.79,46.870388127000744,28.8896959285847,68.3207454093466
2018-05-17 07:00:00+02:00,2018-05-17,7,56.05,50.297590457299705,29.148544285560746,74.83389054910569
2018-05-17 08:00:00+02:00,2018-05-17,8,57.03,52.310718485005054,30.006393383296366,76.72889975432355
2018-05-17 09:00:00+02:00,2018-05-17,9,57.72,52.77939270273458,33.568886729012604,76.220221702472
2018-05-17 10:00:00+02:00,2018-05-17,10,56.97,53.14137751181863,35.94292060371472,75.10617990545002
2018-05-17 11:00:00+02:00,2018-05-17,11,57.49,52.72845973902249,36.40817379243712,74.26820322854644
2018-05-17 12:00:00+02:00,2018-05-17,12,58.45,52.502168171280616,36.17559564098517,73.6669469105651
2018-05-17 13:00:00+02:00,2018-05-17,13,58.37,52.47730595459801,35.06443375712281,73.74355400810848
2018-05-17 14:00:00+02:00,2018-05-17,14,57.46,51.8622633404003,35.457208105751036,73.0669042469417
2018-05-17 15:00:00+02:00,2018-05-17,15,57.03,49.299358102207854,30.343474690721735,70.63279191915763
2018-05-17 16:00:00+02:00,2018-05-17,16,57.12,49.05778327098981,29.46691219048742,71.23081463632225
2018-05-17 17:00:00+02:00,2018-05-17,17,56.97,49.66197486250123,28.055695896596617,72.62849488340154
2018-05-17 18:00:00+02:00,2018-05-17,18,56.69,49.65032968928717,28.939186830328786,74.43700459172018
2018-05-17 19:00:00+02:00,2018-05-17,19,56.05,50.03508253777314,31.566112451766905,75.5195979314272
2018-05-17 20:00:00+02:00,2018-05-17,20,56.69,52.33145672525916,36.51062172488359,74.8731393027962
2018-05-17 21:00:00+02:00,2018-05-17,21,58.22,54.3788248626664,39.36676992349617,72.51610384034288
2018-05-17 22:00:00+02:00,2018-05-17,22,56.79,52.25908325623614,38.57883277496039,72.63376969486175
2018-05-17 23:00:00+02:00,2018-05-17,23,55.0,48.89263409200595,35.52654568174417,69.61456046985424
2018-05-18 00:00:00+02:00,2018-05-18,0,55.11,51.760261684645364,37.77030742433364,71.08119223788204
2018-05-18 01:00:00+02:00,2018-05-18,1,51.9,47.83894470415809,31.327513740851295,68.0100838658785
2018-05-18 02:00:00+02:00,2018-05-18,2,49.84,45.31230777423514,31.3324129908073,65.2097966846635
2018-05-18 03:00:00+02:00,2018-05-18,3,49.1,44.40846507058056,29.25151971539735,63.53589750777047
2018-05-18 04:00:00+02:00,2018-05-18,4,49.93,44.505867885758036,29.72448474117455,63.37699621954351
2018-05-18 05:00:00+02:00,2018-05-18,5,53.04,45.68229153302028,29.679138539228667,66.73760165534819
2018-05-18 06:00:00+02:00,2018-05-18,6,57.06,49.29210005520452,31.311407856788477,70.74245733755038
2018-05-18 07:00:00+02:00,2018-05-18,7,59.01,52.75888259741017,31.60983642567121,77.29518268921616
2018-05-18 08:00:00+02:00,2018-05-18,8,59.69,53.449509544712285,31.145184443003597,77.86769081403078
2018-05-18 09:00:00+02:00,2018-05-18,9,60.0,54.91599737174016,35.70549139801818,78.35682637147758
2018-05-18 10:00:00+02:00,2018-05-18,10,59.63,54.91587776996787,37.71742086186396,76.88068016359927
2018-05-18 11:00:00+02:00,2018-05-18,11,59.45,53.85879736629879,37.538511419713416,75.39854085582273
2018-05-18 12:00:00+02:00,2018-05-18,12,59.45,53.799662933696524,37.47309040340108,74.96444167298101
2018-05-18 13:00:00+02:00,2018-05-18,13,59.35,53.262518033358255,35.84964583588306,74.52876608686873
2018-05-18 14:00:00+02:00,2018-05-18,14,59.01,52.66078051790329,36.25572528325403,73.8654214244447
2018-05-18 15:00:00+02:00,2018-05-18,15,58.89,49.96015496009064,31.00427154860452,71.29358877704041
2018-05-18 16:00:00+02:00,2018-05-18,16,59.21,49.74991626180983,30.15904518130744,71.92294762714226
2018-05-18 17:00:00+02:00,2018-05-18,17,59.01,50.57803101173275,28.971752045828133,73.54455103263307
2018-05-18 18:00:00+02:00,2018-05-18,18,59.01,51.089301880273716,30.378159021315334,75.87597678270674
2018-05-18 19:00:00+02:00,2018-05-18,19,58.89,52.82725207501272,34.358281989006485,78.31176746866677
2018-05-18 20:00:00+02:00,2018-05-18,20,59.45,54.367063160343335,38.54622815996777,76.9087457378804
2018-05-18 21:00:00+02:00,2018-05-18,21,60.1,55.81708929650863,40.8050343573384,73.95436827418511
2018-05-18 22:00:00+02:00,2018-05-18,22,59.52,54.42491335308868,40.74466287181293,74.79959979171429
2018-05-18 23:00:00+02:00,2018-05-18,23,58.0,52.30325536386165,38.93716695359987,73.02518174170994
2018-05-19 00:00:00+02:00,2018-05-19,0,61.3,53.92457195200895,39.93461769169722,73.24550250524561
2018-05-19 01:00:00+02:00,2018-05-19,1,60.01,50.1462129607672,33.63478199746041,70.31735212248762
2018-05-19 02:00:00+02:00,2018-05-19,2,59.63,48.02952140696787,34.049626623540036,67.92701031739625
2018-05-19 03:00:00+02:00,2018-05-19,3,59.63,46.14973328849781,30.992787933314602,65.27716572568772
2018-05-19 04:00:00+02:00,2018-05-19,4,59.59,47.06492959613834,32.283546451554855,65.9360579299238
2018-05-19 05:00:00+02:00,2018-05-19,5,60.5,48.11529620887542,32.112143215083805,69.17060633120333
2018-05-19 06:00:00+02:00,2018-05-19,6,60.01,51.06664795850461,33.08595576008857,72.51700524085047
2018-05-19 07:00:00+02:00,2018-05-19,7,60.01,52.366725151267325,31.217678979528365,76.90302524307332
2018-05-19 08:00:00+02:00,2018-05-19,8,59.63,53.33001747427541,31.02569237256672,77.7481987435939
2018-05-19 09:00:00+02:00,2018-05-19,9,61.52,54.62265009279554,35.41214411907356,78.06347909253296
2018-05-19 10:00:00+02:00,2018-05-19,10,61.7,55.84222415132423,38.64376724322032,77.80702654495562
2018-05-19 11:00:00+02:00,2018-05-19,11,61.42,55.24610470538054,38.92581875879517,76.78584819490447
2018-05-19 12:00:00+02:00,2018-05-19,12,61.3,54.85081871896034,38.5242461886649,76.01559745824483
2018-05-19 13:00:00+02:00,2018-05-19,13,61.3,55.06672673569311,37.653854538217914,76.33297478920358
2018-05-19 14:00:00+02:00,2018-05-19,14,61.18,54.35872200215955,37.95366676751029,75.56336290870097
2018-05-19 15:00:00+02:00,2018-05-19,15,59.63,51.109212613870135,32.153329202384015,72.4426464308199
2018-05-19 16:00:00+02:00,2018-05-19,16,58.65,50.05728047432878,30.46640939382639,72.23031183966123
2018-05-19 17:00:00+02:00,2018-05-19,17,58.47,50.693027039670135,29.08674807376552,73.65954706057045
2018-05-19 18:00:00+02:00,2018-05-19,18,58.6,52.11670020525937,31.405557346300988,76.9033751076924
2018-05-19 19:00:00+02:00,2018-05-19,19,59.56,53.97813645132719,35.50916636532095,79.46265184498125
2018-05-19 20:00:00+02:00,2018-05-19,20,60.5,56.277208254599906,40.45637325422434,78.81889083213696
2018-05-19 21:00:00+02:00,2018-05-19,21,61.98,58.23607102126132,43.22401608209109,76.37334999893781
2018-05-19 22:00:00+02:00,2018-05-19,22,61.71,56.514182392237316,42.83393191096157,76.88886883086293
2018-05-19 23:00:00+02:00,2018-05-19,23,61.6,53.375712757356744,40.00962434709496,74.09763913520504
2018-05-20 00:00:00+02:00,2018-05-20,0,60.5,57.006717997448085,43.01676373713636,76.32764855068476
2018-05-20 01:00:00+02:00,2018-05-20,1,60.14,52.79228916216836,36.280858198861566,72.96342832388878
2018-05-20 02:00:00+02:00,2018-05-20,2,59.97,50.60743212703862,36.62753734361078,70.504921037467
2018-05-20 03:00:00+02:00,2018-05-20,3,59.63,48.120043389446394,32.96309803426318,67.2474758266363
2018-05-20 04:00:00+02:00,2018-05-20,4,59.45,48.390564524664015,33.60918138008053,67.26169285844949
2018-05-20 05:00:00+02:00,2018-05-20,5,59.21,48.98370798299261,32.980554989200996,70.03901810532052
2018-05-20 06:00:00+02:00,2018-05-20,6,57.67,51.108340845626714,33.12764864721067,72.55869812797258
2018-05-20 07:00:00+02:00,2018-05-20,7,54.98,52.040028158019865,30.890981986280906,76.57632824982585
2018-05-20 08:00:00+02:00,2018-05-20,8,56.35,52.33721068570312,30.03288558399443,76.75539195502162
2018-05-20 09:00:00+02:00,2018-05-20,9,59.21,54.2567797985684,35.04627382484642,77.69760879830582
2018-05-20 10:00:00+02:00,2018-05-20,10,59.63,55.73695972582762,38.5385028177237,77.701762119459
2018-05-20 11:00:00+02:00,2018-05-20,11,59.97,55.12497743871194,38.804691492126565,76.66472092823588
2018-05-20 12:00:00+02:00,2018-05-20,12,59.97,55.11372668521509,38.78715415491965,76.27850542449957
2018-05-20 13:00:00+02:00,2018-05-20,13,60.0,55.03429157414505,37.621419376669856,76.30053962765552
2018-05-20 14:00:00+02:00,2018-05-20,14,60.0,54.188230325033544,37.78317509038428,75.39287123157496
2018-05-20 15:00:00+02:00,2018-05-20,15,59.21,51.27572091475478,32.31983750326866,72.60915473170456
2018-05-20 16:00:00+02:00,2018-05-20,16,57.33,50.20283163542781,30.611960554925425,72.37586300076026
2018-05-20 17:00:00+02:00,2018-05-20,17,56.04,51.25815403402527,29.651875068120653,74.22467405492559
2018-05-20 18:00:00+02:00,2018-05-20,18,55.5,52.5479269116867,31.83678405272832,77.33460181411972
2018-05-20 19:00:00+02:00,2018-05-20,19,57.63,54.94751838379492,36.478548297788684,80.43203377744898
2018-05-20 20:00:00+02:00,2018-05-20,20,59.45,58.097738090581174,42.27690309020561,80.63942066811822
2018-05-20 21:00:00+02:00,2018-05-20,21,62.98,60.53656707505178,45.52451213588155,78.67384605272827
2018-05-20 22:00:00+02:00,2018-05-20,22,63.01,60.0430198891424,46.36276940786665,80.41770632776802
2018-05-20 23:00:00+02:00,2018-05-20,23,62.07,57.67179277339354,44.30570436313176,78.39371915124184
2018-05-21 00:00:00+02:00,2018-05-21,0,59.63,58.46441944547047,44.47446518515874,77.78534999870713
2018-05-21 01:00:00+02:00,2018-05-21,1,59.63,55.71050293529464,39.19907197198785,75.88164209701506
2018-05-21 02:00:00+02:00,2018-05-21,2,59.45,52.64610619059181,38.66621140716397,72.54359510102017
2018-05-21 03:00:00+02:00,2018-05-21,3,59.45,51.93026547374539,36.77332011856218,71.0576979109353
2018-05-21 04:00:00+02:00,2018-05-21,4,59.63,52.07616138204454,37.29477823746105,70.94728971583001
2018-05-21 05:00:00+02:00,2018-05-21,5,60.0,52.2221620027388,36.21900900894718,73.27747212506671
2018-05-21 06:00:00+02:00,2018-05-21,6,61.8,55.013132460105126,37.03244026168908,76.46348974245097
2018-05-21 07:00:00+02:00,2018-05-21,7,62.25,57.85107703593984,36.70203086420088,82.38737712774582
2018-05-21 08:00:00+02:00,2018-05-21,8,64.09,59.36284440367449,37.0585193019658,83.78102567299298
2018-05-21 09:00:00+02:00,2018-05-21,9,65.0,60.276392848050286,41.06588687432831,83.7172218477877
2018-05-21 10:00:00+02:00,2018-05-21,10,64.62,60.90801745434036,43.709560546236446,82.87281984797175
2018-05-21 11:00:00+02:00,2018-05-21,11,64.61,60.3117216658265,43.991435719241125,81.85146515535044
2018-05-21 12:00:00+02:00,2018-05-21,12,64.62,59.65114496800028,43.32457243770484,80.81592370728477
2018-05-21 13:00:00+02:00,2018-05-21,13,64.39,58.602313089100356,41.18944089162516,79.86856114261082
2018-05-21 14:00:00+02:00,2018-05-21,14,64.09,57.51579721615349,41.110741981504226,78.7204381226949
2018-05-21 15:00:00+02:00,2018-05-21,15,63.26,56.300027940631196,37.344144529145076,77.63346175758097
2018-05-21 16:00:00+02:00,2018-05-21,16,63.0,55.39319041994666,35.802319339444274,77.56622178527911
2018-05-21 17:00:00+02:00,2018-05-21,17,62.8,56.54055358103322,34.93427461512861,79.50707360193354
2018-05-21 18:00:00+02:00,2018-05-21,18,61.3,57.878373533614216,37.16723067465583,82.66504843604724
2018-05-21 19:00:00+02:00,2018-05-21,19,62.3,58.361243968280476,39.89227388227424,83.84575936193454
2018-05-21 20:00:00+02:00,2018-05-21,20,64.01,60.073723044669535,44.25288804429397,82.6154056222066
2018-05-21 21:00:00+02:00,2018-05-21,21,66.0,63.034963044802986,48.02290810563276,81.17224202247948
2018-05-21 22:00:00+02:00,2018-05-21,22,65.0,61.07904688301481,47.39879640173906,81.45373332164043
2018-05-21 23:00:00+02:00,2018-05-21,23,63.5,58.99627273954819,45.63018432928641,79.71819911739648
2018-05-22 00:00:00+02:00,2018-05-22,0,65.1,57.83251873132982,43.84256447101809,77.15344928456649
2018-05-22 01:00:00+02:00,2018-05-22,1,65.0,54.542169949245555,38.03073898593876,74.71330911096598
2018-05-22 02:00:00+02:00,2018-05-22,2,64.62,51.69678120666971,37.716886423241874,71.59427011709809
2018-05-22 03:00:00+02:00,2018-05-22,3,64.2,51.13927261684639,35.98232726166318,70.2667050540363
2018-05-22 04:00:00+02:00,2018-05-22,4,64.01,50.72526878416947,35.943885639585986,69.59639711795495
2018-05-22 05:00:00+02:00,2018-05-22,5,64.3,51.48186679334829,35.47871379955667,72.5371769156762
2018-05-22 06:00:00+02:00,2018-05-22,6,64.62,55.05409852483166,37.073406326415615,76.50445580717752
2018-05-22 07:00:00+02:00,2018-05-22,7,63.56,58.43844885438523,37.28940268264627,82.97474894619123
2018-05-22 08:00:00+02:00,2018-05-22,8,63.36,59.921530933848906,37.617205832140215,84.33971220316741
2018-05-22 09:00:00+02:00,2018-05-22,9,64.01,61.32146505484995,42.11095908112797,84.76229405458737
2018-05-22 10:00:00+02:00,2018-05-22,10,63.0,61.7102059751918,44.511749067087884,83.67500836882319
2018-05-22 11:00:00+02:00,2018-05-22,11,62.47,60.76587005355475,44.44558410696938,82.30561354307869
2018-05-22 12:00:00+02:00,2018-05-22,12,62.69,60.53740433849148,44.21083180819603,81.70218307777597
2018-05-22 13:00:00+02:00,2018-05-22,13,63.16,59.67827061162306,42.26539841414787,80.94451866513353
2018-05-22 14:00:00+02:00,2018-05-22,14,62.7,58.71893298652492,42.31387775187566,79.92357389306633
2018-05-22 15:00:00+02:00,2018-05-22,15,62.47,56.92540620082771,37.96952278934159,78.25884001777749
2018-05-22 16:00:00+02:00,2018-05-22,16,62.47,55.93761886028246,36.346747779780074,78.1106502256149
2018-05-22 17:00:00+02:00,2018-05-22,17,62.47,57.184094016071526,35.57781505016691,80.15061403697185
2018-05-22 18:00:00+02:00,2018-05-22,18,62.26,58.148410892390906,37.437268033432524,82.93508579482392
2018-05-22 19:00:00+02:00,2018-05-22,19,62.47,58.73406877945156,40.265098693445324,84.21858417310563
2018-05-22 20:00:00+02:00,2018-05-22,20,63.16,60.60737142137033,44.786536420994764,83.14905399890739
2018-05-22 21:00:00+02:00,2018-05-22,21,64.69,62.598301356628475,47.58624641745825,80.73558033430496
2018-05-22 22:00:00+02:00,2018-05-22,22,63.56,60.71445772329648,47.034207242020734,81.08914416192209
2018-05-22 23:00:00+02:00,2018-05-22,23,62.29,58.18598859865019,44.81990018838841,78.90791497649849
2018-05-23 00:00:00+02:00,2018-05-23,0,64.21,58.63817060731408,44.648216347002354,77.95910116055074
2018-05-23 01:00:00+02:00,2018-05-23,1,64.22,55.057692894433956,38.54626193112716,75.22883205615437
2018-05-23 02:00:00+02:00,2018-05-23,2,63.69,52.33712315167894,38.3572283682511,72.23461206210732
2018-05-23 03:00:00+02:00,2018-05-23,3,63.5,51.85978590917904,36.70284055399583,70.98721834636895
2018-05-23 04:00:00+02:00,2018-05-23,4,63.79,51.38036638873783,36.59898324415435,70.2514947225233
2018-05-23 05:00:00+02:00,2018-05-23,5,64.22,52.03122694903336,36.028073955241744,73.08653707136128
2018-05-23 06:00:00+02:00,2018-05-23,6,65.0,55.07409326878851,37.093401070372465,76.52445055113436
2018-05-23 07:00:00+02:00,2018-05-23,7,64.64,57.90550597193917,36.75645980020021,82.44180606374516
2018-05-23 08:00:00+02:00,2018-05-23,8,65.99,58.74150380315503,36.43717870144634,83.15968507247352
2018-05-23 09:00:00+02:00,2018-05-23,9,66.01,60.474430618185615,41.263924644463636,83.91525961792303
2018-05-23 10:00:00+02:00,2018-05-23,10,65.88,60.76922187247503,43.570764964371115,82.73402426610642
2018-05-23 11:00:00+02:00,2018-05-23,11,65.59,59.299308573355596,42.979022626770224,80.83905206287955
2018-05-23 12:00:00+02:00,2018-05-23,12,65.89,59.29704434327259,42.970471812977145,80.46182308255707
2018-05-23 13:00:00+02:00,2018-05-23,13,65.88,58.98026421000918,41.567392012533986,80.24651226351965
2018-05-23 14:00:00+02:00,2018-05-23,14,64.89,57.83644088959909,41.43138565494983,79.0410817961405
2018-05-23 15:00:00+02:00,2018-05-23,15,64.49,56.22640560094764,37.27052218946152,77.55983941789742
2018-05-23 16:00:00+02:00,2018-05-23,16,64.79,54.864224880841356,35.27335380033897,77.0372562461738
2018-05-23 17:00:00+02:00,2018-05-23,17,64.49,56.12245162645728,34.51617266055266,79.0889716473576
2018-05-23 18:00:00+02:00,2018-05-23,18,64.22,57.70725021366752,36.99610735470914,82.49392511610054
2018-05-23 19:00:00+02:00,2018-05-23,19,64.63,58.64759031495479,40.17862022894855,84.13210570860885
2018-05-23 20:00:00+02:00,2018-05-23,20,65.03,59.25622596276288,43.43539096238732,81.79790854029994
2018-05-23 21:00:00+02:00,2018-05-23,21,66.64,60.774763204617194,45.76270826544697,78.91204218229367
2018-05-23 22:00:00+02:00,2018-05-23,22,65.1,59.15098714592443,45.47073666464868,79.52567358455005
2018-05-23 23:00:00+02:00,2018-05-23,23,65.0,57.0325052350395,43.66641682477772,77.7544316128878
2018-05-24 00:00:00+02:00,2018-05-24,0,66.45,60.45033216613051,46.46037790581878,79.77126271936717
2018-05-24 01:00:00+02:00,2018-05-24,1,65.96,56.997155323166524,40.48572435985973,77.16829448488694
2018-05-24 02:00:00+02:00,2018-05-24,2,64.97,53.86374459232373,39.88384980889589,73.7612335027521
2018-05-24 03:00:00+02:00,2018-05-24,3,64.64,53.87066939910354,38.71372404392033,72.99810183629344
2018-05-24 04:00:00+02:00,2018-05-24,4,64.63,53.42908974017054,38.64770659558705,72.30021807395602
2018-05-24 05:00:00+02:00,2018-05-24,5,64.65,53.83661008643596,37.833457092644345,74.89192020876388
2018-05-24 06:00:00+02:00,2018-05-24,6,65.0,57.383103753272735,39.40241155485669,78.8334610356186
2018-05-24 07:00:00+02:00,2018-05-24,7,64.97,60.35992490461356,39.2108787328746,84.89622499641955
2018-05-24 08:00:00+02:00,2018-05-24,8,65.01,61.7087899667384,39.40446486502971,86.1269712360569
2018-05-24 09:00:00+02:00,2018-05-24,9,65.96,63.15037093740354,43.93986496368156,86.59119993714096
2018-05-24 10:00:00+02:00,2018-05-24,10,65.0,63.63193611263995,46.433479204536035,85.59673850627134
2018-05-24 11:00:00+02:00,2018-05-24,11,64.65,62.34746439052975,46.02717844394438,83.8872078800537
2018-05-24 12:00:00+02:00,2018-05-24,12,64.63,62.40476491387834,46.078192383582895,83.56954365316282
2018-05-24 13:00:00+02:00,2018-05-24,13,64.52,61.88002475721819,44.46715255974299,83.14627281072865
2018-05-24 14:00:00+02:00,2018-05-24,14,63.47,61.21531503975797,44.81025980510871,82.41995594629938
2018-05-24 15:00:00+02:00,2018-05-24,15,62.03,59.426230194025095,40.470346782538975,80.75966401097487
2018-05-24 16:00:00+02:00,2018-05-24,16,60.34,58.16913991302978,38.57826883252739,80.34217127836223
2018-05-24 17:00:00+02:00,2018-05-24,17,60.68,58.54224543698564,36.935966471081024,81.50876545788596
2018-05-24 18:00:00+02:00,2018-05-24,18,61.36,59.791768968423796,39.08062610946541,84.57844387085682
2018-05-24 19:00:00+02:00,2018-05-24,19,63.34,61.10076061722221,42.63179053121597,86.58527601087627
2018-05-24 20:00:00+02:00,2018-05-24,20,64.45,61.32983128316105,45.50899628278548,83.8715138606981
2018-05-24 21:00:00+02:00,2018-05-24,21,64.99,62.462361975974844,47.45030703680462,80.59964095365133
2018-05-24 22:00:00+02:00,2018-05-24,22,64.45,60.81811394012427,47.13786345884852,81.1928003787499
2018-05-24 23:00:00+02:00,2018-05-24,23,64.01,59.13442779667749,45.76833938641571,79.85635417452579
2018-05-25 00:00:00+02:00,2018-05-25,0,64.63,59.473451888555154,45.48349762824343,78.79438244179183
2018-05-25 01:00:00+02:00,2018-05-25,1,64.49,56.18266537770681,39.67123441440002,76.35380453942723
2018-05-25 02:00:00+02:00,2018-05-25,2,63.49,52.789134654075724,38.809239870647886,72.68662356450409
2018-05-25 03:00:00+02:00,2018-05-25,3,63.47,52.46712851172689,37.31018315654368,71.59456094891681
2018-05-25 04:00:00+02:00,2018-05-25,4,63.47,51.79895818195509,37.01757503737161,70.67008651574056
2018-05-25 05:00:00+02:00,2018-05-25,5,64.21,52.50767059613632,36.504517602344706,73.56298071846423
2018-05-25 06:00:00+02:00,2018-05-25,6,64.84,56.27252023916378,38.29182804074774,77.72287752150964
2018-05-25 07:00:00+02:00,2018-05-25,7,64.79,58.755372382207455,37.606326210468495,83.29167247401344
2018-05-25 08:00:00+02:00,2018-05-25,8,65.88,59.64705625621201,37.342731154503326,84.0652375255305
2018-05-25 09:00:00+02:00,2018-05-25,9,66.71,61.30564414891923,42.09513817519725,84.74647314865665
2018-05-25 10:00:00+02:00,2018-05-25,10,66.7,61.50168124230638,44.30322433420247,83.46648363593778
2018-05-25 11:00:00+02:00,2018-05-25,11,65.96,60.339506157519736,44.019220210934364,81.87924964704368
2018-05-25 12:00:00+02:00,2018-05-25,12,65.52,60.18742036423929,43.86084783394384,81.35219910352377
2018-05-25 13:00:00+02:00,2018-05-25,13,65.0,59.46579112467558,42.05291892720039,80.73203917818606
2018-05-25 14:00:00+02:00,2018-05-25,14,64.45,58.226307432492014,41.82125219784275,79.43094833903342
2018-05-25 15:00:00+02:00,2018-05-25,15,63.43,56.414887799353096,37.459004387866976,77.74832161630287
2018-05-25 16:00:00+02:00,2018-05-25,16,62.95,55.27563898709366,35.68476790659127,77.44867035242609
2018-05-25 17:00:00+02:00,2018-05-25,17,62.03,56.212633409146676,34.60635444324206,79.179153430047
2018-05-25 18:00:00+02:00,2018-05-25,18,63.43,57.703258782407524,36.99211592344914,82.48993368484054
2018-05-25 19:00:00+02:00,2018-05-25,19,64.49,58.79523709990583,40.326267013899596,84.2797524935599
2018-05-25 20:00:00+02:00,2018-05-25,20,64.99,60.41035849265116,44.589523492275596,82.95204107018822
2018-05-25 21:00:00+02:00,2018-05-25,21,67.05,61.77122150361047,46.75916656444024,79.90850048128695
2018-05-25 22:00:00+02:00,2018-05-25,22,66.1,60.217985393709434,46.537734912433685,80.59267183233504
2018-05-25 23:00:00+02:00,2018-05-25,23,65.66,58.535563953662844,45.16947554340106,79.25749033151114
2018-05-26 00:00:00+02:00,2018-05-26,0,64.97,59.74681874913998,45.756864488828256,79.06774930237665
2018-05-26 01:00:00+02:00,2018-05-26,1,63.65,56.5749573537208,40.063526390414005,76.74609651544122
2018-05-26 02:00:00+02:00,2018-05-26,2,60.9,53.777806148371916,39.79791136494408,73.67529505880029
2018-05-26 03:00:00+02:00,2018-05-26,3,60.9,52.58184603701966,37.42490068183645,71.70927847420957
2018-05-26 04:00:00+02:00,2018-05-26,4,60.59,52.34523909843669,37.563855953853206,71.21636743222217
2018-05-26 05:00:00+02:00,2018-05-26,5,60.6,52.82408570649684,36.82093271270522,73.87939582882476
2018-05-26 06:00:00+02:00,2018-05-26,6,59.41,54.9317023456671,36.951010147251054,76.38205962801295
2018-05-26 07:00:00+02:00,2018-05-26,7,57.99,55.57089115578829,34.42184498404933,80.10719124759427
2018-05-26 08:00:00+02:00,2018-05-26,8,61.88,57.224878842909085,34.92055374120039,81.64306011222757
2018-05-26 09:00:00+02:00,2018-05-26,9,64.16,59.02027041084692,39.80976443712494,82.46109941058434
2018-05-26 10:00:00+02:00,2018-05-26,10,64.5,60.57770256221871,43.3792456541148,82.54250495585009
2018-05-26 11:00:00+02:00,2018-05-26,11,64.45,59.12604514019726,42.80575919361189,80.6657886297212
2018-05-26 12:00:00+02:00,2018-05-26,12,63.99,58.55813100288979,42.231558472594344,79.72290974217427
2018-05-26 13:00:00+02:00,2018-05-26,13,63.47,57.68166693609201,40.26879473861681,78.94791498960248
2018-05-26 14:00:00+02:00,2018-05-26,14,60.71,56.967409370006045,40.562354135356784,78.17205027654745
2018-05-26 15:00:00+02:00,2018-05-26,15,55.0,54.219378095452484,35.263494683966364,75.55281191240226
2018-05-26 16:00:00+02:00,2018-05-26,16,51.2,53.82659774642961,34.235726665927224,75.99962911176206
2018-05-26 17:00:00+02:00,2018-05-26,17,51.2,54.40742856931863,32.80114960341402,77.37394859021896
2018-05-26 18:00:00+02:00,2018-05-26,18,53.08,57.20383795448396,36.492695095525576,81.99051285691698
2018-05-26 19:00:00+02:00,2018-05-26,19,60.99,60.00821245829657,41.53924237229033,85.49272785195063
2018-05-26 20:00:00+02:00,2018-05-26,20,64.45,61.31397187828221,45.49313687790664,83.85565445581926
2018-05-26 21:00:00+02:00,2018-05-26,21,66.26,63.01037279457764,47.998317855407414,81.14765177225414
2018-05-26 22:00:00+02:00,2018-05-26,22,66.29,61.46562819258996,47.78537771131421,81.84031463121558
2018-05-26 23:00:00+02:00,2018-05-26,23,66.1,59.25867021789927,45.89258180763749,79.98059659574756
2018-05-27 00:00:00+02:00,2018-05-27,0,64.97,59.349482663809134,45.35952840349741,78.6704132170458
2018-05-27 01:00:00+02:00,2018-05-27,1,64.45,55.723081547425636,39.21165058411884,75.89422070914605
2018-05-27 02:00:00+02:00,2018-05-27,2,63.47,52.5358338427914,38.55593905936356,72.43332275321977
2018-05-27 03:00:00+02:00,2018-05-27,3,63.19,51.155891039981796,35.998945684798585,70.2833234771717
2018-05-27 04:00:00+02:00,2018-05-27,4,61.85,50.194313162379444,35.41293001779596,69.06544149616491
2018-05-27 05:00:00+02:00,2018-05-27,5,60.0,51.377248868560386,35.37409587476877,72.4325589908883
2018-05-27 06:00:00+02:00,2018-05-27,6,59.0,53.65412759295155,35.67343539453551,75.1044848752974
2018-05-27 07:00:00+02:00,2018-05-27,7,55.43,53.789681079402136,32.64063490766318,78.32598117120813
2018-05-27 08:00:00+02:00,2018-05-27,8,59.43,55.54151174313423,33.23718664142554,79.95969301245273
2018-05-27 09:00:00+02:00,2018-05-27,9,62.21,57.95118386028241,38.740677886560434,81.39201286001983
2018-05-27 10:00:00+02:00,2018-05-27,10,63.47,59.49764436322543,42.29918745512152,81.46244675685682
2018-05-27 11:00:00+02:00,2018-05-27,11,64.21,58.521235252396444,42.20094930581107,80.0609787419204
2018-05-27 12:00:00+02:00,2018-05-27,12,64.45,57.80025958634006,41.47368705604462,78.96503832562455
2018-05-27 13:00:00+02:00,2018-05-27,13,64.45,57.93939975914318,40.52652756166798,79.20564781265364
2018-05-27 14:00:00+02:00,2018-05-27,14,63.43,55.90048296426801,39.49542772961875,77.10512387080942
2018-05-27 15:00:00+02:00,2018-05-27,15,58.0,52.11153882114023,33.15565540965411,73.44497263809001
2018-05-27 16:00:00+02:00,2018-05-27,16,52.0,50.77071776544337,31.179846684940983,72.94374913077581
2018-05-27 17:00:00+02:00,2018-05-27,17,51.15,50.704487155331684,29.09820818942707,73.671007176232
2018-05-27 18:00:00+02:00,2018-05-27,18,50.22,52.43863118524938,31.727488326290995,77.2253060876824
2018-05-27 19:00:00+02:00,2018-05-27,19,51.17,57.51523104125995,39.046260955253715,82.99974643491402
2018-05-27 20:00:00+02:00,2018-05-27,20,55.43,60.13615676626828,44.31532176589271,82.67783934380533
2018-05-27 21:00:00+02:00,2018-05-27,21,64.21,62.71024245124828,47.69818751207805,80.84752142892476
2018-05-27 22:00:00+02:00,2018-05-27,22,64.45,62.39035284712363,48.71010236584788,82.76503928574925
2018-05-27 23:00:00+02:00,2018-05-27,23,61.85,59.942786668770324,46.57669825850854,80.66471304661862
2018-05-28 00:00:00+02:00,2018-05-28,0,62.0,58.10617965630384,44.11622539599211,77.4271102095405
2018-05-28 01:00:00+02:00,2018-05-28,1,59.01,55.035409807724605,38.52397884441781,75.20654896944502
2018-05-28 02:00:00+02:00,2018-05-28,2,51.17,51.76692840897299,37.78703362554515,71.66441731940137
2018-05-28 03:00:00+02:00,2018-05-28,3,50.22,50.66755728680297,35.510611931619756,69.79498972399287
2018-05-28 04:00:00+02:00,2018-05-28,4,50.22,49.67394420955779,34.8925610649743,68.54507254334325
2018-05-28 05:00:00+02:00,2018-05-28,5,51.17,50.15297696184658,34.14982396805497,71.20828708417449
2018-05-28 06:00:00+02:00,2018-05-28,6,59.9,53.48858365609094,35.507891457674894,74.93894093843679
2018-05-28 07:00:00+02:00,2018-05-28,7,63.47,55.71561435173629,34.56656817999733,80.25191444354229
2018-05-28 08:00:00+02:00,2018-05-28,8,64.64,57.65612278581453,35.35179768410585,82.07430405513303
2018-05-28 09:00:00+02:00,2018-05-28,9,66.1,59.00972056309223,39.79921458937025,82.45054956282965
2018-05-28 10:00:00+02:00,2018-05-28,10,66.19,59.954236340318474,42.75577943221456,81.91903873394986
2018-05-28 11:00:00+02:00,2018-05-28,11,66.29,59.9675698837656,43.64728393718023,81.50731337328955
2018-05-28 12:00:00+02:00,2018-05-28,12,66.69,59.58336651338787,43.25679398309243,80.74814525267236
2018-05-28 13:00:00+02:00,2018-05-28,13,65.9,59.25586655888152,41.842994361406326,80.52211461239199
2018-05-28 14:00:00+02:00,2018-05-28,14,64.63,57.54094986452624,41.13589462987698,78.74559077106765
2018-05-28 15:00:00+02:00,2018-05-28,15,64.45,54.732427624013795,35.776544212527675,76.06586144096357
2018-05-28 16:00:00+02:00,2018-05-28,16,63.65,52.972788386801334,33.381917306298945,75.14581975213378
2018-05-28 17:00:00+02:00,2018-05-28,17,63.19,52.77742894295517,31.171149977050554,75.74394896385549
2018-05-28 18:00:00+02:00,2018-05-28,18,61.88,53.74561073952609,33.03446788056771,78.5322856419591
2018-05-28 19:00:00+02:00,2018-05-28,19,64.21,55.09408074983753,36.62511066383129,80.57859614349158
2018-05-28 20:00:00+02:00,2018-05-28,20,65.2,57.61990287556266,41.79906787518709,80.16158545309972
2018-05-28 21:00:00+02:00,2018-05-28,21,67.13,61.69977143878437,46.68771649961414,79.83705041646085
2018-05-28 22:00:00+02:00,2018-05-28,22,66.29,60.50194976442022,46.82169928314447,80.87663620304583
2018-05-28 23:00:00+02:00,2018-05-28,23,65.2,57.30073015750476,43.93464174724298,78.02265653535305
2018-05-29 00:00:00+02:00,2018-05-29,0,65.9,58.00221550880788,44.01226124849615,77.32314606204454
2018-05-29 01:00:00+02:00,2018-05-29,1,64.97,54.615392894604476,38.10396193129768,74.78653205632489
2018-05-29 02:00:00+02:00,2018-05-29,2,64.53,49.71984914261945,35.739954359191614,69.61733805304783
2018-05-29 03:00:00+02:00,2018-05-29,3,64.5,48.943798013587305,33.786852658404094,68.07123045077722
2018-05-29 04:00:00+02:00,2018-05-29,4,64.93,48.383358134120684,33.6019749895372,67.25448646790616
2018-05-29 05:00:00+02:00,2018-05-29,5,65.15,49.40755658592011,33.404403592128496,70.46286670824801
2018-05-29 06:00:00+02:00,2018-05-29,6,66.13,54.53695673002013,36.556264531604086,75.98731401236599
2018-05-29 07:00:00+02:00,2018-05-29,7,66.26,59.18090806028245,38.03186188854349,83.71720815208843
2018-05-29 08:00:00+02:00,2018-05-29,8,66.22,60.86105137109464,38.55672626938595,85.27923264041314
2018-05-29 09:00:00+02:00,2018-05-29,9,66.47,62.05901349706888,42.8485075233469,85.49984249680631
2018-05-29 10:00:00+02:00,2018-05-29,10,66.26,62.39463471469217,45.19617780658825,84.35943710832356
2018-05-29 11:00:00+02:00,2018-05-29,11,66.13,61.06606482299162,44.74577887640625,82.60580831251556
2018-05-29 12:00:00+02:00,2018-05-29,12,66.26,61.200977275704886,44.87440474540944,82.36575601498937
2018-05-29 13:00:00+02:00,2018-05-29,13,66.13,60.126278768474286,42.71340657099909,81.39252682198475
2018-05-29 14:00:00+02:00,2018-05-29,14,65.71,58.17646142557894,41.77140619092968,79.38110233212035
2018-05-29 15:00:00+02:00,2018-05-29,15,64.97,57.193683477258276,38.237800065772156,78.52711729420805
2018-05-29 16:00:00+02:00,2018-05-29,16,64.5,56.332329311005424,36.741458230503035,78.50536067633786
2018-05-29 17:00:00+02:00,2018-05-29,17,63.57,56.742492560106804,35.13621359420219,79.70901258100713
2018-05-29 18:00:00+02:00,2018-05-29,18,63.29,57.280863083288224,36.56972022432984,82.06753798572124
2018-05-29 19:00:00+02:00,2018-05-29,19,64.79,59.469730109056194,41.000760023049956,84.95424550271025
2018-05-29 20:00:00+02:00,2018-05-29,20,66.0,60.88960783702311,45.06877283664754,83.43129041456015
2018-05-29 21:00:00+02:00,2018-05-29,21,66.5,62.79740858212104,47.78535364295081,80.93468755979752
2018-05-29 22:00:00+02:00,2018-05-29,22,66.1,60.7765586284271,47.09630814715135,81.15124506705271
2018-05-29 23:00:00+02:00,2018-05-29,23,65.81,58.65694516047337,45.29085675021159,79.37887153832166
2018-05-30 00:00:00+02:00,2018-05-30,0,64.97,60.222325618670176,46.23237135835845,79.54325617190685
2018-05-30 01:00:00+02:00,2018-05-30,1,64.29,57.18381072652744,40.67237976322065,77.35494988824786
2018-05-30 02:00:00+02:00,2018-05-30,2,61.79,53.18631676745347,39.20642198402563,73.08380567788184
2018-05-30 03:00:00+02:00,2018-05-30,3,60.0,53.47641262094881,38.319467265765596,72.60384505813872
2018-05-30 04:00:00+02:00,2018-05-30,4,59.41,52.206780281970715,37.42539713738723,71.07790861575619
2018-05-30 05:00:00+02:00,2018-05-30,5,61.79,53.511334314452895,37.50818132066128,74.5666444367808
2018-05-30 06:00:00+02:00,2018-05-30,6,63.85,56.77466757776678,38.793975379350734,78.22502486011263
2018-05-30 07:00:00+02:00,2018-05-30,7,65.94,59.551047690172574,38.402001518433615,84.08734778197856
2018-05-30 08:00:00+02:00,2018-05-30,8,66.87,59.9614474230508,37.657122321342115,84.3796286923693
2018-05-30 09:00:00+02:00,2018-05-30,9,67.67,61.65114537740594,42.44063940368396,85.09197437714336
2018-05-30 10:00:00+02:00,2018-05-30,10,66.95,62.50235498427223,45.303898076168316,84.46715737790362
2018-05-30 11:00:00+02:00,2018-05-30,11,67.0,61.5200724842587,45.199786537673326,83.05981597378263
2018-05-30 12:00:00+02:00,2018-05-30,12,67.16,61.32834055647963,45.00176802618419,82.49311929576412
2018-05-30 13:00:00+02:00,2018-05-30,13,66.79,60.91884786730147,43.50597566982628,82.18509592081193
2018-05-30 14:00:00+02:00,2018-05-30,14,66.26,59.47356037595042,43.06850514130116,80.67820128249184
2018-05-30 15:00:00+02:00,2018-05-30,15,65.95,58.48088041542728,39.52499700394116,79.81431423237706
2018-05-30 16:00:00+02:00,2018-05-30,16,65.69,56.93695072169555,37.346079641193164,79.10998208702799
2018-05-30 17:00:00+02:00,2018-05-30,17,64.97,57.41942843136487,35.813149465460256,80.38594845226518
2018-05-30 18:00:00+02:00,2018-05-30,18,65.15,57.87989758981301,37.16875473085463,82.66657249224603
2018-05-30 19:00:00+02:00,2018-05-30,19,65.79,59.73190778634,41.262937700333765,85.21642317999405
2018-05-30 20:00:00+02:00,2018-05-30,20,66.26,61.41464368612932,45.59380868575375,83.95632626366637
2018-05-30 21:00:00+02:00,2018-05-30,21,66.81,62.90992593696676,47.89787099779653,81.04720491464325
2018-05-30 22:00:00+02:00,2018-05-30,22,66.1,61.337988530821555,47.657738049545806,81.71267496944716
2018-05-30 23:00:00+02:00,2018-05-30,23,65.15,59.433779502733714,46.06769109247193,80.155705880582
2018-05-31 00:00:00+02:00,2018-05-31,0,63.77,59.802606956904604,45.81265269659288,79.12353751014128
2018-05-31 01:00:00+02:00,2018-05-31,1,54.95,56.824473388789144,40.31304242548235,76.99561255050956
2018-05-31 02:00:00+02:00,2018-05-31,2,55.85,52.49386821156097,38.513973428133134,72.39135712198934
2018-05-31 03:00:00+02:00,2018-05-31,3,55.43,51.64853633341659,36.491590978233376,70.7759687706065
2018-05-31 04:00:00+02:00,2018-05-31,4,55.43,50.52314779516051,35.741764650577025,69.39427612894599
2018-05-31 05:00:00+02:00,2018-05-31,5,57.8,52.21039800717567,36.20724501338405,73.26570812950358
2018-05-31 06:00:00+02:00,2018-05-31,6,63.24,56.46023063416864,38.479538435752595,77.91058791651449
2018-05-31 07:00:00+02:00,2018-05-31,7,63.82,60.7525868438839,39.60354067214494,85.28888693568989
2018-05-31 08:00:00+02:00,2018-05-31,8,64.97,61.63012796083935,39.32580285913066,86.04830923015786
2018-05-31 09:00:00+02:00,2018-05-31,9,64.63,63.799617096936494,44.589111123214515,87.2404460966739
2018-05-31 10:00:00+02:00,2018-05-31,10,63.99,63.540429111278755,46.34197220317484,85.50523150491014
2018-05-31 11:00:00+02:00,2018-05-31,11,64.01,62.437530200670516,46.11724425408514,83.97727369019447
2018-05-31 12:00:00+02:00,2018-05-31,12,64.6,62.22722371822657,45.900651187931125,83.39200245751105
2018-05-31 13:00:00+02:00,2018-05-31,13,64.67,61.12186290902982,43.70899071155463,82.38811096254028
2018-05-31 14:00:00+02:00,2018-05-31,14,63.82,59.71235862785602,43.30730339320676,80.91699953439743
2018-05-31 15:00:00+02:00,2018-05-31,15,63.47,58.66450344401638,39.70862003253026,79.99793726096615
2018-05-31 16:00:00+02:00,2018-05-31,16,63.29,57.734230070901006,38.14335899039862,79.90726143623345
2018-05-31 17:00:00+02:00,2018-05-31,17,63.01,57.98573842444553,36.379459458540914,80.95225844534585
2018-05-31 18:00:00+02:00,2018-05-31,18,63.01,59.35719243996234,38.64604958100396,84.14386734239537
2018-05-31 19:00:00+02:00,2018-05-31,19,63.82,60.57103801684806,42.10206793084182,86.05555341050211
2018-05-31 20:00:00+02:00,2018-05-31,20,65.54,62.17900222747537,46.358167227099806,84.72068480501243
2018-05-31 21:00:00+02:00,2018-05-31,21,67.0,62.84176527012903,47.829710330958804,80.97904424780552
2018-05-31 22:00:00+02:00,2018-05-31,22,66.69,60.617950482591574,46.937700001315825,80.99263692121718
2018-05-31 23:00:00+02:00,2018-05-31,23,64.97,58.5776267184639,45.211538308202115,79.2995530963122
2018-06-01 00:00:00+02:00,2018-06-01,0,57.56,59.34609154798487,45.35613728767314,78.66702210122153
2018-06-01 01:00:00+02:00,2018-06-01,1,51.99,53.96672336958428,37.455292406277486,74.1378625313047
2018-06-01 02:00:00+02:00,2018-06-01,2,44.19,52.121776571017485,38.14188178758965,72.01926548144586
2018-06-01 03:00:00+02:00,2018-06-01,3,40.01,51.2764103140291,36.11946495884589,70.403842751219
2018-06-01 04:00:00+02:00,2018-06-01,4,30.75,50.60662849668137,35.82524535209788,69.47775683046683
2018-06-01 05:00:00+02:00,2018-06-01,5,30.5,51.76922842092041,35.7660754271288,72.82453854324832
2018-06-01 06:00:00+02:00,2018-06-01,6,30.5,55.265847705284315,37.28515550686827,76.71620498763016
2018-06-01 07:00:00+02:00,2018-06-01,7,36.98,57.73840123610148,36.58935506436252,82.27470132790748
2018-06-01 08:00:00+02:00,2018-06-01,8,43.01,59.219288848064345,36.91496374635565,83.63747011738283
2018-06-01 09:00:00+02:00,2018-06-01,9,48.19,60.708398077234605,41.497892103512626,84.14922707697202
2018-06-01 10:00:00+02:00,2018-06-01,10,55.01,61.34758695082839,44.14913004272448,83.31238934445977
2018-06-01 11:00:00+02:00,2018-06-01,11,56.64,60.117838707953524,43.79755276136815,81.65758219747747
2018-06-01 12:00:00+02:00,2018-06-01,12,55.38,59.752251650475365,43.42567912017992,80.91703038975984
2018-06-01 13:00:00+02:00,2018-06-01,13,52.07,59.15803813132878,41.745165933853585,80.42428618483925
2018-06-01 14:00:00+02:00,2018-06-01,14,48.19,57.89030405473549,41.48524882008623,79.0949449612769
2018-06-01 15:00:00+02:00,2018-06-01,15,42.75,55.774131082246164,36.818247670760044,77.10756489919595
2018-06-01 16:00:00+02:00,2018-06-01,16,37.99,55.29545242565873,35.70458134515634,77.46848379099117
2018-06-01 17:00:00+02:00,2018-06-01,17,44.22,55.219296976438194,33.61301801053358,78.18581699733852
2018-06-01 18:00:00+02:00,2018-06-01,18,49.98,56.01873258638693,35.30758972742855,80.80540748881995
2018-06-01 19:00:00+02:00,2018-06-01,19,48.71,57.67662093062796,39.207650844621725,83.16113632428201
2018-06-01 20:00:00+02:00,2018-06-01,20,50.0,60.14489792334168,44.324062922966114,82.68658050087873
2018-06-01 21:00:00+02:00,2018-06-01,21,50.0,61.55261233365938,46.540557394489156,79.68989131133587
2018-06-01 22:00:00+02:00,2018-06-01,22,48.69,59.7125600503589,46.032309569083154,80.08724648898452
2018-06-01 23:00:00+02:00,2018-06-01,23,46.95,57.72149583700252,44.35540742674074,78.44342221485081
2018-06-02 00:00:00+02:00,2018-06-02,0,45.5,48.621550976967924,34.6315967166562,67.94248153020459
2018-06-02 01:00:00+02:00,2018-06-02,1,44.35,44.74775511038793,28.236324147081135,64.91889427210835
2018-06-02 02:00:00+02:00,2018-06-02,2,43.53,40.92629158944844,26.9463968060206,60.82378049987681
2018-06-02 03:00:00+02:00,2018-06-02,3,42.06,37.79714877272916,22.640203417545948,56.92458120991907
2018-06-02 04:00:00+02:00,2018-06-02,4,42.05,35.53153461503469,20.7501514704512,54.40266294882016
2018-06-02 05:00:00+02:00,2018-06-02,5,43.03,36.08229695702208,20.079143963230464,57.13760707934999
2018-06-02 06:00:00+02:00,2018-06-02,6,44.69,38.07020672365711,20.089514525241064,59.520564006002964
2018-06-02 07:00:00+02:00,2018-06-02,7,56.77,40.559527483096105,19.410481311357145,65.0958275749021
2018-06-02 08:00:00+02:00,2018-06-02,8,62.51,42.85503770954659,20.550712607837905,67.27321897886509
2018-06-02 09:00:00+02:00,2018-06-02,9,62.09,45.93245796043255,26.72195198671057,69.37328696016996
2018-06-02 10:00:00+02:00,2018-06-02,10,60.07,47.336186084731125,30.13772917662721,69.30098847836251
2018-06-02 11:00:00+02:00,2018-06-02,11,58.75,47.24863891099365,30.928352964408276,68.78838240051759
2018-06-02 12:00:00+02:00,2018-06-02,12,55.06,47.11708239750586,30.790509867210417,68.28186113679035
2018-06-02 13:00:00+02:00,2018-06-02,13,54.1,46.6263764610715,29.213504263596306,67.89262451458197
2018-06-02 14:00:00+02:00,2018-06-02,14,52.91,44.41295104353138,28.007895808882118,65.61759195007279
2018-06-02 15:00:00+02:00,2018-06-02,15,51.62,41.625861489137584,22.669978077651464,62.95929530608736
2018-06-02 16:00:00+02:00,2018-06-02,16,53.75,39.29898878808213,19.70811770757974,61.47202015341457
2018-06-02 17:00:00+02:00,2018-06-02,17,60.21,42.05024613948616,20.443967173581548,65.01676616038648
2018-06-02 18:00:00+02:00,2018-06-02,18,62.48,43.73936716709028,23.028224308131897,68.5260420695233
2018-06-02 19:00:00+02:00,2018-06-02,19,62.36,46.09546096601626,27.626490880010024,71.57997635967033
2018-06-02 20:00:00+02:00,2018-06-02,20,62.09,49.32336125754007,33.502526257164504,71.86504383507713
2018-06-02 21:00:00+02:00,2018-06-02,21,61.87,50.05934567741299,35.047290738242765,68.19662465508948
2018-06-02 22:00:00+02:00,2018-06-02,22,58.99,48.94084368014502,35.26059319886927,69.31553011877064
2018-06-02 23:00:00+02:00,2018-06-02,23,50.16,45.80853874157704,32.44245033131526,66.53046511942533
2018-06-03 00:00:00+02:00,2018-06-03,0,40.25,44.92532570244387,30.935371442132144,64.24625625568054
2018-06-03 01:00:00+02:00,2018-06-03,1,38.1,39.389229599185306,22.877798635878513,59.560368760905725
2018-06-03 02:00:00+02:00,2018-06-03,2,37.39,37.66735973838379,23.68746495495595,57.56484864881216
2018-06-03 03:00:00+02:00,2018-06-03,3,36.61,36.0174798105074,20.860534455324192,55.14491224769731
2018-06-03 04:00:00+02:00,2018-06-03,4,36.91,36.138064637012484,21.356681492428997,55.009192970797955
2018-06-03 05:00:00+02:00,2018-06-03,5,38.76,36.113827641006495,20.11067464721488,57.169137763334405
2018-06-03 06:00:00+02:00,2018-06-03,6,39.96,39.465615303469434,21.48492310505339,60.91597258581529
2018-06-03 07:00:00+02:00,2018-06-03,7,52.39,43.58310446699582,22.43405829525686,68.11940455880182
2018-06-03 08:00:00+02:00,2018-06-03,8,59.95,48.53998199676808,26.23565689505939,72.95816326608657
2018-06-03 09:00:00+02:00,2018-06-03,9,59.39,51.25878010099664,32.04827412727466,74.69960910073405
2018-06-03 10:00:00+02:00,2018-06-03,10,59.24,50.89514825960426,33.69669135150035,72.85995065323564
2018-06-03 11:00:00+02:00,2018-06-03,11,55.03,49.261950597912744,32.94166465132737,70.80169408743669
2018-06-03 12:00:00+02:00,2018-06-03,12,52.39,48.43346490306778,32.106892372772336,69.59824364235226
2018-06-03 13:00:00+02:00,2018-06-03,13,50.07,47.00298475336984,29.590112555894642,68.2692328068803
2018-06-03 14:00:00+02:00,2018-06-03,14,48.98,43.40738270584494,27.002327471195677,64.61202361238635
2018-06-03 15:00:00+02:00,2018-06-03,15,48.76,42.86741193443594,23.911528522949823,64.20084575138571
2018-06-03 16:00:00+02:00,2018-06-03,16,49.42,42.214085291422585,22.623214210920196,64.38711665675503
2018-06-03 17:00:00+02:00,2018-06-03,17,53.99,43.7381841976673,22.131905231762687,66.70470421856763
2018-06-03 18:00:00+02:00,2018-06-03,18,59.14,46.34202885276851,25.630885993810125,71.12870375520153
2018-06-03 19:00:00+02:00,2018-06-03,19,64.63,51.14617798875781,32.677207902751576,76.63069338241186
2018-06-03 20:00:00+02:00,2018-06-03,20,59.9,52.96548422321386,37.1446492228383,75.50716680075092
2018-06-03 21:00:00+02:00,2018-06-03,21,56.58,53.208188897143735,38.19613395797351,71.34546787482023
2018-06-03 22:00:00+02:00,2018-06-03,22,52.39,50.483228631943156,36.80297815066741,70.85791507056877
2018-06-03 23:00:00+02:00,2018-06-03,23,48.01,46.00155551220102,32.63546710193924,66.72348189004931
2018-06-04 00:00:00+02:00,2018-06-04,0,37.0,41.42182105244092,27.431866792129192,60.74275160567758
2018-06-04 01:00:00+02:00,2018-06-04,1,29.41,38.742824086553426,22.231393123246633,58.913963248273845
2018-06-04 02:00:00+02:00,2018-06-04,2,30.0,35.97604270474939,21.99614792132155,55.87353161517776
2018-06-04 03:00:00+02:00,2018-06-04,3,29.06,34.231124731167654,19.074179375984443,53.358557168357564
2018-06-04 04:00:00+02:00,2018-06-04,4,29.0,33.12848829488086,18.347105150297374,51.99961662866633
2018-06-04 05:00:00+02:00,2018-06-04,5,31.88,35.09591022279737,19.092757229005755,56.15122034512528
2018-06-04 06:00:00+02:00,2018-06-04,6,43.18,39.056067970040395,21.07537577162435,60.50642525238625
2018-06-04 07:00:00+02:00,2018-06-04,7,45.2,47.03290882471775,25.88386265297879,71.56920891652373
2018-06-04 08:00:00+02:00,2018-06-04,8,48.24,50.349388922178186,28.045063820469498,74.76757019149667
2018-06-04 09:00:00+02:00,2018-06-04,9,48.09,51.56562948490762,32.35512351118564,75.00645848464504
2018-06-04 10:00:00+02:00,2018-06-04,10,44.61,50.90389929250672,33.70544238440281,72.86870168613811
2018-06-04 11:00:00+02:00,2018-06-04,11,43.25,50.583500583478106,34.263214636892734,72.12324407300204
2018-06-04 12:00:00+02:00,2018-06-04,12,40.86,48.34971012797881,32.023137597683366,69.5144888672633
2018-06-04 13:00:00+02:00,2018-06-04,13,35.2,47.88384275059762,30.470970553122427,69.15009080410809
2018-06-04 14:00:00+02:00,2018-06-04,14,31.7,46.28666869948433,29.88161346483507,67.49130960602574
2018-06-04 15:00:00+02:00,2018-06-04,15,28.63,44.74126912613616,25.78538571465004,66.07470294308594
2018-06-04 16:00:00+02:00,2018-06-04,16,28.65,44.48655745705544,24.89568637655305,66.65958882238789
2018-06-04 17:00:00+02:00,2018-06-04,17,31.68,46.28931535638078,24.68303639047617,69.2558353772811
2018-06-04 18:00:00+02:00,2018-06-04,18,38.76,49.056857800116134,28.345714941157752,73.84353270254915
2018-06-04 19:00:00+02:00,2018-06-04,19,42.17,53.80047623102483,35.331506145018594,79.2849916246789
2018-06-04 20:00:00+02:00,2018-06-04,20,42.99,53.89002720090582,38.06919220053025,76.43170977844287
2018-06-04 21:00:00+02:00,2018-06-04,21,45.01,53.70162501125726,38.68957007208704,71.83890398893375
2018-06-04 22:00:00+02:00,2018-06-04,22,41.69,50.02728822179391,36.34703774051816,70.40197466041953
2018-06-04 23:00:00+02:00,2018-06-04,23,41.0,47.06943872906746,33.703350318805676,67.79136510691575
2018-06-05 00:00:00+02:00,2018-06-05,0,49.44,35.985725235701565,21.99577097538984,55.30665578893823
2018-06-05 01:00:00+02:00,2018-06-05,1,47.89,31.551341300790334,15.03991033748354,51.72248046251075
2018-06-05 02:00:00+02:00,2018-06-05,2,44.08,30.424826997250612,16.444932213822774,50.322315907678984
2018-06-05 03:00:00+02:00,2018-06-05,3,42.74,28.90172585338855,13.74478049820534,48.029158290578465
2018-06-05 04:00:00+02:00,2018-06-05,4,42.68,28.544022898474974,13.762639753891488,47.41515123226044
2018-06-05 05:00:00+02:00,2018-06-05,5,44.01,30.368728750307678,14.365575756516062,51.42403887263559
2018-06-05 06:00:00+02:00,2018-06-05,6,45.99,36.70491560828618,18.724223409870135,58.155272890632034
2018-06-05 07:00:00+02:00,2018-06-05,7,45.0,39.02300232406876,17.873956152329804,63.559302415874754
2018-06-05 08:00:00+02:00,2018-06-05,8,45.0,41.29692506317264,18.99259996146395,65.71510633249113
2018-06-05 09:00:00+02:00,2018-06-05,9,49.1,42.39667628342266,23.186170309700678,65.83750528316008
2018-06-05 10:00:00+02:00,2018-06-05,10,47.89,41.44540339385355,24.24694648574964,63.41020578748494
2018-06-05 11:00:00+02:00,2018-06-05,11,48.5,40.11123241754847,23.7909464709631,61.650975907072414
2018-06-05 12:00:00+02:00,2018-06-05,12,48.53,38.79730159445937,22.470729064163926,59.962080333743856
2018-06-05 13:00:00+02:00,2018-06-05,13,49.44,37.2694058077012,19.856533610226002,58.535653861211664
2018-06-05 14:00:00+02:00,2018-06-05,14,49.1,34.77778203291251,18.37272679826325,55.982422939453926
2018-06-05 15:00:00+02:00,2018-06-05,15,48.22,33.031987490647325,14.076104079161205,54.3654213075971
2018-06-05 16:00:00+02:00,2018-06-05,16,45.99,32.26730752995254,12.67643644945015,54.44033889528498
2018-06-05 17:00:00+02:00,2018-06-05,17,45.64,33.44663418235225,11.840355216447634,56.41315420325257
2018-06-05 18:00:00+02:00,2018-06-05,18,46.52,35.93626574439815,15.225122885439767,60.72294064683117
2018-06-05 19:00:00+02:00,2018-06-05,19,46.64,39.969318221707894,21.500348135701657,65.45383361536196
2018-06-05 20:00:00+02:00,2018-06-05,20,50.23,41.967308272616364,26.146473272240797,64.50899085015342
2018-06-05 21:00:00+02:00,2018-06-05,21,53.89,44.17554781752732,29.16349287835709,62.312826795203804
2018-06-05 22:00:00+02:00,2018-06-05,22,53.78,42.22684086581147,28.54659038453572,62.601527304437084
2018-06-05 23:00:00+02:00,2018-06-05,23,52.14,39.704820744471746,26.338732334209965,60.42674712232004
2018-06-06 00:00:00+02:00,2018-06-06,0,62.03,48.52125973300822,34.531305472696495,67.84219028624489
2018-06-06 01:00:00+02:00,2018-06-06,1,61.33,46.358767264564925,29.84733630125813,66.52990642628535
2018-06-06 02:00:00+02:00,2018-06-06,2,58.02,43.739530943008695,29.759636159580857,63.63701985343707
2018-06-06 03:00:00+02:00,2018-06-06,3,56.64,42.602231568108124,27.445286212924913,61.729664005298034
2018-06-06 04:00:00+02:00,2018-06-06,4,56.64,42.5658109503744,27.784427805790912,61.43693928415987
2018-06-06 05:00:00+02:00,2018-06-06,5,57.52,44.071684381375526,28.06853138758391,65.12699450370343
2018-06-06 06:00:00+02:00,2018-06-06,6,62.21,46.29157014111083,28.310877942694788,67.74192742345669
2018-06-06 07:00:00+02:00,2018-06-06,7,64.93,47.929864523705064,26.780818351966104,72.46616461551105
2018-06-06 08:00:00+02:00,2018-06-06,8,65.35,49.28567344850724,26.98134834679855,73.70385471782573
2018-06-06 09:00:00+02:00,2018-06-06,9,65.65,51.66939982186632,32.45889384814434,75.11022882160374
2018-06-06 10:00:00+02:00,2018-06-06,10,65.11,51.98472097077179,34.786264062667875,73.94952336440318
2018-06-06 11:00:00+02:00,2018-06-06,11,65.0,51.53488272859069,35.214596782005316,73.07462621811463
2018-06-06 12:00:00+02:00,2018-06-06,12,65.19,51.28734238709942,34.96076985680398,72.4521211263839
2018-06-06 13:00:00+02:00,2018-06-06,13,65.0,50.78813064124886,33.37525844377367,72.05437869475932
2018-06-06 14:00:00+02:00,2018-06-06,14,64.13,49.52292159285968,33.11786635821042,70.7275624994011
2018-06-06 15:00:00+02:00,2018-06-06,15,62.86,47.945895929874524,28.990012518388404,69.2793297468243
2018-06-06 16:00:00+02:00,2018-06-06,16,62.8,46.46031864633691,26.86944756583452,68.63335001166935
2018-06-06 17:00:00+02:00,2018-06-06,17,62.79,47.487733551877696,25.88145458597308,70.45425357277801
2018-06-06 18:00:00+02:00,2018-06-06,18,61.25,47.94888183482648,27.237738975868098,72.7355567372595
2018-06-06 19:00:00+02:00,2018-06-06,19,63.31,48.48398093963831,30.01501085363207,73.96849633329236
2018-06-06 20:00:00+02:00,2018-06-06,20,62.79,50.79646057441212,34.975625574036556,73.33814315194917
2018-06-06 21:00:00+02:00,2018-06-06,21,64.4,54.57868084173483,39.5666259025646,72.71595981941132
2018-06-06 22:00:00+02:00,2018-06-06,22,63.35,53.77256427750126,40.09231379622551,74.14725071612688
2018-06-06 23:00:00+02:00,2018-06-06,23,62.0,50.90520890068309,37.53912049042131,71.62713527853138
2018-06-07 00:00:00+02:00,2018-06-07,0,61.03,56.11373113908078,42.12377687876905,75.43466169231745
2018-06-07 01:00:00+02:00,2018-06-07,1,58.01,53.19904662215007,36.68761565884328,73.37018578387048
2018-06-07 02:00:00+02:00,2018-06-07,2,56.08,50.71154745705296,36.73165267362512,70.60903636748134
2018-06-07 03:00:00+02:00,2018-06-07,3,55.0,49.586487588511986,34.429542233328775,68.7139200257019
2018-06-07 04:00:00+02:00,2018-06-07,4,54.43,49.13796445919267,34.35658131460919,68.00909279297815
2018-06-07 05:00:00+02:00,2018-06-07,5,56.9,49.93436392643663,33.931210932645016,70.98967404876454
2018-06-07 06:00:00+02:00,2018-06-07,6,60.15,53.219260562478475,35.23856836406243,74.66961784482433
2018-06-07 07:00:00+02:00,2018-06-07,7,59.4,57.106940389105986,35.95789421736703,81.64324048091197
2018-06-07 08:00:00+02:00,2018-06-07,8,61.4,58.678395406160504,36.37407030445182,83.096576675479
2018-06-07 09:00:00+02:00,2018-06-07,9,62.0,60.63857935552286,41.42807338180088,84.07940835526028
2018-06-07 10:00:00+02:00,2018-06-07,10,62.0,60.94154207839705,43.743085170293135,82.90634447202844
2018-06-07 11:00:00+02:00,2018-06-07,11,62.41,60.431227996238796,44.110942049653424,81.97097148576273
2018-06-07 12:00:00+02:00,2018-06-07,12,63.01,59.81431587006957,43.48774333977413,80.97909460935406
2018-06-07 13:00:00+02:00,2018-06-07,13,63.09,59.175010509827004,41.76213831235181,80.44125856333747
2018-06-07 14:00:00+02:00,2018-06-07,14,62.64,57.95387604143652,41.54882080678726,79.15851694797794
2018-06-07 15:00:00+02:00,2018-06-07,15,62.18,56.423906278399954,37.468022866913834,77.75734009534973
2018-06-07 16:00:00+02:00,2018-06-07,16,61.9,55.47867182371887,35.88780074321648,77.65170318905132
2018-06-07 17:00:00+02:00,2018-06-07,17,61.7,56.94722041759945,35.34094145169484,79.91374043849977
2018-06-07 18:00:00+02:00,2018-06-07,18,61.4,57.70734837011007,36.996205511151686,82.49402327254309
2018-06-07 19:00:00+02:00,2018-06-07,19,61.25,59.26013316817584,40.791163082169604,84.7446485618299
2018-06-07 20:00:00+02:00,2018-06-07,20,61.86,60.17015701463314,44.349322014257574,82.7118395921702
2018-06-07 21:00:00+02:00,2018-06-07,21,62.0,60.25601793377221,45.243962994601986,78.3932969114487
2018-06-07 22:00:00+02:00,2018-06-07,22,61.4,58.30517668525594,44.62492620398019,78.67986312388155
2018-06-07 23:00:00+02:00,2018-06-07,23,60.55,57.15980899488494,43.79372058462316,77.88173537273323
2018-06-08 00:00:00+02:00,2018-06-08,0,66.3,58.1323559051154,44.14240164480368,77.45328645835207
2018-06-08 01:00:00+02:00,2018-06-08,1,63.9,53.52287349260039,37.011442529293596,73.6940126543208
2018-06-08 02:00:00+02:00,2018-06-08,2,62.21,51.723121069715845,37.74322628628801,71.62060998014422
2018-06-08 03:00:00+02:00,2018-06-08,3,61.15,50.38242836074256,35.22548300555935,69.50986079793248
2018-06-08 04:00:00+02:00,2018-06-08,4,60.02,49.164672527497984,34.3832893829145,68.03580086128346
2018-06-08 05:00:00+02:00,2018-06-08,5,62.14,50.51860957688682,34.5154565830952,71.57391969921473
2018-06-08 06:00:00+02:00,2018-06-08,6,64.55,54.097343956792166,36.11665175837612,75.54770123913802
2018-06-08 07:00:00+02:00,2018-06-08,7,65.67,57.02754867280438,35.87850250106542,81.56384876461037
2018-06-08 08:00:00+02:00,2018-06-08,8,68.01,58.04858379347453,35.744258691765836,82.46676506279303
2018-06-08 09:00:00+02:00,2018-06-08,9,70.0,59.58821364579264,40.37770767207066,83.02904264553007
2018-06-08 10:00:00+02:00,2018-06-08,10,70.26,60.63263206232985,43.43417515422593,82.59743445596123
2018-06-08 11:00:00+02:00,2018-06-08,11,70.41,59.86483016625082,43.54454421966545,81.40457365577475
2018-06-08 12:00:00+02:00,2018-06-08,12,70.66,59.822376109904006,43.49580357960856,80.9871548491885
2018-06-08 13:00:00+02:00,2018-06-08,13,70.69,59.90692362606965,42.49405142859445,81.17317167958012
2018-06-08 14:00:00+02:00,2018-06-08,14,70.49,59.136728048535886,42.731672813886625,80.3413689550773
2018-06-08 15:00:00+02:00,2018-06-08,15,70.23,56.73613753134323,37.78025411985711,78.06957134829301
2018-06-08 16:00:00+02:00,2018-06-08,16,70.0,56.77013042174106,37.17925934123867,78.9431617870735
2018-06-08 17:00:00+02:00,2018-06-08,17,71.71,56.83282406740405,35.22654510149943,79.79934408830437
2018-06-08 18:00:00+02:00,2018-06-08,18,74.02,57.11709938507509,36.40595652611671,81.90377428750811
2018-06-08 19:00:00+02:00,2018-06-08,19,74.0,57.15434678607987,38.68537670007363,82.63886217973393
2018-06-08 20:00:00+02:00,2018-06-08,20,73.79,59.043677592608596,43.22284259223303,81.58536017014565
2018-06-08 21:00:00+02:00,2018-06-08,21,74.82,59.505101139912014,44.49304620074179,77.6423801175885
2018-06-08 22:00:00+02:00,2018-06-08,22,71.61,58.22787629914501,44.54762581786926,78.60256273777063
2018-06-08 23:00:00+02:00,2018-06-08,23,67.5,56.10354669154168,42.7374582812799,76.82547306938997
2018-06-09 00:00:00+02:00,2018-06-09,0,71.39,62.300090795936356,48.31013653562463,81.62102134917302
2018-06-09 01:00:00+02:00,2018-06-09,1,69.9,58.05428344634153,41.542852483034736,78.22542260806195
2018-06-09 02:00:00+02:00,2018-06-09,2,67.15,56.678932193180046,42.69903740975221,76.57642110360842
2018-06-09 03:00:00+02:00,2018-06-09,3,64.52,55.04165248082238,39.88470712563917,74.16908491801229
2018-06-09 04:00:00+02:00,2018-06-09,4,61.69,54.43244702932403,39.651063884740545,73.3035753631095
2018-06-09 05:00:00+02:00,2018-06-09,5,62.99,54.971512314489246,38.96835932069763,76.02682243681716
2018-06-09 06:00:00+02:00,2018-06-09,6,68.98,57.20722322196663,39.226531023550585,78.65758050431248
2018-06-09 07:00:00+02:00,2018-06-09,7,73.78,58.382049915969766,37.23300374423081,82.91835000777576
2018-06-09 08:00:00+02:00,2018-06-09,8,74.95,60.478686645828546,38.17436154411986,84.89686791514704
2018-06-09 09:00:00+02:00,2018-06-09,9,75.57,62.14703624314343,42.93653026942145,85.58786524288085
2018-06-09 10:00:00+02:00,2018-06-09,10,74.36,64.00807693083047,46.809620022726556,85.97287932446186
2018-06-09 11:00:00+02:00,2018-06-09,11,73.4,62.62838672644987,46.308100779864496,84.1681302159738
2018-06-09 12:00:00+02:00,2018-06-09,12,72.01,62.06146362430677,45.734891094011324,83.22624236359125
2018-06-09 13:00:00+02:00,2018-06-09,13,72.3,60.98587712663048,43.57300492915528,82.25212518014095
2018-06-09 14:00:00+02:00,2018-06-09,14,72.01,60.507578421854,44.10252318720474,81.7122193283954
2018-06-09 15:00:00+02:00,2018-06-09,15,71.8,56.97163869724376,38.01575528575764,78.30507251419354
2018-06-09 16:00:00+02:00,2018-06-09,16,71.42,56.562789207331775,36.97191812682939,78.73582057266421
2018-06-09 17:00:00+02:00,2018-06-09,17,73.73,57.39147938230862,35.785200416404,80.35799940320894
2018-06-09 18:00:00+02:00,2018-06-09,18,73.89,59.972101629637635,39.26095877067925,84.75877653207066
2018-06-09 19:00:00+02:00,2018-06-09,19,74.03,62.457489450219455,43.98851936421322,87.94200484387352
2018-06-09 20:00:00+02:00,2018-06-09,20,74.3,64.18193603659078,48.36110103621522,86.72361861412784
2018-06-09 21:00:00+02:00,2018-06-09,21,72.3,65.90415665042441,50.892101711254185,84.0414356281009
2018-06-09 22:00:00+02:00,2018-06-09,22,70.39,63.94159392055311,50.26134343927736,84.31628035917873
2018-06-09 23:00:00+02:00,2018-06-09,23,68.14,62.20951289512715,48.843424484865366,82.93143927297544
2018-06-10 00:00:00+02:00,2018-06-10,0,74.9,62.567335037729535,48.57738077741781,81.8882655909662
2018-06-10 01:00:00+02:00,2018-06-10,1,74.62,58.567177320878955,42.05574635757216,78.73831648259937
2018-06-10 02:00:00+02:00,2018-06-10,2,73.43,56.73645901998378,42.756564236555946,76.63394793041215
2018-06-10 03:00:00+02:00,2018-06-10,3,71.01,54.99156513286281,39.8346197776796,74.11899757005273
2018-06-10 04:00:00+02:00,2018-06-10,4,69.4,53.603950622942804,38.82256747835932,72.47507895672828
2018-06-10 05:00:00+02:00,2018-06-10,5,65.67,53.92749557229272,37.924342578501104,74.98280569462062
2018-06-10 06:00:00+02:00,2018-06-10,6,63.8,56.41821859675785,38.43752639834181,77.8685758791037
2018-06-10 07:00:00+02:00,2018-06-10,7,66.08,58.2232782173239,37.07423204558494,82.75957830912989
2018-06-10 08:00:00+02:00,2018-06-10,8,68.0,59.16752521762535,36.863200115916655,83.58570648694385
2018-06-10 09:00:00+02:00,2018-06-10,9,74.14,60.69067758098581,41.480171607263834,84.13150658072323
2018-06-10 10:00:00+02:00,2018-06-10,10,74.39,63.1112198037584,45.91276289565449,85.07602219738979
2018-06-10 11:00:00+02:00,2018-06-10,11,73.58,62.11685190806827,45.7965659614829,83.65659539759221
2018-06-10 12:00:00+02:00,2018-06-10,12,71.99,60.76431140241755,44.437738872122104,81.92909014170203
2018-06-10 13:00:00+02:00,2018-06-10,13,69.68,59.55573346187892,42.14286126440373,80.82198151538938
2018-06-10 14:00:00+02:00,2018-06-10,14,61.89,57.671174031729194,41.26611879707993,78.87581493827061
2018-06-10 15:00:00+02:00,2018-06-10,15,57.51,55.66034680452499,36.70446339303887,76.99378062147477
2018-06-10 16:00:00+02:00,2018-06-10,16,54.94,54.89605441399635,35.305183333493964,77.06908577932879
2018-06-10 17:00:00+02:00,2018-06-10,17,59.93,57.09904685519831,35.492767889293695,80.06556687609863
2018-06-10 18:00:00+02:00,2018-06-10,18,70.0,59.61518815042588,38.9040452914675,84.4018630528589
2018-06-10 19:00:00+02:00,2018-06-10,19,74.75,62.484576675967354,44.015606589961116,87.96909206962141
2018-06-10 20:00:00+02:00,2018-06-10,20,75.78,63.7239371906785,47.90310219030293,86.26561976821554
2018-06-10 21:00:00+02:00,2018-06-10,21,70.0,64.40150086996167,49.38944593079144,82.53877984763815
2018-06-10 22:00:00+02:00,2018-06-10,22,61.95,62.198102076787094,48.517851595511345,82.57278851541271
2018-06-10 23:00:00+02:00,2018-06-10,23,61.84,60.25302444521134,46.88693603494956,80.97495082305963
2018-06-11 00:00:00+02:00,2018-06-11,0,51.0,61.88253772575499,47.892583465443266,81.20346827899166
2018-06-11 01:00:00+02:00,2018-06-11,1,47.64,58.98236044503826,42.47092948173147,79.15349960675869
2018-06-11 02:00:00+02:00,2018-06-11,2,44.82,56.20087309172693,42.220978308299095,76.09836200215531
2018-06-11 03:00:00+02:00,2018-06-11,3,43.53,53.66530866559517,38.50836331041196,72.79274110278507
2018-06-11 04:00:00+02:00,2018-06-11,4,43.93,53.757827862479736,38.97644471789625,72.62895619626521
2018-06-11 05:00:00+02:00,2018-06-11,5,48.18,54.18476059317377,38.181607599382154,75.24007071550167
2018-06-11 06:00:00+02:00,2018-06-11,6,52.3,57.86101166304761,39.88031946463157,79.31136894539347
2018-06-11 07:00:00+02:00,2018-06-11,7,64.43,62.529463472789004,41.380417301050045,87.06576356459499
2018-06-11 08:00:00+02:00,2018-06-11,8,67.32,64.43295295767805,42.12862785596937,88.85113422699655
2018-06-11 09:00:00+02:00,2018-06-11,9,68.25,65.54192381129353,46.33141783757155,88.98275281103095
2018-06-11 10:00:00+02:00,2018-06-11,10,65.44,67.27358783214333,50.07513092403942,89.23839022577472
2018-06-11 11:00:00+02:00,2018-06-11,11,63.86,66.60287850424524,50.28259255765987,88.14262199376918
2018-06-11 12:00:00+02:00,2018-06-11,12,60.73,64.47303073264223,48.146458202346786,85.63780947192672
2018-06-11 13:00:00+02:00,2018-06-11,13,62.41,63.04916739486104,45.63629519738584,84.31541544837151
2018-06-11 14:00:00+02:00,2018-06-11,14,63.14,60.421545450742634,44.01649021609337,81.62618635728404
2018-06-11 15:00:00+02:00,2018-06-11,15,64.0,58.226951781136464,39.271068369650344,79.56038559808624
2018-06-11 16:00:00+02:00,2018-06-11,16,65.2,57.33859136120621,37.747720280703824,79.51162272653866
2018-06-11 17:00:00+02:00,2018-06-11,17,67.64,59.095850953023884,37.48957198711927,82.0623709739242
2018-06-11 18:00:00+02:00,2018-06-11,18,69.87,63.80179455639436,43.09065169743598,88.58846945882738
2018-06-11 19:00:00+02:00,2018-06-11,19,71.61,66.39814945507507,47.929179369068834,91.88266484872912
2018-06-11 20:00:00+02:00,2018-06-11,20,67.2,66.74161659597385,50.920781595598285,89.2832991735109
2018-06-11 21:00:00+02:00,2018-06-11,21,59.9,66.64391453895124,51.63185959978101,84.78119351662772
2018-06-11 22:00:00+02:00,2018-06-11,22,55.22,61.888540290492095,48.208289809216346,82.26322672911772
2018-06-11 23:00:00+02:00,2018-06-11,23,52.07,60.4073733625856,47.04128495232382,81.1292997404339
2018-06-12 00:00:00+02:00,2018-06-12,0,56.7,51.98838204618676,37.99842778587503,71.30931259942342
2018-06-12 01:00:00+02:00,2018-06-12,1,52.84,49.62257532400671,33.11114436069992,69.79371448572712
2018-06-12 02:00:00+02:00,2018-06-12,2,49.08,45.40503630400415,31.42514152057631,65.30252521443252
2018-06-12 03:00:00+02:00,2018-06-12,3,48.68,43.38924033129513,28.232294976111916,62.51667276848504
2018-06-12 04:00:00+02:00,2018-06-12,4,48.68,43.169169732549946,28.38778658796646,62.04029806633542
2018-06-12 05:00:00+02:00,2018-06-12,5,48.88,45.500786742367566,29.49763374857595,66.55609686469548
2018-06-12 06:00:00+02:00,2018-06-12,6,54.04,50.17874996417836,32.198057765762314,71.62910724652421
2018-06-12 07:00:00+02:00,2018-06-12,7,64.04,57.84324265156256,36.6941964798236,82.37954274336855
2018-06-12 08:00:00+02:00,2018-06-12,8,64.33,60.37452318088244,38.07019807917375,84.79270445020094
2018-06-12 09:00:00+02:00,2018-06-12,9,65.75,61.86724747089134,42.656741497169364,85.30807647062876
2018-06-12 10:00:00+02:00,2018-06-12,10,67.09,60.62610597998828,43.42764907188437,82.59090837361967
2018-06-12 11:00:00+02:00,2018-06-12,11,67.07,59.72245299336613,43.40216704678076,81.26219648289008
2018-06-12 12:00:00+02:00,2018-06-12,12,66.11,57.93881770018968,41.61224516989424,79.10359643947416
2018-06-12 13:00:00+02:00,2018-06-12,13,65.23,56.73329697480786,39.32042477733266,77.99954502831832
2018-06-12 14:00:00+02:00,2018-06-12,14,64.23,54.851564037801396,38.446508803152135,76.05620494434281
2018-06-12 15:00:00+02:00,2018-06-12,15,60.85,54.57817432052965,35.62229090904353,75.91160813747942
2018-06-12 16:00:00+02:00,2018-06-12,16,62.48,55.07757738449618,35.48670630399379,77.25060874982861
2018-06-12 17:00:00+02:00,2018-06-12,17,66.58,57.52579399802772,35.91951503212311,80.49231401892804
2018-06-12 18:00:00+02:00,2018-06-12,18,67.83,59.93293636286573,39.22179350390735,84.71961126529875
2018-06-12 19:00:00+02:00,2018-06-12,19,66.1,61.47330553357362,43.004335447567385,86.95782092722769
2018-06-12 20:00:00+02:00,2018-06-12,20,65.01,59.581660554938104,43.76082555456254,82.12334313247516
2018-06-12 21:00:00+02:00,2018-06-12,21,65.23,58.06785764152627,43.05580270235604,76.20513661920276
2018-06-12 22:00:00+02:00,2018-06-12,22,65.23,54.17185272436119,40.49160224308544,74.5465391629868
2018-06-12 23:00:00+02:00,2018-06-12,23,64.18,51.69631808729571,38.33022967703393,72.418244465144
2018-06-13 00:00:00+02:00,2018-06-13,0,50.38,57.80003336293887,43.81007910262714,77.12096391617554
2018-06-13 01:00:00+02:00,2018-06-13,1,51.0,54.20235505943087,37.69092409612408,74.37349422115129
2018-06-13 02:00:00+02:00,2018-06-13,2,50.0,50.0211003200558,36.04120553662796,69.91858923048417
2018-06-13 03:00:00+02:00,2018-06-13,3,48.0,49.1200156945167,33.96307033933349,68.24744813170662
2018-06-13 04:00:00+02:00,2018-06-13,4,48.0,48.20005720512738,33.41867406054389,67.07118553891286
2018-06-13 05:00:00+02:00,2018-06-13,5,49.65,49.22772681854074,33.22457382474912,70.28303694086864
2018-06-13 06:00:00+02:00,2018-06-13,6,51.94,53.54146249524221,35.56077029682616,74.99181977758806
2018-06-13 07:00:00+02:00,2018-06-13,7,54.05,60.21834786044442,39.06930168870546,84.75464795225041
2018-06-13 08:00:00+02:00,2018-06-13,8,55.77,61.359882037012525,39.05555693530384,85.77806330633102
2018-06-13 09:00:00+02:00,2018-06-13,9,55.2,63.385667689740615,44.175161716018636,86.82649668947803
2018-06-13 10:00:00+02:00,2018-06-13,10,54.94,63.26843389800066,46.069976989896745,85.23323629163204
2018-06-13 11:00:00+02:00,2018-06-13,11,55.0,62.54532543025266,46.22503948366729,84.0850689197766
2018-06-13 12:00:00+02:00,2018-06-13,12,53.29,61.89783831456047,45.57126578426502,83.06261705384495
2018-06-13 13:00:00+02:00,2018-06-13,13,54.05,60.83464779243333,43.421775594958135,82.1008958459438
2018-06-13 14:00:00+02:00,2018-06-13,14,55.0,59.0343064848034,42.62925125015414,80.23894739134482
2018-06-13 15:00:00+02:00,2018-06-13,15,53.85,57.20548476078172,38.2496013492956,78.5389185777315
2018-06-13 16:00:00+02:00,2018-06-13,16,53.01,57.15449430166882,37.56362322116643,79.32752566700125
2018-06-13 17:00:00+02:00,2018-06-13,17,52.7,59.401046111620566,37.79476714571595,82.36756613252089
2018-06-13 18:00:00+02:00,2018-06-13,18,52.7,61.216477895339686,40.505335036381304,86.00315279777271
2018-06-13 19:00:00+02:00,2018-06-13,19,54.94,61.99091064623699,43.52194056023075,87.47542603989105
2018-06-13 20:00:00+02:00,2018-06-13,20,53.73,61.84551244458817,46.0246774442126,84.38719502212521
2018-06-13 21:00:00+02:00,2018-06-13,21,55.09,63.347072201116305,48.33501726194608,81.48435117879279
2018-06-13 22:00:00+02:00,2018-06-13,22,54.53,61.868127185084894,48.187876703809145,82.2428136237105
2018-06-13 23:00:00+02:00,2018-06-13,23,51.71,59.85816062741405,46.49207221715227,80.58008700526234
2018-06-14 00:00:00+02:00,2018-06-14,0,57.26,50.99465083987269,37.004696579560964,70.31558139310935
2018-06-14 01:00:00+02:00,2018-06-14,1,57.05,48.46381800680111,31.95238704349432,68.63495716852154
2018-06-14 02:00:00+02:00,2018-06-14,2,55.09,45.86835887579484,31.888464092367002,65.76584778622322
2018-06-14 03:00:00+02:00,2018-06-14,3,54.98,44.74886838512836,29.59192302994515,63.87630082231827
2018-06-14 04:00:00+02:00,2018-06-14,4,54.87,44.328707247031915,29.547324102448428,63.199835580817386
2018-06-14 05:00:00+02:00,2018-06-14,5,55.09,45.33554587316281,29.33239287937119,66.39085599549071
2018-06-14 06:00:00+02:00,2018-06-14,6,57.39,48.61805625983587,30.637364061419824,70.06841354218173
2018-06-14 07:00:00+02:00,2018-06-14,7,54.98,52.3185641963468,31.16951802460784,76.85486428815278
2018-06-14 08:00:00+02:00,2018-06-14,8,56.65,53.56593072737498,31.261605625666295,77.98411199669349
2018-06-14 09:00:00+02:00,2018-06-14,9,58.75,55.22159858773574,36.01109261401376,78.66242758747316
2018-06-14 10:00:00+02:00,2018-06-14,10,58.54,54.807574664089735,37.60911775598582,76.77237705772112
2018-06-14 11:00:00+02:00,2018-06-14,11,58.5,53.48604043243341,37.16575448584804,75.02578392195736
2018-06-14 12:00:00+02:00,2018-06-14,12,59.51,53.18319129957892,36.85661876928348,74.34797003886341
2018-06-14 13:00:00+02:00,2018-06-14,13,59.29,52.4838206551987,35.0709484577235,73.75006870870916
2018-06-14 14:00:00+02:00,2018-06-14,14,58.75,51.76076070364585,35.35570546899659,72.96540161018726
2018-06-14 15:00:00+02:00,2018-06-14,15,59.67,50.29974301869774,31.34385960721162,71.63317683564752
2018-06-14 16:00:00+02:00,2018-06-14,16,59.67,49.81370336077599,30.2228322802736,71.98673472610844
2018-06-14 17:00:00+02:00,2018-06-14,17,59.67,50.24997550928548,28.643696543380862,73.2164955301858
2018-06-14 18:00:00+02:00,2018-06-14,18,58.7,50.430920433645085,29.719777574686702,75.2175953360781
2018-06-14 19:00:00+02:00,2018-06-14,19,57.02,50.80704738940027,32.33807730339403,76.29156278305433
2018-06-14 20:00:00+02:00,2018-06-14,20,58.7,51.69526877707226,35.87443377669669,74.23695135460932
2018-06-14 21:00:00+02:00,2018-06-14,21,60.11,53.34356728063968,38.331512341469455,71.48084625831618
2018-06-14 22:00:00+02:00,2018-06-14,22,59.67,52.27449298639315,38.5942425051174,72.64917942501876
2018-06-14 23:00:00+02:00,2018-06-14,23,58.24,50.307675092735494,36.94158668247371,71.02960147058378
2018-06-15 00:00:00+02:00,2018-06-15,0,56.89,56.857580112816876,42.86762585250515,76.17851066605354
2018-06-15 01:00:00+02:00,2018-06-15,1,57.38,54.00316679031531,37.49173582700852,74.17430595203572
2018-06-15 02:00:00+02:00,2018-06-15,2,56.47,51.574861617795975,37.59496683436814,71.47235052822435
2018-06-15 03:00:00+02:00,2018-06-15,3,55.19,51.33191015107836,36.17496479589515,70.45934258826827
2018-06-15 04:00:00+02:00,2018-06-15,4,55.2,51.215657958494546,36.43427481391106,70.08678629228001
2018-06-15 05:00:00+02:00,2018-06-15,5,56.89,51.60863536922252,35.6054823754309,72.66394549155044
2018-06-15 06:00:00+02:00,2018-06-15,6,56.74,54.75870714074465,36.7780149423286,76.2090644230905
2018-06-15 07:00:00+02:00,2018-06-15,7,59.92,56.4569244101487,35.30787823840974,80.9932245019547
2018-06-15 08:00:00+02:00,2018-06-15,8,61.9,58.13533262625033,35.83100752454165,82.55351389556883
2018-06-15 09:00:00+02:00,2018-06-15,9,61.76,59.63907750856356,40.42857153484158,83.07990650830098
2018-06-15 10:00:00+02:00,2018-06-15,10,60.67,60.74187476643768,43.54341785833377,82.70667716006906
2018-06-15 11:00:00+02:00,2018-06-15,11,60.46,60.309900274201425,43.98961432761605,81.84964376372537
2018-06-15 12:00:00+02:00,2018-06-15,12,60.89,60.206198046511965,43.87962551621652,81.37097678579644
2018-06-15 13:00:00+02:00,2018-06-15,13,60.54,59.62236358397994,42.209491386504745,80.88861163749041
2018-06-15 14:00:00+02:00,2018-06-15,14,59.5,58.93379358312573,42.528738348476466,80.13843448966713
2018-06-15 15:00:00+02:00,2018-06-15,15,57.51,57.04507085880996,38.08918744732384,78.37850467575973
2018-06-15 16:00:00+02:00,2018-06-15,16,56.23,56.58695506039366,36.996083979891274,78.75998642572611
2018-06-15 17:00:00+02:00,2018-06-15,17,56.69,57.42326371297438,35.81698474706977,80.38978373387471
2018-06-15 18:00:00+02:00,2018-06-15,18,56.23,57.12697028417165,36.415827425213266,81.91364518660467
2018-06-15 19:00:00+02:00,2018-06-15,19,56.35,56.55111849465446,38.08214840864822,82.03563388830852
2018-06-15 20:00:00+02:00,2018-06-15,20,56.1,58.064245087494115,42.24341008711855,80.60592766503117
2018-06-15 21:00:00+02:00,2018-06-15,21,56.49,60.00956487325188,44.997509934081656,78.14684385092838
2018-06-15 22:00:00+02:00,2018-06-15,22,56.53,59.08586488856103,45.40561440728528,79.46055132718664
2018-06-15 23:00:00+02:00,2018-06-15,23,53.12,57.64912099113295,44.28303258087117,78.37104736898124
2018-06-16 00:00:00+02:00,2018-06-16,0,51.84,54.26995971486913,40.280005454557404,73.5908902681058
2018-06-16 01:00:00+02:00,2018-06-16,1,51.22,51.736996894111414,35.22556593080462,71.90813605583183
2018-06-16 02:00:00+02:00,2018-06-16,2,51.4,49.66936144129027,35.68946665786243,69.56685035171864
2018-06-16 03:00:00+02:00,2018-06-16,3,51.1,47.82802425427841,32.6710788990952,66.95545669146833
2018-06-16 04:00:00+02:00,2018-06-16,4,51.6,47.74938565187405,32.968002507290564,66.62051398565953
2018-06-16 05:00:00+02:00,2018-06-16,5,51.4,48.04340927577006,32.040256281978444,69.09871939809797
2018-06-16 06:00:00+02:00,2018-06-16,6,54.0,49.978681231380925,31.99798903296488,71.42903851372678
2018-06-16 07:00:00+02:00,2018-06-16,7,51.63,50.93329736466618,29.784251192927222,75.46959745647217
2018-06-16 08:00:00+02:00,2018-06-16,8,52.06,52.41690727541696,30.112582173708272,76.83508854473546
2018-06-16 09:00:00+02:00,2018-06-16,9,52.19,53.78922205938596,34.578716085663984,77.23005105912338
2018-06-16 10:00:00+02:00,2018-06-16,10,54.02,54.92374766143665,37.725290753332736,76.88855005506804
2018-06-16 11:00:00+02:00,2018-06-16,11,55.0,54.05952896956277,37.7392430229774,75.5992724590867
2018-06-16 12:00:00+02:00,2018-06-16,12,55.0,53.99403410813936,37.667461577843916,75.15881284742385
2018-06-16 13:00:00+02:00,2018-06-16,13,55.0,53.78531141878589,36.37243922131069,75.05155947229636
2018-06-16 14:00:00+02:00,2018-06-16,14,57.0,53.232584441556995,36.827529206907734,74.43722534809841
2018-06-16 15:00:00+02:00,2018-06-16,15,52.11,50.17239221603505,31.21650880454893,71.50582603298483
2018-06-16 16:00:00+02:00,2018-06-16,16,51.7,49.34174755886633,29.750876478363942,71.51477892419877
2018-06-16 17:00:00+02:00,2018-06-16,17,51.2,50.12960155234253,28.523322586437914,73.09612157324284
2018-06-16 18:00:00+02:00,2018-06-16,18,51.39,51.05690801141084,30.345765152452458,75.84358291384386
2018-06-16 19:00:00+02:00,2018-06-16,19,51.18,52.235725010464684,33.766754924458446,77.72024040411874
2018-06-16 20:00:00+02:00,2018-06-16,20,52.0,53.27148168972029,37.45064668934472,75.81316426725735
2018-06-16 21:00:00+02:00,2018-06-16,21,56.9,54.59539460626642,39.58333966709619,72.7326735839429
2018-06-16 22:00:00+02:00,2018-06-16,22,54.9,53.88703168250167,40.20678120122592,74.26171812112729
2018-06-16 23:00:00+02:00,2018-06-16,23,52.15,51.51893467894878,38.152846268687,72.24086105679707
2018-06-17 00:00:00+02:00,2018-06-17,0,47.4,53.95364138447303,39.963687124161304,73.2745719377097
2018-06-17 01:00:00+02:00,2018-06-17,1,48.0,51.31316252915428,34.80173156584749,71.4843016908747
2018-06-17 02:00:00+02:00,2018-06-17,2,44.1,50.15620352243768,36.17630873900984,70.05369243286606
2018-06-17 03:00:00+02:00,2018-06-17,3,43.49,48.0971068780174,32.94016152283419,67.22453931520731
2018-06-17 04:00:00+02:00,2018-06-17,4,42.74,48.62108807895585,33.839704934372364,67.49221641274133
2018-06-17 05:00:00+02:00,2018-06-17,5,42.61,48.30154438978671,32.2983913959951,69.35685451211462
2018-06-17 06:00:00+02:00,2018-06-17,6,41.98,50.37236698645538,32.39167478803934,71.82272426880124
2018-06-17 07:00:00+02:00,2018-06-17,7,41.98,49.14433354963803,27.995287377899068,73.68063364144402
2018-06-17 08:00:00+02:00,2018-06-17,8,42.99,49.9680179722497,27.66369287054101,74.38619924156819
2018-06-17 09:00:00+02:00,2018-06-17,9,44.1,51.477048225579395,32.266542251857416,74.91787722531681
2018-06-17 10:00:00+02:00,2018-06-17,10,44.1,53.867099195078666,36.66864228697475,75.83190158871005
2018-06-17 11:00:00+02:00,2018-06-17,11,44.76,53.4812328324645,37.16094688587913,75.02097632198844
2018-06-17 12:00:00+02:00,2018-06-17,12,46.89,53.07539696634309,36.74882443604765,74.24017570562758
2018-06-17 13:00:00+02:00,2018-06-17,13,50.0,53.448604879602634,36.03573268212744,74.7148529331131
2018-06-17 14:00:00+02:00,2018-06-17,14,47.5,53.40794656303592,37.00289132838666,74.61258746957733
2018-06-17 15:00:00+02:00,2018-06-17,15,44.1,49.306528871867684,30.350645460381564,70.63996268881746
2018-06-17 16:00:00+02:00,2018-06-17,16,41.78,48.56589068723589,28.975019606733504,70.73892205256834
2018-06-17 17:00:00+02:00,2018-06-17,17,41.58,48.53695800324082,26.930679037336205,71.50347802414115
2018-06-17 18:00:00+02:00,2018-06-17,18,41.58,49.52498292658955,28.81384006763117,74.31165782902258
2018-06-17 19:00:00+02:00,2018-06-17,19,41.88,50.81511233303335,32.34614224702711,76.2996277266874
2018-06-17 20:00:00+02:00,2018-06-17,20,43.99,52.39760426190683,36.57676926153126,74.93928683944388
2018-06-17 21:00:00+02:00,2018-06-17,21,50.4,56.094424590927176,41.08236965175695,74.23170356860366
2018-06-17 22:00:00+02:00,2018-06-17,22,53.07,54.786701035439215,41.106450554163466,75.16138747406484
2018-06-17 23:00:00+02:00,2018-06-17,23,45.5,52.09934399060696,38.73325558034518,72.82127036845526
2018-06-18 00:00:00+02:00,2018-06-18,0,55.23,47.73921168920135,33.74925742888962,67.06014224243802
2018-06-18 01:00:00+02:00,2018-06-18,1,54.38,45.49260096823316,28.98117000492637,65.66374012995358
2018-06-18 02:00:00+02:00,2018-06-18,2,53.13,43.37140805449638,29.39151327106854,63.26889696492475
2018-06-18 03:00:00+02:00,2018-06-18,3,46.89,41.81118320958312,26.65423785439991,60.93861564677303
2018-06-18 04:00:00+02:00,2018-06-18,4,46.89,41.37908174656387,26.597698601980383,60.25021008034934
2018-06-18 05:00:00+02:00,2018-06-18,5,52.0,42.11727511958721,26.114122125795596,63.17258524191512
2018-06-18 06:00:00+02:00,2018-06-18,6,54.97,44.47500405692402,26.494311858507977,65.92536133926987
2018-06-18 07:00:00+02:00,2018-06-18,7,55.73,47.33348512364633,26.184438951907367,71.86978521545231
2018-06-18 08:00:00+02:00,2018-06-18,8,55.48,48.92311512900846,26.61879002729977,73.34129639832696
2018-06-18 09:00:00+02:00,2018-06-18,9,55.48,50.10297543344188,30.892469459719898,73.5438044331793
2018-06-18 10:00:00+02:00,2018-06-18,10,55.13,50.45981994457677,33.26136303647286,72.42462233820817
2018-06-18 11:00:00+02:00,2018-06-18,11,55.7,50.440063099866066,34.119777153280694,71.97980658939001
2018-06-18 12:00:00+02:00,2018-06-18,12,57.47,50.49449676571917,34.167924235423726,71.65927550500365
2018-06-18 13:00:00+02:00,2018-06-18,13,57.47,51.64399275632179,34.2311205588466,72.91024080983226
2018-06-18 14:00:00+02:00,2018-06-18,14,56.87,49.93492184441213,33.52986660976287,71.13956275095354
2018-06-18 15:00:00+02:00,2018-06-18,15,56.66,47.85337795842494,28.897494546938823,69.18681177537472
2018-06-18 16:00:00+02:00,2018-06-18,16,55.7,46.78894769270387,27.198076612201483,68.96197905803632
2018-06-18 17:00:00+02:00,2018-06-18,17,55.7,46.97344516301702,25.367166197112404,69.93996518391734
2018-06-18 18:00:00+02:00,2018-06-18,18,55.73,47.45444930452794,26.74330644556956,72.24112420696096
2018-06-18 19:00:00+02:00,2018-06-18,19,55.23,47.584033039332596,29.11506295332636,73.06854843298666
2018-06-18 20:00:00+02:00,2018-06-18,20,56.4,48.829185362724594,33.00835036234903,71.37086794026165
2018-06-18 21:00:00+02:00,2018-06-18,21,57.34,51.995502799880896,36.98344786071067,70.13278177755738
2018-06-18 22:00:00+02:00,2018-06-18,22,55.0,51.85269414033339,38.17244365905764,72.22738057895901
2018-06-18 23:00:00+02:00,2018-06-18,23,51.42,47.81378871481489,34.44770030455311,68.53571509266318
2018-06-19 00:00:00+02:00,2018-06-19,0,50.86,53.14936376629164,39.159409505979916,72.4702943195283
2018-06-19 01:00:00+02:00,2018-06-19,1,46.89,50.99556077643739,34.48412981313059,71.1666999381578
2018-06-19 02:00:00+02:00,2018-06-19,2,42.99,48.990466329513886,35.01057154608605,68.88795523994226
2018-06-19 03:00:00+02:00,2018-06-19,3,42.61,46.73045902512182,31.573513669938606,65.85789146231173
2018-06-19 04:00:00+02:00,2018-06-19,4,42.6,47.22111870000158,32.439735555418096,66.09224703378706
2018-06-19 05:00:00+02:00,2018-06-19,5,43.69,48.651068283104294,32.64791528931268,69.7063784054322
2018-06-19 06:00:00+02:00,2018-06-19,6,49.57,52.01839639311074,34.0377041946947,73.4687536754566
2018-06-19 07:00:00+02:00,2018-06-19,7,51.75,55.31105480447881,34.16200863273985,79.8473548962848
2018-06-19 08:00:00+02:00,2018-06-19,8,53.42,56.63689494413194,34.332569842423254,81.05507621345043
2018-06-19 09:00:00+02:00,2018-06-19,9,54.89,56.948432205921335,37.73792623219936,80.38926120565876
2018-06-19 10:00:00+02:00,2018-06-19,10,56.66,57.66346201377926,40.465005105675345,79.62826440741065
2018-06-19 11:00:00+02:00,2018-06-19,11,58.02,57.05721111906435,40.736925172478976,78.59695460858829
2018-06-19 12:00:00+02:00,2018-06-19,12,59.29,56.89153856543569,40.564966035140245,78.05631730472018
2018-06-19 13:00:00+02:00,2018-06-19,13,60.3,56.15922509701149,38.7463528995363,77.42547315052195
2018-06-19 14:00:00+02:00,2018-06-19,14,59.69,55.268092854158944,38.86303761950968,76.47273376070035
2018-06-19 15:00:00+02:00,2018-06-19,15,59.77,54.05195360781947,35.09607019633335,75.38538742476925
2018-06-19 16:00:00+02:00,2018-06-19,16,59.98,54.00481052726118,34.41393944675879,76.17784189259362
2018-06-19 17:00:00+02:00,2018-06-19,17,60.0,54.302772907794306,32.69649394188969,77.26929292869463
2018-06-19 18:00:00+02:00,2018-06-19,18,59.52,55.04812343848088,34.336980579522496,79.83479834091389
2018-06-19 19:00:00+02:00,2018-06-19,19,59.01,55.229678121574885,36.76070803556865,80.71419351522894
2018-06-19 20:00:00+02:00,2018-06-19,20,59.52,56.139573023204875,40.31873802282931,78.68125560074193
2018-06-19 21:00:00+02:00,2018-06-19,21,60.78,57.6371488736347,42.62509393446447,75.77442785131119
2018-06-19 22:00:00+02:00,2018-06-19,22,59.69,55.80338423984432,42.12313375856857,76.17807067846994
2018-06-19 23:00:00+02:00,2018-06-19,23,58.43,53.57636919041433,40.21028078015255,74.29829556826263
2018-06-20 00:00:00+02:00,2018-06-20,0,61.3,53.94764680372185,39.957692543410126,73.26857735695852
2018-06-20 01:00:00+02:00,2018-06-20,1,61.14,50.303543424473936,33.79211246116714,70.47468258619435
2018-06-20 02:00:00+02:00,2018-06-20,2,60.17,47.964426744115215,33.98453196068738,67.8619156545436
2018-06-20 03:00:00+02:00,2018-06-20,3,60.03,46.83577334967983,31.678827994496622,65.96320578686974
2018-06-20 04:00:00+02:00,2018-06-20,4,60.13,46.88650985483015,32.105126710246665,65.75763818861563
2018-06-20 05:00:00+02:00,2018-06-20,5,60.5,47.83883602557171,31.835683031780093,68.89414614789962
2018-06-20 06:00:00+02:00,2018-06-20,6,61.89,51.9457811655333,33.965088967117254,73.39613844787915
2018-06-20 07:00:00+02:00,2018-06-20,7,62.22,55.077253508952616,33.92820733721366,79.6135536007586
2018-06-20 08:00:00+02:00,2018-06-20,8,62.83,56.84436436116245,34.54003925945376,81.26254563048094
2018-06-20 09:00:00+02:00,2018-06-20,9,62.59,58.789066580277094,39.578560606555115,82.22989558001451
2018-06-20 10:00:00+02:00,2018-06-20,10,62.23,60.028117627976215,42.8296607198723,81.9929200216076
2018-06-20 11:00:00+02:00,2018-06-20,11,62.0,59.47785587401618,43.157569927430806,81.01759936354011
2018-06-20 12:00:00+02:00,2018-06-20,12,62.41,58.741568052756065,42.41499552246062,79.90634679204055
2018-06-20 13:00:00+02:00,2018-06-20,13,62.16,58.93289523326597,41.52002303579077,80.19914328677643
2018-06-20 14:00:00+02:00,2018-06-20,14,61.87,58.023469082021066,41.618413847371805,79.22810998856248
2018-06-20 15:00:00+02:00,2018-06-20,15,61.92,57.042520622483174,38.086637210997054,78.37595443943295
2018-06-20 16:00:00+02:00,2018-06-20,16,61.74,56.829249102828484,37.238378022326096,79.00228046816093
2018-06-20 17:00:00+02:00,2018-06-20,17,61.74,56.931769656454,35.32549069054939,79.89828967735431
2018-06-20 18:00:00+02:00,2018-06-20,18,61.39,57.73438668549484,37.02324382653646,82.52106158792786
2018-06-20 19:00:00+02:00,2018-06-20,19,61.14,57.85089559791427,39.38192551190803,83.33541099156832
2018-06-20 20:00:00+02:00,2018-06-20,20,61.39,58.94153228278001,43.12069728240444,81.48321486031706
2018-06-20 21:00:00+02:00,2018-06-20,21,61.99,60.80409958924315,45.792044650072924,78.94137856691964
2018-06-20 22:00:00+02:00,2018-06-20,22,61.46,59.225745611495014,45.545495130219265,79.60043205012063
2018-06-20 23:00:00+02:00,2018-06-20,23,59.7,57.06302595014927,43.696937539887486,77.78495232799756
2018-06-21 00:00:00+02:00,2018-06-21,0,60.17,59.190721362946114,45.20076710263439,78.51165191618279
2018-06-21 01:00:00+02:00,2018-06-21,1,60.0,55.94269453021991,39.43126356691312,76.11383369194033
2018-06-21 02:00:00+02:00,2018-06-21,2,60.0,53.97139358919746,39.99149880576962,73.86888249962584
2018-06-21 03:00:00+02:00,2018-06-21,3,59.92,53.13822220582822,37.98127685064501,72.26565464301814
2018-06-21 04:00:00+02:00,2018-06-21,4,59.67,52.46528425137798,37.683901106794494,71.33641258516346
2018-06-21 05:00:00+02:00,2018-06-21,5,59.67,52.89162826921315,36.888475275421534,73.94693839154107
2018-06-21 06:00:00+02:00,2018-06-21,6,60.09,56.19018948554766,38.20949728713162,77.64054676789351
2018-06-21 07:00:00+02:00,2018-06-21,7,60.49,59.08225814964253,37.93321197790357,83.61855824144851
2018-06-21 08:00:00+02:00,2018-06-21,8,61.14,60.23666580997085,37.93234070826216,84.65484707928934
2018-06-21 09:00:00+02:00,2018-06-21,9,61.97,61.28744154918188,42.0769355754599,84.7282705489193
2018-06-21 10:00:00+02:00,2018-06-21,10,61.39,62.111035560142454,44.91257865203854,84.07583795377384
2018-06-21 11:00:00+02:00,2018-06-21,11,61.5,61.10563102900744,44.78534508242207,82.64537451853138
2018-06-21 12:00:00+02:00,2018-06-21,12,61.99,60.8981354646618,44.571562934366355,82.06291420394629
2018-06-21 13:00:00+02:00,2018-06-21,13,61.97,60.19924303447742,42.786370837002224,81.46549108798789
2018-06-21 14:00:00+02:00,2018-06-21,14,61.83,59.30317934859452,42.89812411394526,80.50782025513593
2018-06-21 15:00:00+02:00,2018-06-21,15,61.83,57.428722322802024,38.472838911315904,78.7621561397518
2018-06-21 16:00:00+02:00,2018-06-21,16,61.99,57.297053759775295,37.70618267927291,79.47008512510774
2018-06-21 17:00:00+02:00,2018-06-21,17,61.83,58.06690001986092,36.4606210539563,81.03342004076123
2018-06-21 18:00:00+02:00,2018-06-21,18,61.0,58.646373919677174,37.93523106071879,83.4330488221102
2018-06-21 19:00:00+02:00,2018-06-21,19,60.8,58.970678044198756,40.50170795819252,84.45519343785281
2018-06-21 20:00:00+02:00,2018-06-21,20,60.69,59.87848863635033,44.057653635974766,82.42017121388739
2018-06-21 21:00:00+02:00,2018-06-21,21,61.39,60.18947708544918,45.17742214627895,78.32675606312566
2018-06-21 22:00:00+02:00,2018-06-21,22,60.69,59.31605311697022,45.63580263569447,79.69073955559583
2018-06-21 23:00:00+02:00,2018-06-21,23,58.68,57.37884511019075,44.01275669992897,78.10077148803904
2018-06-22 00:00:00+02:00,2018-06-22,0,59.92,57.71365425162145,43.72369999130972,77.03458480485811
2018-06-22 01:00:00+02:00,2018-06-22,1,59.12,54.767404711764264,38.25597374845747,74.93854387348469
2018-06-22 02:00:00+02:00,2018-06-22,2,58.19,53.34060872845671,39.36071394502887,73.23809763888508
2018-06-22 03:00:00+02:00,2018-06-22,3,55.3,52.34209995455647,37.185154599373256,71.46953239174638
2018-06-22 04:00:00+02:00,2018-06-22,4,55.01,51.91666056971191,37.13527742512842,70.78778890349739
2018-06-22 05:00:00+02:00,2018-06-22,5,55.3,52.859375580861936,36.85622258707032,73.91468570318985
2018-06-22 06:00:00+02:00,2018-06-22,6,58.68,55.699028704303885,37.71833650588784,77.14938598664975
2018-06-22 07:00:00+02:00,2018-06-22,7,60.1,57.781742888665654,36.632696716926695,82.31804298047165
2018-06-22 08:00:00+02:00,2018-06-22,8,60.89,59.019387102951654,36.71506200124297,83.43756837227015
2018-06-22 09:00:00+02:00,2018-06-22,9,60.89,60.58687956813903,41.37637359441705,84.02770856787646
2018-06-22 10:00:00+02:00,2018-06-22,10,61.14,61.68380878427168,44.48535187616777,83.64861117790306
2018-06-22 11:00:00+02:00,2018-06-22,11,61.49,60.93195925305592,44.61167330647055,82.47170274257986
2018-06-22 12:00:00+02:00,2018-06-22,12,62.01,60.535976556143396,44.20940402584795,81.70075529542788
2018-06-22 13:00:00+02:00,2018-06-22,13,61.5,59.732641623573315,42.31976942609812,80.99888967708378
2018-06-22 14:00:00+02:00,2018-06-22,14,60.92,58.968732577649234,42.56367734299997,80.17337348419065
2018-06-22 15:00:00+02:00,2018-06-22,15,60.77,56.84906703769936,37.89318362621324,78.18250085464913
2018-06-22 16:00:00+02:00,2018-06-22,16,60.92,56.58758723612972,36.99671615562733,78.76061860146217
2018-06-22 17:00:00+02:00,2018-06-22,17,60.65,56.51041911169085,34.904140145786236,79.47693913259117
2018-06-22 18:00:00+02:00,2018-06-22,18,60.27,57.1275810378534,36.41643817889502,81.91425594028642
2018-06-22 19:00:00+02:00,2018-06-22,19,60.27,57.44881182714845,38.97984174114221,82.93332722080251
2018-06-22 20:00:00+02:00,2018-06-22,20,60.41,58.54206309946439,42.721228099088826,81.08374567700145
2018-06-22 21:00:00+02:00,2018-06-22,21,60.3,59.54123753881862,44.529182599648394,77.67851651649511
2018-06-22 22:00:00+02:00,2018-06-22,22,60.23,58.137941843994575,44.457691362718826,78.5126282826202
2018-06-22 23:00:00+02:00,2018-06-22,23,59.69,56.114640504771636,42.748552094509854,76.83656688261993
2018-06-23 00:00:00+02:00,2018-06-23,0,52.35,57.241421054288836,43.25146679397711,76.5623516075255
2018-06-23 01:00:00+02:00,2018-06-23,1,51.15,53.85312440696448,37.34169344365769,74.0242635686849
2018-06-23 02:00:00+02:00,2018-06-23,2,51.02,52.773871068494984,38.793976285067146,72.67135997892336
2018-06-23 03:00:00+02:00,2018-06-23,3,51.43,50.74885907174846,35.59191371656525,69.87629150893838
2018-06-23 04:00:00+02:00,2018-06-23,4,51.5,50.23367966427743,35.452296519693945,69.10480799806291
2018-06-23 05:00:00+02:00,2018-06-23,5,52.0,51.0349196776991,35.031766683907485,72.090229800027
2018-06-23 06:00:00+02:00,2018-06-23,6,51.02,53.21474911885217,35.234056920436124,74.66510640119802
2018-06-23 07:00:00+02:00,2018-06-23,7,51.2,53.30141254038186,32.1523663686429,77.83771263218784
2018-06-23 08:00:00+02:00,2018-06-23,8,55.0,54.59595510466696,32.29163000295827,79.01413637398545
2018-06-23 09:00:00+02:00,2018-06-23,9,58.57,56.645646284746576,37.4351403110246,80.086475284484
2018-06-23 10:00:00+02:00,2018-06-23,10,60.1,58.72686017415183,41.52840326604792,80.69166256778323
2018-06-23 11:00:00+02:00,2018-06-23,11,60.17,57.9845375152089,41.66425156862353,79.52428100473284
2018-06-23 12:00:00+02:00,2018-06-23,12,60.17,57.42875178015633,41.10217924986089,78.59353051944082
2018-06-23 13:00:00+02:00,2018-06-23,13,60.4,57.216964424672355,39.80409222719716,78.48321247818282
2018-06-23 14:00:00+02:00,2018-06-23,14,60.1,56.408508171499136,40.003452936849875,77.61314907804055
2018-06-23 15:00:00+02:00,2018-06-23,15,60.1,53.84283263703031,34.88694922554419,75.17626645398009
2018-06-23 16:00:00+02:00,2018-06-23,16,59.19,53.69225450942315,34.10138342892076,75.86528587475559
2018-06-23 17:00:00+02:00,2018-06-23,17,59.09,53.703063969432364,32.09678500352775,76.66958399033268
2018-06-23 18:00:00+02:00,2018-06-23,18,59.19,55.15906143376975,34.44791857481137,79.94573633620277
2018-06-23 19:00:00+02:00,2018-06-23,19,59.69,57.53905554694139,39.070085460935154,83.02357094059545
2018-06-23 20:00:00+02:00,2018-06-23,20,59.09,58.81905824415313,42.998223243777566,81.36074082169019
2018-06-23 21:00:00+02:00,2018-06-23,21,59.98,59.55847173701758,44.54641679784735,77.69575071469407
2018-06-23 22:00:00+02:00,2018-06-23,22,60.1,58.79571343170579,45.11546295043004,79.17039987033141
2018-06-23 23:00:00+02:00,2018-06-23,23,59.03,56.73885483370181,43.37276642344003,77.4607812115501
2018-06-24 00:00:00+02:00,2018-06-24,0,60.17,55.681232171002705,41.69127791069098,75.00216272423937
2018-06-24 01:00:00+02:00,2018-06-24,1,60.0,52.450920740081116,35.93948977677432,72.62205990180153
2018-06-24 02:00:00+02:00,2018-06-24,2,59.12,51.19945654413293,37.21956176070509,71.09694545456131
2018-06-24 03:00:00+02:00,2018-06-24,3,58.68,49.71118045837842,34.55423510319521,68.83861289556833
2018-06-24 04:00:00+02:00,2018-06-24,4,58.68,49.450196460880456,34.66881331629697,68.32132479466593
2018-06-24 05:00:00+02:00,2018-06-24,5,59.09,50.12890114957992,34.1257481557883,71.18421127190783
2018-06-24 06:00:00+02:00,2018-06-24,6,58.68,52.005909769566486,34.02521757115044,73.45626705191233
2018-06-24 07:00:00+02:00,2018-06-24,7,56.0,51.658148061891055,30.509101890152095,76.19444815369704
2018-06-24 08:00:00+02:00,2018-06-24,8,58.18,53.36136510905051,31.057040007341822,77.779546378369
2018-06-24 09:00:00+02:00,2018-06-24,9,58.68,55.775973666986886,36.56546769326491,79.2168026667243
2018-06-24 10:00:00+02:00,2018-06-24,10,59.19,57.97981299843606,40.781356090332146,79.94461539206745
2018-06-24 11:00:00+02:00,2018-06-24,11,59.09,57.28109631598723,40.960810369401855,78.82083980551117
2018-06-24 12:00:00+02:00,2018-06-24,12,59.69,56.807330951555436,40.48075842125999,77.97210969083991
2018-06-24 13:00:00+02:00,2018-06-24,13,60.1,56.98589754179666,39.573025344321465,78.25214559530713
2018-06-24 14:00:00+02:00,2018-06-24,14,60.1,56.2804217671406,39.87536653249134,77.48506267368202
2018-06-24 15:00:00+02:00,2018-06-24,15,59.96,53.193532479796716,34.237649068310596,74.5269662967465
2018-06-24 16:00:00+02:00,2018-06-24,16,59.19,52.914715247994046,33.32384416749166,75.08774661332649
2018-06-24 17:00:00+02:00,2018-06-24,17,58.45,52.68293404522778,31.076655079323167,75.6494540661281
2018-06-24 18:00:00+02:00,2018-06-24,18,58.43,54.004983771131876,33.29384091217349,78.7916586735649
2018-06-24 19:00:00+02:00,2018-06-24,19,58.99,56.66615778056214,38.1971876945559,82.1506731742162
2018-06-24 20:00:00+02:00,2018-06-24,20,60.09,58.15675551917136,42.335920518795795,80.69843809670841
2018-06-24 21:00:00+02:00,2018-06-24,21,60.41,59.76695766917802,44.75490273000779,77.90423664685451
2018-06-24 22:00:00+02:00,2018-06-24,22,61.14,59.542728812971674,45.862478331695925,79.91741525159729
2018-06-24 23:00:00+02:00,2018-06-24,23,60.41,57.11024138063941,43.74415297037763,77.8321677584877
2018-06-25 00:00:00+02:00,2018-06-25,0,60.89,56.9198399285206,42.929885668208875,76.24077048175727
2018-06-25 01:00:00+02:00,2018-06-25,1,59.46,54.26208248370598,37.75065152039919,74.4332216454264
2018-06-25 02:00:00+02:00,2018-06-25,2,56.4,53.1104130177824,39.13051823435456,73.00790192821077
2018-06-25 03:00:00+02:00,2018-06-25,3,53.0,51.786784215664774,36.62983886048156,70.91421665285469
2018-06-25 04:00:00+02:00,2018-06-25,4,52.87,51.31436649606928,36.5329833514858,70.18549482985475
2018-06-25 05:00:00+02:00,2018-06-25,5,54.9,52.36205127738138,36.35889828358977,73.41736139970929
2018-06-25 06:00:00+02:00,2018-06-25,6,58.89,55.00804019536463,37.027347996948585,76.45839747771049
2018-06-25 07:00:00+02:00,2018-06-25,7,61.68,57.14432595735084,35.99527978561188,81.68062604915683
2018-06-25 08:00:00+02:00,2018-06-25,8,63.43,58.812329463272306,36.50800436156362,83.2305107325908
2018-06-25 09:00:00+02:00,2018-06-25,9,64.36,60.425308901338454,41.214802927616475,83.86613790107587
2018-06-25 10:00:00+02:00,2018-06-25,10,64.24,61.059340734496274,43.86088382639236,83.02414312812766
2018-06-25 11:00:00+02:00,2018-06-25,11,63.94,60.60148868000031,44.281202733414936,82.14123216952424
2018-06-25 12:00:00+02:00,2018-06-25,12,64.36,60.37420381544738,44.04763128515194,81.53898255473186
2018-06-25 13:00:00+02:00,2018-06-25,13,64.36,60.49665974721155,43.08378754973636,81.76290780072202
2018-06-25 14:00:00+02:00,2018-06-25,14,64.01,59.49591005173686,43.090854817087596,80.70055095827827
2018-06-25 15:00:00+02:00,2018-06-25,15,63.9,57.72429959832384,38.76841618683772,79.05773341527362
2018-06-25 16:00:00+02:00,2018-06-25,16,63.8,57.488478089363255,37.89760700886087,79.6615094546957
2018-06-25 17:00:00+02:00,2018-06-25,17,63.68,57.10627198005962,35.499993014155,80.07279200095994
2018-06-25 18:00:00+02:00,2018-06-25,18,63.17,58.394105305598444,37.68296244664006,83.18078020803146
2018-06-25 19:00:00+02:00,2018-06-25,19,63.05,59.16511929932894,40.696149213322705,84.649634692983
2018-06-25 20:00:00+02:00,2018-06-25,20,63.05,60.12421620787709,44.30338120750152,82.66589878541414
2018-06-25 21:00:00+02:00,2018-06-25,21,63.36,61.22008088188163,46.2080259427114,79.35735985955812
2018-06-25 22:00:00+02:00,2018-06-25,22,62.93,60.04970342472448,46.36945294344873,80.42438986335009
2018-06-25 23:00:00+02:00,2018-06-25,23,62.45,57.65805901838089,44.29197060811911,78.37998539622919
2018-06-26 00:00:00+02:00,2018-06-26,0,62.9,58.78272339088569,44.792769130573966,78.10365394412236
2018-06-26 01:00:00+02:00,2018-06-26,1,61.3,55.90632707085816,39.39489610755137,76.07746623257859
2018-06-26 02:00:00+02:00,2018-06-26,2,60.17,53.5099917529073,39.53009696947946,73.40748066333566
2018-06-26 03:00:00+02:00,2018-06-26,3,59.89,52.5388390685212,37.38189371333799,71.66627150571111
2018-06-26 04:00:00+02:00,2018-06-26,4,60.17,52.12774917916032,37.34636603457683,70.9988775129458
2018-06-26 05:00:00+02:00,2018-06-26,5,61.02,53.30203161293069,37.298878619139074,74.3573417352586
2018-06-26 06:00:00+02:00,2018-06-26,6,61.24,57.08540912280929,39.104716924393244,78.53576640515514
2018-06-26 07:00:00+02:00,2018-06-26,7,63.17,60.50910615610228,39.36005998436332,85.04540624790826
2018-06-26 08:00:00+02:00,2018-06-26,8,63.69,62.107149810661426,39.80282470895274,86.52533107997992
2018-06-26 09:00:00+02:00,2018-06-26,9,64.17,63.70533076643047,44.49482479270849,87.1461597661679
2018-06-26 10:00:00+02:00,2018-06-26,10,63.87,64.43964314853808,47.24118624043417,86.40444554216947
2018-06-26 11:00:00+02:00,2018-06-26,11,63.87,63.43127433514837,47.110988388563,84.97101782467232
2018-06-26 12:00:00+02:00,2018-06-26,12,64.2,63.55156601851743,47.22499348822198,84.71634475780192
2018-06-26 13:00:00+02:00,2018-06-26,13,64.1,63.21402629138619,45.801154093910995,84.48027434489666
2018-06-26 14:00:00+02:00,2018-06-26,14,63.87,62.37535195761086,45.9702967229616,83.57999286415227
2018-06-26 15:00:00+02:00,2018-06-26,15,63.45,60.7226724153306,41.76678900384448,82.05610623228037
2018-06-26 16:00:00+02:00,2018-06-26,16,63.02,60.19171480311951,40.60084372261712,82.36474616845194
2018-06-26 17:00:00+02:00,2018-06-26,17,62.99,60.763061469872284,39.15678250396767,83.7295814907726
2018-06-26 18:00:00+02:00,2018-06-26,18,62.66,61.12685448650525,40.41571162754687,85.91352938893827
2018-06-26 19:00:00+02:00,2018-06-26,19,62.59,61.18505579951185,42.71608571350561,86.66957119316591
2018-06-26 20:00:00+02:00,2018-06-26,20,63.17,61.838975450202405,46.01814044982684,84.38065802773946
2018-06-26 21:00:00+02:00,2018-06-26,21,63.87,62.318011533155264,47.30595659398504,80.45529051083176
2018-06-26 22:00:00+02:00,2018-06-26,22,63.68,61.11941006750176,47.43915958622601,81.49409650612738
2018-06-26 23:00:00+02:00,2018-06-26,23,61.14,59.10974277835775,45.74365436809597,79.83166915620603
2018-06-27 00:00:00+02:00,2018-06-27,0,62.32,59.95172732833525,45.961773068023525,79.27265788157192
2018-06-27 01:00:00+02:00,2018-06-27,1,61.33,56.976244753129095,40.4648137898223,77.14738391484951
2018-06-27 02:00:00+02:00,2018-06-27,2,60.89,54.67239748493374,40.6925027015059,74.56988639536212
2018-06-27 03:00:00+02:00,2018-06-27,3,60.17,54.52960163032069,39.37265627513748,73.65703406751061
2018-06-27 04:00:00+02:00,2018-06-27,4,60.17,53.679353243121646,38.89797009853816,72.55048157690712
2018-06-27 05:00:00+02:00,2018-06-27,5,60.96,54.446928759226864,38.44377576543525,75.50223888155477
2018-06-27 06:00:00+02:00,2018-06-27,6,60.96,56.947705819683414,38.96701362126737,78.39806310202927
2018-06-27 07:00:00+02:00,2018-06-27,7,62.41,60.34562353495968,39.19657736322072,84.88192362676567
2018-06-27 08:00:00+02:00,2018-06-27,8,63.45,61.505974519730124,39.20164941802143,85.92415578904863
2018-06-27 09:00:00+02:00,2018-06-27,9,63.45,62.703484939598034,43.492978965876055,86.14431393933546
2018-06-27 10:00:00+02:00,2018-06-27,10,63.49,63.462046043796306,46.26358913569239,85.4268484374277
2018-06-27 11:00:00+02:00,2018-06-27,11,63.75,62.44698030384353,46.12669435725816,83.98672379336747
2018-06-27 12:00:00+02:00,2018-06-27,12,64.3,62.48085817312968,46.15428564283424,83.64563691241418
2018-06-27 13:00:00+02:00,2018-06-27,13,64.24,62.07929960485567,44.666427407380475,83.34554765836614
2018-06-27 14:00:00+02:00,2018-06-27,14,63.8,61.65257489097213,45.24751965632287,82.85721579751355
2018-06-27 15:00:00+02:00,2018-06-27,15,63.49,59.59161426090166,40.63573084941554,80.92504807785144
2018-06-27 16:00:00+02:00,2018-06-27,16,63.6,58.87243780653455,39.28156672603216,81.04546917186698
2018-06-27 17:00:00+02:00,2018-06-27,17,63.49,59.33538306837842,37.729104102473805,82.30190308927874
2018-06-27 18:00:00+02:00,2018-06-27,18,63.01,59.66061661873145,38.94947375977307,84.44729152116447
2018-06-27 19:00:00+02:00,2018-06-27,19,63.01,60.009178666583736,41.5402085805775,85.4936940602378
2018-06-27 20:00:00+02:00,2018-06-27,20,62.62,61.05623184667553,45.23539684629996,83.59791442421258
2018-06-27 21:00:00+02:00,2018-06-27,21,62.45,61.5504425680621,46.538387628891876,79.68772154573858
2018-06-27 22:00:00+02:00,2018-06-27,22,63.11,60.36257311428128,46.68232263300553,80.73725955290689
2018-06-27 23:00:00+02:00,2018-06-27,23,61.0,58.123917209508576,44.757828799246795,78.84584358735687
2018-06-28 00:00:00+02:00,2018-06-28,0,61.42,59.56015560368462,45.570201343372894,78.88108615692128
2018-06-28 01:00:00+02:00,2018-06-28,1,60.17,56.437158795582796,39.925727832276,76.60829795730322
2018-06-28 02:00:00+02:00,2018-06-28,2,59.73,55.229769348218625,41.24987456479079,75.127258258647
2018-06-28 03:00:00+02:00,2018-06-28,3,58.49,54.48509265525693,39.32814730007372,73.61252509244684
2018-06-28 04:00:00+02:00,2018-06-28,4,58.18,53.80931680304417,39.02793365846068,72.68044513682963
2018-06-28 05:00:00+02:00,2018-06-28,5,58.68,54.462542885598246,38.45938989180663,75.51785300792616
2018-06-28 06:00:00+02:00,2018-06-28,6,59.19,57.04564916839691,39.06495696998087,78.49600645074277
2018-06-28 07:00:00+02:00,2018-06-28,7,60.0,59.90169943687183,38.75265326513287,84.43799952867782
2018-06-28 08:00:00+02:00,2018-06-28,8,62.32,60.99628453301997,38.691959431311275,85.41446580233847
2018-06-28 09:00:00+02:00,2018-06-28,9,63.17,62.20322551560982,42.992719541887844,85.64405451534725
2018-06-28 10:00:00+02:00,2018-06-28,10,63.36,63.01829563785229,45.819838729748376,84.98309803148368
2018-06-28 11:00:00+02:00,2018-06-28,11,63.5,62.23083140166909,45.91054545508372,83.77057489119304
2018-06-28 12:00:00+02:00,2018-06-28,12,63.9,62.59952379982154,46.2729512695261,83.76430253910603
2018-06-28 13:00:00+02:00,2018-06-28,13,63.5,62.027524065377634,44.61465186790244,83.2937721188881
2018-06-28 14:00:00+02:00,2018-06-28,14,63.29,61.384231627112136,44.979176392462875,82.58887253365356
2018-06-28 15:00:00+02:00,2018-06-28,15,63.17,59.2958179863315,40.33993457484538,80.62925180328128
2018-06-28 16:00:00+02:00,2018-06-28,16,63.17,58.655713542570346,39.06484246206796,80.82874490790279
2018-06-28 17:00:00+02:00,2018-06-28,17,63.09,59.252048173967104,37.64576920806249,82.21856819486743
2018-06-28 18:00:00+02:00,2018-06-28,18,62.8,59.310679422757254,38.59953656379887,84.09735432519028
2018-06-28 19:00:00+02:00,2018-06-28,19,62.3,59.697984052515174,41.22901396650894,85.18249944616923
2018-06-28 20:00:00+02:00,2018-06-28,20,62.01,61.023874781321354,45.20303978094579,83.5655573588584
2018-06-28 21:00:00+02:00,2018-06-28,21,62.93,60.97131647375228,45.959261534582055,79.10859545142877
2018-06-28 22:00:00+02:00,2018-06-28,22,62.99,60.37177002845899,46.69151954718324,80.74645646708461
2018-06-28 23:00:00+02:00,2018-06-28,23,61.14,58.29351106674444,44.92742265648266,79.01543744459273
2018-06-29 00:00:00+02:00,2018-06-29,0,61.89,59.294601423086284,45.30464716277456,78.61553197632296
2018-06-29 01:00:00+02:00,2018-06-29,1,60.43,56.19335702641083,39.68192606310404,76.36449618813126
2018-06-29 02:00:00+02:00,2018-06-29,2,59.98,54.54955665860916,40.569661875181325,74.44704556903753
2018-06-29 03:00:00+02:00,2018-06-29,3,59.18,53.72563597888352,38.568690623700306,72.85306841607343
2018-06-29 04:00:00+02:00,2018-06-29,4,59.01,53.11555875122809,38.33417560664461,71.98668708501356
2018-06-29 05:00:00+02:00,2018-06-29,5,60.13,53.53918367681514,37.536030683023526,74.59449379914305
2018-06-29 06:00:00+02:00,2018-06-29,6,61.14,56.16896323210112,38.188271033685076,77.61932051444697
2018-06-29 07:00:00+02:00,2018-06-29,7,61.76,58.842628564090866,37.69358239235191,83.37892865589686
2018-06-29 08:00:00+02:00,2018-06-29,8,63.17,60.11632687075949,37.812001769050795,84.53450814007797
2018-06-29 09:00:00+02:00,2018-06-29,9,63.17,61.66415140454188,42.453645430819904,85.1049804042793
2018-06-29 10:00:00+02:00,2018-06-29,10,63.19,62.95012263102308,45.751665722919164,84.91492502465447
2018-06-29 11:00:00+02:00,2018-06-29,11,63.17,61.951415114140254,45.63112916755488,83.49115860366419
2018-06-29 12:00:00+02:00,2018-06-29,12,63.19,62.07846721608355,45.75189468578811,83.24324595536804
2018-06-29 13:00:00+02:00,2018-06-29,13,63.17,61.464149736314766,44.05127753883957,82.73039778982523
2018-06-29 14:00:00+02:00,2018-06-29,14,62.64,61.33413633877611,44.92908110412685,82.53877724531753
2018-06-29 15:00:00+02:00,2018-06-29,15,62.01,58.833383958293176,39.877500546807056,80.16681777524295
2018-06-29 16:00:00+02:00,2018-06-29,16,62.01,58.286271104201134,38.695400023698745,80.45930246953358
2018-06-29 17:00:00+02:00,2018-06-29,17,62.01,58.585429363303,36.979150397398385,81.55194938420331
2018-06-29 18:00:00+02:00,2018-06-29,18,62.0,59.158279261746806,38.44713640278842,83.94495416417982
2018-06-29 19:00:00+02:00,2018-06-29,19,61.14,59.760867649842396,41.29189756383616,85.24538304349645
2018-06-29 20:00:00+02:00,2018-06-29,20,61.89,60.488403626085656,44.66756862571009,83.03008620362272
2018-06-29 21:00:00+02:00,2018-06-29,21,62.0,60.80097281069916,45.78891787152893,78.93825178837565
2018-06-29 22:00:00+02:00,2018-06-29,22,62.52,59.938783689011736,46.25853320773599,80.31347012763734
2018-06-29 23:00:00+02:00,2018-06-29,23,61.89,58.02975917083004,44.66367076056826,78.75168554867832
2018-06-30 00:00:00+02:00,2018-06-30,0,62.81,58.66011402982084,44.67015976950911,77.98104458305751
2018-06-30 01:00:00+02:00,2018-06-30,1,61.69,55.19608461156552,38.684653648258724,75.36722377328593
2018-06-30 02:00:00+02:00,2018-06-30,2,60.89,54.222125151102205,40.24223036767437,74.11961406153057
2018-06-30 03:00:00+02:00,2018-06-30,3,60.43,52.78507176504704,37.62812640986383,71.91250420223696
2018-06-30 04:00:00+02:00,2018-06-30,4,59.19,52.58341062115638,37.802027476572896,71.45453895494185
2018-06-30 05:00:00+02:00,2018-06-30,5,58.68,52.96164259335062,36.958489599559,74.01695271567853
2018-06-30 06:00:00+02:00,2018-06-30,6,57.89,54.79318945626395,36.81249725784791,76.24354673860981
2018-06-30 07:00:00+02:00,2018-06-30,7,56.82,54.74298728834317,33.59394111660421,79.27928738014916
2018-06-30 08:00:00+02:00,2018-06-30,8,56.69,56.47014195775788,34.16581685604919,80.88832322707637
2018-06-30 09:00:00+02:00,2018-06-30,9,57.89,58.779587153271564,39.569081179549585,82.22041615300898
2018-06-30 10:00:00+02:00,2018-06-30,10,57.89,60.23184504142695,43.03338813332304,82.19664743505834
2018-06-30 11:00:00+02:00,2018-06-30,11,57.89,59.19506917069153,42.87478322410616,80.73481266021548
2018-06-30 12:00:00+02:00,2018-06-30,12,58.0,58.969597085888005,42.64302455559256,80.1343758251725
2018-06-30 13:00:00+02:00,2018-06-30,13,57.89,58.53031881293525,41.117446615460054,79.79656686644572
2018-06-30 14:00:00+02:00,2018-06-30,14,57.89,58.0026663608471,41.59761112619784,79.20730726738852
2018-06-30 15:00:00+02:00,2018-06-30,15,55.58,55.037295368409694,36.081411956923574,76.37072918535947
2018-06-30 16:00:00+02:00,2018-06-30,16,54.15,54.641826362921975,35.05095528241959,76.81485772825442
2018-06-30 17:00:00+02:00,2018-06-30,17,54.5,54.87438150587858,33.26810253997397,77.84090152677891
2018-06-30 18:00:00+02:00,2018-06-30,18,56.96,56.437526391785674,35.72638353282729,81.22420129421869
2018-06-30 19:00:00+02:00,2018-06-30,19,58.34,57.95626836368534,39.4872982776791,83.4407837573394
2018-06-30 20:00:00+02:00,2018-06-30,20,61.01,59.41180950017423,43.59097449979866,81.95349207771127
2018-06-30 21:00:00+02:00,2018-06-30,21,61.89,60.061612262879024,45.0495573237088,78.19889124055551
2018-06-30 22:00:00+02:00,2018-06-30,22,62.64,59.7358215572709,46.055571075995154,80.11050799589651
2018-06-30 23:00:00+02:00,2018-06-30,23,62.96,57.431136479043346,44.065048068781564,78.15306285689164
2018-07-01 00:00:00+02:00,2018-07-01,0,42.16,59.565727598644116,45.57577333833239,78.88665815188078
2018-07-01 01:00:00+02:00,2018-07-01,1,15.98,56.346383351306486,39.83495238799969,76.5175225130269
2018-07-01 02:00:00+02:00,2018-07-01,2,15.99,55.65768827383444,41.6777934904066,75.55517718426282
2018-07-01 03:00:00+02:00,2018-07-01,3,15.51,54.37250377219988,39.215558417016666,73.49993620938979
2018-07-01 04:00:00+02:00,2018-07-01,4,15.68,53.64818446510761,38.866801320524125,72.51931279889308
2018-07-01 05:00:00+02:00,2018-07-01,5,16.99,53.94011524438362,37.936962250592,74.99542536671153
2018-07-01 06:00:00+02:00,2018-07-01,6,19.72,55.27928089349049,37.29858869507444,76.72963817583634
2018-07-01 07:00:00+02:00,2018-07-01,7,22.77,54.530223236444684,33.381177064705724,79.06652332825067
2018-07-01 08:00:00+02:00,2018-07-01,8,30.89,55.47207652680363,33.16775142509495,79.89025779612213
2018-07-01 09:00:00+02:00,2018-07-01,9,43.01,57.52904761270729,38.31854163898531,80.96987661244471
2018-07-01 10:00:00+02:00,2018-07-01,10,49.67,59.80896946953901,42.610512561435094,81.7737718631704
2018-07-01 11:00:00+02:00,2018-07-01,11,53.02,59.500354492902204,43.18006854631683,81.04009798242615
2018-07-01 12:00:00+02:00,2018-07-01,12,53.04,58.76370447436077,42.43713194406533,79.92848321364525
2018-07-01 13:00:00+02:00,2018-07-01,13,54.07,59.14937308056343,41.73650088308823,80.41562113407389
2018-07-01 14:00:00+02:00,2018-07-01,14,53.99,58.33141347211058,41.92635823746132,79.536054378652
2018-07-01 15:00:00+02:00,2018-07-01,15,49.41,55.208294820841175,36.252411409355055,76.54172863779095
2018-07-01 16:00:00+02:00,2018-07-01,16,48.69,54.29046731235136,34.69959623184897,76.4634986776838
2018-07-01 17:00:00+02:00,2018-07-01,17,54.19,54.14762916626406,32.541350200359446,77.11414918716437
2018-07-01 18:00:00+02:00,2018-07-01,18,61.27,56.68030514084744,35.969162281889055,81.46698004328046
2018-07-01 19:00:00+02:00,2018-07-01,19,70.0,59.45721313260619,40.988243046599955,84.94172852626025
2018-07-01 20:00:00+02:00,2018-07-01,20,72.21,61.013041568478044,45.19220656810248,83.5547241460151
2018-07-01 21:00:00+02:00,2018-07-01,21,77.71,62.59939265823383,47.587337719063605,80.73667163591031
2018-07-01 22:00:00+02:00,2018-07-01,22,72.05,62.31083318708177,48.63058270580602,82.68551962570739
2018-07-01 23:00:00+02:00,2018-07-01,23,66.0,60.2009152837007,46.83482687343892,80.922841661549
2018-07-02 00:00:00+02:00,2018-07-02,0,48.25,51.772308817412274,37.78235455710055,71.09323937064894
2018-07-02 01:00:00+02:00,2018-07-02,1,44.69,43.88873922046939,27.377308257162596,64.05987838218981
2018-07-02 02:00:00+02:00,2018-07-02,2,43.03,42.42330750289663,28.44341271946879,62.320796413325
2018-07-02 03:00:00+02:00,2018-07-02,3,42.37,41.95620261871194,26.79925726352873,61.08363505590185
2018-07-02 04:00:00+02:00,2018-07-02,4,42.37,41.198291536965414,26.416908392381927,60.069419870750885
2018-07-02 05:00:00+02:00,2018-07-02,5,43.03,42.74558415816591,26.742431164374295,63.80089428049382
2018-07-02 06:00:00+02:00,2018-07-02,6,47.18,47.15496367579845,29.174271477382405,68.6053209581443
2018-07-02 07:00:00+02:00,2018-07-02,7,59.21,52.44050526898985,31.291459097250893,76.97680536079585
2018-07-02 08:00:00+02:00,2018-07-02,8,62.62,56.011989867043056,33.70766476533437,80.43017113636155
2018-07-02 09:00:00+02:00,2018-07-02,9,63.9,59.73096350296369,40.52045752924171,83.17179250270111
2018-07-02 10:00:00+02:00,2018-07-02,10,62.62,61.62637805911997,44.42792115101606,83.59118045275136
2018-07-02 11:00:00+02:00,2018-07-02,11,61.43,62.1346693481276,45.81438340154223,83.67441283765154
2018-07-02 12:00:00+02:00,2018-07-02,12,59.83,61.73598323421593,45.409410703920486,82.90076197350041
2018-07-02 13:00:00+02:00,2018-07-02,13,58.1,61.863126466434814,44.45025426895962,83.12937451994529
2018-07-02 14:00:00+02:00,2018-07-02,14,53.46,60.19549510410074,43.79043986945148,81.40013601064216
2018-07-02 15:00:00+02:00,2018-07-02,15,52.5,58.481444603368416,39.525561191882296,79.8148784203182
2018-07-02 16:00:00+02:00,2018-07-02,16,55.55,57.972305016901814,38.381433936399425,80.14533638223426
2018-07-02 17:00:00+02:00,2018-07-02,17,60.19,59.306271222668826,37.69999225676421,82.27279124356915
2018-07-02 18:00:00+02:00,2018-07-02,18,65.13,63.29642476608137,42.58528190712299,88.0830996685144
2018-07-02 19:00:00+02:00,2018-07-02,19,65.62,66.48888565816164,48.0199155721554,91.9734010518157
2018-07-02 20:00:00+02:00,2018-07-02,20,66.35,66.86119413007046,51.04035912969489,89.4028767076075
2018-07-02 21:00:00+02:00,2018-07-02,21,66.19,68.80788749513945,53.79583255596923,86.94516647281594
2018-07-02 22:00:00+02:00,2018-07-02,22,63.87,65.71122610326283,52.03097562198708,86.08591254188845
2018-07-02 23:00:00+02:00,2018-07-02,23,61.28,61.08876454454732,47.722676134285535,81.81069092239561
2018-07-03 00:00:00+02:00,2018-07-03,0,41.83,52.88610286392181,38.89614860361009,72.20703341715848
2018-07-03 01:00:00+02:00,2018-07-03,1,39.8,49.204418475898095,32.6929875125913,69.37555763761851
2018-07-03 02:00:00+02:00,2018-07-03,2,37.81,47.72720149700908,33.74730671358124,67.62469040743744
2018-07-03 03:00:00+02:00,2018-07-03,3,37.61,47.572334090381595,32.415388735198384,66.69976652757151
2018-07-03 04:00:00+02:00,2018-07-03,4,37.54,46.941410368824435,32.16002722424095,65.81253870260991
2018-07-03 05:00:00+02:00,2018-07-03,5,39.9,47.712517402717644,31.709364408926028,68.76782752504556
2018-07-03 06:00:00+02:00,2018-07-03,6,46.69,51.55491306204941,33.574220863633364,73.00527034439526
2018-07-03 07:00:00+02:00,2018-07-03,7,55.85,58.508213855430526,37.35916768369157,83.04451394723651
2018-07-03 08:00:00+02:00,2018-07-03,8,61.79,60.86888871561045,38.56456361390177,85.28706998492895
2018-07-03 09:00:00+02:00,2018-07-03,9,60.0,63.76822035999828,44.5577143862763,87.2090493597357
2018-07-03 10:00:00+02:00,2018-07-03,10,56.69,63.6452413500705,46.446784441966585,85.61004374370188
2018-07-03 11:00:00+02:00,2018-07-03,11,56.51,61.884132680591996,45.563846734006624,83.42387617011593
2018-07-03 12:00:00+02:00,2018-07-03,12,51.51,61.4374408218654,45.11086829156996,82.6022195611499
2018-07-03 13:00:00+02:00,2018-07-03,13,51.17,60.70673393798834,43.293861740513144,81.97298199149881
2018-07-03 14:00:00+02:00,2018-07-03,14,50.75,57.495140462708676,41.090085228059415,78.69978136925009
2018-07-03 15:00:00+02:00,2018-07-03,15,50.6,57.3852958623459,38.42941245085978,78.71872967929568
2018-07-03 16:00:00+02:00,2018-07-03,16,50.75,56.908576943766185,37.3177058632638,79.08160830909863
2018-07-03 17:00:00+02:00,2018-07-03,17,53.7,59.5897773041842,37.98349833827959,82.55629732508453
2018-07-03 18:00:00+02:00,2018-07-03,18,60.95,61.71225024718903,41.00110738823065,86.49892514962205
2018-07-03 19:00:00+02:00,2018-07-03,19,64.34,62.726001659319444,44.257031573313206,88.2105170529735
2018-07-03 20:00:00+02:00,2018-07-03,20,64.63,63.456443894076166,47.6356088937006,85.99812647161322
2018-07-03 21:00:00+02:00,2018-07-03,21,61.95,63.691390236479414,48.67933529730919,81.8286692141559
2018-07-03 22:00:00+02:00,2018-07-03,22,52.83,60.98243056022538,47.30218007894963,81.357116998851
2018-07-03 23:00:00+02:00,2018-07-03,23,47.11,58.79934800526473,45.43325959500295,79.52127438311302
2018-07-04 00:00:00+02:00,2018-07-04,0,42.68,45.411372910568694,31.421418650256967,64.73230346380537
2018-07-04 01:00:00+02:00,2018-07-04,1,35.8,42.63336252668245,26.121931563375654,62.804501688402866
2018-07-04 02:00:00+02:00,2018-07-04,2,34.32,41.40073927304807,27.42084448962023,61.29822818347644
2018-07-04 03:00:00+02:00,2018-07-04,3,32.01,39.9952385531132,24.838293197929985,59.12267099030311
2018-07-04 04:00:00+02:00,2018-07-04,4,31.7,39.77350548379141,24.992122339207924,58.64463381757688
2018-07-04 05:00:00+02:00,2018-07-04,5,31.68,41.14469035863189,25.141537364840275,62.2000004809598
2018-07-04 06:00:00+02:00,2018-07-04,6,33.1,46.058194162716546,28.077501964300502,67.50855144506241
2018-07-04 07:00:00+02:00,2018-07-04,7,34.32,51.89095928476098,30.741913113022022,76.42725937656698
2018-07-04 08:00:00+02:00,2018-07-04,8,34.21,55.51018723696719,33.2058621352585,79.9283685062857
2018-07-04 09:00:00+02:00,2018-07-04,9,42.4,57.12195578953922,37.91144981581724,80.56278478927663
2018-07-04 10:00:00+02:00,2018-07-04,10,47.43,55.99182655223448,38.793369644130564,77.95662894586587
2018-07-04 11:00:00+02:00,2018-07-04,11,49.09,54.747359726430794,38.42707377984542,76.28710321595474
2018-07-04 12:00:00+02:00,2018-07-04,12,47.79,53.286048184878936,36.95947565458349,74.45082692416342
2018-07-04 13:00:00+02:00,2018-07-04,13,45.68,52.58988601158761,35.177013814112414,73.85613406509808
2018-07-04 14:00:00+02:00,2018-07-04,14,44.99,50.310720336076464,33.9056651014272,71.51536124261787
2018-07-04 15:00:00+02:00,2018-07-04,15,41.12,49.183901113934745,30.228017702448625,70.51733493088452
2018-07-04 16:00:00+02:00,2018-07-04,16,37.68,48.79078943340046,29.199918352898074,70.96382079873291
2018-07-04 17:00:00+02:00,2018-07-04,17,36.69,50.97453113174778,29.368252165843167,73.9410511526481
2018-07-04 18:00:00+02:00,2018-07-04,18,41.43,54.250374282545884,33.5392314235875,79.03704918497891
2018-07-04 19:00:00+02:00,2018-07-04,19,42.83,54.98781685339054,36.518846767384304,80.47233224704459
2018-07-04 20:00:00+02:00,2018-07-04,20,49.77,55.52929039842919,39.70845539805362,78.07097297596624
2018-07-04 21:00:00+02:00,2018-07-04,21,55.16,55.209190171144144,40.19713523197392,73.34646914882063
2018-07-04 22:00:00+02:00,2018-07-04,22,51.8,50.71414772032794,37.03389723905219,71.08883415895355
2018-07-04 23:00:00+02:00,2018-07-04,23,50.07,47.26187100313617,33.89578259287439,67.98379738098447
2018-07-05 00:00:00+02:00,2018-07-05,0,55.84,44.69655817470092,30.70660391438919,64.01748872793759
2018-07-05 01:00:00+02:00,2018-07-05,1,55.33,41.203065081742785,24.691634118435992,61.374204243463204
2018-07-05 02:00:00+02:00,2018-07-05,2,54.6,39.85803753384157,25.87814275041373,59.75552644426994
2018-07-05 03:00:00+02:00,2018-07-05,3,54.78,38.470521329456574,23.313575974273363,57.597953766646484
2018-07-05 04:00:00+02:00,2018-07-05,4,54.88,38.20133482159563,23.419951677012143,57.0724631553811
2018-07-05 05:00:00+02:00,2018-07-05,5,55.15,39.169224607991524,23.166071614199907,60.224534730319434
2018-07-05 06:00:00+02:00,2018-07-05,6,55.75,42.332476177378446,24.351783978962402,63.7828334597243
2018-07-05 07:00:00+02:00,2018-07-05,7,57.0,46.53189967711437,25.382853505375408,71.06819976892035
2018-07-05 08:00:00+02:00,2018-07-05,8,57.05,48.523918317953296,26.219593216244608,72.9420995872718
2018-07-05 09:00:00+02:00,2018-07-05,9,57.25,51.65752925006835,32.44702327634637,75.09835824980577
2018-07-05 10:00:00+02:00,2018-07-05,10,57.19,52.410016800665105,35.21155989256119,74.37481919429649
2018-07-05 11:00:00+02:00,2018-07-05,11,57.25,52.164105662497946,35.84381971591257,73.70384915202189
2018-07-05 12:00:00+02:00,2018-07-05,12,57.75,51.210106806204536,34.88353427590909,72.37488554548902
2018-07-05 13:00:00+02:00,2018-07-05,13,57.09,50.10826797374151,32.69539577626632,71.37451602725199
2018-07-05 14:00:00+02:00,2018-07-05,14,56.95,48.023066224673286,31.618010990024025,69.2277071312147
2018-07-05 15:00:00+02:00,2018-07-05,15,56.15,46.53154769831983,27.575664286833707,67.8649815152696
2018-07-05 16:00:00+02:00,2018-07-05,16,56.47,44.75706300844037,25.16619192793798,66.93009437377282
2018-07-05 17:00:00+02:00,2018-07-05,17,56.47,45.63242341238185,24.026144446477232,68.59894343328216
2018-07-05 18:00:00+02:00,2018-07-05,18,56.47,47.330494586894865,26.619351727936483,72.11716948932789
2018-07-05 19:00:00+02:00,2018-07-05,19,56.95,47.90028612325532,29.431316037249083,73.38480151690938
2018-07-05 20:00:00+02:00,2018-07-05,20,57.05,51.85947027570448,36.038635275328915,74.40115285324154
2018-07-05 21:00:00+02:00,2018-07-05,21,58.05,54.54688080785998,39.53482586868975,72.68415978553647
2018-07-05 22:00:00+02:00,2018-07-05,22,56.95,51.43956056398292,37.759310082707174,71.81424700260854
2018-07-05 23:00:00+02:00,2018-07-05,23,56.01,49.04927157469633,35.683183164434546,69.77119795254461
2018-07-06 00:00:00+02:00,2018-07-06,0,61.03,56.151844951930045,42.16189069161832,75.47277550516671
2018-07-06 01:00:00+02:00,2018-07-06,1,60.96,53.1825733223446,36.67114235903781,73.35371248406503
2018-07-06 02:00:00+02:00,2018-07-06,2,59.47,52.3065952880062,38.32670050457836,72.20408419843457
2018-07-06 03:00:00+02:00,2018-07-06,3,56.64,51.8902570443002,36.73331168911699,71.01768948149011
2018-07-06 04:00:00+02:00,2018-07-06,4,56.64,51.7745323545387,36.99314920995521,70.64566068832417
2018-07-06 05:00:00+02:00,2018-07-06,5,56.0,52.130871113925174,36.12771812013356,73.18618123625308
2018-07-06 06:00:00+02:00,2018-07-06,6,58.21,54.50783221831712,36.527140019901076,75.95818950066297
2018-07-06 07:00:00+02:00,2018-07-06,7,60.96,57.37082730815367,36.22178113641471,81.90712739995966
2018-07-06 08:00:00+02:00,2018-07-06,8,64.06,58.13072285655255,35.82639775484387,82.54890412587105
2018-07-06 09:00:00+02:00,2018-07-06,9,65.2,59.644262215983225,40.433756242261246,83.08509121572064
2018-07-06 10:00:00+02:00,2018-07-06,10,64.6,59.840062077565435,42.64160516946152,81.80486447119682
2018-07-06 11:00:00+02:00,2018-07-06,11,64.6,58.67799378061552,42.35770783403015,80.21773727013947
2018-07-06 12:00:00+02:00,2018-07-06,12,64.67,58.36277684655617,42.03620431626073,79.52755558584066
2018-07-06 13:00:00+02:00,2018-07-06,13,63.73,57.83879274857581,40.42592055110062,79.10504080208628
2018-07-06 14:00:00+02:00,2018-07-06,14,63.02,57.451258467971456,41.046203233322196,78.65589937451287
2018-07-06 15:00:00+02:00,2018-07-06,15,62.99,55.048902413806296,36.093019002320176,76.38233623075607
2018-07-06 16:00:00+02:00,2018-07-06,16,64.0,55.1675693419016,35.57669826139921,77.34060070723405
2018-07-06 17:00:00+02:00,2018-07-06,17,64.29,55.57910198056709,33.972823014662474,78.54562200146741
2018-07-06 18:00:00+02:00,2018-07-06,18,64.6,54.902437798131814,34.19129493917343,79.68911270056483
2018-07-06 19:00:00+02:00,2018-07-06,19,65.51,55.710658033378856,37.24168794737262,81.19517342703291
2018-07-06 20:00:00+02:00,2018-07-06,20,65.57,57.68693697455395,41.866101974178385,80.228619552091
2018-07-06 21:00:00+02:00,2018-07-06,21,65.96,58.790441859816454,43.77838692064623,76.92772083749294
2018-07-06 22:00:00+02:00,2018-07-06,22,65.77,57.367204200343814,43.686953719068065,77.74189063896944
2018-07-06 23:00:00+02:00,2018-07-06,23,64.6,55.45837018165057,42.09228177138879,76.18029655949886
2018-07-07 00:00:00+02:00,2018-07-07,0,61.81,58.73740604644663,44.7474517861349,78.0583365996833
2018-07-07 01:00:00+02:00,2018-07-07,1,60.55,55.17263687416255,38.661205910855756,75.34377603588297
2018-07-07 02:00:00+02:00,2018-07-07,2,61.21,54.47944666992728,40.49955188649944,74.37693558035565
2018-07-07 03:00:00+02:00,2018-07-07,3,61.14,53.130121374640645,37.97317601945743,72.25755381183055
2018-07-07 04:00:00+02:00,2018-07-07,4,61.1,52.79072821058546,38.00934506600198,71.66185654437093
2018-07-07 05:00:00+02:00,2018-07-07,5,61.14,53.12367273256577,37.120519738774156,74.17898285489369
2018-07-07 06:00:00+02:00,2018-07-07,6,60.55,55.20621982118983,37.22552762277379,76.65657710353568
2018-07-07 07:00:00+02:00,2018-07-07,7,60.0,56.24836238588811,35.09931621414915,80.7846624776941
2018-07-07 08:00:00+02:00,2018-07-07,8,60.02,57.77661152085695,35.47228641914826,82.19479279017546
2018-07-07 09:00:00+02:00,2018-07-07,9,61.1,61.005067437983016,41.79456146426104,84.44589643772044
2018-07-07 10:00:00+02:00,2018-07-07,10,61.21,63.29362629258603,46.09516938448212,85.25842868621743
2018-07-07 11:00:00+02:00,2018-07-07,11,61.14,62.92282226485727,46.602536318271895,84.46256575438122
2018-07-07 12:00:00+02:00,2018-07-07,12,61.1,62.68543721388329,46.358864683587846,83.85021595316778
2018-07-07 13:00:00+02:00,2018-07-07,13,61.21,62.40204209782654,44.98916990035134,83.668290151337
2018-07-07 14:00:00+02:00,2018-07-07,14,61.12,61.6134569893366,45.20840175468734,82.81809789587801
2018-07-07 15:00:00+02:00,2018-07-07,15,60.5,58.51318936358158,39.55730595209546,79.84662318053137
2018-07-07 16:00:00+02:00,2018-07-07,16,60.0,58.01229876748083,38.42142768697844,80.18533013281328
2018-07-07 17:00:00+02:00,2018-07-07,17,59.51,58.648057529677146,37.04177856377253,81.61457755057747
2018-07-07 18:00:00+02:00,2018-07-07,18,59.51,60.71554366933752,40.00440081037914,85.50221857177054
2018-07-07 19:00:00+02:00,2018-07-07,19,59.51,62.10574074564609,43.63677065963985,87.59025613930015
2018-07-07 20:00:00+02:00,2018-07-07,20,60.22,63.70130799483288,47.880472994457314,86.24299057236993
2018-07-07 21:00:00+02:00,2018-07-07,21,61.14,64.31764827326424,49.30559333409401,82.45492725094073
2018-07-07 22:00:00+02:00,2018-07-07,22,61.4,62.444201724826506,48.76395124355076,82.81888816345213
2018-07-07 23:00:00+02:00,2018-07-07,23,60.29,60.6728593053037,47.30677089504192,81.394785683152
2018-07-08 00:00:00+02:00,2018-07-08,0,62.21,58.70983043111018,44.71987617079845,78.03076098434684
2018-07-08 01:00:00+02:00,2018-07-08,1,58.96,55.08648175566641,38.57505079235962,75.25762091738683
2018-07-08 02:00:00+02:00,2018-07-08,2,55.85,54.75860667724972,40.778711893821885,74.6560955876781
2018-07-08 03:00:00+02:00,2018-07-08,3,54.57,52.736743911865176,37.579798556681965,71.86417634905509
2018-07-08 04:00:00+02:00,2018-07-08,4,53.49,52.87248370530797,38.091100560724485,71.74361203909345
2018-07-08 05:00:00+02:00,2018-07-08,5,53.49,53.08307367130849,37.079920677516874,74.1383837936364
2018-07-08 06:00:00+02:00,2018-07-08,6,57.99,54.47630013929021,36.495607940874166,75.92665742163607
2018-07-08 07:00:00+02:00,2018-07-08,7,64.45,54.27954713446309,33.13050096272413,78.81584722626909
2018-07-08 08:00:00+02:00,2018-07-08,8,66.8,55.569569766449,33.26524466474031,79.9877510357675
2018-07-08 09:00:00+02:00,2018-07-08,9,70.44,57.950139938559346,38.73963396483737,81.39096893829677
2018-07-08 10:00:00+02:00,2018-07-08,10,69.0,60.00912251333405,42.810665605230135,81.97392490696544
2018-07-08 11:00:00+02:00,2018-07-08,11,67.94,58.92550823248413,42.605222285898755,80.46525172200808
2018-07-08 12:00:00+02:00,2018-07-08,12,67.0,58.54673621117679,42.22016368088135,79.71151495046128
2018-07-08 13:00:00+02:00,2018-07-08,13,67.01,58.52416965355235,41.11129745607715,79.79041770706282
2018-07-08 14:00:00+02:00,2018-07-08,14,66.3,58.41966976412467,42.01461452947541,79.62431067066609
2018-07-08 15:00:00+02:00,2018-07-08,15,66.99,55.75633644985012,36.800453038364,77.08977026679989
2018-07-08 16:00:00+02:00,2018-07-08,16,67.19,55.30409394955366,35.71322286905127,77.47712531488611
2018-07-08 17:00:00+02:00,2018-07-08,17,69.0,56.11120031989149,34.50492135398687,79.07772034079181
2018-07-08 18:00:00+02:00,2018-07-08,18,68.64,57.37861257998925,36.66746972103087,82.16528748242227
2018-07-08 19:00:00+02:00,2018-07-08,19,68.0,58.50656344170157,40.037593355695336,83.99107883535564
2018-07-08 20:00:00+02:00,2018-07-08,20,67.33,60.24576043989968,44.42492543952412,82.78744301743674
2018-07-08 21:00:00+02:00,2018-07-08,21,67.99,61.803733559585396,46.79167862041517,79.94101253726188
2018-07-08 22:00:00+02:00,2018-07-08,22,66.91,60.64650758939632,46.96625710812057,81.02119402802194
2018-07-08 23:00:00+02:00,2018-07-08,23,62.21,58.4986963261696,45.13260791590782,79.2206227040179
2018-07-09 00:00:00+02:00,2018-07-09,0,67.0,58.6146363243937,44.62468206408197,77.93556687763036
2018-07-09 01:00:00+02:00,2018-07-09,1,60.91,55.38526341767804,38.87383245437125,75.55640257939845
2018-07-09 02:00:00+02:00,2018-07-09,2,57.95,54.79459258532171,40.81469780189387,74.69208149575007
2018-07-09 03:00:00+02:00,2018-07-09,3,56.33,53.49996226224759,38.34301690706438,72.6273946994375
2018-07-09 04:00:00+02:00,2018-07-09,4,55.69,52.833460183223295,38.05207703863981,71.70458851700877
2018-07-09 05:00:00+02:00,2018-07-09,5,55.88,53.21285378692394,37.20970079313232,74.26816390925185
2018-07-09 06:00:00+02:00,2018-07-09,6,66.98,56.38811196244237,38.40741976402633,77.83846924478823
2018-07-09 07:00:00+02:00,2018-07-09,7,71.14,60.68273419340949,39.53368802167053,85.21903428521549
2018-07-09 08:00:00+02:00,2018-07-09,8,72.66,61.96813410870093,39.66380900699224,86.38631537801942
2018-07-09 09:00:00+02:00,2018-07-09,9,74.42,64.31746967185752,45.106963698135544,87.75829867159494
2018-07-09 10:00:00+02:00,2018-07-09,10,72.68,64.78677139696137,47.588314488857456,86.75157379059276
2018-07-09 11:00:00+02:00,2018-07-09,11,71.3,64.39313781275739,48.072851866172016,85.93288130228133
2018-07-09 12:00:00+02:00,2018-07-09,12,71.14,63.68456846278904,47.357995932493594,84.84934720207352
2018-07-09 13:00:00+02:00,2018-07-09,13,70.97,64.01734201027394,46.60446981279874,85.2835900637844
2018-07-09 14:00:00+02:00,2018-07-09,14,70.97,62.66849016146384,46.26343492681458,83.87313106800525
2018-07-09 15:00:00+02:00,2018-07-09,15,71.08,60.96853841283121,42.01265500134509,82.30197222978099
2018-07-09 16:00:00+02:00,2018-07-09,16,71.39,61.01900264284384,41.42813156234145,83.19203400817628
2018-07-09 17:00:00+02:00,2018-07-09,17,71.39,61.21964758765436,39.61336862174974,84.18616760855468
2018-07-09 18:00:00+02:00,2018-07-09,18,70.67,61.883253836203096,41.172110977244714,86.66992873863612
2018-07-09 19:00:00+02:00,2018-07-09,19,71.14,61.9897401017176,43.52077001571136,87.47425549537166
2018-07-09 20:00:00+02:00,2018-07-09,20,72.01,63.51544774338009,47.69461274300453,86.05713032091714
2018-07-09 21:00:00+02:00,2018-07-09,21,71.68,64.75390861861013,49.7418536794399,82.89118759628661
2018-07-09 22:00:00+02:00,2018-07-09,22,69.72,62.390126203651995,48.709875722376246,82.7648126422776
2018-07-09 23:00:00+02:00,2018-07-09,23,68.14,59.516113873502356,46.150025463240574,80.23804025135064
2018-07-10 00:00:00+02:00,2018-07-10,0,57.87,61.86649622006564,47.876541959753915,81.1874267733023
2018-07-10 01:00:00+02:00,2018-07-10,1,54.6,57.32444151861223,40.81301055530544,77.49558068033265
2018-07-10 02:00:00+02:00,2018-07-10,2,53.0,56.21348082039901,42.233586036971175,76.11096973082738
2018-07-10 03:00:00+02:00,2018-07-10,3,50.4,55.410681866484914,40.2537365113017,74.53811430367483
2018-07-10 04:00:00+02:00,2018-07-10,4,46.5,55.02285055265255,40.24146740806906,73.89397888643802
2018-07-10 05:00:00+02:00,2018-07-10,5,46.0,55.88662116238995,39.883468168598334,76.94193128471787
2018-07-10 06:00:00+02:00,2018-07-10,6,49.97,61.30100931693213,43.32031711851609,82.75136659927799
2018-07-10 07:00:00+02:00,2018-07-10,7,53.5,65.72881834981277,44.57977217807381,90.26511844161877
2018-07-10 08:00:00+02:00,2018-07-10,8,54.2,66.81616227384616,44.511837172137476,91.23434354316466
2018-07-10 09:00:00+02:00,2018-07-10,9,55.98,68.48327222221216,49.272766248490186,91.92410122194958
2018-07-10 10:00:00+02:00,2018-07-10,10,55.09,69.56593509141291,52.367478183309,91.5307374850443
2018-07-10 11:00:00+02:00,2018-07-10,11,55.13,68.53809154001955,52.21780559343418,90.0778350295435
2018-07-10 12:00:00+02:00,2018-07-10,12,54.06,68.04878786049782,51.72221533020238,89.21356659978231
2018-07-10 13:00:00+02:00,2018-07-10,13,50.9,68.21345808362805,50.80058588615286,89.47970613713852
2018-07-10 14:00:00+02:00,2018-07-10,14,49.91,66.37861853435595,49.97356329970669,87.58325944089736
2018-07-10 15:00:00+02:00,2018-07-10,15,49.05,64.72909997399766,45.77321656251154,86.06253379094744
2018-07-10 16:00:00+02:00,2018-07-10,16,50.21,64.29782305275289,44.7069519722505,86.47085441808534
2018-07-10 17:00:00+02:00,2018-07-10,17,55.48,65.28805142241848,43.68177245651386,88.2545714433188
2018-07-10 18:00:00+02:00,2018-07-10,18,63.01,67.42141408619963,46.71027122724125,92.20808898863265
2018-07-10 19:00:00+02:00,2018-07-10,19,72.2,67.99746013029296,49.52849004428673,93.48197552394703
2018-07-10 20:00:00+02:00,2018-07-10,20,77.07,68.37846009012456,52.557625089748996,90.92014266766162
2018-07-10 21:00:00+02:00,2018-07-10,21,71.47,68.91833362440669,53.90627868523646,87.05561260208317
2018-07-10 22:00:00+02:00,2018-07-10,22,69.11,66.23287538297309,52.55262490169734,86.60756182159871
2018-07-10 23:00:00+02:00,2018-07-10,23,64.02,64.06544267085576,50.69935426059398,84.78736904870405
2018-07-11 00:00:00+02:00,2018-07-11,0,44.65,60.2198739386475,46.229919678335776,79.54080449188417
2018-07-11 01:00:00+02:00,2018-07-11,1,43.6,57.32848453363566,40.817053570328866,77.49962369535608
2018-07-11 02:00:00+02:00,2018-07-11,2,41.59,53.90598429261896,39.92608950919112,73.80347320304733
2018-07-11 03:00:00+02:00,2018-07-11,3,40.64,53.78649681117332,38.62955145599011,72.91392924836323
2018-07-11 04:00:00+02:00,2018-07-11,4,39.37,52.239308200849884,37.4579250562664,71.11043653463535
2018-07-11 05:00:00+02:00,2018-07-11,5,43.77,53.34966240382546,37.346509410033846,74.40497252615337
2018-07-11 06:00:00+02:00,2018-07-11,6,50.79,58.09143918416122,40.11074698574517,79.54179646650707
2018-07-11 07:00:00+02:00,2018-07-11,7,61.99,64.20022702068005,43.05118084894109,88.73652711248604
2018-07-11 08:00:00+02:00,2018-07-11,8,64.18,66.03040945411738,43.72608435240869,90.44859072343587
2018-07-11 09:00:00+02:00,2018-07-11,9,63.01,67.48207791704726,48.271571943325284,90.92290691678468
2018-07-11 10:00:00+02:00,2018-07-11,10,61.56,68.06503249937843,50.86657559127452,90.02983489300982
2018-07-11 11:00:00+02:00,2018-07-11,11,61.06,66.50070767425655,50.180421727671174,88.04045116378049
2018-07-11 12:00:00+02:00,2018-07-11,12,60.0,66.08273719777202,49.756164667476575,87.2475159370565
2018-07-11 13:00:00+02:00,2018-07-11,13,62.1,64.82053338409492,47.40766118661972,86.08678143760538
2018-07-11 14:00:00+02:00,2018-07-11,14,62.94,62.85873620496716,46.4536809703179,84.06337711150857
2018-07-11 15:00:00+02:00,2018-07-11,15,65.61,62.53101492049676,43.57513150901064,83.86444873744654
2018-07-11 16:00:00+02:00,2018-07-11,16,67.7,61.752827264502216,42.16195618399983,83.92585862983466
2018-07-11 17:00:00+02:00,2018-07-11,17,70.99,65.24385144235403,43.637572476449414,88.21037146325435
2018-07-11 18:00:00+02:00,2018-07-11,18,73.57,68.98693296946531,48.27579011050693,93.77360787189834
2018-07-11 19:00:00+02:00,2018-07-11,19,73.09,72.010008904012,53.54103881800576,97.49452429766606
2018-07-11 20:00:00+02:00,2018-07-11,20,73.9,71.2095124267648,55.388677426389236,93.75119500430185
2018-07-11 21:00:00+02:00,2018-07-11,21,73.0,70.88886961545775,55.87681467628752,89.02614859313424
2018-07-11 22:00:00+02:00,2018-07-11,22,70.03,67.77379288845842,54.09354240718267,88.14847932708403
2018-07-11 23:00:00+02:00,2018-07-11,23,68.4,64.54794042918589,51.181852018924104,85.26986680703418
2018-07-12 00:00:00+02:00,2018-07-12,0,64.23,57.406012335420726,43.416058075109,76.72694288865739
2018-07-12 01:00:00+02:00,2018-07-12,1,63.0,54.564117288331545,38.05268632502475,74.73525645005196
2018-07-12 02:00:00+02:00,2018-07-12,2,56.7,52.85676641319181,38.87687162976397,72.75425532362019
2018-07-12 03:00:00+02:00,2018-07-12,3,54.1,51.7371372223696,36.580191867186386,70.8645696595595
2018-07-12 04:00:00+02:00,2018-07-12,4,51.72,51.53671645490361,36.755333310320125,70.40784478868909
2018-07-12 05:00:00+02:00,2018-07-12,5,53.31,53.088828857235896,37.08567586344428,74.1441389795638
2018-07-12 06:00:00+02:00,2018-07-12,6,60.0,58.007555073839896,40.02686287542385,79.45791235618574
2018-07-12 07:00:00+02:00,2018-07-12,7,63.89,64.06685338772009,42.91780721598113,88.60315347952607
2018-07-12 08:00:00+02:00,2018-07-12,8,64.62,66.28480610141729,43.980480999708604,90.70298737073578
2018-07-12 09:00:00+02:00,2018-07-12,9,64.23,67.20588681708958,47.9953808433676,90.646715816827
2018-07-12 10:00:00+02:00,2018-07-12,10,64.07,67.55297627031926,50.35451936221535,89.51777866395065
2018-07-12 11:00:00+02:00,2018-07-12,11,63.71,66.94410650843757,50.6238205618522,88.48384999796151
2018-07-12 12:00:00+02:00,2018-07-12,12,62.24,65.99678111837724,49.6702085880818,87.16155985766173
2018-07-12 13:00:00+02:00,2018-07-12,13,63.0,65.7682040775943,48.35533188011911,87.03445213110477
2018-07-12 14:00:00+02:00,2018-07-12,14,62.12,64.68144407513356,48.276388840484294,85.88608498167497
2018-07-12 15:00:00+02:00,2018-07-12,15,60.22,63.63026388246914,44.67438047098302,84.96369769941892
2018-07-12 16:00:00+02:00,2018-07-12,16,59.87,64.15819266679333,44.56732158629094,86.33122403212576
2018-07-12 17:00:00+02:00,2018-07-12,17,63.0,65.28661187184042,43.680332905935806,88.25313189274074
2018-07-12 18:00:00+02:00,2018-07-12,18,64.21,68.13068692037471,47.41954406141633,92.91736182280773
2018-07-12 19:00:00+02:00,2018-07-12,19,64.41,69.91099450719716,51.44202442119092,95.39550990085121
2018-07-12 20:00:00+02:00,2018-07-12,20,64.8,69.7892803003859,53.96844530001033,92.33096287792296
2018-07-12 21:00:00+02:00,2018-07-12,21,64.3,69.65962409597005,54.64756915679982,87.79690307364653
2018-07-12 22:00:00+02:00,2018-07-12,22,64.01,66.85243603647397,53.172185555198226,87.22712247509959
2018-07-12 23:00:00+02:00,2018-07-12,23,62.19,64.47602997965029,51.10994156938851,85.19795635749858
2018-07-13 00:00:00+02:00,2018-07-13,0,61.86,57.95223739103331,43.96228313072158,77.27316794426997
2018-07-13 01:00:00+02:00,2018-07-13,1,60.26,55.27822315019559,38.7667921868888,75.44936231191602
2018-07-13 02:00:00+02:00,2018-07-13,2,57.93,51.399092655902734,37.419197872474896,71.2965815663311
2018-07-13 03:00:00+02:00,2018-07-13,3,56.21,50.81305092219566,35.656105567012446,69.94048335938557
2018-07-13 04:00:00+02:00,2018-07-13,4,56.01,50.00064742216445,35.21926427758096,68.87177575594993
2018-07-13 05:00:00+02:00,2018-07-13,5,57.93,51.46562265940245,35.46246966561083,72.52093278173035
2018-07-13 06:00:00+02:00,2018-07-13,6,61.54,56.55268567431383,38.571993475897784,78.00304295665968
2018-07-13 07:00:00+02:00,2018-07-13,7,63.01,60.86941618738084,39.72037001564188,85.40571627918683
2018-07-13 08:00:00+02:00,2018-07-13,8,65.0,62.715246180016244,40.41092107830755,87.13342744933473
2018-07-13 09:00:00+02:00,2018-07-13,9,66.09,64.02688709463838,44.816381120916404,87.4677160943758
2018-07-13 10:00:00+02:00,2018-07-13,10,65.89,63.899986129207676,46.70152922110376,85.86478852283906
2018-07-13 11:00:00+02:00,2018-07-13,11,66.0,63.074968173038066,46.754682226452694,84.614711662562
2018-07-13 12:00:00+02:00,2018-07-13,12,66.69,62.582393184549325,46.25582065425388,83.7471719238338
2018-07-13 13:00:00+02:00,2018-07-13,13,66.69,62.07983810143431,44.66696590395912,83.34608615494477
2018-07-13 14:00:00+02:00,2018-07-13,14,65.17,60.773308133082686,44.368252898433425,81.9779490396241
2018-07-13 15:00:00+02:00,2018-07-13,15,65.02,59.02834947345703,40.07246606197091,80.3617832904068
2018-07-13 16:00:00+02:00,2018-07-13,16,64.94,58.364019222931276,38.77314814242889,80.53705058826372
2018-07-13 17:00:00+02:00,2018-07-13,17,64.94,60.76806866611712,39.1617897002125,83.73458868701744
2018-07-13 18:00:00+02:00,2018-07-13,18,63.99,62.02231484475432,41.31117198579594,86.80898974718734
2018-07-13 19:00:00+02:00,2018-07-13,19,63.8,62.79962483594583,44.33065474993959,88.28414022959988
2018-07-13 20:00:00+02:00,2018-07-13,20,64.5,62.95524629024421,47.134411289868645,85.49692886778126
2018-07-13 21:00:00+02:00,2018-07-13,21,65.22,63.8021770306755,48.790122091505275,81.93945600835198
2018-07-13 22:00:00+02:00,2018-07-13,22,65.17,62.07453052410617,48.394280042830424,82.44921696273178
2018-07-13 23:00:00+02:00,2018-07-13,23,63.91,59.45299483700345,46.08690642674167,80.17492121485174
2018-07-14 00:00:00+02:00,2018-07-14,0,64.39,59.564944548986,45.57499028867427,78.88587510222267
2018-07-14 01:00:00+02:00,2018-07-14,1,63.43,55.80567169698152,39.29424073367473,75.97681085870194
2018-07-14 02:00:00+02:00,2018-07-14,2,62.86,54.83890633597895,40.85901155255111,74.73639524640731
2018-07-14 03:00:00+02:00,2018-07-14,3,62.24,53.55217986369115,38.39523450850794,72.67961230088106
2018-07-14 04:00:00+02:00,2018-07-14,4,62.14,53.91466417027235,39.133281025688866,72.78579250405782
2018-07-14 05:00:00+02:00,2018-07-14,5,62.0,55.00223942050978,38.999086426718165,76.05754954283769
2018-07-14 06:00:00+02:00,2018-07-14,6,61.15,57.94665728393848,39.965965085522434,79.39701456628433
2018-07-14 07:00:00+02:00,2018-07-14,7,61.18,58.98749681378216,37.8384506420432,83.52379690558814
2018-07-14 08:00:00+02:00,2018-07-14,8,62.14,60.834432184176464,38.53010708246778,85.25261345349496
2018-07-14 09:00:00+02:00,2018-07-14,9,62.76,62.69696583482234,43.486459861100364,86.13779483455977
2018-07-14 10:00:00+02:00,2018-07-14,10,63.69,63.85637389911924,46.65791699101533,85.82117629275064
2018-07-14 11:00:00+02:00,2018-07-14,11,63.81,62.75188366657909,46.43159771999372,84.29162715610303
2018-07-14 12:00:00+02:00,2018-07-14,12,63.81,62.672643281123236,46.34607075082779,83.83742202040773
2018-07-14 13:00:00+02:00,2018-07-14,13,63.04,62.852242758600504,45.43937056112531,84.11849081211096
2018-07-14 14:00:00+02:00,2018-07-14,14,62.7,62.01158690722608,45.60653167257682,83.21622781376749
2018-07-14 15:00:00+02:00,2018-07-14,15,61.81,59.588757448798845,40.632874037312725,80.92219126574862
2018-07-14 16:00:00+02:00,2018-07-14,16,60.01,59.420204733473724,39.829333652971336,81.59323609880616
2018-07-14 17:00:00+02:00,2018-07-14,17,59.0,59.38373641111959,37.77745744521498,82.3502564320199
2018-07-14 18:00:00+02:00,2018-07-14,18,58.43,59.87313670258244,39.16199384362406,84.65981160501546
2018-07-14 19:00:00+02:00,2018-07-14,19,59.96,61.105057027231126,42.63608694122489,86.58957242088519
2018-07-14 20:00:00+02:00,2018-07-14,20,62.14,62.762771236808575,46.94193623643301,85.30445381434564
2018-07-14 21:00:00+02:00,2018-07-14,21,63.13,63.708085523658134,48.69603058448791,81.84536450133461
2018-07-14 22:00:00+02:00,2018-07-14,22,63.86,62.76538191618405,49.0851314349083,83.14006835480967
2018-07-14 23:00:00+02:00,2018-07-14,23,63.23,60.29832726512696,46.932238854865176,81.02025364297525
2018-07-15 00:00:00+02:00,2018-07-15,0,63.69,60.329931992590936,46.33997773227921,79.65086254582761
2018-07-15 01:00:00+02:00,2018-07-15,1,62.21,56.676532133831856,40.16510117052506,76.84767129555227
2018-07-15 02:00:00+02:00,2018-07-15,2,61.15,56.26302549329019,42.283130709862355,76.16051440371857
2018-07-15 03:00:00+02:00,2018-07-15,3,60.95,55.04849435370055,39.89154899851734,74.17592679089046
2018-07-15 04:00:00+02:00,2018-07-15,4,58.0,55.12458434719438,40.34320120261089,73.99571268097985
2018-07-15 05:00:00+02:00,2018-07-15,5,58.43,55.83844746656556,39.835294472773946,76.89375758889346
2018-07-15 06:00:00+02:00,2018-07-15,6,58.07,58.0253611170211,40.044668918605055,79.47571839936695
2018-07-15 07:00:00+02:00,2018-07-15,7,57.75,58.11614006047588,36.96709388873692,82.65244015228187
2018-07-15 08:00:00+02:00,2018-07-15,8,61.0,58.89153434145279,36.5872092397441,83.30971561077129
2018-07-15 09:00:00+02:00,2018-07-15,9,62.16,60.68508074448913,41.47457477076715,84.12590974422655
2018-07-15 10:00:00+02:00,2018-07-15,10,62.45,63.09250388697253,45.894046978868616,85.05730628060391
2018-07-15 11:00:00+02:00,2018-07-15,11,63.04,63.01622773826703,46.695941791681655,84.55597122779096
2018-07-15 12:00:00+02:00,2018-07-15,12,63.01,62.6229744711026,46.29640194080716,83.78775321038708
2018-07-15 13:00:00+02:00,2018-07-15,13,63.0,63.12383990936111,45.710967711885914,84.39008796287158
2018-07-15 14:00:00+02:00,2018-07-15,14,62.14,62.40791246649754,46.00285723184828,83.61255337303896
2018-07-15 15:00:00+02:00,2018-07-15,15,58.0,59.35320378874967,40.39732037726355,80.68663760569945
2018-07-15 16:00:00+02:00,2018-07-15,16,54.83,58.53523178020966,38.94436069970727,80.7082631455421
2018-07-15 17:00:00+02:00,2018-07-15,17,52.0,57.62128877884506,36.01500981294045,80.58780879974537
2018-07-15 18:00:00+02:00,2018-07-15,18,51.72,58.09112659576929,37.37998373681091,82.8778014982023
2018-07-15 19:00:00+02:00,2018-07-15,19,54.25,60.76658916470304,42.297619078696805,86.2511045583571
2018-07-15 20:00:00+02:00,2018-07-15,20,56.05,63.218931901352335,47.39809690097677,85.76061447888938
2018-07-15 21:00:00+02:00,2018-07-15,21,59.01,65.25989905620085,50.247844117030624,83.39717803387734
2018-07-15 22:00:00+02:00,2018-07-15,22,62.86,64.34404893904929,50.66379845777354,84.7187353776749
2018-07-15 23:00:00+02:00,2018-07-15,23,59.01,62.25443441199728,48.8883460017355,82.97636078984557
2018-07-16 00:00:00+02:00,2018-07-16,0,60.0,57.08052350149602,43.09056924118429,76.40145405473268
2018-07-16 01:00:00+02:00,2018-07-16,1,52.84,54.749504947931825,38.23807398462503,74.92064410965224
2018-07-16 02:00:00+02:00,2018-07-16,2,50.35,53.12741638109783,39.14752159766999,73.02490529152621
2018-07-16 03:00:00+02:00,2018-07-16,3,50.0,52.79620837416478,37.639263018981566,71.92364081135469
2018-07-16 04:00:00+02:00,2018-07-16,4,49.83,52.09956615977958,37.31818301519609,70.97069449356505
2018-07-16 05:00:00+02:00,2018-07-16,5,50.0,53.25211781205028,37.24896481825866,74.30742793437818
2018-07-16 06:00:00+02:00,2018-07-16,6,53.05,56.35654844963208,38.375856251216035,77.80690573197793
2018-07-16 07:00:00+02:00,2018-07-16,7,58.09,59.10482345109615,37.95577727935719,83.64112354290214
2018-07-16 08:00:00+02:00,2018-07-16,8,62.16,60.57560725986864,38.27128215815995,84.99378852918713
2018-07-16 09:00:00+02:00,2018-07-16,9,62.75,61.9433786531783,42.73287267945632,85.38420765291572
2018-07-16 10:00:00+02:00,2018-07-16,10,62.86,62.38554755028976,45.187090642185844,84.35034994392115
2018-07-16 11:00:00+02:00,2018-07-16,11,63.0,62.85280920906304,46.53252326247767,84.39255269858698
2018-07-16 12:00:00+02:00,2018-07-16,12,63.6,62.18137480030051,45.85480227000507,83.346153539585
2018-07-16 13:00:00+02:00,2018-07-16,13,63.9,62.00462078695089,44.59174858947569,83.27086884046136
2018-07-16 14:00:00+02:00,2018-07-16,14,63.78,60.648789560549496,44.243734325900235,81.8534304670909
2018-07-16 15:00:00+02:00,2018-07-16,15,63.31,58.13250414203767,39.17662073055155,79.46593795898744
2018-07-16 16:00:00+02:00,2018-07-16,16,64.0,57.08251669970897,37.49164561920658,79.25554806504141
2018-07-16 17:00:00+02:00,2018-07-16,17,64.39,57.07287980890461,35.466600842999995,80.03939982980492
2018-07-16 18:00:00+02:00,2018-07-16,18,64.0,58.25450350459564,37.54336064563726,83.04117840702867
2018-07-16 19:00:00+02:00,2018-07-16,19,64.0,59.634633626430194,41.16566354042396,85.11914902008425
2018-07-16 20:00:00+02:00,2018-07-16,20,64.5,60.56081527632514,44.73998027594957,83.10249785386219
2018-07-16 21:00:00+02:00,2018-07-16,21,66.3,61.763142667646676,46.75108772847645,79.90042164532316
2018-07-16 22:00:00+02:00,2018-07-16,22,66.3,61.240464674741794,47.560214193466045,81.6151511133674
2018-07-16 23:00:00+02:00,2018-07-16,23,64.56,57.71653972672315,44.35045131646137,78.43846610457143
2018-07-17 00:00:00+02:00,2018-07-17,0,63.03,59.99431153510627,46.00435727479454,79.31524208834294
2018-07-17 01:00:00+02:00,2018-07-17,1,61.15,55.37156941728843,38.860138453981634,75.54270857900885
2018-07-17 02:00:00+02:00,2018-07-17,2,57.46,53.74574487070763,39.765850087279794,73.643233781136
2018-07-17 03:00:00+02:00,2018-07-17,3,56.85,53.72533103700516,38.56838568182195,72.85276347419507
2018-07-17 04:00:00+02:00,2018-07-17,4,56.0,53.840509413055635,39.05912626847215,72.7116377468411
2018-07-17 05:00:00+02:00,2018-07-17,5,56.85,54.905799806203945,38.90264681241233,75.96110992853185
2018-07-17 06:00:00+02:00,2018-07-17,6,61.15,58.39713120297013,40.416439004554086,79.84748848531598
2018-07-17 07:00:00+02:00,2018-07-17,7,62.86,63.53987658349324,42.39083041175428,88.07617667529922
2018-07-17 08:00:00+02:00,2018-07-17,8,64.59,65.45847679730932,43.15415169560063,89.87665806662781
2018-07-17 09:00:00+02:00,2018-07-17,9,65.36,66.30439640680463,47.09389043308265,89.74522540654205
2018-07-17 10:00:00+02:00,2018-07-17,10,65.69,66.70667972043383,49.50822281232991,88.67148211406521
2018-07-17 11:00:00+02:00,2018-07-17,11,65.69,66.19996394870225,49.879678002116876,87.73970743822619
2018-07-17 12:00:00+02:00,2018-07-17,12,66.76,66.76828364575212,50.44171111545668,87.9330623850366
2018-07-17 13:00:00+02:00,2018-07-17,13,66.94,66.86500940021463,49.452137202739436,88.1312574537251
2018-07-17 14:00:00+02:00,2018-07-17,14,66.01,65.50914004558868,49.10408481093942,86.7137809521301
2018-07-17 15:00:00+02:00,2018-07-17,15,65.67,63.72410011353816,44.76821670205204,85.05753393048793
2018-07-17 16:00:00+02:00,2018-07-17,16,65.36,64.24961242420883,44.658741343706446,86.42264378954127
2018-07-17 17:00:00+02:00,2018-07-17,17,65.0,65.43384194821843,43.827562982313815,88.40036196911875
2018-07-17 18:00:00+02:00,2018-07-17,18,64.46,65.5141230630642,44.80298020410582,90.30079796549722
2018-07-17 19:00:00+02:00,2018-07-17,19,63.9,66.20020143230865,47.73123134630241,91.68471682596271
2018-07-17 20:00:00+02:00,2018-07-17,20,64.02,66.85732923643866,51.03649423606309,89.3990118139757
2018-07-17 21:00:00+02:00,2018-07-17,21,64.46,67.87397198450451,52.86191704533428,86.011250962181
2018-07-17 22:00:00+02:00,2018-07-17,22,63.97,66.37060773979104,52.69035725851529,86.74529417841666
2018-07-17 23:00:00+02:00,2018-07-17,23,60.57,63.46645787159277,50.10036946133099,84.18838424944107
2018-07-18 00:00:00+02:00,2018-07-18,0,60.62,58.77196695640496,44.78201269609323,78.09289750964163
2018-07-18 01:00:00+02:00,2018-07-18,1,56.85,55.84279846590732,39.33136750260053,76.01393762762774
2018-07-18 02:00:00+02:00,2018-07-18,2,55.0,53.458160037395146,39.47826525396731,73.35564894782351
2018-07-18 03:00:00+02:00,2018-07-18,3,54.65,53.7090046953438,38.55205934016059,72.83643713253372
2018-07-18 04:00:00+02:00,2018-07-18,4,54.65,53.845802187656275,39.06441904307279,72.71693052144175
2018-07-18 05:00:00+02:00,2018-07-18,5,55.53,54.45632007190934,38.45316707811772,75.51163019423726
2018-07-18 06:00:00+02:00,2018-07-18,6,61.15,58.00946821013868,40.028776011722634,79.45982549248453
2018-07-18 07:00:00+02:00,2018-07-18,7,64.0,61.39322656891134,40.24418039717238,85.92952666071733
2018-07-18 08:00:00+02:00,2018-07-18,8,65.52,62.709777352564785,40.4054522508561,87.12795862188328
2018-07-18 09:00:00+02:00,2018-07-18,9,66.69,63.51920324476415,44.30869727104217,86.96003224450158
2018-07-18 10:00:00+02:00,2018-07-18,10,66.69,65.01531428646874,47.81685737836482,86.98011668010012
2018-07-18 11:00:00+02:00,2018-07-18,11,66.69,64.51064134670872,48.19035540012335,86.05038483623267
2018-07-18 12:00:00+02:00,2018-07-18,12,66.69,64.18949319776263,47.862920667467186,85.35427193704712
2018-07-18 13:00:00+02:00,2018-07-18,13,66.76,64.06167619149662,46.64880399402142,85.32792424500708
2018-07-18 14:00:00+02:00,2018-07-18,14,66.07,63.29238919817563,46.887333963526366,84.49703010471704
2018-07-18 15:00:00+02:00,2018-07-18,15,65.61,61.96922770794881,43.01334429646269,83.30266152489858
2018-07-18 16:00:00+02:00,2018-07-18,16,65.61,61.360365519607925,41.769494439105536,83.53339688494037
2018-07-18 17:00:00+02:00,2018-07-18,17,65.67,61.697130750576854,40.09085178467224,84.66365077147717
2018-07-18 18:00:00+02:00,2018-07-18,18,65.2,62.15936890136278,41.4482260424044,86.9460438037958
2018-07-18 19:00:00+02:00,2018-07-18,19,64.69,61.425979763783644,42.95700967777741,86.91049515743771
2018-07-18 20:00:00+02:00,2018-07-18,20,65.32,62.29489973493916,46.47406473456359,84.83658231247621
2018-07-18 21:00:00+02:00,2018-07-18,21,66.1,63.52350509038878,48.511450151218554,81.66078406806527
2018-07-18 22:00:00+02:00,2018-07-18,22,65.69,61.397008891154385,47.716758409878636,81.77169532978
2018-07-18 23:00:00+02:00,2018-07-18,23,65.36,59.33857256543613,45.97248415517435,80.06049894328441
2018-07-19 00:00:00+02:00,2018-07-19,0,64.46,60.741598480080256,46.75164421976853,80.06252903331692
2018-07-19 01:00:00+02:00,2018-07-19,1,63.18,57.1881482095936,40.676717246286806,77.35928737131402
2018-07-19 02:00:00+02:00,2018-07-19,2,62.0,55.17040188570901,41.190507102281174,75.06789079613739
2018-07-19 03:00:00+02:00,2018-07-19,3,59.4,55.0478912495267,39.89094589434349,74.17532368671661
2018-07-19 04:00:00+02:00,2018-07-19,4,59.4,55.153972161138675,40.37258901655519,74.02510049492415
2018-07-19 05:00:00+02:00,2018-07-19,5,61.15,56.18738174129735,40.184228747505735,77.24269186362525
2018-07-19 06:00:00+02:00,2018-07-19,6,63.9,60.86326792207244,42.882575723656394,82.31362520441829
2018-07-19 07:00:00+02:00,2018-07-19,7,64.46,64.40732663019418,43.25828045845522,88.94362672200018
2018-07-19 08:00:00+02:00,2018-07-19,8,65.9,65.50209741061697,43.197772308908284,89.92027867993546
2018-07-19 09:00:00+02:00,2018-07-19,9,67.02,66.75279268376919,47.54228671004721,90.1936216835066
2018-07-19 10:00:00+02:00,2018-07-19,10,66.89,68.25306079416961,51.0546038860657,90.217863187801
2018-07-19 11:00:00+02:00,2018-07-19,11,66.69,67.48410299168953,51.16381704510415,89.02384648121347
2018-07-19 12:00:00+02:00,2018-07-19,12,67.02,67.07026913867487,50.74369660837943,88.23504787795936
2018-07-19 13:00:00+02:00,2018-07-19,13,66.69,66.92970251745004,49.516830319974844,88.1959505709605
2018-07-19 14:00:00+02:00,2018-07-19,14,65.69,65.97057608647579,49.56552085182653,87.1752169930172
2018-07-19 15:00:00+02:00,2018-07-19,15,65.59,63.502428588780006,44.546545177293886,84.83586240572978
2018-07-19 16:00:00+02:00,2018-07-19,16,65.21,63.487705709687894,43.896834629185506,85.66073707502034
2018-07-19 17:00:00+02:00,2018-07-19,17,64.69,63.928390657165764,42.32211169126115,86.89491067806608
2018-07-19 18:00:00+02:00,2018-07-19,18,64.14,64.43907515609975,43.727932297141365,89.22575005853277
2018-07-19 19:00:00+02:00,2018-07-19,19,63.9,65.17367426947393,46.7047041834677,90.65818966312798
2018-07-19 20:00:00+02:00,2018-07-19,20,64.07,66.2444525808682,50.42361758049263,88.78613515840524
2018-07-19 21:00:00+02:00,2018-07-19,21,64.39,67.53897152531765,52.52691658614742,85.67625050299414
2018-07-19 22:00:00+02:00,2018-07-19,22,64.33,65.1886092749795,51.50835879370375,85.56329571360511
2018-07-19 23:00:00+02:00,2018-07-19,23,63.68,63.0688156029121,49.70272719265032,83.7907419807604
2018-07-20 00:00:00+02:00,2018-07-20,0,62.21,60.68261323808116,46.69265897776943,80.00354379131782
2018-07-20 01:00:00+02:00,2018-07-20,1,58.0,57.08336164481062,40.57193068150383,77.25450080653104
2018-07-20 02:00:00+02:00,2018-07-20,2,56.85,55.86128613331532,41.88139134988748,75.7587750437437
2018-07-20 03:00:00+02:00,2018-07-20,3,55.99,55.17465847611703,40.01771312093382,74.30209091330694
2018-07-20 04:00:00+02:00,2018-07-20,4,55.68,55.501159407527496,40.71977626294401,74.37228774131296
2018-07-20 05:00:00+02:00,2018-07-20,5,56.85,56.67690640368945,40.673753409897834,77.73221652601737
2018-07-20 06:00:00+02:00,2018-07-20,6,61.36,59.96545376140799,41.98476156299195,81.41581104375385
2018-07-20 07:00:00+02:00,2018-07-20,7,63.01,62.23158475768196,41.082538585943,86.76788484948796
2018-07-20 08:00:00+02:00,2018-07-20,8,64.46,63.741072528088715,41.43674742638002,88.15925379740722
2018-07-20 09:00:00+02:00,2018-07-20,9,65.67,65.03081232202467,45.820306348302694,88.47164132176209
2018-07-20 10:00:00+02:00,2018-07-20,10,65.96,66.6838048122124,49.48534790410849,88.64860720584379
2018-07-20 11:00:00+02:00,2018-07-20,11,65.96,65.73496782008532,49.414681873499944,87.27471130960926
2018-07-20 12:00:00+02:00,2018-07-20,12,66.49,65.40587117574468,49.079298645449235,86.57064991502916
2018-07-20 13:00:00+02:00,2018-07-20,13,66.3,65.12529512746697,47.712422929991774,86.39154318097744
2018-07-20 14:00:00+02:00,2018-07-20,14,64.81,64.20593388456082,47.80087864991156,85.41057479110223
2018-07-20 15:00:00+02:00,2018-07-20,15,63.9,61.70892972017875,42.75304630869263,83.04236353712852
2018-07-20 16:00:00+02:00,2018-07-20,16,62.5,61.62248481664129,42.0316137361389,83.79551618197374
2018-07-20 17:00:00+02:00,2018-07-20,17,61.17,61.55526893560584,39.94898996970122,84.52178895650616
2018-07-20 18:00:00+02:00,2018-07-20,18,58.5,61.66672388923838,40.95558103028,86.4533987916714
2018-07-20 19:00:00+02:00,2018-07-20,19,58.95,62.31654739636715,43.84757731036091,87.8010627900212
2018-07-20 20:00:00+02:00,2018-07-20,20,60.99,63.63753683608577,47.816701835710205,86.17921941362283
2018-07-20 21:00:00+02:00,2018-07-20,21,62.5,64.45729088476658,49.44523594559635,82.59456986244307
2018-07-20 22:00:00+02:00,2018-07-20,22,63.0,62.99890805712545,49.3186575758497,83.37359449575106
2018-07-20 23:00:00+02:00,2018-07-20,23,62.12,61.08704892487932,47.72096051461754,81.80897530272762
2018-07-21 00:00:00+02:00,2018-07-21,0,62.14,59.08620542105655,45.09625116074482,78.40713597429321
2018-07-21 01:00:00+02:00,2018-07-21,1,60.0,54.300735297309686,37.78930433400289,74.4718744590301
2018-07-21 02:00:00+02:00,2018-07-21,2,57.93,53.75652730616177,39.776632522733934,73.65401621659015
2018-07-21 03:00:00+02:00,2018-07-21,3,58.01,52.68751823683878,37.530572881655566,71.8149506740287
2018-07-21 04:00:00+02:00,2018-07-21,4,58.01,52.97261838940426,38.191235244820774,71.84374672318972
2018-07-21 05:00:00+02:00,2018-07-21,5,58.68,53.7507126794639,37.747559685672286,74.80602280179181
2018-07-21 06:00:00+02:00,2018-07-21,6,60.0,56.51662241166518,38.53593021324914,77.96697969401103
2018-07-21 07:00:00+02:00,2018-07-21,7,60.01,57.17496759423058,36.02592142249162,81.71126768603656
2018-07-21 08:00:00+02:00,2018-07-21,8,61.15,58.27608910873114,35.97176400702246,82.69427037804964
2018-07-21 09:00:00+02:00,2018-07-21,9,62.76,59.82576902853998,40.615263054818,83.2665980282774
2018-07-21 10:00:00+02:00,2018-07-21,10,63.86,62.22439569625766,45.025938788153745,84.18919808988905
2018-07-21 11:00:00+02:00,2018-07-21,11,63.9,61.62569731241797,45.3054113658326,83.16544080194191
2018-07-21 12:00:00+02:00,2018-07-21,12,64.21,61.445434969286204,45.11886243899076,82.61021370857068
2018-07-21 13:00:00+02:00,2018-07-21,13,64.21,61.35150919457756,43.938636997102364,82.61775724808803
2018-07-21 14:00:00+02:00,2018-07-21,14,64.14,60.17865881543871,43.77360358078945,81.38329972198012
2018-07-21 15:00:00+02:00,2018-07-21,15,63.01,56.94776440340813,37.99188099192201,78.28119822035791
2018-07-21 16:00:00+02:00,2018-07-21,16,62.14,56.29022706755724,36.69935598705485,78.46325843288969
2018-07-21 17:00:00+02:00,2018-07-21,17,60.89,56.35269182355243,34.74641285764782,79.31921184445275
2018-07-21 18:00:00+02:00,2018-07-21,18,59.58,56.697690059020864,35.98654720006248,81.48436496145388
2018-07-21 19:00:00+02:00,2018-07-21,19,60.89,59.05828575782799,40.58931567182175,84.54280115148205
2018-07-21 20:00:00+02:00,2018-07-21,20,62.21,61.33876274066731,45.517927740291746,83.88044531820437
2018-07-21 21:00:00+02:00,2018-07-21,21,63.19,62.796371577682564,47.78431663851234,80.93365055535905
2018-07-21 22:00:00+02:00,2018-07-21,22,64.14,61.707631536874615,48.027381055598866,82.08231797550023
2018-07-21 23:00:00+02:00,2018-07-21,23,63.5,59.416359253833434,46.05027084357165,80.13828563168173
2018-07-22 00:00:00+02:00,2018-07-22,0,64.14,60.50251536010195,46.512561099790226,79.82344591333862
2018-07-22 01:00:00+02:00,2018-07-22,1,62.91,56.165491917650016,39.65406095434322,76.33663107937043
2018-07-22 02:00:00+02:00,2018-07-22,2,61.66,55.324080808927,41.34418602549916,75.22156971935537
2018-07-22 03:00:00+02:00,2018-07-22,3,59.41,54.10377052452325,38.94682516934004,73.23120296171317
2018-07-22 04:00:00+02:00,2018-07-22,4,57.93,54.29506302736208,39.5136798827786,73.16619136114755
2018-07-22 05:00:00+02:00,2018-07-22,5,57.56,55.093209151052484,39.09005615726087,76.1485192733804
2018-07-22 06:00:00+02:00,2018-07-22,6,56.7,57.25426749861473,39.27357530019869,78.70462478096059
2018-07-22 07:00:00+02:00,2018-07-22,7,54.6,57.354008797637015,36.204962625898055,81.890308889443
2018-07-22 08:00:00+02:00,2018-07-22,8,57.09,58.1719777902256,35.86765268851691,82.59015905954409
2018-07-22 09:00:00+02:00,2018-07-22,9,57.81,60.70220387890824,41.491697905186264,84.14303287864567
2018-07-22 10:00:00+02:00,2018-07-22,10,57.5,63.12135547895933,45.922898570855416,85.08615787259072
2018-07-22 11:00:00+02:00,2018-07-22,11,58.07,62.58416396699424,46.26387802040887,84.12390745651818
2018-07-22 12:00:00+02:00,2018-07-22,12,61.0,62.2166572732094,45.890084742913956,83.38143601249388
2018-07-22 13:00:00+02:00,2018-07-22,13,62.21,62.87676639813587,45.463894200660675,84.14301445164634
2018-07-22 14:00:00+02:00,2018-07-22,14,62.21,62.329665223067686,45.924609988418425,83.53430612960909
2018-07-22 15:00:00+02:00,2018-07-22,15,61.15,59.403591593505496,40.447708182019376,80.73702541045527
2018-07-22 16:00:00+02:00,2018-07-22,16,60.16,59.09806098828477,39.50718990778238,81.2710923536172
2018-07-22 17:00:00+02:00,2018-07-22,17,58.5,58.57221691992356,36.96593795401895,81.53873694082388
2018-07-22 18:00:00+02:00,2018-07-22,18,57.09,60.09813711990739,39.38699426094901,84.88481202234041
2018-07-22 19:00:00+02:00,2018-07-22,19,57.46,62.33239475315598,43.863424667149744,87.81691014681005
2018-07-22 20:00:00+02:00,2018-07-22,20,58.43,64.20755080426417,48.386715803888606,86.74923338180122
2018-07-22 21:00:00+02:00,2018-07-22,21,62.14,64.99050208757664,49.97844714840642,83.12778106525313
2018-07-22 22:00:00+02:00,2018-07-22,22,64.14,64.05205232497197,50.37180184369622,84.42673876359758
2018-07-22 23:00:00+02:00,2018-07-22,23,62.14,61.923591892808346,48.557503482546565,82.64551827065664
2018-07-23 00:00:00+02:00,2018-07-23,0,62.14,59.17347004096005,45.18351578064832,78.49440059419672
2018-07-23 01:00:00+02:00,2018-07-23,1,58.14,55.609330071054025,39.09789910774723,75.78046923277444
2018-07-23 02:00:00+02:00,2018-07-23,2,55.51,54.782120697198046,40.80222591377021,74.67960960762642
2018-07-23 03:00:00+02:00,2018-07-23,3,54.48,53.55389619936891,38.396950844185696,72.68132863655882
2018-07-23 04:00:00+02:00,2018-07-23,4,53.93,53.24695923431288,38.465576089729396,72.11808756809836
2018-07-23 05:00:00+02:00,2018-07-23,5,54.48,54.162601345476375,38.15944835168476,75.21791146780429
2018-07-23 06:00:00+02:00,2018-07-23,6,58.18,57.0862193958184,39.10552719740235,78.53657667816425
2018-07-23 07:00:00+02:00,2018-07-23,7,62.76,59.185509300579625,38.036463128840666,83.72180939238561
2018-07-23 08:00:00+02:00,2018-07-23,8,65.59,61.13210891057488,38.82778380886619,85.55029017989338
2018-07-23 09:00:00+02:00,2018-07-23,9,66.8,62.244123918681794,43.033617944959815,85.68495291841921
2018-07-23 10:00:00+02:00,2018-07-23,10,66.79,63.26418083233794,46.06572392423403,85.22898322596933
2018-07-23 11:00:00+02:00,2018-07-23,11,66.41,63.3569595718745,47.036673625289126,84.89670306139844
2018-07-23 12:00:00+02:00,2018-07-23,12,67.0,64.08531226037995,47.75873973008451,85.25009099966444
2018-07-23 13:00:00+02:00,2018-07-23,13,66.9,64.54369779536647,47.130825597891274,85.80994584887694
2018-07-23 14:00:00+02:00,2018-07-23,14,66.3,63.15689102862192,46.75183579397266,84.36153193516333
2018-07-23 15:00:00+02:00,2018-07-23,15,65.41,61.553739985839606,42.597856574353486,82.88717380278939
2018-07-23 16:00:00+02:00,2018-07-23,16,65.4,61.01577550411648,41.424904423614095,83.18880686944892
2018-07-23 17:00:00+02:00,2018-07-23,17,65.4,60.71108620446885,39.104807238564234,83.67760622536917
2018-07-23 18:00:00+02:00,2018-07-23,18,65.36,61.638985018551736,40.927842159593354,86.42565992098476
2018-07-23 19:00:00+02:00,2018-07-23,19,64.39,62.113797710105565,43.64482762409933,87.59831310375962
2018-07-23 20:00:00+02:00,2018-07-23,20,65.41,63.08080844775468,47.25997344737911,85.62249102529174
2018-07-23 21:00:00+02:00,2018-07-23,21,66.24,65.00658054549226,49.99452560632203,83.14385952316874
2018-07-23 22:00:00+02:00,2018-07-23,22,66.01,64.31799335264114,50.63774287136539,84.69267979126676
2018-07-23 23:00:00+02:00,2018-07-23,23,65.36,61.52365465056963,48.15756624030785,82.24558102841792
2018-07-24 00:00:00+02:00,2018-07-24,0,64.75,61.098150126933774,47.10819586662205,80.41908068017044
2018-07-24 01:00:00+02:00,2018-07-24,1,63.18,56.46678899983779,39.955358036530995,76.63792816155821
2018-07-24 02:00:00+02:00,2018-07-24,2,61.17,54.69491110692768,40.71501632349984,74.59240001735606
2018-07-24 03:00:00+02:00,2018-07-24,3,58.68,54.68136839431899,39.524423039135776,73.8088008315089
2018-07-24 04:00:00+02:00,2018-07-24,4,58.4,54.70278635016022,39.92140320557673,73.57391468394569
2018-07-24 05:00:00+02:00,2018-07-24,5,59.88,56.01278236234539,40.009629368553774,77.0680924846733
2018-07-24 06:00:00+02:00,2018-07-24,6,62.21,60.009968708050565,42.02927650963452,81.46032599039643
2018-07-24 07:00:00+02:00,2018-07-24,7,63.68,64.15409359544437,43.005047423705406,88.69039368725035
2018-07-24 08:00:00+02:00,2018-07-24,8,65.99,65.67088594700598,43.3665608452973,90.08906721632448
2018-07-24 09:00:00+02:00,2018-07-24,9,67.07,66.93222807811597,47.72172210439399,90.37305707785339
2018-07-24 10:00:00+02:00,2018-07-24,10,67.81,68.2723523216335,51.07389541352959,90.2371547152649
2018-07-24 11:00:00+02:00,2018-07-24,11,67.98,67.3951003653525,51.07481441876713,88.93484385487645
2018-07-24 12:00:00+02:00,2018-07-24,12,68.81,67.55753701496839,51.230964484672946,88.72231575425288
2018-07-24 13:00:00+02:00,2018-07-24,13,68.81,67.40668754402925,49.99381534655406,88.67293559753972
2018-07-24 14:00:00+02:00,2018-07-24,14,67.98,66.27946845425808,49.87441321960882,87.4841093607995
2018-07-24 15:00:00+02:00,2018-07-24,15,67.35,64.0300987149941,45.07421530350798,85.36353253194387
2018-07-24 16:00:00+02:00,2018-07-24,16,67.01,63.85708471938973,44.26621363888734,86.03011608472218
2018-07-24 17:00:00+02:00,2018-07-24,17,67.0,64.38997616712531,42.7836972012207,87.35649618802563
2018-07-24 18:00:00+02:00,2018-07-24,18,65.67,63.69652950875037,42.98538664979199,88.4832044111834
2018-07-24 19:00:00+02:00,2018-07-24,19,65.51,64.53773723105655,46.068767145050316,90.0222526247106
2018-07-24 20:00:00+02:00,2018-07-24,20,64.22,65.64634170918823,49.82550670881267,88.1880242867253
2018-07-24 21:00:00+02:00,2018-07-24,21,65.36,66.29209143744431,51.280036498274086,84.4293704151208
2018-07-24 22:00:00+02:00,2018-07-24,22,65.01,65.00381091583729,51.32356043456154,85.37849735446291
2018-07-24 23:00:00+02:00,2018-07-24,23,63.3,62.43696492351345,49.07087651325167,83.15889130136173
2018-07-25 00:00:00+02:00,2018-07-25,0,63.75,60.61400766579563,46.624053405483906,79.9349382190323
2018-07-25 01:00:00+02:00,2018-07-25,1,62.21,57.585501851159144,41.07407088785235,77.75664101287956
2018-07-25 02:00:00+02:00,2018-07-25,2,60.0,55.19587819721728,41.215983413789445,75.09336710764566
2018-07-25 03:00:00+02:00,2018-07-25,3,57.93,55.0270602910487,39.87011493586549,74.15449272823861
2018-07-25 04:00:00+02:00,2018-07-25,4,57.43,54.53367644016479,39.7522932955813,73.40480477395026
2018-07-25 05:00:00+02:00,2018-07-25,5,58.43,55.954669628958825,39.95151663516721,77.00997975128674
2018-07-25 06:00:00+02:00,2018-07-25,6,62.46,58.945384285641424,40.96469208722538,80.39574156798727
2018-07-25 07:00:00+02:00,2018-07-25,7,63.9,62.71145202514077,41.56240585340181,87.24775211694677
2018-07-25 08:00:00+02:00,2018-07-25,8,65.33,63.973888744936744,41.66956364322806,88.39207001425524
2018-07-25 09:00:00+02:00,2018-07-25,9,66.39,65.42336476676097,46.21285879303899,88.86419376649839
2018-07-25 10:00:00+02:00,2018-07-25,10,67.0,66.60346900318001,49.405012095076096,88.5682713968114
2018-07-25 11:00:00+02:00,2018-07-25,11,67.0,65.86537164979595,49.545085703210574,87.40511513931989
2018-07-25 12:00:00+02:00,2018-07-25,12,68.69,66.5591607509246,50.23258822062916,87.72393949020909
2018-07-25 13:00:00+02:00,2018-07-25,13,68.02,66.43825452108848,49.025382323613286,87.70450257459895
2018-07-25 14:00:00+02:00,2018-07-25,14,67.81,65.11269155679229,48.707636322143024,86.3173324633337
2018-07-25 15:00:00+02:00,2018-07-25,15,67.0,63.12055961118024,44.16467619969412,84.45399342813002
2018-07-25 16:00:00+02:00,2018-07-25,16,67.0,62.61792280001739,43.027051719515,84.79095416534983
2018-07-25 17:00:00+02:00,2018-07-25,17,67.0,63.31762107932737,41.71134211342275,86.28414110022769
2018-07-25 18:00:00+02:00,2018-07-25,18,65.8,63.31114180646894,42.59999894751056,88.09781670890196
2018-07-25 19:00:00+02:00,2018-07-25,19,66.9,63.11684433720967,44.64787425120343,88.60135973086372
2018-07-25 20:00:00+02:00,2018-07-25,20,65.67,64.06048602651211,48.23965102613654,86.60216860404915
2018-07-25 21:00:00+02:00,2018-07-25,21,66.66,64.61451600967145,49.60246107050122,82.75179498734794
2018-07-25 22:00:00+02:00,2018-07-25,22,66.39,63.23635566684916,49.55610518557341,83.61104210547478
2018-07-25 23:00:00+02:00,2018-07-25,23,65.39,61.06267649764301,47.69658808738123,81.7846028754913
2018-07-26 00:00:00+02:00,2018-07-26,0,65.67,61.102148765733865,47.11219450542214,80.42307931897054
2018-07-26 01:00:00+02:00,2018-07-26,1,64.23,57.13504121938238,40.62361025607559,77.30618038110279
2018-07-26 02:00:00+02:00,2018-07-26,2,63.5,55.38233691623825,41.402442132810414,75.27982582666662
2018-07-26 03:00:00+02:00,2018-07-26,3,62.21,55.05562594411846,39.89868058893525,74.18305838130837
2018-07-26 04:00:00+02:00,2018-07-26,4,62.21,54.951052419091226,40.16966927450774,73.8221807528767
2018-07-26 05:00:00+02:00,2018-07-26,5,63.18,56.258939900605284,40.25578690681367,77.3142500229332
2018-07-26 06:00:00+02:00,2018-07-26,6,64.39,60.51127593817152,42.53058373975548,81.96163322051737
2018-07-26 07:00:00+02:00,2018-07-26,7,65.01,63.460759463355124,42.311713291616165,87.99705955516112
2018-07-26 08:00:00+02:00,2018-07-26,8,66.09,64.9163359220926,42.612010820383915,89.3345171914111
2018-07-26 09:00:00+02:00,2018-07-26,9,67.09,66.12713311130166,46.91662713757968,89.56796211103908
2018-07-26 10:00:00+02:00,2018-07-26,10,68.0,67.61529734382782,50.416840435723906,89.58009973745921
2018-07-26 11:00:00+02:00,2018-07-26,11,68.09,66.83842218816507,50.5181362415797,88.37816567768901
2018-07-26 12:00:00+02:00,2018-07-26,12,68.98,67.67759682278532,51.351024292489875,88.8423755620698
2018-07-26 13:00:00+02:00,2018-07-26,13,68.99,67.24581596365678,49.832943766181586,88.51206401716725
2018-07-26 14:00:00+02:00,2018-07-26,14,68.0,66.1728283169388,49.767773082289544,87.37746922348022
2018-07-26 15:00:00+02:00,2018-07-26,15,67.22,63.60929582881788,44.65341241733176,84.94272964576766
2018-07-26 16:00:00+02:00,2018-07-26,16,67.0,63.39985197350135,43.80898089299896,85.57288333883379
2018-07-26 17:00:00+02:00,2018-07-26,17,67.09,64.00988231960483,42.40360335370021,86.97640234050515
2018-07-26 18:00:00+02:00,2018-07-26,18,67.19,63.755559904414056,43.044417045455674,88.54223480684708
2018-07-26 19:00:00+02:00,2018-07-26,19,69.3,64.32614094013312,45.85717085412688,89.81065633378716
2018-07-26 20:00:00+02:00,2018-07-26,20,66.3,65.1743213639324,49.35348636355684,87.71600394146947
2018-07-26 21:00:00+02:00,2018-07-26,21,65.36,65.85997518699654,50.84792024782631,83.99725416467302
2018-07-26 22:00:00+02:00,2018-07-26,22,65.7,64.36141763166665,50.681167150390905,84.73610407029227
2018-07-26 23:00:00+02:00,2018-07-26,23,63.64,62.18672526862864,48.82063685836686,82.90865164647693
2018-07-27 00:00:00+02:00,2018-07-27,0,65.5,62.14581597748005,48.15586171716832,81.46674653071672
2018-07-27 01:00:00+02:00,2018-07-27,1,64.21,58.2800503823848,41.76861941907801,78.45118954410522
2018-07-27 02:00:00+02:00,2018-07-27,2,63.19,56.12047278639945,42.140578002971615,76.01796169682783
2018-07-27 03:00:00+02:00,2018-07-27,3,62.21,55.812142735957345,40.65519738077413,74.93957517314726
2018-07-27 04:00:00+02:00,2018-07-27,4,62.39,55.55554510140596,40.774161956822475,74.42667343519143
2018-07-27 05:00:00+02:00,2018-07-27,5,63.43,56.79337708247584,40.790224088684226,77.84868720480375
2018-07-27 06:00:00+02:00,2018-07-27,6,65.41,60.217511884588454,42.23681968617241,81.66786916693431
2018-07-27 07:00:00+02:00,2018-07-27,7,65.67,63.05030117451133,41.90125500277237,87.58660126631733
2018-07-27 08:00:00+02:00,2018-07-27,8,66.84,64.28427210612315,41.97994700441447,88.70245337544165
2018-07-27 09:00:00+02:00,2018-07-27,9,68.09,65.47169232491532,46.261186351193345,88.91252132465274
2018-07-27 10:00:00+02:00,2018-07-27,10,68.41,67.09124922411486,49.89279231601095,89.05605161774625
2018-07-27 11:00:00+02:00,2018-07-27,11,68.36,66.27149911425775,49.95121316767238,87.8112426037817
2018-07-27 12:00:00+02:00,2018-07-27,12,68.86,66.82117042581044,50.49459789551499,87.98594916509492
2018-07-27 13:00:00+02:00,2018-07-27,13,67.61,66.49145762968428,49.07858543220908,87.75770568319474
2018-07-27 14:00:00+02:00,2018-07-27,14,66.03,65.84923745925332,49.444182224604056,87.05387836579473
2018-07-27 15:00:00+02:00,2018-07-27,15,64.88,63.0599382479244,44.10405483643828,84.39337206487417
2018-07-27 16:00:00+02:00,2018-07-27,16,64.23,62.70889897632277,43.11802789582038,84.88193034165522
2018-07-27 17:00:00+02:00,2018-07-27,17,63.9,63.18339529807406,41.577116332169446,86.14991531897438
2018-07-27 18:00:00+02:00,2018-07-27,18,63.12,62.97764231651216,42.26649945755378,87.76431721894518
2018-07-27 19:00:00+02:00,2018-07-27,19,62.46,63.97101114405871,45.50204105805247,89.45552653771276
2018-07-27 20:00:00+02:00,2018-07-27,20,62.21,64.34772248026674,48.52688747989117,86.8894050578038
2018-07-27 21:00:00+02:00,2018-07-27,21,62.21,64.18553678676751,49.17348184759729,82.322815764444
2018-07-27 22:00:00+02:00,2018-07-27,22,62.14,63.10639501786558,49.42614453658983,83.4810814564912
2018-07-27 23:00:00+02:00,2018-07-27,23,58.21,61.075639872291845,47.70955146203006,81.79756625014014
2018-07-28 00:00:00+02:00,2018-07-28,0,64.0,60.180771163381564,46.19081690306984,79.50170171661823
2018-07-28 01:00:00+02:00,2018-07-28,1,63.9,55.69817693406422,39.18674597075743,75.86931609578464
2018-07-28 02:00:00+02:00,2018-07-28,2,63.2,54.65019831078079,40.67030352735295,74.54768722120916
2018-07-28 03:00:00+02:00,2018-07-28,3,62.21,53.6319962134027,38.47505085821949,72.75942865059261
2018-07-28 04:00:00+02:00,2018-07-28,4,62.21,53.87998507909056,39.09860193450707,72.75111341287604
2018-07-28 05:00:00+02:00,2018-07-28,5,62.21,54.58179724249019,38.57864424869857,75.63710736481809
2018-07-28 06:00:00+02:00,2018-07-28,6,62.8,57.02139238902423,39.040700190608185,78.47174967137008
2018-07-28 07:00:00+02:00,2018-07-28,7,62.5,57.527816888086875,36.378770716347915,82.06411697989287
2018-07-28 08:00:00+02:00,2018-07-28,8,63.1,58.64898922473166,36.344664123022966,83.06717049405015
2018-07-28 09:00:00+02:00,2018-07-28,9,62.8,60.9164717736774,41.70596579995542,84.35730077341482
2018-07-28 10:00:00+02:00,2018-07-28,10,64.01,63.34646658286149,46.148009674757574,85.31126897649287
2018-07-28 11:00:00+02:00,2018-07-28,11,64.39,62.7491801882749,46.42889424168953,84.28892367779883
2018-07-28 12:00:00+02:00,2018-07-28,12,64.71,62.581487968634896,46.25491543833945,83.74626670791937
2018-07-28 13:00:00+02:00,2018-07-28,13,65.0,61.88420776760817,44.47133557013297,83.15045582111864
2018-07-28 14:00:00+02:00,2018-07-28,14,64.39,61.38832256626431,44.983267331615046,82.59296347280572
2018-07-28 15:00:00+02:00,2018-07-28,15,64.14,58.112475162000194,39.156591750514075,79.44590897894997
2018-07-28 16:00:00+02:00,2018-07-28,16,63.06,57.738903736552615,38.148032656050226,79.91193510188506
2018-07-28 17:00:00+02:00,2018-07-28,17,62.21,58.0622457277035,36.455966761798884,81.02876574860382
2018-07-28 18:00:00+02:00,2018-07-28,18,62.14,59.172756761445136,38.461613902486754,83.95943166387815
2018-07-28 19:00:00+02:00,2018-07-28,19,62.21,59.970679259407845,41.50170917340161,85.45519465306191
2018-07-28 20:00:00+02:00,2018-07-28,20,63.9,61.00055479764031,45.179719797264745,83.54223737517736
2018-07-28 21:00:00+02:00,2018-07-28,21,65.67,61.12161611910163,46.109561179931404,79.25889509677812
2018-07-28 22:00:00+02:00,2018-07-28,22,65.86,60.13339586062282,46.45314537934707,80.50808229924843
2018-07-28 23:00:00+02:00,2018-07-28,23,65.7,57.40956506027809,44.04347665001631,78.13149143812637
2018-07-29 00:00:00+02:00,2018-07-29,0,66.21,62.22972655140247,48.239772291090745,81.55065710463914
2018-07-29 01:00:00+02:00,2018-07-29,1,64.67,57.63132085474509,41.1198898914383,77.80246001646552
2018-07-29 02:00:00+02:00,2018-07-29,2,62.21,57.39542587753399,43.41553109410615,77.29291478796236
2018-07-29 03:00:00+02:00,2018-07-29,3,63.0,55.51971443408522,40.36276907890201,74.64714687127514
2018-07-29 04:00:00+02:00,2018-07-29,4,62.0,56.154459736388205,41.37307659180472,75.02558807017368
2018-07-29 05:00:00+02:00,2018-07-29,5,60.61,57.03659987275309,41.03344687896147,78.091909995081
2018-07-29 06:00:00+02:00,2018-07-29,6,58.81,59.35806193649934,41.377369738083296,80.80841921884519
2018-07-29 07:00:00+02:00,2018-07-29,7,56.75,59.48688571281821,38.33783954107925,84.0231858046242
2018-07-29 08:00:00+02:00,2018-07-29,8,56.79,60.626010812393055,38.32168571068436,85.04419208171154
2018-07-29 09:00:00+02:00,2018-07-29,9,55.47,62.35707934152688,43.1465733678049,85.7979083412643
2018-07-29 10:00:00+02:00,2018-07-29,10,57.99,64.89065408828415,47.69219718018024,86.85545648191554
2018-07-29 11:00:00+02:00,2018-07-29,11,58.43,64.28165163911575,47.96136569253038,85.8213951286397
2018-07-29 12:00:00+02:00,2018-07-29,12,58.91,63.98746878439532,47.660896254099875,85.1522475236798
2018-07-29 13:00:00+02:00,2018-07-29,13,61.0,64.25091549412427,46.838043296649076,85.51716354763474
2018-07-29 14:00:00+02:00,2018-07-29,14,61.11,63.41461657068845,47.00956133603919,84.61925747722987
2018-07-29 15:00:00+02:00,2018-07-29,15,58.19,60.67018931710631,41.71430590562019,82.00362313405608
2018-07-29 16:00:00+02:00,2018-07-29,16,54.25,60.35310516624092,40.762234085738534,82.52613653157337
2018-07-29 17:00:00+02:00,2018-07-29,17,53.93,59.58795423509567,37.98167526919106,82.55447425599598
2018-07-29 18:00:00+02:00,2018-07-29,18,52.15,61.4568168908376,40.74567403187922,86.24349179327062
2018-07-29 19:00:00+02:00,2018-07-29,19,55.76,63.016824586499766,44.54785450049353,88.50133998015383
2018-07-29 20:00:00+02:00,2018-07-29,20,57.43,64.4020321820749,48.58119718169934,86.94371475961196
2018-07-29 21:00:00+02:00,2018-07-29,21,63.71,66.17333220401397,51.16127726484375,84.31061118169046
2018-07-29 22:00:00+02:00,2018-07-29,22,65.4,65.06646446527417,51.38621398399842,85.44115090389978
2018-07-29 23:00:00+02:00,2018-07-29,23,62.8,63.20164642581706,49.83555801555528,83.92357280366535
2018-07-30 00:00:00+02:00,2018-07-30,0,62.21,60.804608421849366,46.81465416153764,80.12553897508603
2018-07-30 01:00:00+02:00,2018-07-30,1,60.4,57.28213155935667,40.77070059604988,77.45327072107709
2018-07-30 02:00:00+02:00,2018-07-30,2,57.85,55.55495396606947,41.57505918264163,75.45244287649784
2018-07-30 03:00:00+02:00,2018-07-30,3,56.41,54.52578994891684,39.36884459373363,73.65322238610675
2018-07-30 04:00:00+02:00,2018-07-30,4,56.03,54.38985094294725,39.60846779836376,73.26097927673271
2018-07-30 05:00:00+02:00,2018-07-30,5,58.01,55.55606885742968,39.55291586363806,76.61137897975759
2018-07-30 06:00:00+02:00,2018-07-30,6,63.18,58.450923387099316,40.47023118868327,79.90128066944517
2018-07-30 07:00:00+02:00,2018-07-30,7,64.07,60.41979868888002,39.27075251714106,84.956098780686
2018-07-30 08:00:00+02:00,2018-07-30,8,65.7,61.12552001012476,38.821194908416075,85.54370127944325
2018-07-30 09:00:00+02:00,2018-07-30,9,67.53,62.20090286780705,42.99039689408507,85.64173186754448
2018-07-30 10:00:00+02:00,2018-07-30,10,67.8,63.84618285222507,46.647725944121156,85.81098524585646
2018-07-30 11:00:00+02:00,2018-07-30,11,67.8,63.85455827930127,47.5342723327159,85.39430176882522
2018-07-30 12:00:00+02:00,2018-07-30,12,67.98,63.94225699077051,47.615684460475066,85.107035730055
2018-07-30 13:00:00+02:00,2018-07-30,13,68.01,64.794610012774,47.381737815298806,86.06085806628447
2018-07-30 14:00:00+02:00,2018-07-30,14,67.55,63.57703243179272,47.17197719714346,84.78167333833414
2018-07-30 15:00:00+02:00,2018-07-30,15,66.3,61.37103236975097,42.41514895826485,82.70446618670076
2018-07-30 16:00:00+02:00,2018-07-30,16,65.86,60.16810943637485,40.57723835587246,82.3411408017073
2018-07-30 17:00:00+02:00,2018-07-30,17,65.86,60.17471935711255,38.568440391207936,83.14123937801287
2018-07-30 18:00:00+02:00,2018-07-30,18,65.35,61.12236403442254,40.411221175464156,85.90903893685555
2018-07-30 19:00:00+02:00,2018-07-30,19,64.8,62.124733602684515,43.65576351667828,87.60924899633858
2018-07-30 20:00:00+02:00,2018-07-30,20,65.67,62.85207679917327,47.0312417987977,85.39375937671032
2018-07-30 21:00:00+02:00,2018-07-30,21,67.28,65.79021738806847,50.77816244889824,83.92749636574496
2018-07-30 22:00:00+02:00,2018-07-30,22,66.92,65.04111491129213,51.36086443001638,85.41580134991774
2018-07-30 23:00:00+02:00,2018-07-30,23,66.3,62.43235666384093,49.066268253579146,83.15428304168921
2018-07-31 00:00:00+02:00,2018-07-31,0,65.67,62.63150232205378,48.64154806174205,81.95243287529044
2018-07-31 01:00:00+02:00,2018-07-31,1,65.07,58.71868531282937,42.20725434952258,78.88982447454978
2018-07-31 02:00:00+02:00,2018-07-31,2,63.9,55.76385211019309,41.783957326765254,75.66134102062146
2018-07-31 03:00:00+02:00,2018-07-31,3,62.5,55.41852449583399,40.26157914065078,74.5459569330239
2018-07-31 04:00:00+02:00,2018-07-31,4,62.21,55.03118083913682,40.24979769455334,73.90230917292229
2018-07-31 05:00:00+02:00,2018-07-31,5,63.0,56.53400754268357,40.53085454889195,77.58931766501148
2018-07-31 06:00:00+02:00,2018-07-31,6,64.5,60.85342511261898,42.872732914202935,82.30378239496483
2018-07-31 07:00:00+02:00,2018-07-31,7,64.39,64.42633966815544,43.277293496416476,88.96263975996143
2018-07-31 08:00:00+02:00,2018-07-31,8,65.77,65.65046248929481,43.346137387586126,90.0686437586133
2018-07-31 09:00:00+02:00,2018-07-31,9,66.3,67.31902495797674,48.10851898425476,90.75985395771416
2018-07-31 10:00:00+02:00,2018-07-31,10,67.08,68.4122731924488,51.21381628434488,90.37707558608018
2018-07-31 11:00:00+02:00,2018-07-31,11,67.42,68.13813540726325,51.81784946067788,89.67787889678719
2018-07-31 12:00:00+02:00,2018-07-31,12,67.97,68.58623771236769,52.25966518207225,89.75101645165218
2018-07-31 13:00:00+02:00,2018-07-31,13,68.19,68.46171230403053,51.04884010655533,89.727960357541
2018-07-31 14:00:00+02:00,2018-07-31,14,67.97,67.63699404102071,51.23193880637145,88.84163494756213
2018-07-31 15:00:00+02:00,2018-07-31,15,67.42,65.16646844874698,46.21058503726086,86.49990226569676
2018-07-31 16:00:00+02:00,2018-07-31,16,66.9,64.6831321586945,45.09226107819212,86.85616352402695
2018-07-31 17:00:00+02:00,2018-07-31,17,66.3,65.42466767966197,43.81838871375735,88.39118770056228
2018-07-31 18:00:00+02:00,2018-07-31,18,65.67,64.88435661075876,44.173213751800375,89.67103151319178
2018-07-31 19:00:00+02:00,2018-07-31,19,65.96,64.75595436210462,46.28698427609838,90.24046975575868
2018-07-31 20:00:00+02:00,2018-07-31,20,65.32,65.63690961554848,49.81607461517291,88.17859219308554
2018-07-31 21:00:00+02:00,2018-07-31,21,65.32,66.46510765829737,51.45305271912714,84.60238663597386
2018-07-31 22:00:00+02:00,2018-07-31,22,64.14,65.33952401170436,51.65927353042861,85.71421045032997
2018-07-31 23:00:00+02:00,2018-07-31,23,60.91,62.80523369331794,49.439145283056156,83.52716007116624
2018-08-01 00:00:00+02:00,2018-08-01,0,66.69,61.184137668075095,47.19418340776337,80.50506822131176
2018-08-01 01:00:00+02:00,2018-08-01,1,57.55,57.812018962924014,41.30058799961722,77.98315812464443
2018-08-01 02:00:00+02:00,2018-08-01,2,53.01,55.055804249958804,41.075909466530966,74.95329316038718
2018-08-01 03:00:00+02:00,2018-08-01,3,50.14,54.65303942362205,39.496094068438836,73.78047186081196
2018-08-01 04:00:00+02:00,2018-08-01,4,49.54,54.61114893700911,39.829765792425626,73.48227727079458
2018-08-01 05:00:00+02:00,2018-08-01,5,51.09,55.82430674964398,39.821153755852364,76.87961687197189
2018-08-01 06:00:00+02:00,2018-08-01,6,60.0,59.3940829620406,41.413390763624555,80.84444024438645
2018-08-01 07:00:00+02:00,2018-08-01,7,67.33,62.36302928359627,41.21398311185731,86.89932937540226
2018-08-01 08:00:00+02:00,2018-08-01,8,70.62,63.80628751242567,41.501962410716985,88.22446878174416
2018-08-01 09:00:00+02:00,2018-08-01,9,70.32,65.1835867100468,45.97308073632482,88.62441570978422
2018-08-01 10:00:00+02:00,2018-08-01,10,70.62,66.52134297555203,49.32288606744812,88.48614536918342
2018-08-01 11:00:00+02:00,2018-08-01,11,69.48,66.2712933172582,49.951007370672826,87.81103680678214
2018-08-01 12:00:00+02:00,2018-08-01,12,69.46,66.59984442113291,50.27327189083747,87.7646231604174
2018-08-01 13:00:00+02:00,2018-08-01,13,69.42,66.70845322168272,49.29558102420752,87.97470127519318
2018-08-01 14:00:00+02:00,2018-08-01,14,68.92,65.80293228920088,49.39787705455162,87.0075731957423
2018-08-01 15:00:00+02:00,2018-08-01,15,68.59,63.256219037340635,44.300335625854515,84.58965285429042
2018-08-01 16:00:00+02:00,2018-08-01,16,67.09,62.95682832031072,43.36595723980833,85.12985968564317
2018-08-01 17:00:00+02:00,2018-08-01,17,67.09,63.20102975520756,41.59475078930294,86.16754977610788
2018-08-01 18:00:00+02:00,2018-08-01,18,68.71,62.75839533026866,42.04725247131028,87.54507023270168
2018-08-01 19:00:00+02:00,2018-08-01,19,69.69,62.96454335264896,44.49557326664272,88.44905874630302
2018-08-01 20:00:00+02:00,2018-08-01,20,70.88,63.788726260367,47.96789125999143,86.33040883790406
2018-08-01 21:00:00+02:00,2018-08-01,21,70.62,64.55970255657422,49.547647617403996,82.69698153425071
2018-08-01 22:00:00+02:00,2018-08-01,22,68.92,62.77665051883331,49.09640003755756,83.15133695745892
2018-08-01 23:00:00+02:00,2018-08-01,23,66.92,60.36205172140522,46.99596331114344,81.08397809925351
2018-08-02 00:00:00+02:00,2018-08-02,0,62.09,62.601242963695675,48.61128870338395,81.92217351693235
2018-08-02 01:00:00+02:00,2018-08-02,1,56.51,57.51513260975285,41.00370164644605,77.68627177147326
2018-08-02 02:00:00+02:00,2018-08-02,2,51.0,54.04545525262463,40.06556046919679,73.942944163053
2018-08-02 03:00:00+02:00,2018-08-02,3,50.16,53.51447490335293,38.357529548169715,72.64190734054284
2018-08-02 04:00:00+02:00,2018-08-02,4,50.16,52.97477226817698,38.19338912359349,71.84590060196246
2018-08-02 05:00:00+02:00,2018-08-02,5,50.19,54.38766172136911,38.3845087275775,75.44297184369702
2018-08-02 06:00:00+02:00,2018-08-02,6,56.07,59.60726083119446,41.626568632778415,81.05761811354031
2018-08-02 07:00:00+02:00,2018-08-02,7,62.34,64.19337690198576,43.0443307302468,88.72967699379174
2018-08-02 08:00:00+02:00,2018-08-02,8,67.66,65.69728943743362,43.39296433572494,90.11547070675212
2018-08-02 09:00:00+02:00,2018-08-02,9,67.45,66.8333150585681,47.622809084846125,90.27414405830552
2018-08-02 10:00:00+02:00,2018-08-02,10,67.18,68.05900945433403,50.86055254623012,90.02381184796542
2018-08-02 11:00:00+02:00,2018-08-02,11,65.62,67.3094043332463,50.989118386660934,88.84914782277025
2018-08-02 12:00:00+02:00,2018-08-02,12,64.84,67.47679567859201,51.15022314829657,88.6415744178765
2018-08-02 13:00:00+02:00,2018-08-02,13,64.63,67.551388126675,50.1385159291998,88.81763618018546
2018-08-02 14:00:00+02:00,2018-08-02,14,62.62,66.48236083804127,50.07730560339201,87.68700174458269
2018-08-02 15:00:00+02:00,2018-08-02,15,62.09,64.35116866654887,45.39528525506275,85.68460248349865
2018-08-02 16:00:00+02:00,2018-08-02,16,63.0,63.32506588840463,43.73419480790224,85.49809725373707
2018-08-02 17:00:00+02:00,2018-08-02,17,64.63,63.80898213636781,42.202703170463195,86.77550215726814
2018-08-02 18:00:00+02:00,2018-08-02,18,71.19,64.95000745538121,44.23886459642283,89.73668235781423
2018-08-02 19:00:00+02:00,2018-08-02,19,71.04,65.97916080751642,47.510190721510185,91.46367620117047
2018-08-02 20:00:00+02:00,2018-08-02,20,71.04,66.6028209597412,50.78198595936563,89.14450353727824
2018-08-02 21:00:00+02:00,2018-08-02,21,70.49,66.31727535955406,51.30522042038383,84.45455433723055
2018-08-02 22:00:00+02:00,2018-08-02,22,69.42,64.65334325829762,50.973092777021876,85.02802969692324
2018-08-02 23:00:00+02:00,2018-08-02,23,67.67,62.47381677031434,49.10772836005256,83.19574314816263
2018-08-03 00:00:00+02:00,2018-08-03,0,41.84,62.178011814393905,48.18805755408218,81.49894236763058
2018-08-03 01:00:00+02:00,2018-08-03,1,40.39,56.566205823232636,40.05477485992584,76.73734498495305
2018-08-03 02:00:00+02:00,2018-08-03,2,40.14,53.05595936151168,39.076064578083844,72.95344827194006
2018-08-03 03:00:00+02:00,2018-08-03,3,40.0,52.39770724935513,37.24076189417192,71.52513968654503
2018-08-03 04:00:00+02:00,2018-08-03,4,40.39,51.96981123634862,37.18842809176513,70.84093957013408
2018-08-03 05:00:00+02:00,2018-08-03,5,41.83,53.02274886059848,37.01959586680687,74.0780589829264
2018-08-03 06:00:00+02:00,2018-08-03,6,47.24,58.017796544149164,40.03710434573312,79.46815382649501
2018-08-03 07:00:00+02:00,2018-08-03,7,51.49,63.05363942083106,41.9045932490921,87.58993951263705
2018-08-03 08:00:00+02:00,2018-08-03,8,55.03,65.18250334992315,42.87817824821447,89.60068461924165
2018-08-03 09:00:00+02:00,2018-08-03,9,57.8,66.83737162618709,47.62686565246511,90.27820062592451
2018-08-03 10:00:00+02:00,2018-08-03,10,53.51,67.8775706874429,50.679113779338984,89.84237308107429
2018-08-03 11:00:00+02:00,2018-08-03,11,52.15,65.86021947982476,49.53993353323939,87.3999629693487
2018-08-03 12:00:00+02:00,2018-08-03,12,51.0,66.34401454249885,50.01744201220341,87.50879328178334
2018-08-03 13:00:00+02:00,2018-08-03,13,50.0,66.45252533612188,49.039653138646685,87.71877338963235
2018-08-03 14:00:00+02:00,2018-08-03,14,48.39,64.20953853265421,47.804483298004946,85.41417943919562
2018-08-03 15:00:00+02:00,2018-08-03,15,44.28,62.874754727428375,43.918871315942255,84.20818854437815
2018-08-03 16:00:00+02:00,2018-08-03,16,43.59,62.08272128857343,42.49185020807104,84.25575265390587
2018-08-03 17:00:00+02:00,2018-08-03,17,43.43,63.17839700987813,41.57211804397352,86.14491703077846
2018-08-03 18:00:00+02:00,2018-08-03,18,48.21,65.69478556310567,44.983642704147286,90.48146046553869
2018-08-03 19:00:00+02:00,2018-08-03,19,56.84,65.94889284483858,47.479922758832345,91.43340823849263
2018-08-03 20:00:00+02:00,2018-08-03,20,58.15,66.64801142078676,50.82717642041119,89.1896939983238
2018-08-03 21:00:00+02:00,2018-08-03,21,52.65,67.32033387884859,52.30827893967836,85.45761285652507
2018-08-03 22:00:00+02:00,2018-08-03,22,50.01,65.6027618912371,51.922511409961345,85.97744832986271
2018-08-03 23:00:00+02:00,2018-08-03,23,43.53,63.64299610310902,50.27690769284724,84.36492248095732
2018-08-04 00:00:00+02:00,2018-08-04,0,44.5,43.65721220218386,29.66725794187213,62.97814275542052
2018-08-04 01:00:00+02:00,2018-08-04,1,39.55,40.99493863073495,24.483507667428157,61.16607779245537
2018-08-04 02:00:00+02:00,2018-08-04,2,31.8,38.577646847181335,24.597752063753497,58.475135757609706
2018-08-04 03:00:00+02:00,2018-08-04,3,31.48,37.58210060768263,22.425155252499415,56.709533044872536
2018-08-04 04:00:00+02:00,2018-08-04,4,31.27,37.67645266817065,22.89506952358716,56.54758100195612
2018-08-04 05:00:00+02:00,2018-08-04,5,30.1,38.65921766785398,22.656064674062364,59.71452779018189
2018-08-04 06:00:00+02:00,2018-08-04,6,30.0,42.66334540478728,24.682653206371235,64.11370268713313
2018-08-04 07:00:00+02:00,2018-08-04,7,30.1,43.29594548248044,22.14689931074148,67.83224557428643
2018-08-04 08:00:00+02:00,2018-08-04,8,30.0,47.07834365242236,24.774018550713674,71.49652492174086
2018-08-04 09:00:00+02:00,2018-08-04,9,31.77,49.4918106793376,30.281304705615618,72.93263967907501
2018-08-04 10:00:00+02:00,2018-08-04,10,32.01,49.425738891255435,32.22728198315152,71.39054128488682
2018-08-04 11:00:00+02:00,2018-08-04,11,32.28,47.91083442937391,31.590548482788535,69.45057791889785
2018-08-04 12:00:00+02:00,2018-08-04,12,32.01,47.3173003604245,30.990727830129053,68.48207909970898
2018-08-04 13:00:00+02:00,2018-08-04,13,31.8,46.686236547012925,29.27336434953773,67.95248460052339
2018-08-04 14:00:00+02:00,2018-08-04,14,31.47,43.83308341473099,27.428028180081732,65.0377243212724
2018-08-04 15:00:00+02:00,2018-08-04,15,25.52,41.908463650256444,22.952580238770324,63.24189746720622
2018-08-04 16:00:00+02:00,2018-08-04,16,22.22,40.47305753580426,20.88218645530187,62.6460889011367
2018-08-04 17:00:00+02:00,2018-08-04,17,23.17,41.1377943049321,19.531515339027486,64.10431432583242
2018-08-04 18:00:00+02:00,2018-08-04,18,27.27,44.58697011666988,23.8758272577115,69.3736450191029
2018-08-04 19:00:00+02:00,2018-08-04,19,37.19,49.41656230252197,30.94759221651573,74.90107769617603
2018-08-04 20:00:00+02:00,2018-08-04,20,40.38,51.2800880656828,35.45925306530723,73.82177064321985
2018-08-04 21:00:00+02:00,2018-08-04,21,50.0,49.67662159980802,34.664566660637796,67.8139005774845
2018-08-04 22:00:00+02:00,2018-08-04,22,49.82,47.381615701589766,33.70136522031402,67.75630214021538
2018-08-04 23:00:00+02:00,2018-08-04,23,44.44,43.55648858028566,30.190400170023878,64.27841495813395
2018-08-05 00:00:00+02:00,2018-08-05,0,57.69,46.049141986024566,32.05918772571284,65.37007253926123
2018-08-05 01:00:00+02:00,2018-08-05,1,56.95,40.775150628556176,24.263719665249383,60.946289790276595
2018-08-05 02:00:00+02:00,2018-08-05,2,55.5,37.28072537554486,23.300830592117023,57.17821428597323
2018-08-05 03:00:00+02:00,2018-08-05,3,55.5,35.626578411056684,20.469633055873473,54.754010848246594
2018-08-05 04:00:00+02:00,2018-08-05,4,55.43,36.62506471601013,21.843681571426643,55.4961930497956
2018-08-05 05:00:00+02:00,2018-08-05,5,55.6,37.01204353695506,21.008890543163446,58.06735365928297
2018-08-05 06:00:00+02:00,2018-08-05,6,56.95,40.8024187714948,22.821726573078756,62.252776053840655
2018-08-05 07:00:00+02:00,2018-08-05,7,57.69,42.268662280854386,21.119616109115427,66.80496237266038
2018-08-05 08:00:00+02:00,2018-08-05,8,59.64,44.93173265337203,22.627407551663342,69.34991392269052
2018-08-05 09:00:00+02:00,2018-08-05,9,59.64,45.991631126520815,26.781125152798836,69.43246012625823
2018-08-05 10:00:00+02:00,2018-08-05,10,59.05,46.77545892817096,29.57700202006705,68.74026132180235
2018-08-05 11:00:00+02:00,2018-08-05,11,58.58,47.492943008317056,31.172657061731684,69.032686497841
2018-08-05 12:00:00+02:00,2018-08-05,12,58.3,46.65968705060734,30.333114520311895,67.82446578989183
2018-08-05 13:00:00+02:00,2018-08-05,13,57.9,47.16952946248817,29.756657265012976,68.43577751599864
2018-08-05 14:00:00+02:00,2018-08-05,14,57.69,44.65219425400292,28.24713901935366,65.85683516054434
2018-08-05 15:00:00+02:00,2018-08-05,15,56.95,42.32178064458883,23.365897233102707,63.655214461538606
2018-08-05 16:00:00+02:00,2018-08-05,16,55.9,40.11504746944742,20.52417638894503,62.28807883477986
2018-08-05 17:00:00+02:00,2018-08-05,17,55.44,40.13900230068835,18.532723334783732,63.105522321588666
2018-08-05 18:00:00+02:00,2018-08-05,18,53.04,43.45688353479827,22.74574067583989,68.24355843723129
2018-08-05 19:00:00+02:00,2018-08-05,19,53.1,48.942789534030815,30.473819448024578,74.42730492768487
2018-08-05 20:00:00+02:00,2018-08-05,20,56.0,50.88295194422155,35.062116943845986,73.4246345217586
2018-08-05 21:00:00+02:00,2018-08-05,21,58.3,54.86105693079536,39.84900199162513,72.99833590847184
2018-08-05 22:00:00+02:00,2018-08-05,22,57.05,52.99601131145467,39.315760830178924,73.3706977500803
2018-08-05 23:00:00+02:00,2018-08-05,23,54.01,49.47023423040732,36.10414582014554,70.19216060825562
2018-08-06 00:00:00+02:00,2018-08-06,0,62.8,55.290754939966085,41.30080067965436,74.61168549320276
2018-08-06 01:00:00+02:00,2018-08-06,1,62.01,51.9147876840016,35.40335672069481,72.08592684572201
2018-08-06 02:00:00+02:00,2018-08-06,2,61.55,49.48530184547618,35.50540706204834,69.38279075590455
2018-08-06 03:00:00+02:00,2018-08-06,3,60.0,48.788162856587775,33.631217501404564,67.91559529377768
2018-08-06 04:00:00+02:00,2018-08-06,4,58.12,48.43728819623618,33.655905051652695,67.30841653002165
2018-08-06 05:00:00+02:00,2018-08-06,5,58.31,49.9491268537002,33.945973859908584,71.0044369760281
2018-08-06 06:00:00+02:00,2018-08-06,6,60.09,53.82408097093709,35.843388772521045,75.27443825328294
2018-08-06 07:00:00+02:00,2018-08-06,7,61.6,55.13486260135441,33.985816429615454,79.6711626931604
2018-08-06 08:00:00+02:00,2018-08-06,8,63.06,57.00049412230089,34.69616902059221,81.41867539161939
2018-08-06 09:00:00+02:00,2018-08-06,9,64.6,58.057852158623646,38.84734618490167,81.49868115836107
2018-08-06 10:00:00+02:00,2018-08-06,10,64.67,59.21662882052626,42.018171912422346,81.18143121415764
2018-08-06 11:00:00+02:00,2018-08-06,11,64.6,58.880228771078706,42.55994282449333,80.41997226060265
2018-08-06 12:00:00+02:00,2018-08-06,12,64.6,58.34403031121965,42.017457780924204,79.50880905050414
2018-08-06 13:00:00+02:00,2018-08-06,13,63.5,58.43529564035807,41.022423442882875,79.70154369386853
2018-08-06 14:00:00+02:00,2018-08-06,14,62.8,57.9251790206755,41.52012378602624,79.12981992721691
2018-08-06 15:00:00+02:00,2018-08-06,15,61.55,55.57189360517965,36.61601019369353,76.90532742212943
2018-08-06 16:00:00+02:00,2018-08-06,16,61.01,55.38173197063194,35.79086089012955,77.55476333596438
2018-08-06 17:00:00+02:00,2018-08-06,17,61.01,54.72587868854507,33.11959972264046,77.6923987094454
2018-08-06 18:00:00+02:00,2018-08-06,18,60.96,55.129744940867646,34.41860208190926,79.91641984330067
2018-08-06 19:00:00+02:00,2018-08-06,19,61.9,57.53362138044523,39.064651294438995,83.01813677409929
2018-08-06 20:00:00+02:00,2018-08-06,20,62.79,58.44027541221551,42.619440411839946,80.98195798975257
2018-08-06 21:00:00+02:00,2018-08-06,21,63.5,60.1873081132627,45.175253174092475,78.32458709093919
2018-08-06 22:00:00+02:00,2018-08-06,22,62.91,59.072690024026585,45.392439542750836,79.4473764626522
2018-08-06 23:00:00+02:00,2018-08-06,23,61.9,55.14262013752824,41.77653172726646,75.86454651537653
2018-08-07 00:00:00+02:00,2018-08-07,0,58.68,58.97223989750124,44.98228563718951,78.2931704507379
2018-08-07 01:00:00+02:00,2018-08-07,1,56.93,55.27710962984946,38.76567866654267,75.44824879156988
2018-08-07 02:00:00+02:00,2018-08-07,2,55.06,52.781034214124325,38.80113943069649,72.6785231245527
2018-08-07 03:00:00+02:00,2018-08-07,3,52.41,52.554100545782845,37.397155190599634,71.68153298297275
2018-08-07 04:00:00+02:00,2018-08-07,4,52.0,51.82488101190695,37.04349786732347,70.69600934569243
2018-08-07 05:00:00+02:00,2018-08-07,5,52.0,53.48879228725959,37.485639293467976,74.54410240958751
2018-08-07 06:00:00+02:00,2018-08-07,6,52.02,57.31273559464398,39.33204339622794,78.76309287698984
2018-08-07 07:00:00+02:00,2018-08-07,7,51.17,61.14987726878618,40.00083109704722,85.68617736059217
2018-08-07 08:00:00+02:00,2018-08-07,8,52.27,62.7471842449685,40.44285914325981,87.165365514287
2018-08-07 09:00:00+02:00,2018-08-07,9,53.58,64.78516532541121,45.574659351689235,88.22599432514863
2018-08-07 10:00:00+02:00,2018-08-07,10,57.6,65.7624774452897,48.56402053718579,87.72727983892109
2018-08-07 11:00:00+02:00,2018-08-07,11,60.07,65.58912866586327,49.2688427192779,87.12887215538721
2018-08-07 12:00:00+02:00,2018-08-07,12,60.95,65.19470577176692,48.868133241471476,86.3594845110514
2018-08-07 13:00:00+02:00,2018-08-07,13,60.97,64.95232667867481,47.53945448119961,86.21857473218527
2018-08-07 14:00:00+02:00,2018-08-07,14,61.14,63.66315316792827,47.25809793327901,84.86779407446969
2018-08-07 15:00:00+02:00,2018-08-07,15,60.95,62.1291611644662,43.17327775298008,83.46259498141598
2018-08-07 16:00:00+02:00,2018-08-07,16,60.15,61.361425921545425,41.77055484104304,83.53445728687787
2018-08-07 17:00:00+02:00,2018-08-07,17,60.95,62.19761788921579,40.59133892331118,85.16413791011611
2018-08-07 18:00:00+02:00,2018-08-07,18,60.0,62.89959616595812,42.18845330699974,87.68627106839114
2018-08-07 19:00:00+02:00,2018-08-07,19,60.03,63.54223634241608,45.073266256409845,89.02675173607014
2018-08-07 20:00:00+02:00,2018-08-07,20,57.6,63.72566926821196,47.90483426783639,86.267351845749
2018-08-07 21:00:00+02:00,2018-08-07,21,61.4,64.97054663427994,49.958491695109714,83.10782561195643
2018-08-07 22:00:00+02:00,2018-08-07,22,62.27,63.18073678286125,49.500486301585504,83.55542322148688
2018-08-07 23:00:00+02:00,2018-08-07,23,61.4,60.52484017598298,47.1587517657212,81.24676655383126
2018-08-08 00:00:00+02:00,2018-08-08,0,64.39,58.072150653228086,44.08219639291636,77.39308120646476
2018-08-08 01:00:00+02:00,2018-08-08,1,62.21,54.657788623344025,38.14635766003723,74.82892778506445
2018-08-08 02:00:00+02:00,2018-08-08,2,60.01,51.85517965807378,37.87528487464594,71.75266856850214
2018-08-08 03:00:00+02:00,2018-08-08,3,58.79,51.1001817120761,35.94323635689289,70.227614149266
2018-08-08 04:00:00+02:00,2018-08-08,4,58.76,50.61669528923289,35.8353121446494,69.48782362301836
2018-08-08 05:00:00+02:00,2018-08-08,5,60.0,52.00943791514874,36.00628492135712,73.06474803747665
2018-08-08 06:00:00+02:00,2018-08-08,6,63.18,54.74255119947147,36.76185900105543,76.19290848181733
2018-08-08 07:00:00+02:00,2018-08-08,7,64.14,57.603644546435284,36.454598374696324,82.13994463824127
2018-08-08 08:00:00+02:00,2018-08-08,8,65.67,59.35328308728754,37.04895798557885,83.77146435660603
2018-08-08 09:00:00+02:00,2018-08-08,9,67.61,61.70083029919759,42.49032432547561,85.14165929893501
2018-08-08 10:00:00+02:00,2018-08-08,10,67.19,63.02543052539899,45.826973617295074,84.99023291903038
2018-08-08 11:00:00+02:00,2018-08-08,11,67.06,62.477963411873986,46.157677465288614,84.01770690139793
2018-08-08 12:00:00+02:00,2018-08-08,12,68.0,62.89067612188974,46.5641035915943,84.05545486117423
2018-08-08 13:00:00+02:00,2018-08-08,13,68.01,62.811670154730606,45.39879795725541,84.07791820824107
2018-08-08 14:00:00+02:00,2018-08-08,14,67.75,62.20056742742852,45.795512192779256,83.40520833396994
2018-08-08 15:00:00+02:00,2018-08-08,15,66.41,61.35105323716864,42.39516982568252,82.68448705411842
2018-08-08 16:00:00+02:00,2018-08-08,16,65.67,60.81594512726092,41.22507404675853,82.98897649259337
2018-08-08 17:00:00+02:00,2018-08-08,17,64.14,62.11892137610531,40.5126424102007,85.08544139700564
2018-08-08 18:00:00+02:00,2018-08-08,18,65.7,62.06058424999039,41.34944139103201,86.84725915242342
2018-08-08 19:00:00+02:00,2018-08-08,19,65.67,61.54248173985811,43.073511653851874,87.02699713351217
2018-08-08 20:00:00+02:00,2018-08-08,20,66.41,61.995131392451945,46.17429639207638,84.536813969989
2018-08-08 21:00:00+02:00,2018-08-08,21,68.0,63.82030860408214,48.808253664911916,81.95758758175863
2018-08-08 22:00:00+02:00,2018-08-08,22,68.01,62.696533560285204,49.016283079009455,83.07121999891082
2018-08-08 23:00:00+02:00,2018-08-08,23,64.97,59.640352558457515,46.27426414819573,80.36227893630581
2018-08-09 00:00:00+02:00,2018-08-09,0,69.9,61.12052489410438,47.13057063379265,80.44145544734104
2018-08-09 01:00:00+02:00,2018-08-09,1,68.14,58.08658917918905,41.575158215882254,78.25772834090947
2018-08-09 02:00:00+02:00,2018-08-09,2,65.62,55.61905749547155,41.639162712043714,75.51654640589993
2018-08-09 03:00:00+02:00,2018-08-09,3,63.51,55.20978865021508,40.05284329503187,74.337221087405
2018-08-09 04:00:00+02:00,2018-08-09,4,61.51,55.02575488026464,40.244371735681156,73.89688321405012
2018-08-09 05:00:00+02:00,2018-08-09,5,61.45,56.01649563877405,40.01334264498244,77.07180576110196
2018-08-09 06:00:00+02:00,2018-08-09,6,64.1,59.112976374500136,41.13228417608409,80.563333656846
2018-08-09 07:00:00+02:00,2018-08-09,7,65.55,61.969001408169035,40.819955236430076,86.50530149997502
2018-08-09 08:00:00+02:00,2018-08-09,8,65.55,63.025815602682236,40.721490500973545,87.44399687200072
2018-08-09 09:00:00+02:00,2018-08-09,9,69.67,64.49610055378359,45.28559458006161,87.93692955352101
2018-08-09 10:00:00+02:00,2018-08-09,10,70.4,65.09241617124134,47.893959263137425,87.05721856487273
2018-08-09 11:00:00+02:00,2018-08-09,11,70.67,64.86292031511435,48.54263436852898,86.4026638046383
2018-08-09 12:00:00+02:00,2018-08-09,12,70.67,65.4295434627713,49.10297093247586,86.59432220205579
2018-08-09 13:00:00+02:00,2018-08-09,13,71.14,65.39386203922814,47.980989841752944,86.6601100927386
2018-08-09 14:00:00+02:00,2018-08-09,14,71.01,64.79311493605793,48.38805970140867,85.99775584259935
2018-08-09 15:00:00+02:00,2018-08-09,15,70.0,61.94513546510336,42.98925205361724,83.27856928205314
2018-08-09 16:00:00+02:00,2018-08-09,16,69.7,61.714244230628765,42.123373150126376,83.8872755959612
2018-08-09 17:00:00+02:00,2018-08-09,17,69.9,61.26013816976932,39.653859203864705,84.22665819066964
2018-08-09 18:00:00+02:00,2018-08-09,18,70.35,61.25898477417034,40.547841915211954,86.04565967660335
2018-08-09 19:00:00+02:00,2018-08-09,19,72.3,61.947116443706626,43.47814635770039,87.43163183736068
2018-08-09 20:00:00+02:00,2018-08-09,20,74.91,63.95719729854106,48.136362298165494,86.49887987607812
2018-08-09 21:00:00+02:00,2018-08-09,21,76.04,64.7142157340219,49.70216079485168,82.8514947116984
2018-08-09 22:00:00+02:00,2018-08-09,22,74.8,63.40093914835107,49.72068866707532,83.77562558697669
2018-08-09 23:00:00+02:00,2018-08-09,23,73.73,60.19273389813988,46.826645487878096,80.91466027598817
2018-08-10 00:00:00+02:00,2018-08-10,0,55.88,63.9077080111331,49.917753750821376,83.22863856436977
2018-08-10 01:00:00+02:00,2018-08-10,1,53.98,60.40375499456627,43.89232403125948,80.57489415628669
2018-08-10 02:00:00+02:00,2018-08-10,2,51.5,58.053851701159964,44.073956917732126,77.95134061158834
2018-08-10 03:00:00+02:00,2018-08-10,3,50.39,57.75669214434488,42.59974678916167,76.88412458153479
2018-08-10 04:00:00+02:00,2018-08-10,4,50.39,57.80997686015106,43.028593715567574,76.68110519393653
2018-08-10 05:00:00+02:00,2018-08-10,5,53.4,59.00538234035291,43.00222934656129,80.06069246268082
2018-08-10 06:00:00+02:00,2018-08-10,6,62.94,63.225617386035594,45.24492518761955,84.67597466838146
2018-08-10 07:00:00+02:00,2018-08-10,7,73.67,67.34324398278356,46.1941978110446,91.87954407458955
2018-08-10 08:00:00+02:00,2018-08-10,8,74.67,68.77300716215817,46.46868206044948,93.19118843147666
2018-08-10 09:00:00+02:00,2018-08-10,9,74.04,70.8756369336805,51.66513095995852,94.31646593341792
2018-08-10 10:00:00+02:00,2018-08-10,10,73.0,72.06902450569692,54.870567597593,94.0338268993283
2018-08-10 11:00:00+02:00,2018-08-10,11,72.88,71.83960463629043,55.51931868970506,93.37934812581437
2018-08-10 12:00:00+02:00,2018-08-10,12,71.69,71.72986684751918,55.40329431722373,92.89464558680366
2018-08-10 13:00:00+02:00,2018-08-10,13,71.69,71.09554522416188,53.682673026686686,92.36179327767235
2018-08-10 14:00:00+02:00,2018-08-10,14,70.73,70.36296963595733,53.95791440130807,91.56761054249874
2018-08-10 15:00:00+02:00,2018-08-10,15,70.53,67.89029944407937,48.934416032593255,89.22373326102915
2018-08-10 16:00:00+02:00,2018-08-10,16,71.0,67.73434106102007,48.143469980517686,89.90737242635251
2018-08-10 17:00:00+02:00,2018-08-10,17,74.9,67.68320014328363,46.07692117737901,90.64972016418395
2018-08-10 18:00:00+02:00,2018-08-10,18,75.0,69.53560019304295,48.82445733408457,94.32227509547597
2018-08-10 19:00:00+02:00,2018-08-10,19,76.34,71.60631025595465,53.137340169948416,97.09082564960872
2018-08-10 20:00:00+02:00,2018-08-10,20,79.23,72.57171060840616,56.7508756080306,95.11339318594321
2018-08-10 21:00:00+02:00,2018-08-10,21,78.31,72.4131873566233,57.40113241745307,90.55046633429978
2018-08-10 22:00:00+02:00,2018-08-10,22,74.27,70.08701139718826,56.406760915912514,90.46169783581388
2018-08-10 23:00:00+02:00,2018-08-10,23,71.69,67.03367890459563,53.66759049433385,87.75560528244392
2018-08-11 00:00:00+02:00,2018-08-11,0,65.0,61.62906663175687,47.639112371445144,80.94999718499353
2018-08-11 01:00:00+02:00,2018-08-11,1,62.76,57.9659158965318,41.454484933225004,78.13705505825222
2018-08-11 02:00:00+02:00,2018-08-11,2,55.86,53.84579136560423,39.86589658217639,73.7432802760326
2018-08-11 03:00:00+02:00,2018-08-11,3,53.34,52.21283570605992,37.05589035087671,71.34026814324983
2018-08-11 04:00:00+02:00,2018-08-11,4,51.4,52.78231696214357,38.00093381756008,71.65344529592903
2018-08-11 05:00:00+02:00,2018-08-11,5,50.98,54.91314725479524,38.909994261003625,75.96845737712314
2018-08-11 06:00:00+02:00,2018-08-11,6,57.11,59.80620550913792,41.825513310721874,81.25656279148377
2018-08-11 07:00:00+02:00,2018-08-11,7,67.0,64.60080938412027,43.45176321238131,89.13710947592625
2018-08-11 08:00:00+02:00,2018-08-11,8,68.4,65.85012974747373,43.545804645765045,90.26831101679223
2018-08-11 09:00:00+02:00,2018-08-11,9,68.59,67.84600284792852,48.63549687420654,91.28683184766594
2018-08-11 10:00:00+02:00,2018-08-11,10,67.71,69.45140017160831,52.2529432635044,91.4162025652397
2018-08-11 11:00:00+02:00,2018-08-11,11,65.51,67.70521830680123,51.384932360215856,89.24496179632517
2018-08-11 12:00:00+02:00,2018-08-11,12,64.82,67.04370650919202,50.71713397889658,88.2084852484765
2018-08-11 13:00:00+02:00,2018-08-11,13,63.93,67.05516213810422,49.64228994062903,88.32141019161469
2018-08-11 14:00:00+02:00,2018-08-11,14,62.64,66.58630291782393,50.18124768317467,87.79094382436534
2018-08-11 15:00:00+02:00,2018-08-11,15,63.0,64.63310750461159,45.67722409312547,85.96654132156137
2018-08-11 16:00:00+02:00,2018-08-11,16,63.92,64.61027734415086,45.01940626364847,86.7833087094833
2018-08-11 17:00:00+02:00,2018-08-11,17,65.2,65.55931420006266,43.953035234158044,88.52583422096298
2018-08-11 18:00:00+02:00,2018-08-11,18,68.25,67.96167001248453,47.25052715352615,92.74834491491755
2018-08-11 19:00:00+02:00,2018-08-11,19,70.01,70.38199554766679,51.91302546166055,95.86651094132085
2018-08-11 20:00:00+02:00,2018-08-11,20,69.07,72.13315004166692,56.312315041291356,94.67483261920398
2018-08-11 21:00:00+02:00,2018-08-11,21,63.75,71.67718889655289,56.665133957382665,89.81446787422938
2018-08-11 22:00:00+02:00,2018-08-11,22,59.63,69.31650306242139,55.63625258114564,89.691189501047
2018-08-11 23:00:00+02:00,2018-08-11,23,54.97,66.28974665912288,52.9236582488611,87.01167303697117
2018-08-12 00:00:00+02:00,2018-08-12,0,54.1,57.83593436091333,43.8459801006016,77.15686491414999
2018-08-12 01:00:00+02:00,2018-08-12,1,50.9,54.16772947898162,37.65629851567483,74.33886864070203
2018-08-12 02:00:00+02:00,2018-08-12,2,49.0,50.47154750868716,36.49165272525932,70.36903641911553
2018-08-12 03:00:00+02:00,2018-08-12,3,48.91,48.599820142266005,33.44287478708279,67.72725257945592
2018-08-12 04:00:00+02:00,2018-08-12,4,48.57,48.80440015379557,34.02301700921208,67.67552848758103
2018-08-12 05:00:00+02:00,2018-08-12,5,48.91,49.119058230175014,33.1159052363834,70.17436835250292
2018-08-12 06:00:00+02:00,2018-08-12,6,49.47,53.26463975335129,35.283947554935246,74.71499703569714
2018-08-12 07:00:00+02:00,2018-08-12,7,51.0,57.23950871104538,36.09046253930642,81.77580880285137
2018-08-12 08:00:00+02:00,2018-08-12,8,59.41,59.64481885761986,37.34049375591117,84.06300012693836
2018-08-12 09:00:00+02:00,2018-08-12,9,63.93,60.75160160441635,41.54109563069437,84.19243060415377
2018-08-12 10:00:00+02:00,2018-08-12,10,64.12,62.52973238796635,45.331275479862434,84.49453478159774
2018-08-12 11:00:00+02:00,2018-08-12,11,64.16,61.54835740658795,45.228071460002575,83.08810089611188
2018-08-12 12:00:00+02:00,2018-08-12,12,64.18,60.27493473217422,43.94836220187878,81.4397134714587
2018-08-12 13:00:00+02:00,2018-08-12,13,64.33,59.42826633795031,42.01539414047512,80.69451439146079
2018-08-12 14:00:00+02:00,2018-08-12,14,64.23,58.30448290717434,41.89942767252508,79.50912381371575
2018-08-12 15:00:00+02:00,2018-08-12,15,64.13,56.620263385046925,37.664379973560806,77.9536972019967
2018-08-12 16:00:00+02:00,2018-08-12,16,64.15,55.75096496484191,36.160093884339524,77.92399633017436
2018-08-12 17:00:00+02:00,2018-08-12,17,64.78,57.09820801912699,35.49192905322238,80.06472804002732
2018-08-12 18:00:00+02:00,2018-08-12,18,66.58,61.138264027118545,40.42712116816016,85.92493892955156
2018-08-12 19:00:00+02:00,2018-08-12,19,67.15,63.22631731132484,44.757347225318604,88.7108327049789
2018-08-12 20:00:00+02:00,2018-08-12,20,67.75,62.31407479511224,46.493239794736674,84.8557573726493
2018-08-12 21:00:00+02:00,2018-08-12,21,67.83,61.08716952827814,46.07511458910791,79.22444850595463
2018-08-12 22:00:00+02:00,2018-08-12,22,67.17,57.6409180264961,43.96066754522035,78.01560446512173
2018-08-12 23:00:00+02:00,2018-08-12,23,65.04,54.68243699270177,41.316348582439986,75.40436337055006
2018-08-13 00:00:00+02:00,2018-08-13,0,64.14,57.224901826060396,43.23494756574867,76.54583237929707
2018-08-13 01:00:00+02:00,2018-08-13,1,62.14,53.106544890752176,36.59511392744538,73.2776840524726
2018-08-13 02:00:00+02:00,2018-08-13,2,59.46,50.15956123661495,36.17966645318711,70.05705014704333
2018-08-13 03:00:00+02:00,2018-08-13,3,58.9,49.21624596637314,34.059300611189926,68.34367840356305
2018-08-13 04:00:00+02:00,2018-08-13,4,58.0,49.10647779146434,34.325094646880856,67.97760612524982
2018-08-13 05:00:00+02:00,2018-08-13,5,59.16,50.64653494320149,34.64338194940987,71.7018450655294
2018-08-13 06:00:00+02:00,2018-08-13,6,62.14,55.270189738500974,37.28949754008493,76.72054702084682
2018-08-13 07:00:00+02:00,2018-08-13,7,62.21,60.630599921755746,39.481553750016786,85.16690001356173
2018-08-13 08:00:00+02:00,2018-08-13,8,64.44,64.04699038553551,41.742665283826824,88.465171654854
2018-08-13 09:00:00+02:00,2018-08-13,9,66.19,66.2405630463991,47.030057072677124,89.68139204613652
2018-08-13 10:00:00+02:00,2018-08-13,10,65.7,66.49165245228598,49.29319554418206,88.45645484591736
2018-08-13 11:00:00+02:00,2018-08-13,11,66.04,66.07572778773036,49.755441841144986,87.6154712772543
2018-08-13 12:00:00+02:00,2018-08-13,12,67.3,65.60167223101344,49.275099700717995,86.76645097029792
2018-08-13 13:00:00+02:00,2018-08-13,13,67.77,65.46517748211048,48.05230528463528,86.73142553562094
2018-08-13 14:00:00+02:00,2018-08-13,14,67.02,63.676975695632464,47.2719204609832,84.88161660217388
2018-08-13 15:00:00+02:00,2018-08-13,15,65.99,62.87705195904789,43.92116854756177,84.21048577599767
2018-08-13 16:00:00+02:00,2018-08-13,16,65.19,62.83335365052019,43.2424825700178,85.00638501585263
2018-08-13 17:00:00+02:00,2018-08-13,17,64.24,63.95050414502659,42.34422517912198,86.9170241659269
2018-08-13 18:00:00+02:00,2018-08-13,18,63.06,66.1876474971884,45.47650463823001,90.97432239962141
2018-08-13 19:00:00+02:00,2018-08-13,19,62.18,67.16293533650446,48.69396525049822,92.64745073015851
2018-08-13 20:00:00+02:00,2018-08-13,20,62.89,66.41634995471975,50.59551495434418,88.9580325322568
2018-08-13 21:00:00+02:00,2018-08-13,21,64.24,67.66677390809141,52.65471896892119,85.8040528857679
2018-08-13 22:00:00+02:00,2018-08-13,22,64.18,65.53246837863166,51.852217897355914,85.90715481725728
2018-08-13 23:00:00+02:00,2018-08-13,23,61.15,62.08523200850052,48.71914359823874,82.80715838634882
2018-08-14 00:00:00+02:00,2018-08-14,0,62.14,58.723591891000254,44.73363763068853,78.04452244423692
2018-08-14 01:00:00+02:00,2018-08-14,1,61.07,55.06243419500889,38.5510032317021,75.23357335672931
2018-08-14 02:00:00+02:00,2018-08-14,2,54.61,52.7037255025625,38.72383071913466,72.60121441299087
2018-08-14 03:00:00+02:00,2018-08-14,3,52.32,51.78066316673073,36.62371781154752,70.90809560392064
2018-08-14 04:00:00+02:00,2018-08-14,4,51.85,51.43821339666297,36.65683025207948,70.30934173044844
2018-08-14 05:00:00+02:00,2018-08-14,5,51.79,52.76360702563775,36.76045403184613,73.81891714796566
2018-08-14 06:00:00+02:00,2018-08-14,6,58.03,56.82029199737781,38.839599798961764,78.27064927972367
2018-08-14 07:00:00+02:00,2018-08-14,7,61.71,60.78976907625503,39.64072290451607,85.32606916806103
2018-08-14 08:00:00+02:00,2018-08-14,8,64.07,62.41720170077936,40.112876599070674,86.83538297009785
2018-08-14 09:00:00+02:00,2018-08-14,9,64.39,64.29518262573963,45.08467665201765,87.73601162547705
2018-08-14 10:00:00+02:00,2018-08-14,10,64.03,64.4320875288437,47.23363062073978,86.39688992247508
2018-08-14 11:00:00+02:00,2018-08-14,11,63.53,63.928182232686765,47.60789628610139,85.46792572221071
2018-08-14 12:00:00+02:00,2018-08-14,12,64.03,64.51876454054057,48.19219201024513,85.68354327982506
2018-08-14 13:00:00+02:00,2018-08-14,13,64.8,64.90158022902327,47.48870803154807,86.16782828253373
2018-08-14 14:00:00+02:00,2018-08-14,14,64.56,63.85981641288102,47.454761178231756,85.06445731942243
2018-08-14 15:00:00+02:00,2018-08-14,15,64.11,62.07667564389393,43.12079223240781,83.4101094608437
2018-08-14 16:00:00+02:00,2018-08-14,16,63.9,61.57367283839686,41.98280175789447,83.74670420372931
2018-08-14 17:00:00+02:00,2018-08-14,17,64.0,61.72139428137175,40.115115315467136,84.68791430227208
2018-08-14 18:00:00+02:00,2018-08-14,18,63.29,61.66983366107689,40.95869080211851,86.45650856350991
2018-08-14 19:00:00+02:00,2018-08-14,19,63.53,61.13025109003994,42.661281004033704,86.614766483694
2018-08-14 20:00:00+02:00,2018-08-14,20,63.53,62.02152799671321,46.200692996337644,84.56321057425026
2018-08-14 21:00:00+02:00,2018-08-14,21,64.39,63.567689698417425,48.5556347592472,81.70496867609391
2018-08-14 22:00:00+02:00,2018-08-14,22,63.9,62.317750429689134,48.637499948413385,82.69243686831476
2018-08-14 23:00:00+02:00,2018-08-14,23,61.99,58.914883398233314,45.54879498797153,79.6368097760816
2018-08-15 00:00:00+02:00,2018-08-15,0,59.01,60.34975876289809,46.359804502586364,79.67068931613476
2018-08-15 01:00:00+02:00,2018-08-15,1,54.79,57.23220848649655,40.72077752318976,77.40334764821696
2018-08-15 02:00:00+02:00,2018-08-15,2,50.81,54.408940565268495,40.42904578184066,74.30642947569686
2018-08-15 03:00:00+02:00,2018-08-15,3,50.64,53.495038753022015,38.338093397838804,72.62247119021193
2018-08-15 04:00:00+02:00,2018-08-15,4,50.3,52.93802640959554,38.15664326501205,71.80915474338101
2018-08-15 05:00:00+02:00,2018-08-15,5,50.3,54.10736764729503,38.10421465350341,75.16267776962295
2018-08-15 06:00:00+02:00,2018-08-15,6,50.69,58.70358818746577,40.722895989049725,80.15394546981162
2018-08-15 07:00:00+02:00,2018-08-15,7,51.8,63.569642976334364,42.420596804595405,88.10594306814036
2018-08-15 08:00:00+02:00,2018-08-15,8,51.79,65.44093362628153,43.13660852457285,89.85911489560003
2018-08-15 09:00:00+02:00,2018-08-15,9,57.85,66.67976014843455,47.469254174712574,90.12058914817197
2018-08-15 10:00:00+02:00,2018-08-15,10,59.07,67.14909610281674,49.95063919471283,89.11389849644813
2018-08-15 11:00:00+02:00,2018-08-15,11,62.0,66.51575098872391,50.19546504213854,88.05549447824785
2018-08-15 12:00:00+02:00,2018-08-15,12,63.51,66.8774594410406,50.550886910745156,88.04223818032509
2018-08-15 13:00:00+02:00,2018-08-15,13,64.19,67.36599866620358,49.953126468728385,88.63224671971405
2018-08-15 14:00:00+02:00,2018-08-15,14,64.39,66.03508510004886,49.6300298653996,87.23972600659027
2018-08-15 15:00:00+02:00,2018-08-15,15,64.0,64.34903141633956,45.39314800485344,85.68246523328934
2018-08-15 16:00:00+02:00,2018-08-15,16,64.04,63.928678119560246,44.33780703905786,86.1017094848927
2018-08-15 17:00:00+02:00,2018-08-15,17,64.0,65.10869313712551,43.5024141712209,88.07521315802583
2018-08-15 18:00:00+02:00,2018-08-15,18,62.21,65.14840968086602,44.43726682190764,89.93508458329904
2018-08-15 19:00:00+02:00,2018-08-15,19,64.28,65.25962364660265,46.79065356059641,90.7441390402567
2018-08-15 20:00:00+02:00,2018-08-15,20,65.0,65.91539948988463,50.09456448950907,88.45708206742168
2018-08-15 21:00:00+02:00,2018-08-15,21,67.0,67.05700866631075,52.04495372714052,85.19428764398724
2018-08-15 22:00:00+02:00,2018-08-15,22,67.75,65.22246261894743,51.54221213767168,85.59714905757305
2018-08-15 23:00:00+02:00,2018-08-15,23,65.69,62.61296072875714,49.246872318495356,83.33488710660544
2018-08-16 00:00:00+02:00,2018-08-16,0,64.75,60.50663326011428,46.51667899980255,79.82756381335095
2018-08-16 01:00:00+02:00,2018-08-16,1,62.5,56.91692265190419,40.405491688597394,77.0880618136246
2018-08-16 02:00:00+02:00,2018-08-16,2,60.66,53.33845714746386,39.358562364036025,73.23594605789224
2018-08-16 03:00:00+02:00,2018-08-16,3,59.89,53.52897937896118,38.37203402377797,72.65641181615109
2018-08-16 04:00:00+02:00,2018-08-16,4,58.7,53.41610950269601,38.63472635811252,72.28723783648148
2018-08-16 05:00:00+02:00,2018-08-16,5,60.1,54.4488275587659,38.44567456497428,75.50413768109381
2018-08-16 06:00:00+02:00,2018-08-16,6,63.58,57.66329698645784,39.68260478804179,79.11365426880369
2018-08-16 07:00:00+02:00,2018-08-16,7,64.39,61.52156835053277,40.37252217879381,86.05786844233876
2018-08-16 08:00:00+02:00,2018-08-16,8,64.94,62.956608297301614,40.65228319559293,87.37478956662011
2018-08-16 09:00:00+02:00,2018-08-16,9,65.7,65.4659704433814,46.255464469659415,88.90679944311881
2018-08-16 10:00:00+02:00,2018-08-16,10,65.8,66.3717195282086,49.17326262010469,88.33652192183999
2018-08-16 11:00:00+02:00,2018-08-16,11,66.1,67.35191236617081,51.031626419585436,88.89165585569475
2018-08-16 12:00:00+02:00,2018-08-16,12,66.51,67.81553557548156,51.48896304518612,88.98031431476605
2018-08-16 13:00:00+02:00,2018-08-16,13,66.51,67.78640277892345,50.37353058144825,89.05265083243391
2018-08-16 14:00:00+02:00,2018-08-16,14,66.18,66.9120704135274,50.50701517887814,88.11671132006882
2018-08-16 15:00:00+02:00,2018-08-16,15,65.0,65.22623811410415,46.27035470261803,86.55967193105393
2018-08-16 16:00:00+02:00,2018-08-16,16,64.39,65.23655878368918,45.64568770318679,87.40959014902162
2018-08-16 17:00:00+02:00,2018-08-16,17,64.14,65.99092899158649,44.38465002568187,88.9574490124868
2018-08-16 18:00:00+02:00,2018-08-16,18,65.7,65.45569063042686,44.744547771468476,90.24236553285988
2018-08-16 19:00:00+02:00,2018-08-16,19,66.51,66.31604089520549,47.84707080919925,91.80055628885955
2018-08-16 20:00:00+02:00,2018-08-16,20,66.51,67.13061245994585,51.309777459570284,89.67229503748291
2018-08-16 21:00:00+02:00,2018-08-16,21,66.2,68.22841969318445,53.21636475401422,86.36569867086094
2018-08-16 22:00:00+02:00,2018-08-16,22,64.39,66.57862906706283,52.898378585787086,86.95331550568845
2018-08-16 23:00:00+02:00,2018-08-16,23,60.03,63.65257396148824,50.286485551226455,84.37450033933652
2018-08-17 00:00:00+02:00,2018-08-17,0,62.25,60.09641003514732,46.106455774835595,79.417340588384
2018-08-17 01:00:00+02:00,2018-08-17,1,61.15,56.571633293519234,40.06020233021244,76.74277245523965
2018-08-17 02:00:00+02:00,2018-08-17,2,53.8,54.042051649613555,40.06215686618572,73.93954056004193
2018-08-17 03:00:00+02:00,2018-08-17,3,51.85,53.482510086909784,38.32556473172657,72.6099425240997
2018-08-17 04:00:00+02:00,2018-08-17,4,50.3,53.2709971566221,38.489614012038615,72.14212549040758
2018-08-17 05:00:00+02:00,2018-08-17,5,50.3,54.194826724912446,38.19167373112083,75.25013684724036
2018-08-17 06:00:00+02:00,2018-08-17,6,56.64,58.41663123832742,40.435939039911375,79.86698852067327
2018-08-17 07:00:00+02:00,2018-08-17,7,62.82,61.81557632575126,40.6665301540123,86.35187641755725
2018-08-17 08:00:00+02:00,2018-08-17,8,63.99,63.6806602106239,41.376335108915214,88.0988414799424
2018-08-17 09:00:00+02:00,2018-08-17,9,64.39,65.24332590211418,46.0328199283922,88.6841549018516
2018-08-17 10:00:00+02:00,2018-08-17,10,63.05,65.6020418844759,48.40358497637198,87.56684427810728
2018-08-17 11:00:00+02:00,2018-08-17,11,62.82,65.33749511832059,49.01720917173522,86.87723860784453
2018-08-17 12:00:00+02:00,2018-08-17,12,63.0,65.5239906308603,49.19741810056485,86.68876937014478
2018-08-17 13:00:00+02:00,2018-08-17,13,63.9,64.97622657255546,47.563354375080266,86.24247462606593
2018-08-17 14:00:00+02:00,2018-08-17,14,63.9,64.3534310230927,47.948375788443435,85.55807192963411
2018-08-17 15:00:00+02:00,2018-08-17,15,62.38,62.22524600799115,43.26936259650503,83.55867982494092
2018-08-17 16:00:00+02:00,2018-08-17,16,62.38,61.8379461874292,42.247075106926815,84.01097755276164
2018-08-17 17:00:00+02:00,2018-08-17,17,63.0,62.17138068484396,40.565101718939346,85.13790070574427
2018-08-17 18:00:00+02:00,2018-08-17,18,64.46,63.124065209969544,42.41292235101116,87.91074011240256
2018-08-17 19:00:00+02:00,2018-08-17,19,64.6,63.13785254374354,44.668882457737304,88.6223679373976
2018-08-17 20:00:00+02:00,2018-08-17,20,64.57,64.38719518049291,48.56636018011734,86.92887775802996
2018-08-17 21:00:00+02:00,2018-08-17,21,64.48,64.27526601651883,49.2632110773486,82.41254499419531
2018-08-17 22:00:00+02:00,2018-08-17,22,63.9,62.577440445872014,48.897189964596265,82.95212688449763
2018-08-17 23:00:00+02:00,2018-08-17,23,54.58,59.56467342146796,46.19858501120618,80.28659979931625
2018-08-18 00:00:00+02:00,2018-08-18,0,57.28,57.097246010943934,43.10729175063221,76.4181765641806
2018-08-18 01:00:00+02:00,2018-08-18,1,55.41,52.97611811163166,36.46468714832487,73.14725727335208
2018-08-18 02:00:00+02:00,2018-08-18,2,49.31,50.376175276468004,36.396280493040166,70.27366418689638
2018-08-18 03:00:00+02:00,2018-08-18,3,47.55,48.79634182824732,33.63939647306411,67.92377426543723
2018-08-18 04:00:00+02:00,2018-08-18,4,47.3,48.780525962275895,33.99914281769241,67.65165429606137
2018-08-18 05:00:00+02:00,2018-08-18,5,47.05,49.612656576326785,33.60950358253517,70.6679666986547
2018-08-18 06:00:00+02:00,2018-08-18,6,47.89,53.378989875106036,35.39829767668999,74.82934715745189
2018-08-18 07:00:00+02:00,2018-08-18,7,49.5,56.64689110970899,35.49784493797003,81.18319120151497
2018-08-18 08:00:00+02:00,2018-08-18,8,53.89,58.3482777204371,36.04395261872841,82.76645898975559
2018-08-18 09:00:00+02:00,2018-08-18,9,56.41,60.52693190320483,41.316425929482854,83.96776090294225
2018-08-18 10:00:00+02:00,2018-08-18,10,53.6,61.78591332414661,44.5874564160427,83.75071571777801
2018-08-18 11:00:00+02:00,2018-08-18,11,53.9,61.15196633172617,44.8316803851408,82.69170982125011
2018-08-18 12:00:00+02:00,2018-08-18,12,58.27,60.75888376281894,44.432311232523496,81.92366250210343
2018-08-18 13:00:00+02:00,2018-08-18,13,62.14,61.04113308879029,43.628260891315094,82.30738114230076
2018-08-18 14:00:00+02:00,2018-08-18,14,63.8,60.066884061036376,43.661828826387115,81.27152496757779
2018-08-18 15:00:00+02:00,2018-08-18,15,62.32,57.51104110309582,38.5551576916097,78.8444749200456
2018-08-18 16:00:00+02:00,2018-08-18,16,62.14,57.356478799838726,37.76560771933634,79.52951016517116
2018-08-18 17:00:00+02:00,2018-08-18,17,61.75,57.617467251026824,36.01118828512221,80.58398727192714
2018-08-18 18:00:00+02:00,2018-08-18,18,62.14,59.74145740679808,39.030314547839694,84.5281323092311
2018-08-18 19:00:00+02:00,2018-08-18,19,64.45,61.54281108100663,43.073840995000396,87.0273264746607
2018-08-18 20:00:00+02:00,2018-08-18,20,64.9,61.844707825939146,46.02387282556358,84.3863904034762
2018-08-18 21:00:00+02:00,2018-08-18,21,65.04,62.83796456053223,47.825909621362,80.97524353820872
2018-08-18 22:00:00+02:00,2018-08-18,22,64.98,60.85234917244378,47.17209869116803,81.2270356110694
2018-08-18 23:00:00+02:00,2018-08-18,23,62.14,55.9832300505743,42.61714164031252,76.70515642842258
2018-08-19 00:00:00+02:00,2018-08-19,0,55.56,57.83466970845738,43.84471544814566,77.15560026169405
2018-08-19 01:00:00+02:00,2018-08-19,1,54.5,54.29062373769891,37.779192774392115,74.46176289941933
2018-08-19 02:00:00+02:00,2018-08-19,2,52.5,51.490878639099016,37.51098385567118,71.38836754952739
2018-08-19 03:00:00+02:00,2018-08-19,3,50.2,49.17662556262068,34.01968020743747,68.3040579998106
2018-08-19 04:00:00+02:00,2018-08-19,4,50.0,49.8935224263315,35.112139281748014,68.76465076011698
2018-08-19 05:00:00+02:00,2018-08-19,5,49.19,50.789672715171,34.786519721379385,71.84498283749892
2018-08-19 06:00:00+02:00,2018-08-19,6,49.69,53.952734665753425,35.97204246733738,75.40309194809927
2018-08-19 07:00:00+02:00,2018-08-19,7,49.19,56.07484170839049,34.92579553665153,80.61114180019648
2018-08-19 08:00:00+02:00,2018-08-19,8,49.19,58.52259834596801,36.21827324425932,82.9407796152865
2018-08-19 09:00:00+02:00,2018-08-19,9,50.5,60.77665174815822,41.566145774436244,84.21748074789565
2018-08-19 10:00:00+02:00,2018-08-19,10,52.26,61.71120939788818,44.51275248978427,83.67601179151957
2018-08-19 11:00:00+02:00,2018-08-19,11,54.74,61.82827829209176,45.50799234550639,83.36802178161571
2018-08-19 12:00:00+02:00,2018-08-19,12,60.4,62.16392731856142,45.837354788265976,83.3287060578459
2018-08-19 13:00:00+02:00,2018-08-19,13,62.21,63.07919225264747,45.66632005517228,84.34544030615794
2018-08-19 14:00:00+02:00,2018-08-19,14,63.14,62.374373621388294,45.96931838673903,83.5790145279297
2018-08-19 15:00:00+02:00,2018-08-19,15,62.14,60.28059013504537,41.32470672355925,81.61402395199515
2018-08-19 16:00:00+02:00,2018-08-19,16,61.15,60.56436384206626,40.97349276156387,82.73739520739869
2018-08-19 17:00:00+02:00,2018-08-19,17,58.0,60.59567631949911,38.9893973535945,83.56219634039942
2018-08-19 18:00:00+02:00,2018-08-19,18,57.85,63.00651595489863,42.29537309594025,87.79319085733165
2018-08-19 19:00:00+02:00,2018-08-19,19,62.26,65.25739627614016,46.78842619013392,90.7419116697942
2018-08-19 20:00:00+02:00,2018-08-19,20,63.41,65.69391809070999,49.87308309033442,88.23560066824703
2018-08-19 21:00:00+02:00,2018-08-19,21,64.23,67.22085199507967,52.20879705590944,85.35813097275616
2018-08-19 22:00:00+02:00,2018-08-19,22,64.6,64.96809496257751,51.28784448130176,85.34278140120313
2018-08-19 23:00:00+02:00,2018-08-19,23,62.26,61.6610233680752,48.29493495781342,82.3829497459235
2018-08-20 00:00:00+02:00,2018-08-20,0,61.0,57.92401048927702,43.9340562289653,77.24494104251369
2018-08-20 01:00:00+02:00,2018-08-20,1,54.98,54.606790814437296,38.0953598511305,74.77792997615771
2018-08-20 02:00:00+02:00,2018-08-20,2,52.52,52.80683254922083,38.82693776579299,72.70432145964921
2018-08-20 03:00:00+02:00,2018-08-20,3,52.52,51.158399056380475,36.00145370119726,70.28583149357038
2018-08-20 04:00:00+02:00,2018-08-20,4,50.2,51.584089094861135,36.80270595027765,70.4552174286466
2018-08-20 05:00:00+02:00,2018-08-20,5,50.8,52.0546827371317,36.05152974334008,73.10999285945961
2018-08-20 06:00:00+02:00,2018-08-20,6,55.57,56.14158397666351,38.16089177824747,77.59194125900936
2018-08-20 07:00:00+02:00,2018-08-20,7,63.43,59.12833375460175,37.97928758286279,83.66463384640774
2018-08-20 08:00:00+02:00,2018-08-20,8,64.46,60.75179859962166,38.447473497912966,85.16997986894015
2018-08-20 09:00:00+02:00,2018-08-20,9,64.99,61.70479471893232,42.49428874521034,85.14562371866974
2018-08-20 10:00:00+02:00,2018-08-20,10,65.55,63.071610948362164,45.87315404025825,85.03641334199355
2018-08-20 11:00:00+02:00,2018-08-20,11,67.41,64.04568513809258,47.72539919150721,85.58542862761652
2018-08-20 12:00:00+02:00,2018-08-20,12,67.75,65.06189891679614,48.735326386500695,86.22667765608062
2018-08-20 13:00:00+02:00,2018-08-20,13,68.55,65.74467536718944,48.33180316971425,87.01092342069991
2018-08-20 14:00:00+02:00,2018-08-20,14,68.68,65.08314738032946,48.6780921456802,86.28778828687088
2018-08-20 15:00:00+02:00,2018-08-20,15,68.55,63.79760553854894,44.84172212706282,85.13103935549873
2018-08-20 16:00:00+02:00,2018-08-20,16,68.01,63.421173249519235,43.830302169016846,85.59420461485168
2018-08-20 17:00:00+02:00,2018-08-20,17,67.75,61.9833639334207,40.37708496751608,84.94988395432102
2018-08-20 18:00:00+02:00,2018-08-20,18,66.78,63.059043108710895,42.34790024975251,87.84571801114392
2018-08-20 19:00:00+02:00,2018-08-20,19,67.03,64.55253865279477,46.08356856678853,90.03705404644882
2018-08-20 20:00:00+02:00,2018-08-20,20,67.01,65.27291152853972,49.452076528164156,87.81459410607678
2018-08-20 21:00:00+02:00,2018-08-20,21,66.98,67.25090397500146,52.23884903583124,85.38818295267795
2018-08-20 22:00:00+02:00,2018-08-20,22,66.65,65.54306165027215,51.8628111689964,85.91774808889777
2018-08-20 23:00:00+02:00,2018-08-20,23,63.5,62.095044791101486,48.728956380839705,82.81697116894978
2018-08-21 00:00:00+02:00,2018-08-21,0,59.83,59.10246549166992,45.11251123135819,78.42339604490658
2018-08-21 01:00:00+02:00,2018-08-21,1,56.65,54.486732213354784,37.97530125004799,74.6578713750752
2018-08-21 02:00:00+02:00,2018-08-21,2,55.38,51.7126765574291,37.73278177400126,71.61016546785747
2018-08-21 03:00:00+02:00,2018-08-21,3,54.37,51.60419339647132,36.447248041288105,70.73162583366123
2018-08-21 04:00:00+02:00,2018-08-21,4,54.61,51.13828317080235,36.35690002621887,70.00941150458783
2018-08-21 05:00:00+02:00,2018-08-21,5,54.98,52.54854173920876,36.54538874541714,73.60385186153667
2018-08-21 06:00:00+02:00,2018-08-21,6,65.0,57.304335465207714,39.32364326679167,78.75469274755358
2018-08-21 07:00:00+02:00,2018-08-21,7,67.42,63.425162356684325,42.276116184945366,87.96146244849032
2018-08-21 08:00:00+02:00,2018-08-21,8,68.52,65.01690041299914,42.71257531129045,89.43508168231763
2018-08-21 09:00:00+02:00,2018-08-21,9,70.69,66.62307100062722,47.41256502690524,90.06390000036464
2018-08-21 10:00:00+02:00,2018-08-21,10,70.69,67.36501768290489,50.16656077480098,89.32982007653628
2018-08-21 11:00:00+02:00,2018-08-21,11,71.02,67.67780174026029,51.35751579367492,89.21754522978424
2018-08-21 12:00:00+02:00,2018-08-21,12,71.34,67.90291764682358,51.57634511652814,89.06769638610807
2018-08-21 13:00:00+02:00,2018-08-21,13,71.1,68.42422894244439,51.01135674496919,89.69047699595485
2018-08-21 14:00:00+02:00,2018-08-21,14,70.51,67.17412697893594,50.769071744286684,88.37876788547736
2018-08-21 15:00:00+02:00,2018-08-21,15,69.06,65.82861068220102,46.8727272707149,87.1620444991508
2018-08-21 16:00:00+02:00,2018-08-21,16,69.0,65.51786740156714,45.926996321064756,87.69089876689958
2018-08-21 17:00:00+02:00,2018-08-21,17,71.1,65.70829492912122,44.10201596321661,88.67481495002154
2018-08-21 18:00:00+02:00,2018-08-21,18,71.01,65.22964637420064,44.51850351524226,90.01632127663366
2018-08-21 19:00:00+02:00,2018-08-21,19,70.53,65.35066310858558,46.88169302257934,90.83517850223964
2018-08-21 20:00:00+02:00,2018-08-21,20,70.69,65.85821153345994,50.03737653308437,88.399894110997
2018-08-21 21:00:00+02:00,2018-08-21,21,71.42,66.73548987714824,51.72343493797801,84.87276885482473
2018-08-21 22:00:00+02:00,2018-08-21,22,68.93,65.25469102991683,51.57444054864108,85.62937746854244
2018-08-21 23:00:00+02:00,2018-08-21,23,63.55,61.752794732209566,48.386706321947784,82.47472111005786
2018-08-22 00:00:00+02:00,2018-08-22,0,64.39,60.843992603021945,46.85403834271022,80.16492315625861
2018-08-22 01:00:00+02:00,2018-08-22,1,62.71,56.80744701914311,40.29601605583632,76.97858618086353
2018-08-22 02:00:00+02:00,2018-08-22,2,61.26,54.03492416697391,40.05502938354607,73.93241307740229
2018-08-22 03:00:00+02:00,2018-08-22,3,60.54,53.4470448247399,38.29009946955669,72.57447726192981
2018-08-22 04:00:00+02:00,2018-08-22,4,60.63,52.563653218613844,37.78227007403036,71.43478155239931
2018-08-22 05:00:00+02:00,2018-08-22,5,62.08,54.0681605800339,38.06500758624228,75.1234707023618
2018-08-22 06:00:00+02:00,2018-08-22,6,66.06,59.814373581595305,41.83368138317926,81.26473086394117
2018-08-22 07:00:00+02:00,2018-08-22,7,70.0,64.03686956041915,42.88782338868019,88.57316965222515
2018-08-22 08:00:00+02:00,2018-08-22,8,71.9,65.63070744514019,43.326382343431504,90.04888871445868
2018-08-22 09:00:00+02:00,2018-08-22,9,72.14,67.72353284288691,48.51302686916493,91.16436184262433
2018-08-22 10:00:00+02:00,2018-08-22,10,70.53,68.40410396639587,51.20564705829195,90.36890636002725
2018-08-22 11:00:00+02:00,2018-08-22,11,70.51,68.08978886752693,51.76950292094156,89.62953235705088
2018-08-22 12:00:00+02:00,2018-08-22,12,71.79,68.40084787415603,52.074275343860585,89.56562661344051
2018-08-22 13:00:00+02:00,2018-08-22,13,71.16,68.36933667321833,50.95646447574313,89.6355847267288
2018-08-22 14:00:00+02:00,2018-08-22,14,71.68,67.16726198062831,50.76220674597905,88.37190288716972
2018-08-22 15:00:00+02:00,2018-08-22,15,71.69,64.7659130538824,45.81002964239628,86.09934687083218
2018-08-22 16:00:00+02:00,2018-08-22,16,70.67,64.63124264837026,45.04037156786787,86.8042740137027
2018-08-22 17:00:00+02:00,2018-08-22,17,70.51,65.60181718193307,43.99553821602846,88.56833720283339
2018-08-22 18:00:00+02:00,2018-08-22,18,70.51,66.3434308791689,45.632288020210524,91.13010578160193
2018-08-22 19:00:00+02:00,2018-08-22,19,70.34,66.27420428023467,47.80523419422843,91.75871967388872
2018-08-22 20:00:00+02:00,2018-08-22,20,71.01,66.6117315847363,50.79089658436074,89.15341416227335
2018-08-22 21:00:00+02:00,2018-08-22,21,72.89,67.52541729428982,52.5133623551196,85.66269627196631
2018-08-22 22:00:00+02:00,2018-08-22,22,72.14,65.28589838189819,51.605647900622444,85.66058482052381
2018-08-22 23:00:00+02:00,2018-08-22,23,67.43,62.01383672392368,48.6477483136619,82.73576310177197
2018-08-23 00:00:00+02:00,2018-08-23,0,67.9,63.676308840971956,49.68635458066023,82.99723939420862
2018-08-23 01:00:00+02:00,2018-08-23,1,63.43,60.05645401975031,43.54502305644352,80.22759318147072
2018-08-23 02:00:00+02:00,2018-08-23,2,61.26,57.874669237314706,43.89477445388687,77.77215814774308
2018-08-23 03:00:00+02:00,2018-08-23,3,60.69,57.36081619166434,42.20387083648113,76.48824862885425
2018-08-23 04:00:00+02:00,2018-08-23,4,60.0,56.9766785841767,42.19529543959322,75.84780691796217
2018-08-23 05:00:00+02:00,2018-08-23,5,60.69,58.21396030997725,42.21080731618564,79.26927043230516
2018-08-23 06:00:00+02:00,2018-08-23,6,66.67,62.82045812257517,44.839765924159124,84.27081540492102
2018-08-23 07:00:00+02:00,2018-08-23,7,69.89,67.55412755152182,46.40508137978286,92.09042764332781
2018-08-23 08:00:00+02:00,2018-08-23,8,70.1,69.31451126414497,47.010186162436284,93.73269253346346
2018-08-23 09:00:00+02:00,2018-08-23,9,71.98,70.40023276749227,51.18972679377029,93.84106176722969
2018-08-23 10:00:00+02:00,2018-08-23,10,71.69,70.41564749295696,53.21719058485305,92.38044988658835
2018-08-23 11:00:00+02:00,2018-08-23,11,71.14,69.97900615366548,53.65872020708011,91.51874964318942
2018-08-23 12:00:00+02:00,2018-08-23,12,70.0,70.68442418294714,54.357851652651696,91.84920292223163
2018-08-23 13:00:00+02:00,2018-08-23,13,69.11,70.64339784009692,53.23052564262173,91.90964589360739
2018-08-23 14:00:00+02:00,2018-08-23,14,68.89,70.20827183904956,53.8032166044003,91.41291274559097
2018-08-23 15:00:00+02:00,2018-08-23,15,67.0,67.83718225645534,48.881298844969216,89.17061607340511
2018-08-23 16:00:00+02:00,2018-08-23,16,67.86,67.27781036578656,47.686939285284176,89.450841731119
2018-08-23 17:00:00+02:00,2018-08-23,17,70.0,67.7354183908295,46.12913942492488,90.70193841172981
2018-08-23 18:00:00+02:00,2018-08-23,18,70.52,67.98156416601678,47.2704213070584,92.7682390684498
2018-08-23 19:00:00+02:00,2018-08-23,19,70.09,67.7506237706792,49.28165368467296,93.23513916433325
2018-08-23 20:00:00+02:00,2018-08-23,20,70.0,68.66355228784084,52.84271728746528,91.20523486537789
2018-08-23 21:00:00+02:00,2018-08-23,21,71.74,68.94902674215423,53.936971802984004,87.08630571983072
2018-08-23 22:00:00+02:00,2018-08-23,22,69.89,67.80913190111349,54.12888141983774,88.1838183397391
2018-08-23 23:00:00+02:00,2018-08-23,23,64.0,64.96026932627467,51.59418091601289,85.68219570412296
2018-08-24 00:00:00+02:00,2018-08-24,0,65.18,64.06327882341434,50.07332456310261,83.384209376651
2018-08-24 01:00:00+02:00,2018-08-24,1,61.26,59.25338002912819,42.741949065821395,79.4245191908486
2018-08-24 02:00:00+02:00,2018-08-24,2,59.16,57.27245281200626,43.29255802857842,77.16994172243463
2018-08-24 03:00:00+02:00,2018-08-24,3,57.57,56.05148959392786,40.89454423874465,75.17892203111776
2018-08-24 04:00:00+02:00,2018-08-24,4,55.71,55.42075012933064,40.639366984747156,74.29187846311612
2018-08-24 05:00:00+02:00,2018-08-24,5,55.62,56.57793135446783,40.57477836067621,77.63324147679575
2018-08-24 06:00:00+02:00,2018-08-24,6,61.26,61.61427978940409,43.63358759098804,83.06463707174994
2018-08-24 07:00:00+02:00,2018-08-24,7,66.9,65.57508130403366,44.4260351322947,90.11138139583966
2018-08-24 08:00:00+02:00,2018-08-24,8,68.67,66.40358582742242,44.099260725713734,90.82176709674091
2018-08-24 09:00:00+02:00,2018-08-24,9,68.84,68.2915532581934,49.081047284471424,91.73238225793082
2018-08-24 10:00:00+02:00,2018-08-24,10,68.32,69.01856295033063,51.82010604222672,90.98336534396202
2018-08-24 11:00:00+02:00,2018-08-24,11,67.86,68.24928088430681,51.92899493772144,89.78902437383076
2018-08-24 12:00:00+02:00,2018-08-24,12,67.46,68.24187435764165,51.915301827346205,89.40665309692614
2018-08-24 13:00:00+02:00,2018-08-24,13,67.53,68.62619132345738,51.21331912598218,89.89243937696784
2018-08-24 14:00:00+02:00,2018-08-24,14,67.24,67.9196707147434,51.51461548009414,89.12431162128482
2018-08-24 15:00:00+02:00,2018-08-24,15,65.21,64.44562335811561,45.48973994662949,85.77905717506539
2018-08-24 16:00:00+02:00,2018-08-24,16,65.0,64.48456250699977,44.89369142649738,86.6575938723322
2018-08-24 17:00:00+02:00,2018-08-24,17,63.14,65.15804645160168,43.55176748569706,88.124566472502
2018-08-24 18:00:00+02:00,2018-08-24,18,64.5,66.06435443586162,45.353211576903234,90.85102933829464
2018-08-24 19:00:00+02:00,2018-08-24,19,68.47,66.15093779328947,47.681967707283235,91.63545318694352
2018-08-24 20:00:00+02:00,2018-08-24,20,68.0,66.96289142579748,51.14205642542191,89.50457400333454
2018-08-24 21:00:00+02:00,2018-08-24,21,67.14,67.76537431904104,52.75331937987082,85.90265329671753
2018-08-24 22:00:00+02:00,2018-08-24,22,65.94,65.81929276753897,52.13904228626322,86.19397920616458
2018-08-24 23:00:00+02:00,2018-08-24,23,64.67,62.55325709482774,49.18716868456596,83.27518347267603
2018-08-25 00:00:00+02:00,2018-08-25,0,64.03,61.92856649891227,47.93861223860054,81.24949705214894
2018-08-25 01:00:00+02:00,2018-08-25,1,61.26,56.58897669643312,40.07754573312633,76.76011585815354
2018-08-25 02:00:00+02:00,2018-08-25,2,60.0,55.452526291696884,41.472631508269046,75.35001520212526
2018-08-25 03:00:00+02:00,2018-08-25,3,58.0,53.42303934692577,38.26609399174256,72.55047178411567
2018-08-25 04:00:00+02:00,2018-08-25,4,57.5,53.32550381430318,38.544120669719696,72.19663214808865
2018-08-25 05:00:00+02:00,2018-08-25,5,56.7,53.55390564816827,37.55075265437665,74.60921577049618
2018-08-25 06:00:00+02:00,2018-08-25,6,57.57,57.40949870672118,39.428806508305136,78.85985598906703
2018-08-25 07:00:00+02:00,2018-08-25,7,57.0,60.08303703960219,38.93399086786323,84.61933713140817
2018-08-25 08:00:00+02:00,2018-08-25,8,58.05,61.83625344999084,39.53192834828215,86.25443471930933
2018-08-25 09:00:00+02:00,2018-08-25,9,61.26,63.825010767154325,44.614504793432346,87.26583976689174
2018-08-25 10:00:00+02:00,2018-08-25,10,61.26,65.67633688519543,48.47787997709151,87.64113927882681
2018-08-25 11:00:00+02:00,2018-08-25,11,62.0,64.58518430084732,48.264898354261945,86.12492779037126
2018-08-25 12:00:00+02:00,2018-08-25,12,64.47,64.89838585330651,48.571813323011064,86.063164592591
2018-08-25 13:00:00+02:00,2018-08-25,13,65.21,64.88606954990568,47.47319735243049,86.15231760341615
2018-08-25 14:00:00+02:00,2018-08-25,14,65.23,63.84283287627704,47.43777764162778,85.04747378281846
2018-08-25 15:00:00+02:00,2018-08-25,15,64.16,60.43169657447619,41.47581316299007,81.76513039142597
2018-08-25 16:00:00+02:00,2018-08-25,16,61.26,60.48659158720163,40.89572050669924,82.65962295253408
2018-08-25 17:00:00+02:00,2018-08-25,17,59.02,60.03353553181559,38.42725656591097,83.0000555527159
2018-08-25 18:00:00+02:00,2018-08-25,18,64.15,61.92461264456324,41.21346978560486,86.71128754699626
2018-08-25 19:00:00+02:00,2018-08-25,19,66.01,64.21695255260583,45.747982466599595,89.7014679462599
2018-08-25 20:00:00+02:00,2018-08-25,20,67.99,65.7426438187089,49.92180881833333,88.28432639624594
2018-08-25 21:00:00+02:00,2018-08-25,21,67.67,66.27805445413098,51.265999514960754,84.41533343180747
2018-08-25 22:00:00+02:00,2018-08-25,22,66.69,64.7918964894868,51.11164600821105,85.16658292811242
2018-08-25 23:00:00+02:00,2018-08-25,23,66.05,62.111907298226775,48.745818887964994,82.83383367607507
2018-08-26 00:00:00+02:00,2018-08-26,0,65.5,62.283183455086075,48.29322919477435,81.60411400832274
2018-08-26 01:00:00+02:00,2018-08-26,1,64.69,57.78346557651255,41.272034613205754,77.95460473823297
2018-08-26 02:00:00+02:00,2018-08-26,2,60.64,56.30486493664695,42.32497015321911,76.20235384707533
2018-08-26 03:00:00+02:00,2018-08-26,3,60.64,54.22381191900773,39.06686656382452,73.35124435619764
2018-08-26 04:00:00+02:00,2018-08-26,4,59.0,54.51043243660685,39.72904929202336,73.38156077039233
2018-08-26 05:00:00+02:00,2018-08-26,5,59.3,54.95132665236672,38.9481736585751,76.00663677469463
2018-08-26 06:00:00+02:00,2018-08-26,6,60.64,57.96098390584147,39.98029170742543,79.41134118818732
2018-08-26 07:00:00+02:00,2018-08-26,7,60.64,58.694499334811304,37.545453163072345,83.2307994266173
2018-08-26 08:00:00+02:00,2018-08-26,8,60.64,60.2364366201273,37.93211151841861,84.6546178894458
2018-08-26 09:00:00+02:00,2018-08-26,9,63.24,63.34600387807201,44.13549790435003,86.78683287780943
2018-08-26 10:00:00+02:00,2018-08-26,10,63.42,65.45756482228363,48.259107914179715,87.42236721591502
2018-08-26 11:00:00+02:00,2018-08-26,11,64.69,65.2071261771821,48.88684023059673,86.74686966670605
2018-08-26 12:00:00+02:00,2018-08-26,12,65.21,65.75080164620856,49.424229115913114,86.91558038549304
2018-08-26 13:00:00+02:00,2018-08-26,13,66.8,66.0127259155186,48.599853718043406,87.27897396902907
2018-08-26 14:00:00+02:00,2018-08-26,14,67.14,65.49169781911587,49.08664258446661,86.69633872565728
2018-08-26 15:00:00+02:00,2018-08-26,15,65.21,62.31800687007404,43.362123458587924,83.65144068702382
2018-08-26 16:00:00+02:00,2018-08-26,16,64.69,61.357969598419935,41.767098517917546,83.53100096375238
2018-08-26 17:00:00+02:00,2018-08-26,17,64.69,60.88018507203378,39.27390610612917,83.8467050929341
2018-08-26 18:00:00+02:00,2018-08-26,18,63.38,64.25860837213634,43.547465513177954,89.04528327456936
2018-08-26 19:00:00+02:00,2018-08-26,19,68.1,66.2889050398076,47.819934953801365,91.77342043346167
2018-08-26 20:00:00+02:00,2018-08-26,20,70.0,68.15210199665582,52.33126699628025,90.69378457419288
2018-08-26 21:00:00+02:00,2018-08-26,21,71.69,69.83264915951585,54.820594220345626,87.96992813719234
2018-08-26 22:00:00+02:00,2018-08-26,22,71.74,68.23087578384366,54.55062530256791,88.60556222246927
2018-08-26 23:00:00+02:00,2018-08-26,23,70.46,65.65113374465409,52.28504533439231,86.37306012250238
2018-08-27 00:00:00+02:00,2018-08-27,0,67.14,64.04715318107849,50.05719892076676,83.36808373431515
2018-08-27 01:00:00+02:00,2018-08-27,1,64.0,60.00750415969715,43.496073196390356,80.17864332141757
2018-08-27 02:00:00+02:00,2018-08-27,2,60.38,57.354068159630515,43.37417337620268,77.25155707005888
2018-08-27 03:00:00+02:00,2018-08-27,3,57.0,56.18122979114908,41.02428443596587,75.30866222833899
2018-08-27 04:00:00+02:00,2018-08-27,4,56.38,55.35499285365286,40.57360970906937,74.22612118743834
2018-08-27 05:00:00+02:00,2018-08-27,5,56.66,56.11831136948515,40.11515837569353,77.17362149181307
2018-08-27 06:00:00+02:00,2018-08-27,6,60.64,60.28111679044648,42.30042459203044,81.73147407279234
2018-08-27 07:00:00+02:00,2018-08-27,7,64.69,64.68105736860332,43.53201119686436,89.21735746040932
2018-08-27 08:00:00+02:00,2018-08-27,8,66.9,65.42427726273169,43.11995216102301,89.84245853205019
2018-08-27 09:00:00+02:00,2018-08-27,9,68.06,67.98174142685177,48.77123545312979,91.42257042658919
2018-08-27 10:00:00+02:00,2018-08-27,10,68.34,68.51096151810171,51.312504609997795,90.4757639117331
2018-08-27 11:00:00+02:00,2018-08-27,11,67.9,68.71109952363085,52.39081357704548,90.25084301315479
2018-08-27 12:00:00+02:00,2018-08-27,12,68.55,68.81097593626406,52.484403405968614,89.97575467554854
2018-08-27 13:00:00+02:00,2018-08-27,13,68.67,70.04334807756034,52.63047588008514,91.3095961310708
2018-08-27 14:00:00+02:00,2018-08-27,14,68.67,68.73332968874762,52.328274454098356,89.93797059528903
2018-08-27 15:00:00+02:00,2018-08-27,15,67.9,67.14116888472417,48.18528547323805,88.47460270167394
2018-08-27 16:00:00+02:00,2018-08-27,16,67.98,67.08959535344073,47.49872427293834,89.26262671877316
2018-08-27 17:00:00+02:00,2018-08-27,17,70.25,66.27766838044761,44.67138941454299,89.24418840134793
2018-08-27 18:00:00+02:00,2018-08-27,18,70.89,67.70903760819661,46.99789474923823,92.49571251062963
2018-08-27 19:00:00+02:00,2018-08-27,19,71.69,69.05750552322453,50.5885354372183,94.54202091687858
2018-08-27 20:00:00+02:00,2018-08-27,20,72.09,70.66236075157073,54.841525751195164,93.20404332910778
2018-08-27 21:00:00+02:00,2018-08-27,21,72.51,71.81266326046563,56.8006083212954,89.94994223814211
2018-08-27 22:00:00+02:00,2018-08-27,22,71.74,70.195825898912,56.515575417636256,90.57051233753762
2018-08-27 23:00:00+02:00,2018-08-27,23,68.52,67.4499782735356,54.083889863273825,88.1719046513839
2018-08-28 00:00:00+02:00,2018-08-28,0,65.58,65.19575526452869,51.20580100421696,84.51668581776535
2018-08-28 01:00:00+02:00,2018-08-28,1,62.5,60.54613240961637,44.034701446309576,80.7172715713368
2018-08-28 02:00:00+02:00,2018-08-28,2,60.4,57.093462939803054,43.113568156375216,76.99095185023143
2018-08-28 03:00:00+02:00,2018-08-28,3,59.12,56.651127343293055,41.494181988109844,75.77855978048296
2018-08-28 04:00:00+02:00,2018-08-28,4,58.07,55.94924215237463,41.167859007791144,74.8203704861601
2018-08-28 05:00:00+02:00,2018-08-28,5,58.78,57.068257587261634,41.06510459347002,78.12356770958954
2018-08-28 06:00:00+02:00,2018-08-28,6,64.69,61.518568510071916,43.53787631165587,82.96892579241776
2018-08-28 07:00:00+02:00,2018-08-28,7,70.0,65.82970516694594,44.68065899520698,90.36600525875193
2018-08-28 08:00:00+02:00,2018-08-28,8,70.69,67.60893460837777,45.30460950666908,92.02711587769626
2018-08-28 09:00:00+02:00,2018-08-28,9,72.24,69.46523907606226,50.25473310234028,92.90606807579968
2018-08-28 10:00:00+02:00,2018-08-28,10,72.14,70.2155895931462,53.01713268504229,92.1803919867776
2018-08-28 11:00:00+02:00,2018-08-28,11,71.19,69.64117379474428,53.320887848158904,91.18091728426822
2018-08-28 12:00:00+02:00,2018-08-28,12,70.19,70.22963672404865,53.9030641937532,91.39441546333313
2018-08-28 13:00:00+02:00,2018-08-28,13,67.47,70.47750342800056,53.064631230525364,91.74375148151103
2018-08-28 14:00:00+02:00,2018-08-28,14,68.01,69.4750162167022,53.06996098205294,90.67965712324362
2018-08-28 15:00:00+02:00,2018-08-28,15,67.14,67.05462301901059,48.09873960752447,88.38805683596037
2018-08-28 16:00:00+02:00,2018-08-28,16,68.74,66.20447208666303,46.61360100616064,88.37750345199547
2018-08-28 17:00:00+02:00,2018-08-28,17,70.0,67.47275267145857,45.86647370555395,90.43927269235888
2018-08-28 18:00:00+02:00,2018-08-28,18,70.0,67.83980362580806,47.12866076684968,92.62647852824108
2018-08-28 19:00:00+02:00,2018-08-28,19,70.19,68.70215872879213,50.23318864278589,94.18667412244619
2018-08-28 20:00:00+02:00,2018-08-28,20,72.14,69.54222769340006,53.7213926930245,92.08391027093711
2018-08-28 21:00:00+02:00,2018-08-28,21,74.46,70.60495632421286,55.59290138504264,88.74223530188935
2018-08-28 22:00:00+02:00,2018-08-28,22,72.14,69.22973183787292,55.54948135659717,89.60441827649854
2018-08-28 23:00:00+02:00,2018-08-28,23,68.19,65.87560825243096,52.50951984216918,86.59753463027926
2018-08-29 00:00:00+02:00,2018-08-29,0,70.5,63.07446475062322,49.084510490311494,82.39539530385989
2018-08-29 01:00:00+02:00,2018-08-29,1,68.03,59.16789128572591,42.656460322419115,79.33903044744633
2018-08-29 02:00:00+02:00,2018-08-29,2,67.14,56.23876989695989,42.25887511353205,76.13625880738826
2018-08-29 03:00:00+02:00,2018-08-29,3,65.21,55.81415728076619,40.65721192558298,74.9415897179561
2018-08-29 04:00:00+02:00,2018-08-29,4,64.99,55.171364706217915,40.38998156163443,74.0424930400034
2018-08-29 05:00:00+02:00,2018-08-29,5,64.99,56.60669135857381,40.603538364782196,77.66200148090172
2018-08-29 06:00:00+02:00,2018-08-29,6,66.9,61.950463816956514,43.96977161854047,83.40082109930236
2018-08-29 07:00:00+02:00,2018-08-29,7,71.95,67.8596911404438,46.71064496870484,92.3959912322498
2018-08-29 08:00:00+02:00,2018-08-29,8,73.66,69.49602040629175,47.191695304583064,93.91420167561024
2018-08-29 09:00:00+02:00,2018-08-29,9,76.58,71.06211076152451,51.85160478780253,94.50293976126193
2018-08-29 10:00:00+02:00,2018-08-29,10,75.01,71.51927669263365,54.32081978452974,93.48407908626504
2018-08-29 11:00:00+02:00,2018-08-29,11,75.0,70.6258126790249,54.30552673243953,92.16555616854885
2018-08-29 12:00:00+02:00,2018-08-29,12,75.0,71.15398211625129,54.82740958595584,92.31876085553577
2018-08-29 13:00:00+02:00,2018-08-29,13,75.18,70.78020829917713,53.36733610170194,92.0464563526876
2018-08-29 14:00:00+02:00,2018-08-29,14,74.01,69.86335675637213,53.458301521722866,91.06799766291354
2018-08-29 15:00:00+02:00,2018-08-29,15,72.5,67.3637412601352,48.40785784864908,88.69717507708498
2018-08-29 16:00:00+02:00,2018-08-29,16,72.53,67.21491875293874,47.624047672436355,89.38795011827119
2018-08-29 17:00:00+02:00,2018-08-29,17,72.19,68.24139495392387,46.63511598801926,91.20791497482419
2018-08-29 18:00:00+02:00,2018-08-29,18,72.63,68.38947427393796,47.67833141497958,93.17614917637098
2018-08-29 19:00:00+02:00,2018-08-29,19,72.01,69.21703737985418,50.74806729384794,94.70155277350824
2018-08-29 20:00:00+02:00,2018-08-29,20,72.4,69.95290189545597,54.1320668950804,92.49458447299301
2018-08-29 21:00:00+02:00,2018-08-29,21,70.74,70.99434526021602,55.982290321045795,89.13162423789251
2018-08-29 22:00:00+02:00,2018-08-29,22,69.84,69.15762445355158,55.47737397227583,89.5323108921772
2018-08-29 23:00:00+02:00,2018-08-29,23,64.69,66.22961225229413,52.86352384203235,86.95153863014242
2018-08-30 00:00:00+02:00,2018-08-30,0,65.14,64.67207224464914,50.68211798433742,83.99300279788581
2018-08-30 01:00:00+02:00,2018-08-30,1,61.21,60.588795914601725,44.07736495129493,80.75993507632214
2018-08-30 02:00:00+02:00,2018-08-30,2,59.59,58.07033808315562,44.09044329972778,77.967826993584
2018-08-30 03:00:00+02:00,2018-08-30,3,58.5,56.755617341569256,41.598671986386044,75.88304977875916
2018-08-30 04:00:00+02:00,2018-08-30,4,57.99,56.252971210335396,41.47158806575191,75.12409954412087
2018-08-30 05:00:00+02:00,2018-08-30,5,59.12,57.32004154007029,41.316888546278676,78.3753516623982
2018-08-30 06:00:00+02:00,2018-08-30,6,64.15,61.85671569844502,43.87602350002898,83.30707298079088
2018-08-30 07:00:00+02:00,2018-08-30,7,71.34,67.33165642024687,46.18261024850791,91.86795651205287
2018-08-30 08:00:00+02:00,2018-08-30,8,74.01,68.97720628314232,46.67288118143364,93.39538755246082
2018-08-30 09:00:00+02:00,2018-08-30,9,76.75,70.56271245251433,51.352206478792354,94.00354145225175
2018-08-30 10:00:00+02:00,2018-08-30,10,75.43,70.95995256061755,53.76149565251364,92.92475495424894
2018-08-30 11:00:00+02:00,2018-08-30,11,74.52,71.1889628795434,54.868676932958024,92.72870636906734
2018-08-30 12:00:00+02:00,2018-08-30,12,74.23,71.56890314194251,55.24233061164707,92.733681881227
2018-08-30 13:00:00+02:00,2018-08-30,13,74.96,71.85433567927089,54.441463481795694,93.12058373278136
2018-08-30 14:00:00+02:00,2018-08-30,14,73.77,70.72877543192028,54.32372019727102,91.9334163384617
2018-08-30 15:00:00+02:00,2018-08-30,15,73.77,68.09978370565474,49.143900294168624,89.43321752260452
2018-08-30 16:00:00+02:00,2018-08-30,16,72.93,68.15391344662746,48.56304236612507,90.32694481195989
2018-08-30 17:00:00+02:00,2018-08-30,17,72.13,68.053662016931,46.447383051026385,91.02018203783132
2018-08-30 18:00:00+02:00,2018-08-30,18,73.66,67.59087988296758,46.8797370240092,92.3775547854006
2018-08-30 19:00:00+02:00,2018-08-30,19,73.77,67.92826521021564,49.459295124209405,93.41278060386969
2018-08-30 20:00:00+02:00,2018-08-30,20,73.69,68.24438894409192,52.42355394371636,90.78607152162897
2018-08-30 21:00:00+02:00,2018-08-30,21,73.34,68.35432759244819,53.34227265327796,86.49160657012467
2018-08-30 22:00:00+02:00,2018-08-30,22,71.59,66.74341733240621,53.06316685113046,87.11810377103183
2018-08-30 23:00:00+02:00,2018-08-30,23,66.19,63.46918697154349,50.10309856128171,84.19111334939178
2018-08-31 00:00:00+02:00,2018-08-31,0,64.69,63.85174260924144,49.861788348929714,83.1726731624781
2018-08-31 01:00:00+02:00,2018-08-31,1,61.0,58.782323005709806,42.27089204240301,78.95346216743022
2018-08-31 02:00:00+02:00,2018-08-31,2,59.29,56.80162264423096,42.82172786080312,76.69911155465934
2018-08-31 03:00:00+02:00,2018-08-31,3,57.82,55.50751556386791,40.3505702086847,74.63494800105782
2018-08-31 04:00:00+02:00,2018-08-31,4,57.82,55.02382225127908,40.24243910669559,73.89495058506455
2018-08-31 05:00:00+02:00,2018-08-31,5,57.82,56.32655620287777,40.32340320908615,77.38186632520568
2018-08-31 06:00:00+02:00,2018-08-31,6,64.15,61.66212038890698,43.681428190490934,83.11247767125283
2018-08-31 07:00:00+02:00,2018-08-31,7,72.18,67.88450184754397,46.735455675805014,92.42080193934996
2018-08-31 08:00:00+02:00,2018-08-31,8,73.51,70.02119176182937,47.71686666012069,94.43937303114787
2018-08-31 09:00:00+02:00,2018-08-31,9,74.4,71.8669697170979,52.65646374337592,95.30779871683532
2018-08-31 10:00:00+02:00,2018-08-31,10,73.66,72.79347644307389,55.59501953496997,94.75827883670527
2018-08-31 11:00:00+02:00,2018-08-31,11,73.49,72.30989292616357,55.9896069795782,93.84963641568751
2018-08-31 12:00:00+02:00,2018-08-31,12,72.5,72.57384749807947,56.24727496778403,93.73862623736396
2018-08-31 13:00:00+02:00,2018-08-31,13,72.47,73.01462384218073,55.60175164470553,94.28087189569119
2018-08-31 14:00:00+02:00,2018-08-31,14,72.45,71.90899229841311,55.50393706376385,93.11363320495452
2018-08-31 15:00:00+02:00,2018-08-31,15,71.29,69.0697223953642,50.113838983878075,90.40315621231397
2018-08-31 16:00:00+02:00,2018-08-31,16,70.5,68.8847355026425,49.29386442214011,91.05776686797495
2018-08-31 17:00:00+02:00,2018-08-31,17,70.27,68.71155167237069,47.105272706466074,91.67807169327101
2018-08-31 18:00:00+02:00,2018-08-31,18,72.17,68.90427848830521,48.19313562934683,93.69095339073823
2018-08-31 19:00:00+02:00,2018-08-31,19,72.19,69.46332953362129,50.994359447615054,94.94784492727536
2018-08-31 20:00:00+02:00,2018-08-31,20,73.31,69.41992299094485,53.59908799056929,91.9616055684819
2018-08-31 21:00:00+02:00,2018-08-31,21,72.51,70.11285499024557,55.10080005107534,88.25013396792205
2018-08-31 22:00:00+02:00,2018-08-31,22,69.98,68.43481356550485,54.754563084229105,88.80950000413047
2018-08-31 23:00:00+02:00,2018-08-31,23,65.25,65.03006727017728,51.6639788599155,85.75199364802558
2018-09-01 00:00:00+02:00,2018-09-01,0,68.71,63.8673210171205,49.877366756808776,83.18825157035717
2018-09-01 01:00:00+02:00,2018-09-01,1,54.32,58.788311464437285,42.27688050113049,78.9594506261577
2018-09-01 02:00:00+02:00,2018-09-01,2,47.29,57.158442212384195,43.17854742895636,77.05593112281257
2018-09-01 03:00:00+02:00,2018-09-01,3,46.15,54.96685314477041,39.8099077895872,74.09428558196032
2018-09-01 04:00:00+02:00,2018-09-01,4,45.6,54.974742853344786,40.1933597087613,73.84587118713026
2018-09-01 05:00:00+02:00,2018-09-01,5,45.6,55.70718208420332,39.7040290904117,76.76249220653122
2018-09-01 06:00:00+02:00,2018-09-01,6,47.29,59.84966261925124,41.8689704208352,81.3000199015971
2018-09-01 07:00:00+02:00,2018-09-01,7,55.9,63.18475668071314,42.035710508974184,87.72105677251913
2018-09-01 08:00:00+02:00,2018-09-01,8,58.99,64.80708701700132,42.50276191529264,89.22526828631982
2018-09-01 09:00:00+02:00,2018-09-01,9,64.58,67.54424508343797,48.33373910971599,90.98507408317539
2018-09-01 10:00:00+02:00,2018-09-01,10,64.3,69.46570528449631,52.267248376392395,91.4305076781277
2018-09-01 11:00:00+02:00,2018-09-01,11,61.35,68.66064536649813,52.34035941991276,90.20038885602207
2018-09-01 12:00:00+02:00,2018-09-01,12,58.44,68.64249091992455,52.31591838962911,89.80726965920904
2018-09-01 13:00:00+02:00,2018-09-01,13,57.55,68.79193115895241,51.37905896147721,90.05817921246287
2018-09-01 14:00:00+02:00,2018-09-01,14,55.14,67.81680843451193,51.411753199862666,89.02144934105334
2018-09-01 15:00:00+02:00,2018-09-01,15,55.13,64.43046809426177,45.47458468277565,85.76390191121155
2018-09-01 16:00:00+02:00,2018-09-01,16,56.07,63.803516103632866,44.21264502313048,85.97654746896531
2018-09-01 17:00:00+02:00,2018-09-01,17,59.01,63.82882823619142,42.222549270286805,86.79534825709175
2018-09-01 18:00:00+02:00,2018-09-01,18,67.02,66.28225340478757,45.571110545829185,91.06892830722059
2018-09-01 19:00:00+02:00,2018-09-01,19,69.02,68.32636691627746,49.85739683027123,93.81088230993151
2018-09-01 20:00:00+02:00,2018-09-01,20,69.55,68.82436244745017,53.0035274470746,91.36604502498722
2018-09-01 21:00:00+02:00,2018-09-01,21,69.46,69.3112622475553,54.29920730838508,87.44854122523179
2018-09-01 22:00:00+02:00,2018-09-01,22,67.27,67.00551421179694,53.325263730521186,87.38020065042255
2018-09-01 23:00:00+02:00,2018-09-01,23,62.31,63.48119533812219,50.11510692786041,84.20312171597048
2018-09-02 00:00:00+02:00,2018-09-02,0,61.68,60.46429831952114,46.474344059209415,79.78522887275781
2018-09-02 01:00:00+02:00,2018-09-02,1,59.83,53.89048317465542,37.37905221134863,74.06162233637585
2018-09-02 02:00:00+02:00,2018-09-02,2,53.58,50.489747393506065,36.50985261007823,70.38723630393443
2018-09-02 03:00:00+02:00,2018-09-02,3,50.8,49.65188490728268,34.49493955209947,68.77931734447259
2018-09-02 04:00:00+02:00,2018-09-02,4,50.5,48.83999352498977,34.058610380406286,67.71112185877524
2018-09-02 05:00:00+02:00,2018-09-02,5,53.35,49.925264811647104,33.92211181785549,70.98057493397502
2018-09-02 06:00:00+02:00,2018-09-02,6,58.57,52.73919543030054,34.7585032318845,74.18955271264639
2018-09-02 07:00:00+02:00,2018-09-02,7,63.57,57.150314249685835,36.001268077946875,81.68661434149183
2018-09-02 08:00:00+02:00,2018-09-02,8,67.62,59.69639136920354,37.392066267494855,84.11457263852203
2018-09-02 09:00:00+02:00,2018-09-02,9,69.19,63.371142405928026,44.16063643220605,86.81197140566545
2018-09-02 10:00:00+02:00,2018-09-02,10,68.0,64.35771206810338,47.15925515999947,86.32251446173477
2018-09-02 11:00:00+02:00,2018-09-02,11,67.42,63.70695508916651,47.38666914258114,85.24669857869046
2018-09-02 12:00:00+02:00,2018-09-02,12,67.66,62.63465544096967,46.30808291067422,83.79943418025415
2018-09-02 13:00:00+02:00,2018-09-02,13,67.44,63.233239918320876,45.82036772084568,84.49948797183134
2018-09-02 14:00:00+02:00,2018-09-02,14,65.0,60.82270183557654,44.41764660092728,82.02734274211795
2018-09-02 15:00:00+02:00,2018-09-02,15,62.09,58.32705790806489,39.37117449657877,79.66049172501467
2018-09-02 16:00:00+02:00,2018-09-02,16,60.51,58.58243603773644,38.991564957234054,80.75546740306888
2018-09-02 17:00:00+02:00,2018-09-02,17,58.15,59.73911038819106,38.13283142228644,82.70563040909138
2018-09-02 18:00:00+02:00,2018-09-02,18,58.57,64.6344560714697,43.92331321251132,89.42113097390272
2018-09-02 19:00:00+02:00,2018-09-02,19,62.48,68.17924876919248,49.710278683186246,93.66376416284655
2018-09-02 20:00:00+02:00,2018-09-02,20,63.53,67.97509921611311,52.15426421573754,90.51678179365015
2018-09-02 21:00:00+02:00,2018-09-02,21,62.3,68.5013790339181,53.48932409474787,86.63865801159459
2018-09-02 22:00:00+02:00,2018-09-02,22,58.3,66.39065918710456,52.71040870582881,86.76534562573018
2018-09-02 23:00:00+02:00,2018-09-02,23,52.0,62.11880103041854,48.75271262015676,82.84072740826683
2018-09-03 00:00:00+02:00,2018-09-03,0,45.27,54.55053339243301,40.56057913212128,73.87146394566967
2018-09-03 01:00:00+02:00,2018-09-03,1,38.12,50.40467735128102,33.89324638797423,70.57581651300144
2018-09-03 02:00:00+02:00,2018-09-03,2,37.21,46.416817366967415,32.43692258353958,66.31430627739579
2018-09-03 03:00:00+02:00,2018-09-03,3,35.65,45.74078025843486,30.58383490325165,64.86821269562478
2018-09-03 04:00:00+02:00,2018-09-03,4,32.26,44.11795264507026,29.336569500486775,62.98908097885573
2018-09-03 05:00:00+02:00,2018-09-03,5,33.9,46.42273414565603,30.419581151864413,67.47804426798393
2018-09-03 06:00:00+02:00,2018-09-03,6,37.93,51.06367603129688,33.082983832880835,72.51403331364273
2018-09-03 07:00:00+02:00,2018-09-03,7,45.67,56.28030723066779,35.13126105892883,80.81660732247377
2018-09-03 08:00:00+02:00,2018-09-03,8,48.88,58.82781760134715,36.523492499638465,83.24599887066564
2018-09-03 09:00:00+02:00,2018-09-03,9,48.88,61.49002401296512,42.27951803924314,84.93085301270254
2018-09-03 10:00:00+02:00,2018-09-03,10,48.01,60.46158814909571,43.2631312409918,82.42639054272709
2018-09-03 11:00:00+02:00,2018-09-03,11,46.96,60.48576250935323,44.16547656276786,82.02550599887718
2018-09-03 12:00:00+02:00,2018-09-03,12,47.81,60.249740595451684,43.92316806515624,81.41451933473617
2018-09-03 13:00:00+02:00,2018-09-03,13,43.69,61.8646760016919,44.4518038042167,83.13092405520237
2018-09-03 14:00:00+02:00,2018-09-03,14,40.88,59.51614907448659,43.11109383983733,80.720789981028
2018-09-03 15:00:00+02:00,2018-09-03,15,42.19,57.32169831008239,38.36581489859627,78.65513212703218
2018-09-03 16:00:00+02:00,2018-09-03,16,44.46,56.30613078000749,36.715259699505104,78.47916214533993
2018-09-03 17:00:00+02:00,2018-09-03,17,46.46,56.572094373305994,34.96581540740138,79.53861439420632
2018-09-03 18:00:00+02:00,2018-09-03,18,46.29,57.303963229622426,36.59282037066404,82.09063813205545
2018-09-03 19:00:00+02:00,2018-09-03,19,51.88,59.58243470366091,41.11346461765467,85.06695009731496
2018-09-03 20:00:00+02:00,2018-09-03,20,48.88,59.956798495757496,44.13596349538193,82.49848107329456
2018-09-03 21:00:00+02:00,2018-09-03,21,44.21,60.523920860283454,45.51186592111323,78.66119983795994
2018-09-03 22:00:00+02:00,2018-09-03,22,41.08,57.900011186218634,44.219760704942885,78.27469762484425
2018-09-03 23:00:00+02:00,2018-09-03,23,38.66,53.14098554706637,39.77489713680459,73.86291192491467
2018-09-04 00:00:00+02:00,2018-09-04,0,43.83,39.05740349432557,25.067449234013843,58.378334047562234
2018-09-04 01:00:00+02:00,2018-09-04,1,41.05,34.18152874484768,17.67009778154089,54.3526679065681
2018-09-04 02:00:00+02:00,2018-09-04,2,39.64,33.119179352487755,19.139284569059917,53.01666826291613
2018-09-04 03:00:00+02:00,2018-09-04,3,38.83,30.734897702215584,15.577952347032372,49.86233013940549
2018-09-04 04:00:00+02:00,2018-09-04,4,38.83,29.8331226583273,15.051739513743815,48.704250992112776
2018-09-04 05:00:00+02:00,2018-09-04,5,42.03,32.174352412922254,16.171199419130637,53.229662535250164
2018-09-04 06:00:00+02:00,2018-09-04,6,49.68,36.65406204041155,18.67336984199551,58.10441932275741
2018-09-04 07:00:00+02:00,2018-09-04,7,56.5,42.38882733090499,21.23978115916603,66.92512742271097
2018-09-04 08:00:00+02:00,2018-09-04,8,62.13,45.4683496571336,23.164024555424913,69.8865309264521
2018-09-04 09:00:00+02:00,2018-09-04,9,59.64,45.58930673153695,26.37880075781497,69.03013573127437
2018-09-04 10:00:00+02:00,2018-09-04,10,58.58,45.71214646988405,28.513689561780133,67.67694886351543
2018-09-04 11:00:00+02:00,2018-09-04,11,54.77,46.157858822745226,29.837572876159854,67.69760231226917
2018-09-04 12:00:00+02:00,2018-09-04,12,54.77,46.259941804324754,29.93336927402931,67.42472054360924
2018-09-04 13:00:00+02:00,2018-09-04,13,53.07,45.20804116038297,27.795168962907773,66.47428921389343
2018-09-04 14:00:00+02:00,2018-09-04,14,50.69,42.80208172890382,26.39702649425456,64.00672263544524
2018-09-04 15:00:00+02:00,2018-09-04,15,49.59,42.2712134308254,23.315330019339278,63.604647247775176
2018-09-04 16:00:00+02:00,2018-09-04,16,48.0,42.89398723446592,23.30311615396353,65.06701859979836
2018-09-04 17:00:00+02:00,2018-09-04,17,47.69,42.99237358145088,21.386094615546263,65.9588936023512
2018-09-04 18:00:00+02:00,2018-09-04,18,47.69,45.39313655847391,24.68199369951553,70.17981146090693
2018-09-04 19:00:00+02:00,2018-09-04,19,49.92,47.66891648792266,29.19994640191642,73.15343188157672
2018-09-04 20:00:00+02:00,2018-09-04,20,51.95,48.51126485448975,32.690429854114186,71.0529474320268
2018-09-04 21:00:00+02:00,2018-09-04,21,54.77,47.56765935643159,32.555604417261364,65.70493833410808
2018-09-04 22:00:00+02:00,2018-09-04,22,50.87,45.45335616539667,31.77310568412092,65.82804260402229
2018-09-04 23:00:00+02:00,2018-09-04,23,46.14,42.24627721449863,28.88018880423685,62.968203592346924
2018-09-05 00:00:00+02:00,2018-09-05,0,56.47,44.08254455312867,30.092590292816944,63.403475106365335
2018-09-05 01:00:00+02:00,2018-09-05,1,55.94,40.35445281290701,23.84302184960022,60.52559197462743
2018-09-05 02:00:00+02:00,2018-09-05,2,52.46,38.670787923705745,24.690893140277907,58.56827683413412
2018-09-05 03:00:00+02:00,2018-09-05,3,51.97,37.20429964682744,22.047354291644226,56.33173208401735
2018-09-05 04:00:00+02:00,2018-09-05,4,51.97,37.046265334619974,22.264882190036488,55.917393668405445
2018-09-05 05:00:00+02:00,2018-09-05,5,53.1,39.00877525533947,23.005622261547856,60.06408537766738
2018-09-05 06:00:00+02:00,2018-09-05,6,56.95,43.963635463946716,25.982943265530672,65.41399274629256
2018-09-05 07:00:00+02:00,2018-09-05,7,58.58,50.490038764405284,29.340992592666325,75.02633885621128
2018-09-05 08:00:00+02:00,2018-09-05,8,58.5,54.05115545465295,31.74683035294426,78.46933672397145
2018-09-05 09:00:00+02:00,2018-09-05,9,58.75,53.86264286905615,34.65213689533417,77.30347186879357
2018-09-05 10:00:00+02:00,2018-09-05,10,58.55,53.904327905572,36.70587099746809,75.86913029920339
2018-09-05 11:00:00+02:00,2018-09-05,11,57.69,52.29363518013205,35.97334923354668,73.83337866965599
2018-09-05 12:00:00+02:00,2018-09-05,12,58.44,52.01486220760326,35.688289677307814,73.17964094688774
2018-09-05 13:00:00+02:00,2018-09-05,13,58.0,51.83966120433945,34.426789006864254,73.10590925784992
2018-09-05 14:00:00+02:00,2018-09-05,14,57.09,50.006847373486025,33.601792138836764,71.21148828002744
2018-09-05 15:00:00+02:00,2018-09-05,15,56.95,48.312941520855674,29.357058109369554,69.64637533780545
2018-09-05 16:00:00+02:00,2018-09-05,16,56.47,48.057978090568994,28.467107010066606,70.23100945590144
2018-09-05 17:00:00+02:00,2018-09-05,17,55.6,48.903921328989995,27.29764236308538,71.87044134989031
2018-09-05 18:00:00+02:00,2018-09-05,18,53.36,49.59075386632874,28.879611007370357,74.37742876876176
2018-09-05 19:00:00+02:00,2018-09-05,19,52.87,49.93463099130628,31.46566090530004,75.41914638496033
2018-09-05 20:00:00+02:00,2018-09-05,20,56.0,51.594499509149635,35.77366450877407,74.13618208668669
2018-09-05 21:00:00+02:00,2018-09-05,21,57.69,53.38392010916257,38.37186516999234,71.52119908683906
2018-09-05 22:00:00+02:00,2018-09-05,22,55.6,50.45705872967338,36.77680824839763,70.831745168299
2018-09-05 23:00:00+02:00,2018-09-05,23,48.26,46.09618766102845,32.73009925076667,66.81811403887674
2018-09-06 00:00:00+02:00,2018-09-06,0,62.19,52.272314917161225,38.2823606568495,71.59324547039789
2018-09-06 01:00:00+02:00,2018-09-06,1,61.1,49.404365050847375,32.89293408754058,69.5755042125678
2018-09-06 02:00:00+02:00,2018-09-06,2,61.1,46.47490591309317,32.49501112966533,66.37239482352155
2018-09-06 03:00:00+02:00,2018-09-06,3,61.1,46.104179885268564,30.947234530085353,65.23161232245847
2018-09-06 04:00:00+02:00,2018-09-06,4,60.78,45.893730936936265,31.11234779235278,64.76485927072173
2018-09-06 05:00:00+02:00,2018-09-06,5,59.59,47.390278125590896,31.38712513179928,68.4455882479188
2018-09-06 06:00:00+02:00,2018-09-06,6,58.05,51.19313608961896,33.212443891202916,72.64349337196481
2018-09-06 07:00:00+02:00,2018-09-06,7,56.47,55.317834739162365,34.168788567423405,79.85413483096835
2018-09-06 08:00:00+02:00,2018-09-06,8,56.48,57.2496128398483,34.94528773813961,81.66779410916679
2018-09-06 09:00:00+02:00,2018-09-06,9,60.96,58.7920426044242,39.581536630702224,82.23287160416163
2018-09-06 10:00:00+02:00,2018-09-06,10,61.5,58.84943602618428,41.650979118080365,80.81423841981567
2018-09-06 11:00:00+02:00,2018-09-06,11,61.03,58.333804421166995,42.01351847458162,79.87354791069095
2018-09-06 12:00:00+02:00,2018-09-06,12,59.53,58.65013666604466,42.323564135749216,79.81491540532915
2018-09-06 13:00:00+02:00,2018-09-06,13,59.59,58.379642253934115,40.96677005645892,79.64589030744457
2018-09-06 14:00:00+02:00,2018-09-06,14,59.59,57.549797989421904,41.14474275477264,78.75443889596332
2018-09-06 15:00:00+02:00,2018-09-06,15,53.1,55.90473482612704,36.94885141464092,77.23816864307682
2018-09-06 16:00:00+02:00,2018-09-06,16,51.1,55.57253170934109,35.9816606288387,77.74556307467353
2018-09-06 17:00:00+02:00,2018-09-06,17,50.34,56.139645885619,34.53336691971438,79.10616590651932
2018-09-06 18:00:00+02:00,2018-09-06,18,51.93,55.718372640820725,35.00722978186234,80.50504754325374
2018-09-06 19:00:00+02:00,2018-09-06,19,56.07,55.76099644144689,37.292026355440655,81.24551183510096
2018-09-06 20:00:00+02:00,2018-09-06,20,59.5,57.223452934019726,41.40261793364416,79.76513551155678
2018-09-06 21:00:00+02:00,2018-09-06,21,62.78,58.58180068826785,43.56974574909762,76.71907966594434
2018-09-06 22:00:00+02:00,2018-09-06,22,63.51,56.71017616087374,43.029925679597994,77.08486259949936
2018-09-06 23:00:00+02:00,2018-09-06,23,62.79,52.09176486494518,38.7256764546834,72.81369124279348
2018-09-07 00:00:00+02:00,2018-09-07,0,61.4,58.56337005007699,44.573415789765264,77.88430060331366
2018-09-07 01:00:00+02:00,2018-09-07,1,58.15,54.962064366396724,38.45063340308993,75.13320352811715
2018-09-07 02:00:00+02:00,2018-09-07,2,53.27,52.779514939215346,38.79962015578751,72.67700384964371
2018-09-07 03:00:00+02:00,2018-09-07,3,52.05,52.334689909165355,37.177744553982144,71.46212234635527
2018-09-07 04:00:00+02:00,2018-09-07,4,51.98,51.65699340222752,36.875610257644034,70.52812173601299
2018-09-07 05:00:00+02:00,2018-09-07,5,52.26,52.78581866549141,36.782665671699796,73.84112878781931
2018-09-07 06:00:00+02:00,2018-09-07,6,58.18,56.08886479512248,38.10817259670644,77.53922207746834
2018-09-07 07:00:00+02:00,2018-09-07,7,61.55,59.557147290795,38.40810111905604,84.093447382601
2018-09-07 08:00:00+02:00,2018-09-07,8,62.89,60.82246852238694,38.51814342067826,85.24064979170544
2018-09-07 09:00:00+02:00,2018-09-07,9,63.17,63.5254246495403,44.31491867581832,86.96625364927772
2018-09-07 10:00:00+02:00,2018-09-07,10,63.91,63.89045193715947,46.691995029055555,85.85525433079086
2018-09-07 11:00:00+02:00,2018-09-07,11,64.5,64.11513471781004,47.794848771224665,85.65487820733398
2018-09-07 12:00:00+02:00,2018-09-07,12,64.86,64.1549797945463,47.82840726425086,85.3197585338308
2018-09-07 13:00:00+02:00,2018-09-07,13,64.95,64.196517581564,46.7836453840888,85.46276563507446
2018-09-07 14:00:00+02:00,2018-09-07,14,64.75,63.16552663908974,46.76047140444048,84.37016754563115
2018-09-07 15:00:00+02:00,2018-09-07,15,64.1,60.15130197796659,41.19541856648047,81.48473579491636
2018-09-07 16:00:00+02:00,2018-09-07,16,63.91,59.773040299275905,40.18216921877352,81.94607166460835
2018-09-07 17:00:00+02:00,2018-09-07,17,63.67,59.145481418734995,37.53920245283038,82.11200143963532
2018-09-07 18:00:00+02:00,2018-09-07,18,63.01,60.272305153715514,39.56116229475713,85.05898005614853
2018-09-07 19:00:00+02:00,2018-09-07,19,62.64,62.055934952361405,43.58696486635517,87.54045034601546
2018-09-07 20:00:00+02:00,2018-09-07,20,62.41,63.484537280561085,47.66370228018552,86.02621985809813
2018-09-07 21:00:00+02:00,2018-09-07,21,62.97,64.75938914655649,49.74733420738626,82.89666812423297
2018-09-07 22:00:00+02:00,2018-09-07,22,63.17,63.614138961603885,49.933888480328136,83.9888254002295
2018-09-07 23:00:00+02:00,2018-09-07,23,61.86,60.68932083434608,47.323232424084296,81.41124721219437
2018-09-08 00:00:00+02:00,2018-09-08,0,62.48,60.814424550158115,46.82447028984639,80.13535510339479
2018-09-08 01:00:00+02:00,2018-09-08,1,59.91,55.462131107261214,38.95070014395442,75.63327026898163
2018-09-08 02:00:00+02:00,2018-09-08,2,55.3,53.04820831501122,39.068313531583385,72.9456972254396
2018-09-08 03:00:00+02:00,2018-09-08,3,54.57,51.772652255557524,36.61570690037431,70.90008469274744
2018-09-08 04:00:00+02:00,2018-09-08,4,53.69,52.125539547641814,37.34415640305833,70.99666788142729
2018-09-08 05:00:00+02:00,2018-09-08,5,55.3,52.831228068855864,36.82807507506425,73.88653819118377
2018-09-08 06:00:00+02:00,2018-09-08,6,58.96,56.93339424509965,38.952702046683605,78.3837515274455
2018-09-08 07:00:00+02:00,2018-09-08,7,62.14,59.683005538724345,38.533959366985385,84.21930563053033
2018-09-08 08:00:00+02:00,2018-09-08,8,63.9,61.67480652681488,39.37048142510619,86.09298779613337
2018-09-08 09:00:00+02:00,2018-09-08,9,64.88,63.24070110070424,44.030195126982264,86.68153010044166
2018-09-08 10:00:00+02:00,2018-09-08,10,64.67,66.22179339734778,49.02333648924387,88.18659579097917
2018-09-08 11:00:00+02:00,2018-09-08,11,64.59,65.36866157205868,49.04837562547331,86.90840506158263
2018-09-08 12:00:00+02:00,2018-09-08,12,65.67,66.37664027530037,50.05006774500493,87.54141901458486
2018-09-08 13:00:00+02:00,2018-09-08,13,66.01,66.42667191684335,49.01379971936815,87.69291997035381
2018-09-08 14:00:00+02:00,2018-09-08,14,65.41,65.78221237699232,49.37715714234306,86.98685328353373
2018-09-08 15:00:00+02:00,2018-09-08,15,64.99,63.10486889485681,44.14898548337069,84.43830271180659
2018-09-08 16:00:00+02:00,2018-09-08,16,64.39,63.6030903203666,44.01221923986421,85.77612168569904
2018-09-08 17:00:00+02:00,2018-09-08,17,64.0,63.3524297892935,41.74615082338889,86.31894981019383
2018-09-08 18:00:00+02:00,2018-09-08,18,62.48,63.50696826406018,42.795825405101795,88.2936431664932
2018-09-08 19:00:00+02:00,2018-09-08,19,62.3,64.39898982897991,45.93001974297367,89.88350522263397
2018-09-08 20:00:00+02:00,2018-09-08,20,63.9,66.13214571186317,50.31131071148761,88.67382828940023
2018-09-08 21:00:00+02:00,2018-09-08,21,65.7,66.63304355255532,51.620988613385094,84.77032253023181
2018-09-08 22:00:00+02:00,2018-09-08,22,65.67,65.26666538388602,51.58641490261027,85.64135182251164
2018-09-08 23:00:00+02:00,2018-09-08,23,63.67,61.688477970403504,48.32238956014172,82.4104043482518
2018-09-09 00:00:00+02:00,2018-09-09,0,74.0,58.50331613362747,44.513361873315745,77.82424668686414
2018-09-09 01:00:00+02:00,2018-09-09,1,71.68,53.95817754292942,37.446746579622626,74.12931670464984
2018-09-09 02:00:00+02:00,2018-09-09,2,70.66,52.15103618806059,38.17114140463275,72.04852509848897
2018-09-09 03:00:00+02:00,2018-09-09,3,69.9,50.510860993138394,35.35391563795518,69.6382934303283
2018-09-09 04:00:00+02:00,2018-09-09,4,69.5,50.544045706295286,35.7626625617118,69.41517404008076
2018-09-09 05:00:00+02:00,2018-09-09,5,69.67,51.31598319285149,35.312830199059874,72.3712933151794
2018-09-09 06:00:00+02:00,2018-09-09,6,69.9,54.78899146013655,36.80829926172051,76.2393487424824
2018-09-09 07:00:00+02:00,2018-09-09,7,69.67,56.32906981984846,35.180023648109504,80.86536991165445
2018-09-09 08:00:00+02:00,2018-09-09,8,69.67,58.21564540473597,35.91132030302728,82.63382667405446
2018-09-09 09:00:00+02:00,2018-09-09,9,70.67,60.09877935885449,40.888273385132514,83.53960835859192
2018-09-09 10:00:00+02:00,2018-09-09,10,71.6,62.78880739456135,45.59035048645744,84.75360978819273
2018-09-09 11:00:00+02:00,2018-09-09,11,71.39,62.58599024229075,46.265704295705376,84.12573373181469
2018-09-09 12:00:00+02:00,2018-09-09,12,71.39,62.33081615744828,46.00424362715284,83.49559489673277
2018-09-09 13:00:00+02:00,2018-09-09,13,71.79,62.21393527639324,44.80106307891804,83.4801833299037
2018-09-09 14:00:00+02:00,2018-09-09,14,71.85,61.23855866829181,44.83350343364255,82.44319957483322
2018-09-09 15:00:00+02:00,2018-09-09,15,70.0,58.24047785224009,39.28459444075397,79.57391166918987
2018-09-09 16:00:00+02:00,2018-09-09,16,68.21,58.43287225637598,38.84200117587359,80.60590362170842
2018-09-09 17:00:00+02:00,2018-09-09,17,68.07,58.31641910425542,36.7101401383508,81.28293912515574
2018-09-09 18:00:00+02:00,2018-09-09,18,68.14,59.74371068765286,39.032567828694475,84.53038559008587
2018-09-09 19:00:00+02:00,2018-09-09,19,71.9,62.91741919316314,44.448449107156904,88.40193458681719
2018-09-09 20:00:00+02:00,2018-09-09,20,74.11,64.87197235139892,49.05113735102336,87.41365492893598
2018-09-09 21:00:00+02:00,2018-09-09,21,74.42,66.49719753275535,51.485142593585124,84.63447651043184
2018-09-09 22:00:00+02:00,2018-09-09,22,72.01,64.21209093222822,50.53184045095247,84.58677737085384
2018-09-09 23:00:00+02:00,2018-09-09,23,70.67,61.199631021920446,47.833542611658665,81.92155739976874
2018-09-10 00:00:00+02:00,2018-09-10,0,68.51,64.00179949420436,50.011845233892636,83.32273004744103
2018-09-10 01:00:00+02:00,2018-09-10,1,62.51,61.08118609535884,44.569755132052045,81.25232525707926
2018-09-10 02:00:00+02:00,2018-09-10,2,61.23,57.96663950556551,43.98674472213767,77.86412841599389
2018-09-10 03:00:00+02:00,2018-09-10,3,60.15,57.29322106699543,42.13627571181222,76.42065350418534
2018-09-10 04:00:00+02:00,2018-09-10,4,59.76,56.53822229723212,41.75683915264863,75.40935063101759
2018-09-10 05:00:00+02:00,2018-09-10,5,60.77,58.12082458131717,42.11767158752556,79.17613470364509
2018-09-10 06:00:00+02:00,2018-09-10,6,74.27,62.245077186211574,44.26438498779553,83.69543446855744
2018-09-10 07:00:00+02:00,2018-09-10,7,74.25,66.55161014230029,45.40256397056133,91.08791023410629
2018-09-10 08:00:00+02:00,2018-09-10,8,74.29,67.08214300928748,44.77781790757879,91.50032427860597
2018-09-10 09:00:00+02:00,2018-09-10,9,74.81,68.10491349301685,48.89440751929487,91.54574249275427
2018-09-10 10:00:00+02:00,2018-09-10,10,74.81,69.72030238427824,52.52184547617433,91.68510477790963
2018-09-10 11:00:00+02:00,2018-09-10,11,72.2,70.57369074310793,54.25340479652256,92.11343423263187
2018-09-10 12:00:00+02:00,2018-09-10,12,72.05,69.75368632197328,53.42711379167783,90.91846506125776
2018-09-10 13:00:00+02:00,2018-09-10,13,71.0,69.62028139199727,52.20740919452207,90.88652944550773
2018-09-10 14:00:00+02:00,2018-09-10,14,66.72,68.7688188096403,52.36376357499103,89.97345971618171
2018-09-10 15:00:00+02:00,2018-09-10,15,67.25,67.34031559281172,48.3844321813256,88.6737494097615
2018-09-10 16:00:00+02:00,2018-09-10,16,70.79,66.90017473693948,47.30930365643709,89.07320610227191
2018-09-10 17:00:00+02:00,2018-09-10,17,74.27,66.83400842841363,45.22772946250901,89.80052844931394
2018-09-10 18:00:00+02:00,2018-09-10,18,72.78,69.46638045626017,48.755237597301786,94.25305535869319
2018-09-10 19:00:00+02:00,2018-09-10,19,74.27,71.6563682095267,53.18739812352047,97.14088360318075
2018-09-10 20:00:00+02:00,2018-09-10,20,77.62,71.83228612033061,56.01145111995504,94.37396869786767
2018-09-10 21:00:00+02:00,2018-09-10,21,77.24,71.79365352296314,56.78159858379291,89.93093250063963
2018-09-10 22:00:00+02:00,2018-09-10,22,70.02,67.8560260521889,54.175775570913146,88.23071249081451
2018-09-10 23:00:00+02:00,2018-09-10,23,63.15,64.81641596882791,51.45032755856613,85.5383423466762
2018-09-11 00:00:00+02:00,2018-09-11,0,52.3,61.4671081487369,47.47715388842517,80.78803870197356
2018-09-11 01:00:00+02:00,2018-09-11,1,50.6,56.794513618795705,40.28308265548891,76.96565278051612
2018-09-11 02:00:00+02:00,2018-09-11,2,48.12,53.69378711623924,39.713892332811405,73.59127602666761
2018-09-11 03:00:00+02:00,2018-09-11,3,47.64,52.68798382034343,37.53103846516022,71.81541625753334
2018-09-11 04:00:00+02:00,2018-09-11,4,47.84,51.783750235052636,37.00236709046915,70.65487856883811
2018-09-11 05:00:00+02:00,2018-09-11,5,51.0,53.239017520464145,37.23586452667253,74.29432764279206
2018-09-11 06:00:00+02:00,2018-09-11,6,62.04,60.50502189628121,42.52432969786516,81.95537917862706
2018-09-11 07:00:00+02:00,2018-09-11,7,67.14,65.41256521426757,44.263519042528614,89.94886530607357
2018-09-11 08:00:00+02:00,2018-09-11,8,68.07,66.9034483270435,44.59912322533482,91.321629596362
2018-09-11 09:00:00+02:00,2018-09-11,9,68.0,68.74776372466903,49.53725775094705,92.18859272440645
2018-09-11 10:00:00+02:00,2018-09-11,10,66.93,69.78293073777854,52.58447382967463,91.74773313140993
2018-09-11 11:00:00+02:00,2018-09-11,11,65.0,68.46477840623723,52.14449245965186,90.00452189576117
2018-09-11 12:00:00+02:00,2018-09-11,12,63.25,68.2227589886736,51.89618645837816,89.38753772795809
2018-09-11 13:00:00+02:00,2018-09-11,13,62.01,68.04742608131421,50.63455388383902,89.31367413482468
2018-09-11 14:00:00+02:00,2018-09-11,14,59.82,65.7842680048453,49.37921277019604,86.98890891138672
2018-09-11 15:00:00+02:00,2018-09-11,15,59.4,64.7671676718733,45.811284260387175,86.10060148882307
2018-09-11 16:00:00+02:00,2018-09-11,16,60.65,65.29299315303383,45.702122072531445,87.46602451836628
2018-09-11 17:00:00+02:00,2018-09-11,17,63.49,66.56337789916842,44.9570989332638,89.52989792006873
2018-09-11 18:00:00+02:00,2018-09-11,18,66.78,67.83105033113516,47.11990747217678,92.61772523356818
2018-09-11 19:00:00+02:00,2018-09-11,19,66.44,69.05925253558205,50.59028244957581,94.54376792923611
2018-09-11 20:00:00+02:00,2018-09-11,20,61.26,69.80183684348677,53.9810018431112,92.34351942102381
2018-09-11 21:00:00+02:00,2018-09-11,21,56.12,69.99684188009233,54.984786940922106,88.13412085776882
2018-09-11 22:00:00+02:00,2018-09-11,22,54.64,65.14296736784705,51.4627168865713,85.51765380647267
2018-09-11 23:00:00+02:00,2018-09-11,23,51.84,60.42426716008772,47.05817874982594,81.14619353793601
2018-09-12 00:00:00+02:00,2018-09-12,0,64.23,53.298490888151704,39.30853662783998,72.61942144138837
2018-09-12 01:00:00+02:00,2018-09-12,1,59.17,49.76756914399917,33.256138180692375,69.93870830571959
2018-09-12 02:00:00+02:00,2018-09-12,2,53.84,46.794451937392836,32.814557153965,66.6919408478212
2018-09-12 03:00:00+02:00,2018-09-12,3,51.28,45.42341875658734,30.266473401404127,64.55085119377725
2018-09-12 04:00:00+02:00,2018-09-12,4,50.28,44.985077055495175,30.20369391091169,63.856205389280646
2018-09-12 05:00:00+02:00,2018-09-12,5,50.17,47.5895638708064,31.586410877014785,68.64487399313431
2018-09-12 06:00:00+02:00,2018-09-12,6,50.31,53.52404378676191,35.543351588345864,74.97440106910776
2018-09-12 07:00:00+02:00,2018-09-12,7,50.28,59.65108133007359,38.50203515833463,84.18738142187958
2018-09-12 08:00:00+02:00,2018-09-12,8,51.2,62.3828820658513,40.07855696414261,86.8010633351698
2018-09-12 09:00:00+02:00,2018-09-12,9,56.0,63.33920275204538,44.1286967783234,86.7800317517828
2018-09-12 10:00:00+02:00,2018-09-12,10,62.19,63.30308061293728,46.104623704833365,85.26788300656867
2018-09-12 11:00:00+02:00,2018-09-12,11,62.76,62.09808531599282,45.77779936940745,83.63782880551676
2018-09-12 12:00:00+02:00,2018-09-12,12,62.01,61.77132395503203,45.44475142473659,82.93610269431652
2018-09-12 13:00:00+02:00,2018-09-12,13,64.05,60.95883477730816,43.54596257983297,82.22508283081862
2018-09-12 14:00:00+02:00,2018-09-12,14,63.93,58.503758157568015,42.098702922918754,79.70839906410943
2018-09-12 15:00:00+02:00,2018-09-12,15,60.28,58.36150096877661,39.40561755729049,79.69493478572639
2018-09-12 16:00:00+02:00,2018-09-12,16,59.41,58.409649603919014,38.818778523416626,80.58268096925146
2018-09-12 17:00:00+02:00,2018-09-12,17,64.01,61.05022666629213,39.44394770038752,84.01674668719245
2018-09-12 18:00:00+02:00,2018-09-12,18,66.01,63.07671169653632,42.36556883757794,87.86338659896934
2018-09-12 19:00:00+02:00,2018-09-12,19,65.04,64.35041335221786,45.88144326621162,89.8349287458719
2018-09-12 20:00:00+02:00,2018-09-12,20,66.46,61.98517024504066,46.1643352446651,84.52685282257772
2018-09-12 21:00:00+02:00,2018-09-12,21,66.69,60.809502251169896,45.79744731199967,78.94678122884639
2018-09-12 22:00:00+02:00,2018-09-12,22,65.98,57.390602031123386,43.71035154984764,77.76528846974901
2018-09-12 23:00:00+02:00,2018-09-12,23,63.93,53.97067356269654,40.60458515243476,74.69259994054482
2018-09-13 00:00:00+02:00,2018-09-13,0,73.27,60.14666072683897,46.15670646652724,79.46759128007564
2018-09-13 01:00:00+02:00,2018-09-13,1,71.39,56.57818395623379,40.06675299292699,76.7493231179542
2018-09-13 02:00:00+02:00,2018-09-13,2,69.9,52.210436871048344,38.230542087620506,72.10792578147672
2018-09-13 03:00:00+02:00,2018-09-13,3,68.21,50.901426183308956,35.744480828125745,70.02885862049887
2018-09-13 04:00:00+02:00,2018-09-13,4,68.0,50.671183902831146,35.88980075824766,69.54231223661662
2018-09-13 05:00:00+02:00,2018-09-13,5,68.21,51.67537446366168,35.67222146987007,72.7306845859896
2018-09-13 06:00:00+02:00,2018-09-13,6,72.11,56.04860678948228,38.067914591066234,77.49896407182814
2018-09-13 07:00:00+02:00,2018-09-13,7,77.89,61.385703645609944,40.236657473870984,85.92200373741593
2018-09-13 08:00:00+02:00,2018-09-13,8,79.66,63.90418731612336,41.59986221441467,88.32236858544186
2018-09-13 09:00:00+02:00,2018-09-13,9,79.94,66.76372713998157,47.55322116625959,90.20455613971899
2018-09-13 10:00:00+02:00,2018-09-13,10,78.89,68.193072274749,50.994615366645085,90.15787466838039
2018-09-13 11:00:00+02:00,2018-09-13,11,77.75,67.88997080568912,51.569684859103745,89.42971429521306
2018-09-13 12:00:00+02:00,2018-09-13,12,76.66,67.64706245974465,51.3204899294492,88.81184119902913
2018-09-13 13:00:00+02:00,2018-09-13,13,76.26,67.7065831760325,50.2937109785573,88.97283122954296
2018-09-13 14:00:00+02:00,2018-09-13,14,75.99,66.04289661610042,49.63784138145116,87.24753752264184
2018-09-13 15:00:00+02:00,2018-09-13,15,75.0,64.57077705809434,45.614893646608216,85.90421087504411
2018-09-13 16:00:00+02:00,2018-09-13,16,75.25,65.22193484136312,45.631063760860734,87.39496620669556
2018-09-13 17:00:00+02:00,2018-09-13,17,75.7,67.35092875980764,45.74464979390303,90.31744878070796
2018-09-13 18:00:00+02:00,2018-09-13,18,77.6,68.99619146707388,48.2850486081155,93.7828663695069
2018-09-13 19:00:00+02:00,2018-09-13,19,78.19,68.79106911609557,50.32209903008933,94.27558450974962
2018-09-13 20:00:00+02:00,2018-09-13,20,78.8,68.57315177850877,52.752316778133206,91.11483435604583
2018-09-13 21:00:00+02:00,2018-09-13,21,76.04,68.67924722210215,53.66719228293192,86.81652619977864
2018-09-13 22:00:00+02:00,2018-09-13,22,72.9,66.95768245022028,53.277431968944526,87.33236888884589
2018-09-13 23:00:00+02:00,2018-09-13,23,70.67,63.02504491033268,49.6589565000709,83.74697128818097
2018-09-14 00:00:00+02:00,2018-09-14,0,69.9,66.1529317651817,52.16297750486998,85.47386231841837
2018-09-14 01:00:00+02:00,2018-09-14,1,67.03,61.075152006076905,44.56372104277011,81.24629116779732
2018-09-14 02:00:00+02:00,2018-09-14,2,63.62,59.1247936133996,45.144898829971766,79.02228252382798
2018-09-14 03:00:00+02:00,2018-09-14,3,63.11,57.42297404543111,42.2660286902479,76.55040648262101
2018-09-14 04:00:00+02:00,2018-09-14,4,63.49,56.93078374275011,42.14940059816662,75.80191207653559
2018-09-14 05:00:00+02:00,2018-09-14,5,66.0,58.030448425533145,42.02729543174153,79.08575854786105
2018-09-14 06:00:00+02:00,2018-09-14,6,70.91,63.202807011936045,45.22211481352,84.65316429428191
2018-09-14 07:00:00+02:00,2018-09-14,7,75.16,70.00956844667058,48.860522274931625,94.54586853847658
2018-09-14 08:00:00+02:00,2018-09-14,8,78.45,71.38161936400645,49.07729426229777,95.79980063332495
2018-09-14 09:00:00+02:00,2018-09-14,9,78.46,73.42950741697696,54.21900144325498,96.87033641671438
2018-09-14 10:00:00+02:00,2018-09-14,10,77.45,73.57423572887517,56.37577882077125,95.53903812250655
2018-09-14 11:00:00+02:00,2018-09-14,11,76.8,72.51939573296522,56.19910978637985,94.05913922248916
2018-09-14 12:00:00+02:00,2018-09-14,12,77.07,72.46104546861018,56.13447293831474,93.62582420789467
2018-09-14 13:00:00+02:00,2018-09-14,13,77.75,73.091573802662,55.6787016051868,94.35782185617246
2018-09-14 14:00:00+02:00,2018-09-14,14,77.13,71.86884477094137,55.463789536292104,93.07348567748278
2018-09-14 15:00:00+02:00,2018-09-14,15,76.04,69.70239204152861,50.74650863004249,91.03582585847839
2018-09-14 16:00:00+02:00,2018-09-14,16,75.95,70.10942414523109,50.5185530647287,92.28245551056352
2018-09-14 17:00:00+02:00,2018-09-14,17,75.7,70.24266458222924,48.636385616324624,93.20918460312956
2018-09-14 18:00:00+02:00,2018-09-14,18,74.92,71.14360907595385,50.432466216995465,95.93028397838687
2018-09-14 19:00:00+02:00,2018-09-14,19,74.91,70.8297411381946,52.36077105218837,96.31425653184866
2018-09-14 20:00:00+02:00,2018-09-14,20,74.74,71.60786358159493,55.78702858121936,94.14954615913197
2018-09-14 21:00:00+02:00,2018-09-14,21,74.93,71.79498431735446,56.782929378184235,89.93226329503095
2018-09-14 22:00:00+02:00,2018-09-14,22,72.3,69.63621128436493,55.955960803089184,90.01089772299055
2018-09-14 23:00:00+02:00,2018-09-14,23,70.29,66.73904081687931,53.37295240661753,87.4609671947276
2018-09-15 00:00:00+02:00,2018-09-15,0,70.9,65.64954817129194,51.65959391098021,84.9704787245286
2018-09-15 01:00:00+02:00,2018-09-15,1,69.93,61.169663159935205,44.65823219662841,81.34080232165562
2018-09-15 02:00:00+02:00,2018-09-15,2,68.21,58.64509043454326,44.665195651115425,78.54257934497164
2018-09-15 03:00:00+02:00,2018-09-15,3,67.4,57.81634160740846,42.65939625222525,76.94377404459837
2018-09-15 04:00:00+02:00,2018-09-15,4,67.0,57.533276118879925,42.75189297429644,76.4044044526654
2018-09-15 05:00:00+02:00,2018-09-15,5,66.82,58.81904010551189,42.81588711172027,79.8743502278398
2018-09-15 06:00:00+02:00,2018-09-15,6,67.4,62.70317185937578,44.722479660959735,84.15352914172163
2018-09-15 07:00:00+02:00,2018-09-15,7,69.4,65.04954148382394,43.900495312084985,89.58584157562993
2018-09-15 08:00:00+02:00,2018-09-15,8,67.15,66.44988821669014,44.14556311498146,90.86806948600864
2018-09-15 09:00:00+02:00,2018-09-15,9,69.74,68.64550954900793,49.43500357528595,92.08633854874535
2018-09-15 10:00:00+02:00,2018-09-15,10,70.67,70.964270447554,53.765813539450086,92.92907284118539
2018-09-15 11:00:00+02:00,2018-09-15,11,71.14,70.73254886411607,54.4122629175307,92.27229235364001
2018-09-15 12:00:00+02:00,2018-09-15,12,71.39,70.479666098298,54.153093568002554,91.64444483758248
2018-09-15 13:00:00+02:00,2018-09-15,13,72.3,70.74281349333839,53.32994129586319,92.00906154684886
2018-09-15 14:00:00+02:00,2018-09-15,14,72.0,69.96688955767769,53.56183432302843,91.1715304642191
2018-09-15 15:00:00+02:00,2018-09-15,15,70.67,67.07098757721509,48.11510416572897,88.40442139416487
2018-09-15 16:00:00+02:00,2018-09-15,16,69.5,66.44707988609876,46.856208805596374,88.62011125143121
2018-09-15 17:00:00+02:00,2018-09-15,17,68.57,66.21244805296281,44.6061690870582,89.17896807386313
2018-09-15 18:00:00+02:00,2018-09-15,18,69.64,68.3748349294614,47.66369207050302,93.16150983189442
2018-09-15 19:00:00+02:00,2018-09-15,19,71.14,70.10451453138394,51.635544445377704,95.589029925038
2018-09-15 20:00:00+02:00,2018-09-15,20,74.64,70.63564112693683,54.814806126561265,93.17732370447388
2018-09-15 21:00:00+02:00,2018-09-15,21,75.7,71.20207488555205,56.190019946381824,89.33935386322854
2018-09-15 22:00:00+02:00,2018-09-15,22,74.42,68.63529282507831,54.95504234380256,89.00997926370393
2018-09-15 23:00:00+02:00,2018-09-15,23,75.0,65.90232525066114,52.536236840399354,86.62425162850943
2018-09-16 00:00:00+02:00,2018-09-16,0,73.75,66.57986521902417,52.589910958712444,85.90079577226084
2018-09-16 01:00:00+02:00,2018-09-16,1,71.76,62.745288423595824,46.23385746028903,82.91642758531624
2018-09-16 02:00:00+02:00,2018-09-16,2,71.14,59.97873050680388,45.99883572337604,79.87621941723225
2018-09-16 03:00:00+02:00,2018-09-16,3,71.14,58.024283583629845,42.867338228446634,77.15171602081975
2018-09-16 04:00:00+02:00,2018-09-16,4,69.9,57.59988690341809,42.8185037588346,76.47101523720356
2018-09-16 05:00:00+02:00,2018-09-16,5,69.67,58.7880871694385,42.78493417564688,79.84339729176641
2018-09-16 06:00:00+02:00,2018-09-16,6,69.9,61.74181326783946,43.76112106942342,83.19217055018532
2018-09-16 07:00:00+02:00,2018-09-16,7,69.9,63.685714795179955,42.536668623440995,88.22201488698595
2018-09-16 08:00:00+02:00,2018-09-16,8,69.67,64.81800298988769,42.513677888179004,89.23618425920618
2018-09-16 09:00:00+02:00,2018-09-16,9,71.02,67.618514606292,48.40800863257002,91.05934360602942
2018-09-16 10:00:00+02:00,2018-09-16,10,70.67,70.3049407547796,53.10648384667568,92.26974314841098
2018-09-16 11:00:00+02:00,2018-09-16,11,70.17,70.203674831353,53.883388884767626,91.74341832087694
2018-09-16 12:00:00+02:00,2018-09-16,12,69.99,70.32009662499516,53.993524094699715,91.48487536427965
2018-09-16 13:00:00+02:00,2018-09-16,13,71.25,70.79433554718126,53.38146334970607,92.06058360069173
2018-09-16 14:00:00+02:00,2018-09-16,14,71.14,69.7461017427139,53.34104650806464,90.95074264925532
2018-09-16 15:00:00+02:00,2018-09-16,15,69.9,67.50401936107214,48.54813594958602,88.83745317802192
2018-09-16 16:00:00+02:00,2018-09-16,16,68.21,66.99081459829043,47.39994351778804,89.16384596362286
2018-09-16 17:00:00+02:00,2018-09-16,17,68.14,66.97928563484378,45.37300666893916,89.9458056557441
2018-09-16 18:00:00+02:00,2018-09-16,18,63.13,70.04609609694327,49.33495323798489,94.8327709993763
2018-09-16 19:00:00+02:00,2018-09-16,19,70.78,72.25271855663463,53.783748470628396,97.7372339502887
2018-09-16 20:00:00+02:00,2018-09-16,20,74.8,73.51113385283314,57.69029885245757,96.0528164303702
2018-09-16 21:00:00+02:00,2018-09-16,21,77.99,73.83427443604796,58.822219496877736,91.97155341372445
2018-09-16 22:00:00+02:00,2018-09-16,22,75.69,71.89833100800136,58.218080526725615,92.27301744662698
2018-09-16 23:00:00+02:00,2018-09-16,23,74.6,69.63844512535431,56.27235671509253,90.3603715032026
2018-09-17 00:00:00+02:00,2018-09-17,0,68.21,67.32283153405945,53.33287727374772,86.64376208729611
2018-09-17 01:00:00+02:00,2018-09-17,1,66.65,63.2603672503176,46.74893628701081,83.43150641203802
2018-09-17 02:00:00+02:00,2018-09-17,2,65.86,61.117503297621134,47.137608514193296,81.0149922080495
2018-09-17 03:00:00+02:00,2018-09-17,3,63.62,59.667506602689436,44.510561247506224,78.79493903987935
2018-09-17 04:00:00+02:00,2018-09-17,4,63.09,58.11247069484925,43.331087550265764,76.98359902863473
2018-09-17 05:00:00+02:00,2018-09-17,5,63.09,59.7081354765312,43.70498248273958,80.76344559885911
2018-09-17 06:00:00+02:00,2018-09-17,6,69.9,64.18772535144073,46.20703315302469,85.63808263378658
2018-09-17 07:00:00+02:00,2018-09-17,7,75.47,68.8718543818103,47.722808210071335,93.40815447361629
2018-09-17 08:00:00+02:00,2018-09-17,8,75.91,69.6958054259724,47.39148032426371,94.11398669529089
2018-09-17 09:00:00+02:00,2018-09-17,9,75.91,71.4088525635114,52.19834658978942,94.84968156324882
2018-09-17 10:00:00+02:00,2018-09-17,10,74.69,72.42099725864244,55.22254035053853,94.38579965227383
2018-09-17 11:00:00+02:00,2018-09-17,11,72.26,71.84221453621782,55.52192858963245,93.38195802574177
2018-09-17 12:00:00+02:00,2018-09-17,12,72.3,72.1575249200398,55.83095238974436,93.32230365932429
2018-09-17 13:00:00+02:00,2018-09-17,13,72.25,73.28541252087173,55.872540323396535,94.5516605743822
2018-09-17 14:00:00+02:00,2018-09-17,14,71.68,71.21599913253402,54.81094389788476,92.42064003907544
2018-09-17 15:00:00+02:00,2018-09-17,15,72.25,70.63852066726459,51.68263725577847,91.97195448421436
2018-09-17 16:00:00+02:00,2018-09-17,16,72.29,70.11839842612105,50.52752734561866,92.29142979145348
2018-09-17 17:00:00+02:00,2018-09-17,17,75.0,70.62855546865333,49.02227650274872,93.59507548955365
2018-09-17 18:00:00+02:00,2018-09-17,18,77.03,70.7890062477205,50.07786338876211,95.57568115015351
2018-09-17 19:00:00+02:00,2018-09-17,19,80.01,72.94165979324046,54.472689707234224,98.42617518689451
2018-09-17 20:00:00+02:00,2018-09-17,20,81.82,74.82740271545651,59.00656771508095,97.36908529299356
2018-09-17 21:00:00+02:00,2018-09-17,21,78.75,75.75175970474196,60.73970476557173,93.88903868241844
2018-09-17 22:00:00+02:00,2018-09-17,22,74.42,73.58598771757636,59.90573723630061,93.96067415620197
2018-09-17 23:00:00+02:00,2018-09-17,23,74.42,71.01322999642045,57.64714158615867,91.73515637426874
2018-09-18 00:00:00+02:00,2018-09-18,0,72.25,65.13271661065076,51.142762350339034,84.45364716388742
2018-09-18 01:00:00+02:00,2018-09-18,1,71.14,61.77369291572743,45.26226195242064,81.94483207744784
2018-09-18 02:00:00+02:00,2018-09-18,2,69.9,58.87539138364534,44.895496600217506,78.77288029407372
2018-09-18 03:00:00+02:00,2018-09-18,3,69.19,57.50407712891558,42.34713177373237,76.63150956610549
2018-09-18 04:00:00+02:00,2018-09-18,4,69.19,56.30643382680296,41.52505068221947,75.17756216058842
2018-09-18 05:00:00+02:00,2018-09-18,5,70.14,58.10026402530739,42.09711103151577,79.15557414763529
2018-09-18 06:00:00+02:00,2018-09-18,6,73.35,63.4943983820591,45.51370618364306,84.94475566440497
2018-09-18 07:00:00+02:00,2018-09-18,7,74.5,70.46702819976413,49.31798202802517,95.00332829157011
2018-09-18 08:00:00+02:00,2018-09-18,8,75.43,71.8315382323038,49.527213130595115,96.2497195016223
2018-09-18 09:00:00+02:00,2018-09-18,9,75.99,73.6093806905717,54.39887471684972,97.05020969030912
2018-09-18 10:00:00+02:00,2018-09-18,10,76.01,74.33065983634137,57.132202928237454,96.29546222997276
2018-09-18 11:00:00+02:00,2018-09-18,11,76.0,73.43554404269624,57.115258096110864,94.97528753222018
2018-09-18 12:00:00+02:00,2018-09-18,12,77.01,73.79817934793083,57.47160681763538,94.96295808721531
2018-09-18 13:00:00+02:00,2018-09-18,13,76.93,74.37561235252521,56.962740155050014,95.64186040603568
2018-09-18 14:00:00+02:00,2018-09-18,14,75.89,72.30573501465099,55.90067978000173,93.5103759211924
2018-09-18 15:00:00+02:00,2018-09-18,15,75.7,71.01365950654171,52.057776095055594,92.34709332349149
2018-09-18 16:00:00+02:00,2018-09-18,16,75.69,70.6917596713337,51.10088859083131,92.86479103666613
2018-09-18 17:00:00+02:00,2018-09-18,17,75.89,72.00640923488291,50.400130268978295,94.97292925578323
2018-09-18 18:00:00+02:00,2018-09-18,18,75.0,73.13618179835832,52.42503893939994,97.92285670079134
2018-09-18 19:00:00+02:00,2018-09-18,19,77.65,74.88843702542665,56.41946693942042,100.37295241908072
2018-09-18 20:00:00+02:00,2018-09-18,20,81.1,75.70041203695227,59.879577036576705,98.24209461448933
2018-09-18 21:00:00+02:00,2018-09-18,21,80.2,75.50263805776137,60.49058311859115,93.63991703543786
2018-09-18 22:00:00+02:00,2018-09-18,22,75.89,71.84355794793558,58.16330746665983,92.2182443865612
2018-09-18 23:00:00+02:00,2018-09-18,23,76.0,69.68780773231347,56.32171932205169,90.40973411016176
2018-09-19 00:00:00+02:00,2018-09-19,0,75.89,68.4069460819732,54.416991821661476,87.72787663520987
2018-09-19 01:00:00+02:00,2018-09-19,1,75.0,65.0337873125769,48.52235634927011,85.20492647429732
2018-09-19 02:00:00+02:00,2018-09-19,2,73.64,61.68330046943745,47.70340568600961,81.58078937986582
2018-09-19 03:00:00+02:00,2018-09-19,3,72.3,60.68486971549667,45.527924360313456,79.81230215268658
2018-09-19 04:00:00+02:00,2018-09-19,4,72.11,60.187166866730855,45.40578372214737,79.05829520051633
2018-09-19 05:00:00+02:00,2018-09-19,5,72.25,61.73203603316374,45.72888303937212,82.78734615549165
2018-09-19 06:00:00+02:00,2018-09-19,6,74.86,66.87480988555271,48.894117687136664,88.32516716789857
2018-09-19 07:00:00+02:00,2018-09-19,7,75.99,72.53976926284597,51.390723091107006,97.07606935465196
2018-09-19 08:00:00+02:00,2018-09-19,8,79.79,73.3932547243843,51.08892962267562,97.8114359937028
2018-09-19 09:00:00+02:00,2018-09-19,9,80.01,75.01403704908248,55.803531075360496,98.4548660488199
2018-09-19 10:00:00+02:00,2018-09-19,10,77.86,75.12875865400467,57.930301745900756,97.09356104763606
2018-09-19 11:00:00+02:00,2018-09-19,11,75.23,74.68624946306795,58.36596351648258,96.2259929525919
2018-09-19 12:00:00+02:00,2018-09-19,12,75.89,75.1064505649608,58.77987803466535,96.27122930424528
2018-09-19 13:00:00+02:00,2018-09-19,13,75.99,75.19334656019008,57.780474362714884,96.45959461370055
2018-09-19 14:00:00+02:00,2018-09-19,14,75.89,74.13829796337984,57.73324272873058,95.34293886992126
2018-09-19 15:00:00+02:00,2018-09-19,15,75.87,71.93486430649604,52.97898089500992,93.26829812344582
2018-09-19 16:00:00+02:00,2018-09-19,16,75.89,72.24604120389118,52.65517012338879,94.41907256922363
2018-09-19 17:00:00+02:00,2018-09-19,17,75.89,72.31072848678293,50.70444952087832,95.27724850768325
2018-09-19 18:00:00+02:00,2018-09-19,18,75.23,72.80555281595187,52.09440995699349,97.59222771838489
2018-09-19 19:00:00+02:00,2018-09-19,19,75.99,75.2915477873889,56.822577701382656,100.77606318104296
2018-09-19 20:00:00+02:00,2018-09-19,20,79.87,76.52974964413852,60.70891464376295,99.07143222167556
2018-09-19 21:00:00+02:00,2018-09-19,21,79.39,75.87257447597153,60.860519536801306,94.00985345364802
2018-09-19 22:00:00+02:00,2018-09-19,22,75.7,72.49066810589568,58.81041762461993,92.8653545445213
2018-09-19 23:00:00+02:00,2018-09-19,23,75.89,70.7249625589818,57.35887414872002,91.44688893683009
2018-09-20 00:00:00+02:00,2018-09-20,0,74.89,68.81485472041648,54.82490046010475,88.13578527365314
2018-09-20 01:00:00+02:00,2018-09-20,1,73.95,65.4429736584907,48.93154269518391,85.61411282021112
2018-09-20 02:00:00+02:00,2018-09-20,2,72.3,62.8102983416022,48.83040355817436,82.70778725203057
2018-09-20 03:00:00+02:00,2018-09-20,3,71.75,61.089406887135645,45.932461531952434,80.21683932432555
2018-09-20 04:00:00+02:00,2018-09-20,4,71.22,60.08028759780268,45.298904453219194,78.95141593158814
2018-09-20 05:00:00+02:00,2018-09-20,5,72.0,61.58881189027191,45.5856588964803,82.64412201259982
2018-09-20 06:00:00+02:00,2018-09-20,6,74.21,65.73504736580061,47.75435516738457,87.18540464814646
2018-09-20 07:00:00+02:00,2018-09-20,7,75.7,70.39103776927472,49.24199159753576,94.9273378610807
2018-09-20 08:00:00+02:00,2018-09-20,8,75.94,71.92613154423913,49.62180644253044,96.34431281355762
2018-09-20 09:00:00+02:00,2018-09-20,9,76.3,74.45318465028745,55.242678676565475,97.89401365002487
2018-09-20 10:00:00+02:00,2018-09-20,10,75.0,74.74777812429726,57.54932121619334,96.71258051792864
2018-09-20 11:00:00+02:00,2018-09-20,11,74.3,73.91647262546037,57.596186678875,95.45621611498431
2018-09-20 12:00:00+02:00,2018-09-20,12,74.73,74.8116852936076,58.48511276331215,95.97646403289208
2018-09-20 13:00:00+02:00,2018-09-20,13,74.3,75.48451146166568,58.07163926419048,96.75075951517614
2018-09-20 14:00:00+02:00,2018-09-20,14,73.54,73.96895033050008,57.56389509585082,95.17359123704149
2018-09-20 15:00:00+02:00,2018-09-20,15,73.5,72.07698252457352,53.1210991130874,93.4104163415233
2018-09-20 16:00:00+02:00,2018-09-20,16,73.24,71.67704058562694,52.08616950512455,93.85007195095938
2018-09-20 17:00:00+02:00,2018-09-20,17,73.95,71.89888437211332,50.2926054062087,94.86540439301363
2018-09-20 18:00:00+02:00,2018-09-20,18,75.01,72.85153132619364,52.140388467235255,97.63820622862666
2018-09-20 19:00:00+02:00,2018-09-20,19,79.63,73.23006617748113,54.7610960914749,98.7145815711352
2018-09-20 20:00:00+02:00,2018-09-20,20,78.89,75.23089387850604,59.41005887813047,97.77257645604308
2018-09-20 21:00:00+02:00,2018-09-20,21,76.04,75.49905780020798,60.48700286103775,93.63633677788447
2018-09-20 22:00:00+02:00,2018-09-20,22,72.3,72.19226891267226,58.51201843139651,92.56695535129788
2018-09-20 23:00:00+02:00,2018-09-20,23,74.01,70.61229358415616,57.24620517389438,91.33421996200445
2018-09-21 00:00:00+02:00,2018-09-21,0,72.3,67.45905538354506,53.46910112323334,86.77998593678173
2018-09-21 01:00:00+02:00,2018-09-21,1,70.67,63.954978314889296,47.4435473515825,84.12611747660972
2018-09-21 02:00:00+02:00,2018-09-21,2,69.5,61.40485171774128,47.42495693431344,81.30234062816965
2018-09-21 03:00:00+02:00,2018-09-21,3,69.5,60.17578422315508,45.018838867971866,79.30321666034499
2018-09-21 04:00:00+02:00,2018-09-21,4,68.62,59.142170875583226,44.36078773099974,78.0132992093687
2018-09-21 05:00:00+02:00,2018-09-21,5,69.0,60.81796749092571,44.814814497134094,81.87327761325362
2018-09-21 06:00:00+02:00,2018-09-21,6,72.26,65.19266488138989,47.211972682973844,86.64302216373574
2018-09-21 07:00:00+02:00,2018-09-21,7,72.25,69.59231264190403,48.44326647016507,94.12861273371001
2018-09-21 08:00:00+02:00,2018-09-21,8,74.29,70.48521138101316,48.180886279304474,94.90339265033165
2018-09-21 09:00:00+02:00,2018-09-21,9,75.0,72.98779586635852,53.777289892636546,96.42862486609594
2018-09-21 10:00:00+02:00,2018-09-21,10,75.01,73.6639727025149,56.46551579441098,95.62877509614628
2018-09-21 11:00:00+02:00,2018-09-21,11,75.0,72.74590015553673,56.42561420895136,94.28564364506067
2018-09-21 12:00:00+02:00,2018-09-21,12,75.7,73.70395000900507,57.377377478709626,94.86872874828956
2018-09-21 13:00:00+02:00,2018-09-21,13,75.7,74.00298896733142,56.59011676985622,95.26923702084189
2018-09-21 14:00:00+02:00,2018-09-21,14,75.15,72.77437162384366,56.3693163891944,93.97901253038508
2018-09-21 15:00:00+02:00,2018-09-21,15,74.6,70.28842431736787,51.33254090588175,91.62185813431765
2018-09-21 16:00:00+02:00,2018-09-21,16,74.3,70.12077234468313,50.529901264180744,92.29380371001557
2018-09-21 17:00:00+02:00,2018-09-21,17,74.0,70.60071023734875,48.994431271444135,93.56723025824907
2018-09-21 18:00:00+02:00,2018-09-21,18,72.35,71.62140697778405,50.910264118825665,96.40808188021707
2018-09-21 19:00:00+02:00,2018-09-21,19,75.0,73.66136911131461,55.192399025308376,99.14588450496868
2018-09-21 20:00:00+02:00,2018-09-21,20,75.79,74.24404864165824,58.42321364128267,96.7857312191953
2018-09-21 21:00:00+02:00,2018-09-21,21,75.01,73.23088788727429,58.218832948104065,91.36816686495078
2018-09-21 22:00:00+02:00,2018-09-21,22,72.75,70.21776781980181,56.53751733852606,90.59245425842742
2018-09-21 23:00:00+02:00,2018-09-21,23,73.95,68.84833687395742,55.48224846369564,89.57026325180571
2018-09-22 00:00:00+02:00,2018-09-22,0,74.4,66.3073205480188,52.31736628770707,85.62825110125546
2018-09-22 01:00:00+02:00,2018-09-22,1,73.37,62.10456943032805,45.593138467021255,82.27570859204846
2018-09-22 02:00:00+02:00,2018-09-22,2,72.3,60.56146104192764,46.581566258499805,80.45894995235602
2018-09-22 03:00:00+02:00,2018-09-22,3,71.86,58.670632448998404,43.51368709381519,77.79806488618831
2018-09-22 04:00:00+02:00,2018-09-22,4,71.39,58.06477704475975,43.283393900176264,76.93590537854521
2018-09-22 05:00:00+02:00,2018-09-22,5,71.39,58.9293233110983,42.926170317306685,79.98463343342621
2018-09-22 06:00:00+02:00,2018-09-22,6,72.17,62.16934412169066,44.18865192327462,83.61970140403652
2018-09-22 07:00:00+02:00,2018-09-22,7,72.59,64.06516495840799,42.91611878666903,88.60146505021399
2018-09-22 08:00:00+02:00,2018-09-22,8,69.93,65.64090590648568,43.336580804777,90.05908717580418
2018-09-22 09:00:00+02:00,2018-09-22,9,73.37,68.4708830099654,49.260377036243426,91.91171200970282
2018-09-22 10:00:00+02:00,2018-09-22,10,73.24,70.78455633651987,53.586099428415956,92.74935873015126
2018-09-22 11:00:00+02:00,2018-09-22,11,72.59,70.0980497593659,53.777763812780535,91.63779324888985
2018-09-22 12:00:00+02:00,2018-09-22,12,71.15,70.79332690333328,54.46675437303784,91.95810564261777
2018-09-22 13:00:00+02:00,2018-09-22,13,70.67,71.1949850074349,53.7821128099597,92.46123306094536
2018-09-22 14:00:00+02:00,2018-09-22,14,70.59,70.24023141095896,53.835176176309695,91.44487231750037
2018-09-22 15:00:00+02:00,2018-09-22,15,68.47,67.38592503221616,48.430041620730044,88.71935884916594
2018-09-22 16:00:00+02:00,2018-09-22,16,68.11,66.71883484408605,47.12796376358366,88.89186620941848
2018-09-22 17:00:00+02:00,2018-09-22,17,68.1,66.53763358716812,44.9313546212635,89.50415360806844
2018-09-22 18:00:00+02:00,2018-09-22,18,71.39,67.60804997412849,46.89690711517011,92.39472487656151
2018-09-22 19:00:00+02:00,2018-09-22,19,75.7,70.37337437762497,51.90440429161873,95.85788977127902
2018-09-22 20:00:00+02:00,2018-09-22,20,77.08,71.83248517271836,56.0116501723428,94.37416775025542
2018-09-22 21:00:00+02:00,2018-09-22,21,75.69,71.26493497054531,56.252880031375085,89.4022139482218
2018-09-22 22:00:00+02:00,2018-09-22,22,72.01,69.16478595321534,55.484535471939594,89.53947239184096
2018-09-22 23:00:00+02:00,2018-09-22,23,72.01,67.64455906634267,54.278470656080884,88.36648544419096
2018-09-23 00:00:00+02:00,2018-09-23,0,71.39,66.2209679346796,52.23101367436788,85.54189848791627
2018-09-23 01:00:00+02:00,2018-09-23,1,69.93,62.33839343349251,45.82696247018572,82.50953259521293
2018-09-23 02:00:00+02:00,2018-09-23,2,69.9,60.972990818844735,46.9930960354169,80.87047972927311
2018-09-23 03:00:00+02:00,2018-09-23,3,70.59,58.472269748471206,43.315324393287995,77.59970218566112
2018-09-23 04:00:00+02:00,2018-09-23,4,69.93,57.62108494521326,42.839701800629776,76.49221327899873
2018-09-23 05:00:00+02:00,2018-09-23,5,69.93,58.624243171192255,42.62109017740064,79.67955329352017
2018-09-23 06:00:00+02:00,2018-09-23,6,70.67,61.409989597267156,43.42929739885111,82.86034687961302
2018-09-23 07:00:00+02:00,2018-09-23,7,70.67,64.5871534419448,43.43810727020585,89.12345353375079
2018-09-23 08:00:00+02:00,2018-09-23,8,71.14,64.75003381377601,42.44570871206733,89.16821508309451
2018-09-23 09:00:00+02:00,2018-09-23,9,72.3,68.25082823067015,49.04032225694817,91.69165723040757
2018-09-23 10:00:00+02:00,2018-09-23,10,72.01,69.84569016954948,52.64723326144557,91.81049256318087
2018-09-23 11:00:00+02:00,2018-09-23,11,71.39,69.24736707072084,52.92708112413547,90.78711056024478
2018-09-23 12:00:00+02:00,2018-09-23,12,71.5,69.33737732403358,53.01080479373814,90.50215606331807
2018-09-23 13:00:00+02:00,2018-09-23,13,71.5,69.66466075139857,52.251788553923376,90.93090880490904
2018-09-23 14:00:00+02:00,2018-09-23,14,72.0,68.24185505538097,51.836799820731706,89.44649596192238
2018-09-23 15:00:00+02:00,2018-09-23,15,70.59,65.34598281601609,46.39009940452997,86.67941663296587
2018-09-23 16:00:00+02:00,2018-09-23,16,68.21,64.43930269082355,44.848431610321164,86.61233405615599
2018-09-23 17:00:00+02:00,2018-09-23,17,65.0,64.28639384503292,42.680114879128304,87.25291386593324
2018-09-23 18:00:00+02:00,2018-09-23,18,59.31,67.46873052038842,46.75758766143004,92.25540542282144
2018-09-23 19:00:00+02:00,2018-09-23,19,61.78,70.607445562312,52.13847547630576,96.09196095596604
2018-09-23 20:00:00+02:00,2018-09-23,20,67.36,72.20339371038696,56.382558710011395,94.74507628792401
2018-09-23 21:00:00+02:00,2018-09-23,21,72.3,71.84178440079346,56.82972946162323,89.97906337846995
2018-09-23 22:00:00+02:00,2018-09-23,22,70.01,69.41955807344675,55.739307592171,89.79424451207237
2018-09-23 23:00:00+02:00,2018-09-23,23,68.21,68.15356718098171,54.78747877071993,88.87549355883
2018-09-24 00:00:00+02:00,2018-09-24,0,57.51,63.83168214045931,49.84172788014758,83.15261269369597
2018-09-24 01:00:00+02:00,2018-09-24,1,55.78,60.51068933673639,43.9992583734296,80.68182849845681
2018-09-24 02:00:00+02:00,2018-09-24,2,48.1,58.94045215990154,44.9605573764737,78.83794107032992
2018-09-24 03:00:00+02:00,2018-09-24,3,48.1,57.391434740382785,42.23448938519957,76.5188671775727
2018-09-24 04:00:00+02:00,2018-09-24,4,47.9,56.213958308854366,41.43257516427088,75.08508664263984
2018-09-24 05:00:00+02:00,2018-09-24,5,50.42,57.33908647739063,41.335933483599014,78.39439659971853
2018-09-24 06:00:00+02:00,2018-09-24,6,60.46,61.035391869246155,43.05469967083011,82.48574915159202
2018-09-24 07:00:00+02:00,2018-09-24,7,71.39,65.51022534924611,44.361179177507154,90.0465254410521
2018-09-24 08:00:00+02:00,2018-09-24,8,72.3,66.45985853858731,44.15553343687863,90.87803980790581
2018-09-24 09:00:00+02:00,2018-09-24,9,72.3,69.02124754812642,49.810741574404446,92.46207654786384
2018-09-24 10:00:00+02:00,2018-09-24,10,72.13,69.16029555016567,51.96183864206176,91.12509794379706
2018-09-24 11:00:00+02:00,2018-09-24,11,71.49,68.84491382874077,52.5246278821554,90.38465731826471
2018-09-24 12:00:00+02:00,2018-09-24,12,71.06,68.93334027503286,52.60676774473742,90.09811901431735
2018-09-24 13:00:00+02:00,2018-09-24,13,70.92,69.68033020878048,52.26745801130528,90.94657826229094
2018-09-24 14:00:00+02:00,2018-09-24,14,69.9,68.41338735821861,52.00833212356935,89.61802826476003
2018-09-24 15:00:00+02:00,2018-09-24,15,69.29,66.74752262826664,47.79163921678052,88.08095644521642
2018-09-24 16:00:00+02:00,2018-09-24,16,68.8,66.08964628599341,46.49877520549102,88.26267765132584
2018-09-24 17:00:00+02:00,2018-09-24,17,69.56,65.45941515085713,43.85313618495251,88.42593517175744
2018-09-24 18:00:00+02:00,2018-09-24,18,71.68,65.02750720282677,44.316364343868386,89.81418210525979
2018-09-24 19:00:00+02:00,2018-09-24,19,72.45,66.14073090607477,47.67176082006853,91.62524629972881
2018-09-24 20:00:00+02:00,2018-09-24,20,74.29,69.46120300497907,53.6403680046035,92.00288558251611
2018-09-24 21:00:00+02:00,2018-09-24,21,72.13,69.70013865214413,54.688083712973906,87.83741762982062
2018-09-24 22:00:00+02:00,2018-09-24,22,70.01,66.6283567871243,52.948106305848555,87.00304322574992
2018-09-24 23:00:00+02:00,2018-09-24,23,69.29,64.64159684136335,51.27550843110157,85.36352321921164
2018-09-25 00:00:00+02:00,2018-09-25,0,55.96,62.00615745223017,48.01620319191844,81.32708800546683
2018-09-25 01:00:00+02:00,2018-09-25,1,52.49,59.190885879119946,42.67945491581315,79.36202504084036
2018-09-25 02:00:00+02:00,2018-09-25,2,51.61,54.942475459559226,40.96258067613139,74.8399643699876
2018-09-25 03:00:00+02:00,2018-09-25,3,51.8,53.972292332590634,38.81534697740742,73.09972476978055
2018-09-25 04:00:00+02:00,2018-09-25,4,51.8,53.57279020513907,38.791407060555585,72.44391853892455
2018-09-25 05:00:00+02:00,2018-09-25,5,54.5,55.101736069314235,39.09858307552262,76.15704619164214
2018-09-25 06:00:00+02:00,2018-09-25,6,65.5,60.82248217252677,42.841789974110725,82.27283945487262
2018-09-25 07:00:00+02:00,2018-09-25,7,74.21,68.88803460678172,47.73898843504276,93.4243346985877
2018-09-25 08:00:00+02:00,2018-09-25,8,74.9,70.91579941490032,48.611474313191636,95.33398068421882
2018-09-25 09:00:00+02:00,2018-09-25,9,75.21,72.434965399601,53.22445942587902,95.87579439933842
2018-09-25 10:00:00+02:00,2018-09-25,10,74.21,73.2560690704343,56.05761216233038,95.22087146406568
2018-09-25 11:00:00+02:00,2018-09-25,11,71.29,72.49879210307863,56.178506156493256,94.03853559260257
2018-09-25 12:00:00+02:00,2018-09-25,12,72.01,72.80901258565433,56.482440055358886,93.97379132493882
2018-09-25 13:00:00+02:00,2018-09-25,13,73.01,72.81776213997665,55.404889942501455,94.08401019348712
2018-09-25 14:00:00+02:00,2018-09-25,14,73.6,71.21442776650233,54.809372531853064,92.41906867304374
2018-09-25 15:00:00+02:00,2018-09-25,15,73.24,69.85042893011475,50.894545518628625,91.18386274706452
2018-09-25 16:00:00+02:00,2018-09-25,16,72.51,69.90261867701426,50.31174759651187,92.0756500423467
2018-09-25 17:00:00+02:00,2018-09-25,17,72.39,71.1234894702079,49.517210504303286,94.09000949110822
2018-09-25 18:00:00+02:00,2018-09-25,18,75.09,71.86250326575751,51.15136040679913,96.64917816819053
2018-09-25 19:00:00+02:00,2018-09-25,19,75.94,73.12405407867081,54.65508399266457,98.60856947232486
2018-09-25 20:00:00+02:00,2018-09-25,20,79.73,73.27839582488402,57.45756082450845,95.82007840242107
2018-09-25 21:00:00+02:00,2018-09-25,21,74.39,73.34635375262073,58.3342988134505,91.48363273029722
2018-09-25 22:00:00+02:00,2018-09-25,22,70.0,70.53005427991793,56.849803798642185,90.90474071854355
2018-09-25 23:00:00+02:00,2018-09-25,23,69.7,68.13545491127394,54.76936650101216,88.85738128912223
2018-09-26 00:00:00+02:00,2018-09-26,0,64.36,60.99048573012777,47.000531469816046,80.31141628336444
2018-09-26 01:00:00+02:00,2018-09-26,1,63.5,57.53542881384745,41.02399785054066,77.70656797556788
2018-09-26 02:00:00+02:00,2018-09-26,2,60.0,54.592005153344004,40.61211036991617,74.48949406377238
2018-09-26 03:00:00+02:00,2018-09-26,3,60.0,53.84285636115709,38.68591100597388,72.970288798347
2018-09-26 04:00:00+02:00,2018-09-26,4,60.0,53.31179941206297,38.53041626747948,72.18292774584845
2018-09-26 05:00:00+02:00,2018-09-26,5,60.46,54.85197340833173,38.848820414540114,75.90728353065964
2018-09-26 06:00:00+02:00,2018-09-26,6,70.0,60.806588571302356,42.82589637288631,82.2569458536482
2018-09-26 07:00:00+02:00,2018-09-26,7,75.36,67.41358104487058,46.26453487313162,91.94988113667657
2018-09-26 08:00:00+02:00,2018-09-26,8,75.25,69.21913000033378,46.91480489862509,93.63731126965227
2018-09-26 09:00:00+02:00,2018-09-26,9,74.9,70.20995864127914,50.999452667557165,93.65078764101656
2018-09-26 10:00:00+02:00,2018-09-26,10,74.1,71.12880858928753,53.930351681183616,93.09361098291892
2018-09-26 11:00:00+02:00,2018-09-26,11,72.5,69.92647201196225,53.606186065376875,91.46621550148619
2018-09-26 12:00:00+02:00,2018-09-26,12,73.29,70.4161961685105,54.08962363821505,91.58097490779498
2018-09-26 13:00:00+02:00,2018-09-26,13,73.62,70.86135358314105,53.44848138566586,92.12760163665152
2018-09-26 14:00:00+02:00,2018-09-26,14,73.6,69.45459816252875,53.04954292787949,90.65923906907017
2018-09-26 15:00:00+02:00,2018-09-26,15,73.62,67.63076486893357,48.67488145744745,88.96419868588335
2018-09-26 16:00:00+02:00,2018-09-26,16,73.67,67.59221545657391,48.00134437607152,89.76524682190635
2018-09-26 17:00:00+02:00,2018-09-26,17,73.67,68.86690327211146,47.26062430620684,91.83342329301178
2018-09-26 18:00:00+02:00,2018-09-26,18,74.75,69.70548601626297,48.994343157304584,94.49216091869599
2018-09-26 19:00:00+02:00,2018-09-26,19,76.78,71.0445817956651,52.57561170965886,96.52909718931915
2018-09-26 20:00:00+02:00,2018-09-26,20,79.99,72.61652339505397,56.79568839467841,95.15820597259102
2018-09-26 21:00:00+02:00,2018-09-26,21,75.54,72.17810286377221,57.16604792460198,90.3153818414487
2018-09-26 22:00:00+02:00,2018-09-26,22,74.21,68.85575472311002,55.175504241834275,89.23044116173564
2018-09-26 23:00:00+02:00,2018-09-26,23,73.62,66.69361305209586,53.327524641834074,87.41553942994415
2018-09-27 00:00:00+02:00,2018-09-27,0,69.93,65.21034322932783,51.220388969016106,84.5312737825645
2018-09-27 01:00:00+02:00,2018-09-27,1,67.36,61.83139513614435,45.31996417283756,82.00253429786477
2018-09-27 02:00:00+02:00,2018-09-27,2,64.36,58.072129574849086,44.09223479142125,77.96961848527746
2018-09-27 03:00:00+02:00,2018-09-27,3,63.91,57.740428983045135,42.58348362786192,76.86786142023504
2018-09-27 04:00:00+02:00,2018-09-27,4,63.91,57.031942928069654,42.25055978348617,75.90307126185513
2018-09-27 05:00:00+02:00,2018-09-27,5,64.36,58.11208001533713,42.10892702154551,79.16739013766504
2018-09-27 06:00:00+02:00,2018-09-27,6,72.3,63.87253201564565,45.89183981722961,85.32288929799151
2018-09-27 07:00:00+02:00,2018-09-27,7,74.9,70.26050305125867,49.11145687951971,94.79680314306466
2018-09-27 08:00:00+02:00,2018-09-27,8,78.0,71.67931350843067,49.37498840672198,96.09749477774916
2018-09-27 09:00:00+02:00,2018-09-27,9,75.21,72.41015061933342,53.19964464561144,95.85097961907084
2018-09-27 10:00:00+02:00,2018-09-27,10,74.89,73.55816213626228,56.35970522815837,95.52296452989367
2018-09-27 11:00:00+02:00,2018-09-27,11,74.5,72.67761702443299,56.35733107784762,94.21736051395693
2018-09-27 12:00:00+02:00,2018-09-27,12,75.0,73.5048200354895,57.17824750519406,94.66959877477399
2018-09-27 13:00:00+02:00,2018-09-27,13,75.1,73.57309538235556,56.160223184880365,94.83934343586603
2018-09-27 14:00:00+02:00,2018-09-27,14,75.0,72.33840969869411,55.93335446404485,93.54305060523552
2018-09-27 15:00:00+02:00,2018-09-27,15,75.0,70.28755919914184,51.33167578765572,91.62099301609162
2018-09-27 16:00:00+02:00,2018-09-27,16,75.1,70.10354469952026,50.51267361901787,92.27657606485269
2018-09-27 17:00:00+02:00,2018-09-27,17,75.01,71.36578477269948,49.75950580679487,94.3323047935998
2018-09-27 18:00:00+02:00,2018-09-27,18,75.0,72.36739951102956,51.65625665207118,97.15407441346258
2018-09-27 19:00:00+02:00,2018-09-27,19,78.26,73.93553829936384,55.466568213357604,99.4200536930179
2018-09-27 20:00:00+02:00,2018-09-27,20,79.73,75.31263728671443,59.49180228633887,97.8543198642515
2018-09-27 21:00:00+02:00,2018-09-27,21,78.0,74.56208258451404,59.55002764534382,92.69936156219053
2018-09-27 22:00:00+02:00,2018-09-27,22,75.21,72.17859697102725,58.4983464897515,92.55328340965286
2018-09-27 23:00:00+02:00,2018-09-27,23,74.9,70.18838202388187,56.82229361362009,90.91030840173016
2018-09-28 00:00:00+02:00,2018-09-28,0,76.3,66.54292575049554,52.552971490183815,85.8638563037322
2018-09-28 01:00:00+02:00,2018-09-28,1,75.0,62.53766925483897,46.026238291532174,82.70880841655938
2018-09-28 02:00:00+02:00,2018-09-28,2,74.25,59.658909977300254,45.67901519387242,79.55639888772862
2018-09-28 03:00:00+02:00,2018-09-28,3,74.0,58.68870528227329,43.53175992709008,77.8161377194632
2018-09-28 04:00:00+02:00,2018-09-28,4,73.64,58.01803786373641,43.236654719152924,76.88916619752189
2018-09-28 05:00:00+02:00,2018-09-28,5,74.07,58.824482990445155,42.82132999665354,79.87979311277306
2018-09-28 06:00:00+02:00,2018-09-28,6,75.67,63.97453038515048,45.993838186734436,85.42488766749634
2018-09-28 07:00:00+02:00,2018-09-28,7,78.0,68.75859617576366,47.6095500040247,93.29489626756964
2018-09-28 08:00:00+02:00,2018-09-28,8,80.0,70.74505724848748,48.4407321467788,95.16323851780598
2018-09-28 09:00:00+02:00,2018-09-28,9,79.91,71.68063569193234,52.47012971821036,95.12146469166976
2018-09-28 10:00:00+02:00,2018-09-28,10,79.0,72.916840678601,55.71838377049709,94.8816430722324
2018-09-28 11:00:00+02:00,2018-09-28,11,76.47,72.48994581466964,56.16965986808427,94.02968930419358
2018-09-28 12:00:00+02:00,2018-09-28,12,77.42,73.17153638118577,56.84496385089033,94.33631512047026
2018-09-28 13:00:00+02:00,2018-09-28,13,77.37,73.60147467065337,56.18860247317818,94.86772272416384
2018-09-28 14:00:00+02:00,2018-09-28,14,76.45,72.2565279447003,55.851472710051034,93.46116885124171
2018-09-28 15:00:00+02:00,2018-09-28,15,76.39,70.18595887869604,51.23007546720992,91.51939269564582
2018-09-28 16:00:00+02:00,2018-09-28,16,75.71,69.86350676975901,50.272635689256624,92.03653813509146
2018-09-28 17:00:00+02:00,2018-09-28,17,75.0,70.32454482935482,48.718265863450206,93.29106485025514
2018-09-28 18:00:00+02:00,2018-09-28,18,74.75,70.75727677072854,50.046133911770156,95.54395167316156
2018-09-28 19:00:00+02:00,2018-09-28,19,74.69,72.52908921120654,54.0601191252003,98.0136046048606
2018-09-28 20:00:00+02:00,2018-09-28,20,76.3,73.28066122513982,57.45982622476426,95.82234380267687
2018-09-28 21:00:00+02:00,2018-09-28,21,75.89,73.20381090739775,58.191755968227525,91.34108988507424
2018-09-28 22:00:00+02:00,2018-09-28,22,74.14,71.06776658425771,57.38751610298196,91.44245302288333
2018-09-28 23:00:00+02:00,2018-09-28,23,71.75,68.8753117955924,55.509223385330614,89.59723817344069
2018-09-29 00:00:00+02:00,2018-09-29,0,71.3,67.22151828612874,53.231564025817015,86.5424488393654
2018-09-29 01:00:00+02:00,2018-09-29,1,65.1,63.27209805028126,46.760667086974465,83.44323721200168
2018-09-29 02:00:00+02:00,2018-09-29,2,63.91,60.82916820590883,46.84927342248099,80.72665711633721
2018-09-29 03:00:00+02:00,2018-09-29,3,63.53,59.36989298895135,44.21294763376814,78.49732542614126
2018-09-29 04:00:00+02:00,2018-09-29,4,61.62,58.72576416418391,43.94438101960042,77.59689249796938
2018-09-29 05:00:00+02:00,2018-09-29,5,61.03,59.35100146275222,43.347848468960606,80.40631158508013
2018-09-29 06:00:00+02:00,2018-09-29,6,63.91,62.56585721520112,44.585165016785076,84.01621449754697
2018-09-29 07:00:00+02:00,2018-09-29,7,68.2,65.6212947433938,44.472248571654845,90.1575948351998
2018-09-29 08:00:00+02:00,2018-09-29,8,64.8,67.82414860938897,45.519823507680286,92.24232987870747
2018-09-29 09:00:00+02:00,2018-09-29,9,72.69,69.5913273292213,50.38082135549932,93.03215632895872
2018-09-29 10:00:00+02:00,2018-09-29,10,73.17,71.74024900635914,54.54179209825522,93.70505139999052
2018-09-29 11:00:00+02:00,2018-09-29,11,72.69,70.49424028769197,54.173954341106594,92.03398377721591
2018-09-29 12:00:00+02:00,2018-09-29,12,73.67,71.39049648794335,55.06392395764791,92.55527522722784
2018-09-29 13:00:00+02:00,2018-09-29,13,74.14,71.30153819294236,53.888665995467164,92.56778624645283
2018-09-29 14:00:00+02:00,2018-09-29,14,73.69,70.25779441156696,53.8527391769177,91.46243531810838
2018-09-29 15:00:00+02:00,2018-09-29,15,72.16,67.19058035585275,48.234696944366625,88.52401417280252
2018-09-29 16:00:00+02:00,2018-09-29,16,69.7,66.35194035411202,46.76106927360963,88.52497171944447
2018-09-29 17:00:00+02:00,2018-09-29,17,68.62,67.32768075746041,45.7214017915558,90.29420077836073
2018-09-29 18:00:00+02:00,2018-09-29,18,70.01,69.43893659062982,48.72779373167144,94.22561149306284
2018-09-29 19:00:00+02:00,2018-09-29,19,75.46,70.77192233767079,52.30295225166455,96.25643773132484
2018-09-29 20:00:00+02:00,2018-09-29,20,77.49,72.15168871453689,56.33085371416132,94.69337129207395
2018-09-29 21:00:00+02:00,2018-09-29,21,76.3,71.340427465396,56.32837252622578,89.47770644307249
2018-09-29 22:00:00+02:00,2018-09-29,22,74.33,68.95938376980521,55.279133288529465,89.33407020843083
2018-09-29 23:00:00+02:00,2018-09-29,23,74.21,66.3711589853405,53.00507057507872,87.09308536318879
2018-09-30 00:00:00+02:00,2018-09-30,0,73.03,66.66338475029352,52.67343048998179,85.98431530353018
2018-09-30 01:00:00+02:00,2018-09-30,1,73.37,61.31730458308077,44.805873619773976,81.48844374480119
2018-09-30 02:00:00+02:00,2018-09-30,2,69.65,59.93826562464319,45.958370841215356,79.83575453507157
2018-09-30 03:00:00+02:00,2018-09-30,3,67.01,57.68886291836448,42.53191756318127,76.81629535555439
2018-09-30 04:00:00+02:00,2018-09-30,4,65.1,57.00284455066897,42.22146140608548,75.87397288445445
2018-09-30 05:00:00+02:00,2018-09-30,5,64.4,58.05744332367733,42.05429032988572,79.11275344600524
2018-09-30 06:00:00+02:00,2018-09-30,6,66.19,61.892241070756334,43.91154887234029,83.34259835310219
2018-09-30 07:00:00+02:00,2018-09-30,7,69.68,65.1441094471119,43.99506327537294,89.6804095389179
2018-09-30 08:00:00+02:00,2018-09-30,8,69.5,65.77044623467542,43.466121132966734,90.18862750399391
2018-09-30 09:00:00+02:00,2018-09-30,9,73.69,70.018525757364,50.808019783642024,93.45935475710142
2018-09-30 10:00:00+02:00,2018-09-30,10,73.03,71.69326245648318,54.49480554837927,93.65806485011457
2018-09-30 11:00:00+02:00,2018-09-30,11,70.67,71.03417666247199,54.71389071588662,92.57392015199594
2018-09-30 12:00:00+02:00,2018-09-30,12,72.14,71.58442331277845,55.25785078248301,92.74920205206294
2018-09-30 13:00:00+02:00,2018-09-30,13,73.03,71.9631454421241,54.550273244648906,93.22939349563457
2018-09-30 14:00:00+02:00,2018-09-30,14,72.31,70.39496144912785,53.98990621447859,91.59960235566926
2018-09-30 15:00:00+02:00,2018-09-30,15,67.0,67.68409307652746,48.72820966504134,89.01752689347724
2018-09-30 16:00:00+02:00,2018-09-30,16,61.87,66.66109628126539,47.070225200763,88.83412764659784
2018-09-30 17:00:00+02:00,2018-09-30,17,61.03,66.72192971419894,45.11565074829432,89.68844973509925
2018-09-30 18:00:00+02:00,2018-09-30,18,64.62,69.71349918578107,49.00235632682269,94.5001740882141
2018-09-30 19:00:00+02:00,2018-09-30,19,74.21,74.28087907905507,55.81190899304883,99.76539447270912
2018-09-30 20:00:00+02:00,2018-09-30,20,74.39,75.46013662987798,59.63930162950241,98.00181920741502
2018-09-30 21:00:00+02:00,2018-09-30,21,74.27,74.63517937153384,59.62312443236361,92.77245834921032
2018-09-30 22:00:00+02:00,2018-09-30,22,69.5,72.99346930248596,59.313218821210214,93.36815574111158
2018-09-30 23:00:00+02:00,2018-09-30,23,61.19,70.6634670517391,57.29737864147732,91.3853934295874
2018-10-01 00:00:00+02:00,2018-10-01,0,61.58,62.733487462734956,48.74353320242323,82.05441801597162
2018-10-01 01:00:00+02:00,2018-10-01,1,51.0,60.12017206107048,43.608741097763684,80.2913112227909
2018-10-01 02:00:00+02:00,2018-10-01,2,49.0,57.22623902242965,43.246344239001814,77.12372793285803
2018-10-01 03:00:00+02:00,2018-10-01,3,47.29,54.89256267865255,39.73561732346934,74.01999511584246
2018-10-01 04:00:00+02:00,2018-10-01,4,47.09,53.54889666286774,38.767513518284254,72.42002499665321
2018-10-01 05:00:00+02:00,2018-10-01,5,46.99,54.23481091201236,38.23165791822074,75.29012103434027
2018-10-01 06:00:00+02:00,2018-10-01,6,50.06,58.70811483265186,40.727422634235815,80.15847211499772
2018-10-01 07:00:00+02:00,2018-10-01,7,61.58,65.09531359899532,43.94626742725636,89.63161369080132
2018-10-01 08:00:00+02:00,2018-10-01,8,66.97,66.1311703008883,43.826845199179616,90.5493515702068
2018-10-01 09:00:00+02:00,2018-10-01,9,67.45,68.28515091339182,49.07464493966984,91.72597991312924
2018-10-01 10:00:00+02:00,2018-10-01,10,65.73,68.34877373297839,51.15031682487447,90.31357612660977
2018-10-01 11:00:00+02:00,2018-10-01,11,58.68,68.20554368932879,51.88525774274342,89.74528717885273
2018-10-01 12:00:00+02:00,2018-10-01,12,58.01,68.70629931863118,52.37972678833574,89.87107805791567
2018-10-01 13:00:00+02:00,2018-10-01,13,49.54,69.60141205190311,52.188539854427916,90.86766010541358
2018-10-01 14:00:00+02:00,2018-10-01,14,47.1,68.1957706072408,51.79071537259154,89.40041151378222
2018-10-01 15:00:00+02:00,2018-10-01,15,47.98,65.96838318812851,47.01249977664239,87.30181700507829
2018-10-01 16:00:00+02:00,2018-10-01,16,48.9,64.62185296181484,45.03098188131245,86.79488432714729
2018-10-01 17:00:00+02:00,2018-10-01,17,51.9,64.12598466032814,42.51970569442353,87.09250468122846
2018-10-01 18:00:00+02:00,2018-10-01,18,52.69,67.02818076067072,46.31703790171234,91.81485566310374
2018-10-01 19:00:00+02:00,2018-10-01,19,55.13,70.50937664364827,52.04040655764203,95.99389203730232
2018-10-01 20:00:00+02:00,2018-10-01,20,60.3,71.76021079852269,55.939375798147125,94.30189337605975
2018-10-01 21:00:00+02:00,2018-10-01,21,58.05,69.78995484471127,54.77789990554105,87.92723382238776
2018-10-01 22:00:00+02:00,2018-10-01,22,46.84,66.32836237702654,52.64811189575079,86.70304881565215
2018-10-01 23:00:00+02:00,2018-10-01,23,44.22,62.50843243741798,49.1423440271562,83.23035881526627
2018-10-02 00:00:00+02:00,2018-10-02,0,49.51,48.5110232623437,34.52106900203197,67.83195381558036
2018-10-02 01:00:00+02:00,2018-10-02,1,46.96,44.07816978515776,27.56673882185097,64.24930894687819
2018-10-02 02:00:00+02:00,2018-10-02,2,44.99,40.89093138003223,26.91103659660439,60.7884202904606
2018-10-02 03:00:00+02:00,2018-10-02,3,44.32,40.003240422178,24.84629506699479,59.13067285936791
2018-10-02 04:00:00+02:00,2018-10-02,4,43.21,39.125694300698186,24.3443111561147,57.99682263448366
2018-10-02 05:00:00+02:00,2018-10-02,5,43.99,40.61374087468886,24.610587880897242,61.66905099701677
2018-10-02 06:00:00+02:00,2018-10-02,6,44.19,45.430030545523664,27.44933834710762,66.88038782786953
2018-10-02 07:00:00+02:00,2018-10-02,7,46.99,54.53903659371643,33.38999042197747,79.07533668552242
2018-10-02 08:00:00+02:00,2018-10-02,8,46.99,56.24133247713498,33.93700737542629,80.65951374645348
2018-10-02 09:00:00+02:00,2018-10-02,9,53.0,57.711414533499486,38.50090855977751,81.15224353323691
2018-10-02 10:00:00+02:00,2018-10-02,10,60.21,56.49172126635373,39.293264358249814,78.45652365998512
2018-10-02 11:00:00+02:00,2018-10-02,11,53.18,53.245471251018806,36.925185304433434,74.78521474054276
2018-10-02 12:00:00+02:00,2018-10-02,12,49.51,53.4084994891946,37.08192695889915,74.57327822847908
2018-10-02 13:00:00+02:00,2018-10-02,13,48.0,50.87089156097703,33.45801936350183,72.1371396144875
2018-10-02 14:00:00+02:00,2018-10-02,14,46.99,48.25981704449791,31.854761809848647,69.46445795103932
2018-10-02 15:00:00+02:00,2018-10-02,15,43.21,48.35131662182102,29.3954332103349,69.6847504387708
2018-10-02 16:00:00+02:00,2018-10-02,16,43.21,47.774029243488044,28.183158162985656,69.9470606088205
2018-10-02 17:00:00+02:00,2018-10-02,17,44.99,49.07969458164702,27.473415615742404,72.04621460254734
2018-10-02 18:00:00+02:00,2018-10-02,18,56.07,51.34505168222304,30.633908823264655,76.13172658465606
2018-10-02 19:00:00+02:00,2018-10-02,19,64.63,54.82584024678668,36.356870160780446,80.31035564044075
2018-10-02 20:00:00+02:00,2018-10-02,20,66.42,57.483914305376814,41.66307930500125,80.02559688291387
2018-10-02 21:00:00+02:00,2018-10-02,21,66.01,56.1457452776383,41.13369033846807,74.28302425531479
2018-10-02 22:00:00+02:00,2018-10-02,22,62.09,49.6825725873923,36.00232210611655,70.05725902601792
2018-10-02 23:00:00+02:00,2018-10-02,23,60.6,45.86620571611714,32.50011730585536,66.58813209396544
2018-10-03 00:00:00+02:00,2018-10-03,0,32.31,53.20399131825262,39.21403705794089,72.52492187148928
2018-10-03 01:00:00+02:00,2018-10-03,1,30.0,49.54703658233864,33.03560561903185,69.71817574405907
2018-10-03 02:00:00+02:00,2018-10-03,2,27.3,46.680346344576755,32.70045156114892,66.57783525500513
2018-10-03 03:00:00+02:00,2018-10-03,3,26.01,44.93988132077859,29.782935965595378,64.06731375796849
2018-10-03 04:00:00+02:00,2018-10-03,4,24.86,44.7230725610482,29.941689416464712,63.59420089483367
2018-10-03 05:00:00+02:00,2018-10-03,5,25.81,45.42813437910301,29.42498138531139,66.48344450143091
2018-10-03 06:00:00+02:00,2018-10-03,6,25.91,50.56680503162509,32.58611283320904,72.01716231397094
2018-10-03 07:00:00+02:00,2018-10-03,7,25.91,56.226198012199106,35.07715184046015,80.76249810400509
2018-10-03 08:00:00+02:00,2018-10-03,8,29.61,58.485151727215374,36.18082662550668,82.90333299653386
2018-10-03 09:00:00+02:00,2018-10-03,9,36.01,60.50903560871126,41.29852963498928,83.94986460844868
2018-10-03 10:00:00+02:00,2018-10-03,10,37.52,63.30811045992516,46.109653551821246,85.27291285355655
2018-10-03 11:00:00+02:00,2018-10-03,11,37.39,60.614126058068734,44.29384011148336,82.15386954759268
2018-10-03 12:00:00+02:00,2018-10-03,12,36.6,59.424798535297654,43.09822600500221,80.58957727458214
2018-10-03 13:00:00+02:00,2018-10-03,13,35.64,59.4704392875358,42.0575670900606,80.73668734104626
2018-10-03 14:00:00+02:00,2018-10-03,14,34.01,58.17185802378724,41.76680278913798,79.37649893032865
2018-10-03 15:00:00+02:00,2018-10-03,15,32.0,56.07983358613908,37.12395017465296,77.41326740308887
2018-10-03 16:00:00+02:00,2018-10-03,16,29.03,56.190405913550364,36.599534833047976,78.3634372788828
2018-10-03 17:00:00+02:00,2018-10-03,17,29.89,58.46854080862668,36.86226184272206,81.435060829527
2018-10-03 18:00:00+02:00,2018-10-03,18,32.31,62.44087145067476,41.72972859171638,87.22754635310778
2018-10-03 19:00:00+02:00,2018-10-03,19,38.36,66.39490371214433,47.92593362613809,91.87941910579838
2018-10-03 20:00:00+02:00,2018-10-03,20,39.7,66.49333192322425,50.67249692284868,89.03501450076129
2018-10-03 21:00:00+02:00,2018-10-03,21,36.1,66.36895014245754,51.35689520328731,84.50622912013402
2018-10-03 22:00:00+02:00,2018-10-03,22,35.3,62.51831282849844,48.83806234722269,82.89299926712405
2018-10-03 23:00:00+02:00,2018-10-03,23,29.5,59.98866924885495,46.622580838593166,80.71059562670324
2018-10-04 00:00:00+02:00,2018-10-04,0,38.44,32.280045553580806,18.29009129326908,51.60097610681747
2018-10-04 01:00:00+02:00,2018-10-04,1,34.32,29.481680053579385,12.970249090272592,49.6528192152998
2018-10-04 02:00:00+02:00,2018-10-04,2,29.0,26.381596533756607,12.401701750328769,46.27908544418498
2018-10-04 03:00:00+02:00,2018-10-04,3,27.32,24.648352618841592,9.491407263658381,43.7757850560315
2018-10-04 04:00:00+02:00,2018-10-04,4,28.05,23.39894303868599,8.617559894102502,42.27007137247146
2018-10-04 05:00:00+02:00,2018-10-04,5,32.51,24.888370181727517,8.8852171879359,45.94368030405543
2018-10-04 06:00:00+02:00,2018-10-04,6,41.37,28.678014452883083,10.69732225446704,50.12837173522894
2018-10-04 07:00:00+02:00,2018-10-04,7,44.32,33.32249155903456,12.173445387295601,57.85879165084055
2018-10-04 08:00:00+02:00,2018-10-04,8,52.49,35.45915216546872,13.154827063760035,59.87733343478722
2018-10-04 09:00:00+02:00,2018-10-04,9,55.61,36.52650421574516,17.315998242023184,59.96733321548258
2018-10-04 10:00:00+02:00,2018-10-04,10,52.5,37.96861172185951,20.770154813755596,59.9334141154909
2018-10-04 11:00:00+02:00,2018-10-04,11,52.28,38.29569978378673,21.97541383720136,59.83544327331067
2018-10-04 12:00:00+02:00,2018-10-04,12,49.68,36.88150193099307,20.554929400697624,58.046280670277554
2018-10-04 13:00:00+02:00,2018-10-04,13,49.96,37.5719996043474,20.1591274068722,58.83824765785786
2018-10-04 14:00:00+02:00,2018-10-04,14,49.96,35.15086271685071,18.74580748220145,56.355503623392124
2018-10-04 15:00:00+02:00,2018-10-04,15,49.94,33.32459418260426,14.368710771118138,54.65802799955404
2018-10-04 16:00:00+02:00,2018-10-04,16,49.92,33.01198529125078,13.421114210748392,55.18501665658322
2018-10-04 17:00:00+02:00,2018-10-04,17,49.92,32.12563789658911,10.519358930684497,55.09215791748943
2018-10-04 18:00:00+02:00,2018-10-04,18,49.47,36.00759111467116,15.296448255712775,60.79426601710418
2018-10-04 19:00:00+02:00,2018-10-04,19,50.0,39.6289436757182,21.15997358971196,65.11345906937225
2018-10-04 20:00:00+02:00,2018-10-04,20,55.6,42.74004000369234,26.919205003316776,65.28172258122939
2018-10-04 21:00:00+02:00,2018-10-04,21,61.15,41.11573536083655,26.103680421666326,59.25301433851304
2018-10-04 22:00:00+02:00,2018-10-04,22,55.6,37.52260682446816,23.842356343192414,57.89729326309378
2018-10-04 23:00:00+02:00,2018-10-04,23,52.1,34.330544234078374,20.964455823816593,55.052470611926665
2018-10-05 00:00:00+02:00,2018-10-05,0,45.6,44.773921695968525,30.7839674356568,64.09485224920519
2018-10-05 01:00:00+02:00,2018-10-05,1,42.88,41.97473521045957,25.463304247152777,62.14587437217999
2018-10-05 02:00:00+02:00,2018-10-05,2,38.95,38.28695246633224,24.3070576829044,58.18444137676061
2018-10-05 03:00:00+02:00,2018-10-05,3,38.8,36.96072151925067,21.803776164067457,56.08815395644058
2018-10-05 04:00:00+02:00,2018-10-05,4,38.8,36.633115711111046,21.85173256652756,55.50424404489652
2018-10-05 05:00:00+02:00,2018-10-05,5,39.0,39.36501803803576,23.36186504424414,60.42032816036367
2018-10-05 06:00:00+02:00,2018-10-05,6,44.04,44.98539351362635,27.004701315210305,66.43575079597221
2018-10-05 07:00:00+02:00,2018-10-05,7,48.31,48.69949584133965,27.550449669600688,73.23579593314564
2018-10-05 08:00:00+02:00,2018-10-05,8,55.01,53.44108593455483,31.13676083284614,77.85926720387332
2018-10-05 09:00:00+02:00,2018-10-05,9,56.95,54.89924645019822,35.68874047647624,78.34007544993564
2018-10-05 10:00:00+02:00,2018-10-05,10,56.47,54.30436262719826,37.105905719094345,76.26916502082965
2018-10-05 11:00:00+02:00,2018-10-05,11,56.1,54.531136041919446,38.210850095334074,76.07087953144338
2018-10-05 12:00:00+02:00,2018-10-05,12,56.95,53.33839330978598,37.011820779490535,74.50317204907046
2018-10-05 13:00:00+02:00,2018-10-05,13,57.09,54.30302783334296,36.890155635867764,75.56927588685343
2018-10-05 14:00:00+02:00,2018-10-05,14,58.01,52.1033284115432,35.69827317689394,73.30796931808462
2018-10-05 15:00:00+02:00,2018-10-05,15,58.01,51.11469301656645,32.15880960508033,72.44812683351623
2018-10-05 16:00:00+02:00,2018-10-05,16,58.44,51.814427157964374,32.223556077461986,73.98745852329682
2018-10-05 17:00:00+02:00,2018-10-05,17,58.58,51.12378250763803,29.51750354173342,74.09030252853836
2018-10-05 18:00:00+02:00,2018-10-05,18,57.09,52.13459722537941,31.423454366421026,76.92127212781243
2018-10-05 19:00:00+02:00,2018-10-05,19,57.09,53.83997839345035,35.371008307444114,79.32449378710442
2018-10-05 20:00:00+02:00,2018-10-05,20,59.99,57.187919264545165,41.3670842641696,79.72960184208222
2018-10-05 21:00:00+02:00,2018-10-05,21,62.3,58.709120180270574,43.69706524110035,76.84639915794706
2018-10-05 22:00:00+02:00,2018-10-05,22,61.55,54.547899562195155,40.867649080919406,74.92258600082077
2018-10-05 23:00:00+02:00,2018-10-05,23,59.84,50.550363286234436,37.184274875972655,71.27228966408273
2018-10-06 00:00:00+02:00,2018-10-06,0,58.01,53.81055429196293,39.8206000316512,73.1314848451996
2018-10-06 01:00:00+02:00,2018-10-06,1,57.12,49.673595268125766,33.16216430481897,69.84473442984618
2018-10-06 02:00:00+02:00,2018-10-06,2,52.9,47.1878077534333,33.20791297000546,67.08529666386167
2018-10-06 03:00:00+02:00,2018-10-06,3,52.97,45.49078015628309,30.333834801099876,64.618212593473
2018-10-06 04:00:00+02:00,2018-10-06,4,51.7,45.24566372540404,30.464280580820557,64.11679205918952
2018-10-06 05:00:00+02:00,2018-10-06,5,51.62,45.52271403077143,29.519561036979816,66.57802415309934
2018-10-06 06:00:00+02:00,2018-10-06,6,51.2,48.64485524565585,30.664163047239803,70.0952125280017
2018-10-06 07:00:00+02:00,2018-10-06,7,50.0,51.62716250242264,30.478116330683683,76.16346259422863
2018-10-06 08:00:00+02:00,2018-10-06,8,51.45,55.61332207561561,33.30899697390693,80.03150334493411
2018-10-06 09:00:00+02:00,2018-10-06,9,53.5,58.165928667675225,38.955422693953246,81.60675766741264
2018-10-06 10:00:00+02:00,2018-10-06,10,58.1,60.53024899469703,43.33179208659312,82.49505138832842
2018-10-06 11:00:00+02:00,2018-10-06,11,59.01,59.77117547061788,43.450889524032505,81.31091896014182
2018-10-06 12:00:00+02:00,2018-10-06,12,60.0,59.68188419706763,43.35531166677219,80.84666293635212
2018-10-06 13:00:00+02:00,2018-10-06,13,60.6,60.425108222886806,43.01223602541161,81.69135627639727
2018-10-06 14:00:00+02:00,2018-10-06,14,60.9,59.369460402451054,42.96440516780179,80.57410130899247
2018-10-06 15:00:00+02:00,2018-10-06,15,60.0,57.48765128592214,38.53176787443602,78.82108510287192
2018-10-06 16:00:00+02:00,2018-10-06,16,55.0,57.91337440584537,38.32250332534298,80.08640577117781
2018-10-06 17:00:00+02:00,2018-10-06,17,52.0,58.392657105861474,36.78637813995686,81.3591771267618
2018-10-06 18:00:00+02:00,2018-10-06,18,49.64,59.74969120906919,39.03854835011081,84.53636611150222
2018-10-06 19:00:00+02:00,2018-10-06,19,51.49,62.421553284101925,43.95258319809569,87.90606867775598
2018-10-06 20:00:00+02:00,2018-10-06,20,56.46,64.29600816924057,48.475173168865,86.83769074677761
2018-10-06 21:00:00+02:00,2018-10-06,21,62.62,65.901735510257,50.88968057108677,84.03901448793349
2018-10-06 22:00:00+02:00,2018-10-06,22,63.3,63.028145264518756,49.34789478324301,83.40283170314437
2018-10-06 23:00:00+02:00,2018-10-06,23,62.16,59.2191598113847,45.85307140112292,79.94108618923299
2018-10-07 00:00:00+02:00,2018-10-07,0,61.14,58.24375699955058,44.25380273923885,77.56468755278725
2018-10-07 01:00:00+02:00,2018-10-07,1,56.9,54.389349470329236,37.87791850702244,74.56048863204965
2018-10-07 02:00:00+02:00,2018-10-07,2,54.18,51.82671297712217,37.84681819369433,71.72420188755055
2018-10-07 03:00:00+02:00,2018-10-07,3,52.74,51.1031718245383,35.94622646935509,70.23060426172822
2018-10-07 04:00:00+02:00,2018-10-07,4,52.3,50.59001470021508,35.80863155563159,69.46114303400054
2018-10-07 05:00:00+02:00,2018-10-07,5,53.26,50.736763282041174,34.73361028824956,71.79207340436909
2018-10-07 06:00:00+02:00,2018-10-07,6,57.93,53.003968313776156,35.02327611536011,74.454325596122
2018-10-07 07:00:00+02:00,2018-10-07,7,60.69,55.38388488740391,34.23483871566495,79.92018497920989
2018-10-07 08:00:00+02:00,2018-10-07,8,62.0,57.74513195838623,35.44080685667754,82.16331322770472
2018-10-07 09:00:00+02:00,2018-10-07,9,63.17,59.500289305460285,40.289783331738306,82.9411183051977
2018-10-07 10:00:00+02:00,2018-10-07,10,63.17,62.02169029173299,44.82323338362907,83.98649268536437
2018-10-07 11:00:00+02:00,2018-10-07,11,63.57,62.188713532115024,45.86842758552965,83.72845702163897
2018-10-07 12:00:00+02:00,2018-10-07,12,64.09,62.334381856331696,46.00780932603625,83.49916059561619
2018-10-07 13:00:00+02:00,2018-10-07,13,64.71,62.93446946854986,45.52159727107466,84.20071752206033
2018-10-07 14:00:00+02:00,2018-10-07,14,64.02,62.34822069152399,45.94316545687473,83.5528615980654
2018-10-07 15:00:00+02:00,2018-10-07,15,63.8,59.84504443184433,40.88916102035821,81.17847824879411
2018-10-07 16:00:00+02:00,2018-10-07,16,63.53,58.45990609598116,38.86903501547877,80.6329374613136
2018-10-07 17:00:00+02:00,2018-10-07,17,63.17,58.44015054426179,36.833871578357176,81.4066705651621
2018-10-07 18:00:00+02:00,2018-10-07,18,62.24,59.97701162188345,39.26586876292507,84.76368652431647
2018-10-07 19:00:00+02:00,2018-10-07,19,61.76,63.20587006785347,44.73689998184723,88.69038546150753
2018-10-07 20:00:00+02:00,2018-10-07,20,61.89,65.24486126583423,49.424026265458664,87.78654384337128
2018-10-07 21:00:00+02:00,2018-10-07,21,62.64,66.79168657411375,51.77963163494353,84.92896555179024
2018-10-07 22:00:00+02:00,2018-10-07,22,62.49,64.2575459561859,50.577295474910144,84.63223239481151
2018-10-07 23:00:00+02:00,2018-10-07,23,61.14,60.90665751457031,47.54056910430853,81.6285838924186
2018-10-08 00:00:00+02:00,2018-10-08,0,59.32,58.60667932938213,44.616725069070405,77.9276098826188
2018-10-08 01:00:00+02:00,2018-10-08,1,55.46,53.68309050540175,37.17165954209496,73.85422966712217
2018-10-08 02:00:00+02:00,2018-10-08,2,53.14,52.66031529956812,38.68042051614028,72.55780420999649
2018-10-08 03:00:00+02:00,2018-10-08,3,52.26,51.359926084518904,36.20298072933569,70.48735852170881
2018-10-08 04:00:00+02:00,2018-10-08,4,52.19,50.53756015903897,35.75617701445548,69.40868849282444
2018-10-08 05:00:00+02:00,2018-10-08,5,52.5,51.909434662550005,35.90628166875839,72.96474478487792
2018-10-08 06:00:00+02:00,2018-10-08,6,55.0,55.6291903445073,37.648498146091256,77.07954762685316
2018-10-08 07:00:00+02:00,2018-10-08,7,58.08,60.0813432948298,38.93229712309084,84.61764338663579
2018-10-08 08:00:00+02:00,2018-10-08,8,62.21,62.447373767117654,40.14304866540897,86.86555503643615
2018-10-08 09:00:00+02:00,2018-10-08,9,64.14,64.05139387247479,44.84088789875281,87.49222287221221
2018-10-08 10:00:00+02:00,2018-10-08,10,65.23,65.04280011914298,47.84434321103907,87.00760251277437
2018-10-08 11:00:00+02:00,2018-10-08,11,66.24,64.70098307844293,48.38069713185756,86.24072656796687
2018-10-08 12:00:00+02:00,2018-10-08,12,68.5,65.9527405908802,49.62616806058475,87.11751933016468
2018-10-08 13:00:00+02:00,2018-10-08,13,69.21,66.87214164086218,49.45926944338699,88.13838969437265
2018-10-08 14:00:00+02:00,2018-10-08,14,68.54,65.61741572130724,49.21236048665798,86.82205662784865
2018-10-08 15:00:00+02:00,2018-10-08,15,67.35,63.87182246091205,44.91593904942593,85.20525627786182
2018-10-08 16:00:00+02:00,2018-10-08,16,66.8,63.78460181830515,44.19373073780276,85.9576331836376
2018-10-08 17:00:00+02:00,2018-10-08,17,66.01,63.897627648503466,42.29134868259885,86.86414766940379
2018-10-08 18:00:00+02:00,2018-10-08,18,65.3,64.25306923293996,43.54192637398158,89.03974413537298
2018-10-08 19:00:00+02:00,2018-10-08,19,64.14,64.77840221705479,46.30943213104855,90.26291761070885
2018-10-08 20:00:00+02:00,2018-10-08,20,64.14,66.49832441009221,50.67748940971664,89.04000698762925
2018-10-08 21:00:00+02:00,2018-10-08,21,65.7,66.75267680036316,51.740621861192935,84.88995577803965
2018-10-08 22:00:00+02:00,2018-10-08,22,65.84,64.24984554019491,50.56959505891916,84.62453197882053
2018-10-08 23:00:00+02:00,2018-10-08,23,64.39,60.63172464818486,47.265636237923076,81.35365102603315
2018-10-09 00:00:00+02:00,2018-10-09,0,69.67,59.14047220746046,45.150517947148735,78.46140276069713
2018-10-09 01:00:00+02:00,2018-10-09,1,67.15,55.029876096948996,38.5184451336422,75.20101525866941
2018-10-09 02:00:00+02:00,2018-10-09,2,64.09,52.70125687950516,38.72136209607732,72.59874578993353
2018-10-09 03:00:00+02:00,2018-10-09,3,62.69,51.877773387133765,36.72082803195055,71.00520582432367
2018-10-09 04:00:00+02:00,2018-10-09,4,62.19,51.49979324053779,36.718410095954304,70.37092157432326
2018-10-09 05:00:00+02:00,2018-10-09,5,62.91,52.4401972998683,36.437044306076686,73.49550742219621
2018-10-09 06:00:00+02:00,2018-10-09,6,70.24,56.1359245335801,38.15523233516406,77.58628181592596
2018-10-09 07:00:00+02:00,2018-10-09,7,74.3,60.75752346835808,39.60847729661912,85.29382356016407
2018-10-09 08:00:00+02:00,2018-10-09,8,75.19,62.96388612564441,40.65956102393572,87.3820673949629
2018-10-09 09:00:00+02:00,2018-10-09,9,76.04,64.5018156601857,45.29130968646372,87.94264465992312
2018-10-09 10:00:00+02:00,2018-10-09,10,75.43,66.10304047016017,48.90458356205625,88.06784286379155
2018-10-09 11:00:00+02:00,2018-10-09,11,75.36,66.01977116088707,49.6994852143017,87.55951465041102
2018-10-09 12:00:00+02:00,2018-10-09,12,75.7,66.19024304523927,49.86367051494383,87.35502178452376
2018-10-09 13:00:00+02:00,2018-10-09,13,75.7,66.48722663235074,49.074354434875545,87.7534746858612
2018-10-09 14:00:00+02:00,2018-10-09,14,75.43,65.3500402905017,48.944985055852435,86.55468119704311
2018-10-09 15:00:00+02:00,2018-10-09,15,74.95,63.87416355372538,44.91828014223926,85.20759737067516
2018-10-09 16:00:00+02:00,2018-10-09,16,74.51,64.0307802468582,44.43990916635581,86.20381161219063
2018-10-09 17:00:00+02:00,2018-10-09,17,74.74,64.95503235322587,43.34875338732126,87.9215523741262
2018-10-09 18:00:00+02:00,2018-10-09,18,75.4,65.69019322789225,44.97905036893387,90.47686813032527
2018-10-09 19:00:00+02:00,2018-10-09,19,77.36,67.17155721110595,48.70258712509971,92.65607260476
2018-10-09 20:00:00+02:00,2018-10-09,20,79.93,68.7734279039931,52.95259290361753,91.31511048153016
2018-10-09 21:00:00+02:00,2018-10-09,21,75.74,69.59132666057357,54.579271721403344,87.72860563825006
2018-10-09 22:00:00+02:00,2018-10-09,22,73.18,65.50186943767679,51.82161895640104,85.8765558763024
2018-10-09 23:00:00+02:00,2018-10-09,23,70.67,62.97860167378768,49.6125132635259,83.70052805163597
2018-10-10 00:00:00+02:00,2018-10-10,0,62.47,65.99578235752094,52.00582809720921,85.3167129107576
2018-10-10 01:00:00+02:00,2018-10-10,1,59.64,62.418846214913174,45.90741525160638,82.58998537663359
2018-10-10 02:00:00+02:00,2018-10-10,2,58.11,58.631644801289255,44.65175001786142,78.52913371171763
2018-10-10 03:00:00+02:00,2018-10-10,3,57.63,57.85752007610695,42.70057472092374,76.98495251329686
2018-10-10 04:00:00+02:00,2018-10-10,4,57.6,58.084614437588186,43.3032312930047,76.95574277137365
2018-10-10 05:00:00+02:00,2018-10-10,5,56.93,59.01874507294749,43.01559207915587,80.0740551952754
2018-10-10 06:00:00+02:00,2018-10-10,6,72.16,64.08566927297531,46.104977074559265,85.53602655532117
2018-10-10 07:00:00+02:00,2018-10-10,7,75.36,69.6508247967848,48.501778625045844,94.1871248885908
2018-10-10 08:00:00+02:00,2018-10-10,8,76.82,71.83855749829141,49.53423239658272,96.2567387676099
2018-10-10 09:00:00+02:00,2018-10-10,9,77.2,72.33237942883571,53.12187345511373,95.77320842857313
2018-10-10 10:00:00+02:00,2018-10-10,10,77.54,73.50848474162356,56.31002783351965,95.47328713525495
2018-10-10 11:00:00+02:00,2018-10-10,11,74.49,73.0578846460768,56.73759869949143,94.59762813560074
2018-10-10 12:00:00+02:00,2018-10-10,12,73.0,73.02289591542396,56.696323385128515,94.18767465470845
2018-10-10 13:00:00+02:00,2018-10-10,13,69.39,73.1343096252508,55.7214374277756,94.40055767876126
2018-10-10 14:00:00+02:00,2018-10-10,14,65.27,72.33791332252802,55.93285808787876,93.54255422906944
2018-10-10 15:00:00+02:00,2018-10-10,15,61.45,70.63515893266012,51.679275521174,91.9685927496099
2018-10-10 16:00:00+02:00,2018-10-10,16,61.19,70.03797430400975,50.44710322350736,92.2110056693422
2018-10-10 17:00:00+02:00,2018-10-10,17,69.3,71.91048755036951,50.304208584464895,94.87700757126983
2018-10-10 18:00:00+02:00,2018-10-10,18,70.46,73.4582492495776,52.74710639061922,98.24492415201063
2018-10-10 19:00:00+02:00,2018-10-10,19,73.01,74.5629232188405,56.09395313283426,100.04743861249455
2018-10-10 20:00:00+02:00,2018-10-10,20,73.82,76.30235671589311,60.481521715517545,98.84403929343017
2018-10-10 21:00:00+02:00,2018-10-10,21,71.07,74.51864773674853,59.50659279757831,92.65592671442502
2018-10-10 22:00:00+02:00,2018-10-10,22,62.4,70.58159558374243,56.90134510246668,90.95628202236804
2018-10-10 23:00:00+02:00,2018-10-10,23,59.63,68.23964578849163,54.87355737822985,88.96157216633992
2018-10-11 00:00:00+02:00,2018-10-11,0,48.8,58.309530383527246,44.31957612321552,77.63046093676391
2018-10-11 01:00:00+02:00,2018-10-11,1,43.45,54.97583787237805,38.46440690907126,75.14697703409847
2018-10-11 02:00:00+02:00,2018-10-11,2,40.59,51.83071986380587,37.85082508037803,71.72820877423425
2018-10-11 03:00:00+02:00,2018-10-11,3,38.92,50.703565330921876,35.546619975738665,69.83099776811179
2018-10-11 04:00:00+02:00,2018-10-11,4,38.05,50.64830957193994,35.866926427356454,69.51943790572541
2018-10-11 05:00:00+02:00,2018-10-11,5,38.2,51.167462436218585,35.16430944242697,72.2227725585465
2018-10-11 06:00:00+02:00,2018-10-11,6,39.65,57.96243266660679,39.98174046819074,79.41278994895265
2018-10-11 07:00:00+02:00,2018-10-11,7,42.69,63.387901632657005,42.238855460918046,87.92420172446299
2018-10-11 08:00:00+02:00,2018-10-11,8,46.0,66.0441171286943,43.73979202698561,90.46229839801279
2018-10-11 09:00:00+02:00,2018-10-11,9,51.0,67.03994160848994,47.82943563476796,90.48077060822736
2018-10-11 10:00:00+02:00,2018-10-11,10,54.07,67.69245111148692,50.493994203383004,89.6572535051183
2018-10-11 11:00:00+02:00,2018-10-11,11,55.5,66.30193376140991,49.98164781482454,87.84167725093386
2018-10-11 12:00:00+02:00,2018-10-11,12,56.15,64.89611510394691,48.56954257365147,86.0608938432314
2018-10-11 13:00:00+02:00,2018-10-11,13,56.96,63.180236634997584,45.76736443752239,84.44648468850805
2018-10-11 14:00:00+02:00,2018-10-11,14,55.05,61.0563951239914,44.65133988934214,82.26103603053281
2018-10-11 15:00:00+02:00,2018-10-11,15,54.72,58.50869230615059,39.55280889466447,79.84212612310037
2018-10-11 16:00:00+02:00,2018-10-11,16,53.09,58.60245424186735,39.01158316136496,80.77548560719978
2018-10-11 17:00:00+02:00,2018-10-11,17,60.1,61.79112682866537,40.184847862760755,84.75764684956569
2018-10-11 18:00:00+02:00,2018-10-11,18,68.1,65.31238369064467,44.60124083168628,90.09905859307769
2018-10-11 19:00:00+02:00,2018-10-11,19,67.33,67.8394928738841,49.37052278787786,93.32400826753815
2018-10-11 20:00:00+02:00,2018-10-11,20,62.6,68.6466194166861,52.825784416310526,91.18830199422314
2018-10-11 21:00:00+02:00,2018-10-11,21,61.0,67.02275733758485,52.01070239841462,85.16003631526134
2018-10-11 22:00:00+02:00,2018-10-11,22,56.01,61.37116809255972,47.69091761128397,81.74585453118533
2018-10-11 23:00:00+02:00,2018-10-11,23,53.05,57.4484016569426,44.08231324668082,78.17032803479088
2018-10-12 00:00:00+02:00,2018-10-12,0,62.72,49.82251022444931,35.83255596413758,69.14344077768598
2018-10-12 01:00:00+02:00,2018-10-12,1,55.84,46.39131632641213,29.879885363105338,66.56245548813254
2018-10-12 02:00:00+02:00,2018-10-12,2,51.99,43.35533904569232,29.37544426226448,63.25282795612069
2018-10-12 03:00:00+02:00,2018-10-12,3,51.2,41.01790114554653,25.86095579036332,60.14533358273644
2018-10-12 04:00:00+02:00,2018-10-12,4,50.17,41.59466697027297,26.81328382568948,60.46579530405844
2018-10-12 05:00:00+02:00,2018-10-12,5,50.31,42.682105276594356,26.67895228280274,63.737415398922266
2018-10-12 06:00:00+02:00,2018-10-12,6,55.0,47.270514398445535,29.28982220002949,68.72087168079139
2018-10-12 07:00:00+02:00,2018-10-12,7,64.2,52.068919898269314,30.919873726530355,76.60521999007531
2018-10-12 08:00:00+02:00,2018-10-12,8,66.22,55.83872994569547,33.53440484398678,80.25691121501396
2018-10-12 09:00:00+02:00,2018-10-12,9,65.9,58.29637294926865,39.08586697554667,81.73720194900608
2018-10-12 10:00:00+02:00,2018-10-12,10,64.92,59.46637578763019,42.26791887952628,81.43117818126157
2018-10-12 11:00:00+02:00,2018-10-12,11,64.24,59.38487548532955,43.06458953874418,80.9246189748535
2018-10-12 12:00:00+02:00,2018-10-12,12,64.12,59.01513098077835,42.68855845048291,80.17990972006284
2018-10-12 13:00:00+02:00,2018-10-12,13,64.65,58.44032166414787,41.02744946667268,79.70656971765834
2018-10-12 14:00:00+02:00,2018-10-12,14,63.9,56.3739319371236,39.96887670247434,77.57857284366501
2018-10-12 15:00:00+02:00,2018-10-12,15,63.93,55.97538534968885,37.01950193820273,77.30881916663863
2018-10-12 16:00:00+02:00,2018-10-12,16,64.65,56.489505631643894,36.898634551141505,78.66253699697634
2018-10-12 17:00:00+02:00,2018-10-12,17,68.03,59.460088787316934,37.85380982141232,82.42660880821725
2018-10-12 18:00:00+02:00,2018-10-12,18,69.71,63.283175394654656,42.57203253569627,88.06985029708767
2018-10-12 19:00:00+02:00,2018-10-12,19,68.53,65.32125431827441,46.852284232268175,90.80576971192846
2018-10-12 20:00:00+02:00,2018-10-12,20,68.25,64.07190710385457,48.251072103479004,86.61358968139163
2018-10-12 21:00:00+02:00,2018-10-12,21,68.07,63.52974676688781,48.517691827717584,81.6670257445643
2018-10-12 22:00:00+02:00,2018-10-12,22,67.05,58.81333921855459,45.13308873727884,79.1880256571802
2018-10-12 23:00:00+02:00,2018-10-12,23,65.04,54.58967651965602,41.223588109394235,75.31160289750432
2018-10-13 00:00:00+02:00,2018-10-13,0,64.45,60.55247009401516,46.562515833703436,79.87340064725183
2018-10-13 01:00:00+02:00,2018-10-13,1,57.11,55.606692652790265,39.09526168948347,75.77783181451068
2018-10-13 02:00:00+02:00,2018-10-13,2,54.87,52.875240231689396,38.89534544826156,72.77272914211777
2018-10-13 03:00:00+02:00,2018-10-13,3,54.57,51.038511890632705,35.881566535449494,70.16594432782261
2018-10-13 04:00:00+02:00,2018-10-13,4,54.42,50.892048650071146,36.11066550548766,69.76317698385662
2018-10-13 05:00:00+02:00,2018-10-13,5,54.17,51.44611359448364,35.442960600692025,72.50142371681156
2018-10-13 06:00:00+02:00,2018-10-13,6,54.47,54.8139569538306,36.833264755414554,76.26431423617646
2018-10-13 07:00:00+02:00,2018-10-13,7,58.71,59.924038453065464,38.774992281326504,84.46033854487146
2018-10-13 08:00:00+02:00,2018-10-13,8,62.9,61.61767392363207,39.313348821923384,86.03585519295056
2018-10-13 09:00:00+02:00,2018-10-13,9,65.92,63.85957112206067,44.64906514833869,87.30040012179809
2018-10-13 10:00:00+02:00,2018-10-13,10,64.93,65.34204574337238,48.14358883526847,87.30684813700377
2018-10-13 11:00:00+02:00,2018-10-13,11,60.46,64.45739802554462,48.13711207895925,85.99714151506856
2018-10-13 12:00:00+02:00,2018-10-13,12,58.82,64.28394754043408,47.95737501013864,85.44872627971857
2018-10-13 13:00:00+02:00,2018-10-13,13,58.35,64.64571519712929,47.232842999654096,85.91196325063976
2018-10-13 14:00:00+02:00,2018-10-13,14,57.19,63.53334580750884,47.12829057285958,84.73798671405025
2018-10-13 15:00:00+02:00,2018-10-13,15,54.87,61.6771825867011,42.72129917521498,83.01061640365089
2018-10-13 16:00:00+02:00,2018-10-13,16,54.87,62.47389593279989,42.8830248522975,84.64692729813234
2018-10-13 17:00:00+02:00,2018-10-13,17,60.46,63.81483045507635,42.20855148917173,86.78135047597667
2018-10-13 18:00:00+02:00,2018-10-13,18,64.93,65.86404713741271,45.15290427845433,90.65072203984573
2018-10-13 19:00:00+02:00,2018-10-13,19,72.82,67.93389618551994,49.464926099513704,93.418411579174
2018-10-13 20:00:00+02:00,2018-10-13,20,75.4,67.91010212314079,52.08926712276522,90.45178470067785
2018-10-13 21:00:00+02:00,2018-10-13,21,73.36,68.18977307989957,53.17771814072934,86.32705205757605
2018-10-13 22:00:00+02:00,2018-10-13,22,70.15,66.43528071969025,52.755030238414506,86.80996715831587
2018-10-13 23:00:00+02:00,2018-10-13,23,69.39,62.924750520323165,49.558662110061384,83.64667689817145
2018-10-14 00:00:00+02:00,2018-10-14,0,54.47,60.21877730063488,46.22882304032316,79.53970785387155
2018-10-14 01:00:00+02:00,2018-10-14,1,54.05,54.28752464777354,37.776093684466744,74.45866380949396
2018-10-14 02:00:00+02:00,2018-10-14,2,50.03,52.431241915584465,38.45134713215663,72.32873082601284
2018-10-14 03:00:00+02:00,2018-10-14,3,49.47,50.84446246663579,35.68751711145258,69.9718949038257
2018-10-14 04:00:00+02:00,2018-10-14,4,46.44,50.23084346882496,35.44946032424147,69.10197180261042
2018-10-14 05:00:00+02:00,2018-10-14,5,40.0,51.28500042026284,35.281847426471224,72.34031054259074
2018-10-14 06:00:00+02:00,2018-10-14,6,38.39,54.44587826331476,36.46518606489872,75.89623554566062
2018-10-14 07:00:00+02:00,2018-10-14,7,38.5,58.07593458625895,36.92688841451999,82.61223467806494
2018-10-14 08:00:00+02:00,2018-10-14,8,38.87,61.26214799080206,38.95782288909338,85.68032926012056
2018-10-14 09:00:00+02:00,2018-10-14,9,49.05,65.05432105318144,45.84381507945946,88.49515005291886
2018-10-14 10:00:00+02:00,2018-10-14,10,50.0,65.52616315813205,48.327706250028136,87.49096555176344
2018-10-14 11:00:00+02:00,2018-10-14,11,49.6,63.78428146254229,47.46399551595692,85.32402495206622
2018-10-14 12:00:00+02:00,2018-10-14,12,50.34,63.0529398315342,46.72636730123875,84.21771857081868
2018-10-14 13:00:00+02:00,2018-10-14,13,53.5,63.7841226316713,46.37125043419611,85.05037068518178
2018-10-14 14:00:00+02:00,2018-10-14,14,54.01,61.57891908389232,45.17386384924306,82.78355999043373
2018-10-14 15:00:00+02:00,2018-10-14,15,51.6,59.558945047891896,40.603061636405776,80.89237886484167
2018-10-14 16:00:00+02:00,2018-10-14,16,51.6,59.4006286201771,39.80975753967471,81.57365998550955
2018-10-14 17:00:00+02:00,2018-10-14,17,54.2,62.21183173323342,40.6055527673288,85.17835175413373
2018-10-14 18:00:00+02:00,2018-10-14,18,56.56,67.71704118417833,47.005898325219945,92.50371608661135
2018-10-14 19:00:00+02:00,2018-10-14,19,68.09,71.45503467320147,52.98606458719523,96.93955006685553
2018-10-14 20:00:00+02:00,2018-10-14,20,73.36,72.18289350766436,56.36205850728879,94.72457608520142
2018-10-14 21:00:00+02:00,2018-10-14,21,71.62,72.2706063115865,57.25855137241628,90.40788528926299
2018-10-14 22:00:00+02:00,2018-10-14,22,70.09,68.88331389161883,55.20306341034308,89.25800033024444
2018-10-14 23:00:00+02:00,2018-10-14,23,66.57,65.32151072445615,51.955422314194365,86.04343710230444
2018-10-15 00:00:00+02:00,2018-10-15,0,49.23,58.38977727628941,44.39982301597768,77.71070782952607
2018-10-15 01:00:00+02:00,2018-10-15,1,39.5,55.10210699008197,38.59067602677518,75.2732461518024
2018-10-15 02:00:00+02:00,2018-10-15,2,35.81,51.710140126714464,37.730245343286626,71.60762903714283
2018-10-15 03:00:00+02:00,2018-10-15,3,35.61,51.3261523668054,36.16920701162219,70.45358480399531
2018-10-15 04:00:00+02:00,2018-10-15,4,33.0,49.54341058838921,34.76202744380572,68.41453892217467
2018-10-15 05:00:00+02:00,2018-10-15,5,42.0,49.910903764648715,33.9077507708571,70.96621388697662
2018-10-15 06:00:00+02:00,2018-10-15,6,50.43,53.62247248516165,35.64178028674561,75.0728297675075
2018-10-15 07:00:00+02:00,2018-10-15,7,57.16,59.7151537760612,38.56610760432224,84.25145386786718
2018-10-15 08:00:00+02:00,2018-10-15,8,63.57,62.273430636049895,39.96910553434121,86.69161190536839
2018-10-15 09:00:00+02:00,2018-10-15,9,65.18,66.46160955107952,47.25110357735754,89.90243855081694
2018-10-15 10:00:00+02:00,2018-10-15,10,66.78,67.22080114713064,50.02234423902673,89.18560354076203
2018-10-15 11:00:00+02:00,2018-10-15,11,65.97,66.216525530576,49.896239583990635,87.75626902009995
2018-10-15 12:00:00+02:00,2018-10-15,12,69.89,67.52593363674669,51.19936110645124,88.69071237603117
2018-10-15 13:00:00+02:00,2018-10-15,13,70.0,67.683560244275,50.270688046799805,88.94980829778547
2018-10-15 14:00:00+02:00,2018-10-15,14,69.64,66.19800307664572,49.79294784199646,87.40264398318713
2018-10-15 15:00:00+02:00,2018-10-15,15,70.46,65.4138494206023,46.457966009116184,86.74728323755208
2018-10-15 16:00:00+02:00,2018-10-15,16,71.86,64.82870784761403,45.23783676711164,87.00173921294646
2018-10-15 17:00:00+02:00,2018-10-15,17,73.47,67.1014271418455,45.49514817594089,90.06794716274582
2018-10-15 18:00:00+02:00,2018-10-15,18,74.25,69.02442269590624,48.313279836947856,93.81109759833926
2018-10-15 19:00:00+02:00,2018-10-15,19,75.14,75.52026241254767,57.05129232654143,101.00477780620173
2018-10-15 20:00:00+02:00,2018-10-15,20,78.89,76.47477005001772,60.65393504964216,99.01645262755477
2018-10-15 21:00:00+02:00,2018-10-15,21,75.57,75.33049607873873,60.318441139568506,93.46777505641522
2018-10-15 22:00:00+02:00,2018-10-15,22,70.46,71.61286604870517,57.93261556742942,91.98755248733079
2018-10-15 23:00:00+02:00,2018-10-15,23,69.39,67.10475796445854,53.73866955419676,87.82668434230683
2018-10-16 00:00:00+02:00,2018-10-16,0,71.07,58.48274370079589,44.49278944048417,77.80367425403256
2018-10-16 01:00:00+02:00,2018-10-16,1,70.46,53.48510149444204,36.97367053113525,73.65624065616245
2018-10-16 02:00:00+02:00,2018-10-16,2,69.64,50.094696769155725,36.11480198572789,69.9921856795841
2018-10-16 03:00:00+02:00,2018-10-16,3,68.95,49.090007480265434,33.93306212508222,68.21743991745535
2018-10-16 04:00:00+02:00,2018-10-16,4,66.8,48.46606782004319,33.68468467545971,67.33719615382867
2018-10-16 05:00:00+02:00,2018-10-16,5,66.48,51.058893676963876,35.05574068317226,72.11420379929179
2018-10-16 06:00:00+02:00,2018-10-16,6,73.36,57.63326270565291,39.65257050723687,79.08361998799876
2018-10-16 07:00:00+02:00,2018-10-16,7,76.11,63.927798884647245,42.778752712908286,88.46409897645324
2018-10-16 08:00:00+02:00,2018-10-16,8,76.34,67.49526054163236,45.19093543992368,91.91344181095086
2018-10-16 09:00:00+02:00,2018-10-16,9,76.56,69.39998243743966,50.18947646371768,92.84081143717708
2018-10-16 10:00:00+02:00,2018-10-16,10,76.44,70.47112874133651,53.2726718332326,92.4359311349679
2018-10-16 11:00:00+02:00,2018-10-16,11,75.68,70.09041579715328,53.77012985056791,91.63015928667723
2018-10-16 12:00:00+02:00,2018-10-16,12,74.51,70.36091694534196,54.03434441504651,91.52569568462644
2018-10-16 13:00:00+02:00,2018-10-16,13,74.57,70.47916426435663,53.06629206688143,91.74541231786709
2018-10-16 14:00:00+02:00,2018-10-16,14,71.79,69.24947909592701,52.844423861277754,90.45412000246843
2018-10-16 15:00:00+02:00,2018-10-16,15,72.41,68.76911693586425,49.81323352437813,90.10255075281403
2018-10-16 16:00:00+02:00,2018-10-16,16,74.04,69.27688188679244,49.68601080629005,91.44991325212487
2018-10-16 17:00:00+02:00,2018-10-16,17,75.45,70.43455424836569,48.82827528246107,93.401074269266
2018-10-16 18:00:00+02:00,2018-10-16,18,75.25,72.89422884499814,52.18308598603976,97.68090374743116
2018-10-16 19:00:00+02:00,2018-10-16,19,75.57,74.56904605976233,56.10007597375609,100.05356145341639
2018-10-16 20:00:00+02:00,2018-10-16,20,78.78,74.8575831271737,59.03674812679813,97.39926570471076
2018-10-16 21:00:00+02:00,2018-10-16,21,76.71,73.33309316619854,58.32103822702831,91.47037214387503
2018-10-16 22:00:00+02:00,2018-10-16,22,73.36,68.73340331970942,55.053152838433675,89.10808975833504
2018-10-16 23:00:00+02:00,2018-10-16,23,70.0,66.17089598213742,52.80480757187564,86.89282235998571
2018-10-17 00:00:00+02:00,2018-10-17,0,70.15,64.37141051863966,50.38145625832794,83.69234107187633
2018-10-17 01:00:00+02:00,2018-10-17,1,70.08,60.38814404413474,43.87671308082795,80.55928320585517
2018-10-17 02:00:00+02:00,2018-10-17,2,68.95,57.47245883454578,43.492564051117945,77.36994774497416
2018-10-17 03:00:00+02:00,2018-10-17,3,66.89,57.371281734259966,42.214336379076755,76.49871417144988
2018-10-17 04:00:00+02:00,2018-10-17,4,64.93,55.34800322547342,40.56662008088993,74.2191315592589
2018-10-17 05:00:00+02:00,2018-10-17,5,63.76,56.32223361045102,40.319080616659406,77.37754373277893
2018-10-17 06:00:00+02:00,2018-10-17,6,73.6,61.21156865683416,43.230876458418116,82.66192593918001
2018-10-17 07:00:00+02:00,2018-10-17,7,75.56,67.17482859450311,46.02578242276415,91.71112868630911
2018-10-17 08:00:00+02:00,2018-10-17,8,75.89,69.420840596306,47.11651549459731,93.83902186562449
2018-10-17 09:00:00+02:00,2018-10-17,9,76.03,71.20677881711237,51.996272843390386,94.64760781684978
2018-10-17 10:00:00+02:00,2018-10-17,10,75.57,71.11350482763082,53.915047919526906,93.07830722126221
2018-10-17 11:00:00+02:00,2018-10-17,11,75.0,70.55981733639064,54.239531389805265,92.09956082591458
2018-10-17 12:00:00+02:00,2018-10-17,12,75.09,70.34773833325633,54.02116580296089,91.51251707254082
2018-10-17 13:00:00+02:00,2018-10-17,13,74.51,70.44797015212446,53.03509795464926,91.71421820563492
2018-10-17 14:00:00+02:00,2018-10-17,14,72.25,69.13233511737094,52.72727988272168,90.33697602391236
2018-10-17 15:00:00+02:00,2018-10-17,15,71.84,68.57660025746043,49.62071684597431,89.9100340744102
2018-10-17 16:00:00+02:00,2018-10-17,16,73.36,68.41172643203386,48.82085535153147,90.58475779736631
2018-10-17 17:00:00+02:00,2018-10-17,17,73.65,70.32058550465159,48.714306538746975,93.28710552555191
2018-10-17 18:00:00+02:00,2018-10-17,18,73.08,71.06158569100826,50.35044283204988,95.84826059344128
2018-10-17 19:00:00+02:00,2018-10-17,19,74.51,71.89478088583768,53.42581079983144,97.37929627949174
2018-10-17 20:00:00+02:00,2018-10-17,20,76.61,73.48793663798381,57.66710163760824,96.02961921552085
2018-10-17 21:00:00+02:00,2018-10-17,21,75.57,72.46326258872456,57.451207649554334,90.60054156640105
2018-10-17 22:00:00+02:00,2018-10-17,22,70.0,68.5482254801777,54.86797499890196,88.92291191880332
2018-10-17 23:00:00+02:00,2018-10-17,23,63.08,65.67102753259138,52.3049391223296,86.39295391043967
2018-10-18 00:00:00+02:00,2018-10-18,0,65.94,65.12428683109002,51.13433257077829,84.44521738432668
2018-10-18 01:00:00+02:00,2018-10-18,1,61.33,61.24268417251945,44.73125320921266,81.41382333423988
2018-10-18 02:00:00+02:00,2018-10-18,2,57.37,58.79546137419968,44.815566590771844,78.69295028462805
2018-10-18 03:00:00+02:00,2018-10-18,3,55.95,57.664178405392065,42.50723305020885,76.79161084258197
2018-10-18 04:00:00+02:00,2018-10-18,4,54.5,56.49056226118715,41.709179116603664,75.36169059497263
2018-10-18 05:00:00+02:00,2018-10-18,5,54.09,57.4555171446607,41.45236415086909,78.51082726698861
2018-10-18 06:00:00+02:00,2018-10-18,6,61.06,63.53696526286942,45.55627306445338,84.98732254521528
2018-10-18 07:00:00+02:00,2018-10-18,7,70.42,69.75324457057503,48.604198398836076,94.28954466238102
2018-10-18 08:00:00+02:00,2018-10-18,8,71.47,71.99749667965058,49.6931715779419,96.41567794896908
2018-10-18 09:00:00+02:00,2018-10-18,9,71.93,73.56770099836895,54.35719502464697,97.00852999810637
2018-10-18 10:00:00+02:00,2018-10-18,10,72.1,73.14944370646182,55.95098679835791,95.11424610009321
2018-10-18 11:00:00+02:00,2018-10-18,11,71.1,72.0501313446014,55.729845398016025,93.58987483412534
2018-10-18 12:00:00+02:00,2018-10-18,12,70.15,71.6930164237564,55.36644389346096,92.85779516304089
2018-10-18 13:00:00+02:00,2018-10-18,13,68.95,71.50861464145906,54.095742443983866,92.77486269496953
2018-10-18 14:00:00+02:00,2018-10-18,14,64.16,70.28313015102461,53.87807491637535,91.48777105756602
2018-10-18 15:00:00+02:00,2018-10-18,15,62.53,68.3867733390297,49.43088992754358,89.72020715597948
2018-10-18 16:00:00+02:00,2018-10-18,16,62.53,68.6248744722622,49.03400339175982,90.79790583759464
2018-10-18 17:00:00+02:00,2018-10-18,17,70.5,69.76452978336454,48.15825081745992,92.73104980426486
2018-10-18 18:00:00+02:00,2018-10-18,18,70.0,70.84199983959549,50.130856980637105,95.62867474202851
2018-10-18 19:00:00+02:00,2018-10-18,19,71.01,71.44500288338867,52.97603279738243,96.92951827704272
2018-10-18 20:00:00+02:00,2018-10-18,20,74.1,72.06363760554378,56.24280260516821,94.60532018308083
2018-10-18 21:00:00+02:00,2018-10-18,21,66.22,69.5776602151464,54.56560527597617,87.71493919282288
2018-10-18 22:00:00+02:00,2018-10-18,22,62.07,65.35653613292986,51.67628565165411,85.73122257155548
2018-10-18 23:00:00+02:00,2018-10-18,23,59.32,61.56248073800454,48.19639232774276,82.28440711585283
2018-10-19 00:00:00+02:00,2018-10-19,0,54.12,59.04779523524144,45.05784097492971,78.3687257884781
2018-10-19 01:00:00+02:00,2018-10-19,1,52.51,54.19644151031639,37.6850105470096,74.36758067203681
2018-10-19 02:00:00+02:00,2018-10-19,2,50.63,51.441172297784135,37.4612775143563,71.3386612082125
2018-10-19 03:00:00+02:00,2018-10-19,3,49.94,49.765836810779305,34.608891455596094,68.89326924796922
2018-10-19 04:00:00+02:00,2018-10-19,4,50.22,49.78974730905633,35.008364164472844,68.6608756428418
2018-10-19 05:00:00+02:00,2018-10-19,5,52.25,50.50386536965654,34.50071237586492,71.55917549198445
2018-10-19 06:00:00+02:00,2018-10-19,6,57.16,56.649479398110785,38.66878719969474,78.09983668045663
2018-10-19 07:00:00+02:00,2018-10-19,7,69.17,62.95782402524584,41.80877785350688,87.49412411705183
2018-10-19 08:00:00+02:00,2018-10-19,8,70.0,65.81884618756774,43.51452108585906,90.23702745688624
2018-10-19 09:00:00+02:00,2018-10-19,9,70.46,67.02389799569646,47.81339202197448,90.46472699543388
2018-10-19 10:00:00+02:00,2018-10-19,10,70.46,68.03319515638934,50.834738248285426,89.99799755002073
2018-10-19 11:00:00+02:00,2018-10-19,11,70.0,67.39190611447066,51.071620167885285,88.9316496039946
2018-10-19 12:00:00+02:00,2018-10-19,12,69.4,66.18102282548541,49.85445029518997,87.3458015647699
2018-10-19 13:00:00+02:00,2018-10-19,13,63.5,65.16411632086216,47.75124412338697,86.43036437437263
2018-10-19 14:00:00+02:00,2018-10-19,14,60.91,62.81521308131603,46.41015784666677,84.01985398785745
2018-10-19 15:00:00+02:00,2018-10-19,15,60.92,61.21294310259818,42.25705969111206,82.54637691954795
2018-10-19 16:00:00+02:00,2018-10-19,16,62.17,61.53719599364572,41.94632491314333,83.71022735897816
2018-10-19 17:00:00+02:00,2018-10-19,17,68.95,64.01653058297299,42.410251617068376,86.98305060387331
2018-10-19 18:00:00+02:00,2018-10-19,18,68.95,65.67992723949195,44.96878438053356,90.46660214192497
2018-10-19 19:00:00+02:00,2018-10-19,19,70.0,68.94943625619453,50.48046617018829,94.43395164984858
2018-10-19 20:00:00+02:00,2018-10-19,20,73.19,69.28912525247088,53.468290252095315,91.83080783000793
2018-10-19 21:00:00+02:00,2018-10-19,21,68.95,66.23189647521278,51.21984153604255,84.36917545288927
2018-10-19 22:00:00+02:00,2018-10-19,22,60.43,62.493165083942166,48.81291460266642,82.86785152256778
2018-10-19 23:00:00+02:00,2018-10-19,23,57.98,58.152694552721506,44.786606142459725,78.87462093056979
2018-10-20 00:00:00+02:00,2018-10-20,0,64.75,53.989671830488156,39.99971757017643,73.31060238372483
2018-10-20 01:00:00+02:00,2018-10-20,1,56.55,50.66314502275541,34.151714059448615,70.83428418447582
2018-10-20 02:00:00+02:00,2018-10-20,2,53.01,48.238119178528436,34.2582243951006,68.13560808895681
2018-10-20 03:00:00+02:00,2018-10-20,3,52.55,46.068694586468006,30.911749231284794,65.19612702365791
2018-10-20 04:00:00+02:00,2018-10-20,4,52.46,45.76354930748827,30.982166162904782,64.63467764127374
2018-10-20 05:00:00+02:00,2018-10-20,5,51.2,47.2586305211453,31.255477527353683,68.31394064347322
2018-10-20 06:00:00+02:00,2018-10-20,6,52.4,52.25024173295246,34.26954953453642,73.70059901529831
2018-10-20 07:00:00+02:00,2018-10-20,7,56.03,58.563828332542016,37.41478216080306,83.10012842434801
2018-10-20 08:00:00+02:00,2018-10-20,8,60.0,60.94257403908868,38.63824893738,85.36075530840718
2018-10-20 09:00:00+02:00,2018-10-20,9,67.26,62.786674546578,43.57616857285602,86.22750354631542
2018-10-20 10:00:00+02:00,2018-10-20,10,66.48,64.1538097921972,46.95535288409328,86.11861218582858
2018-10-20 11:00:00+02:00,2018-10-20,11,61.78,63.23121175621441,46.910925809629035,84.77095524573835
2018-10-20 12:00:00+02:00,2018-10-20,12,59.21,62.55085847706748,46.224285946772035,83.71563721635196
2018-10-20 13:00:00+02:00,2018-10-20,13,57.35,60.78944702213131,43.37657482465612,82.05569507564178
2018-10-20 14:00:00+02:00,2018-10-20,14,55.01,58.96992456825912,42.564869333609856,80.17456547480053
2018-10-20 15:00:00+02:00,2018-10-20,15,53.05,57.812724004927965,38.856840593441845,79.14615782187775
2018-10-20 16:00:00+02:00,2018-10-20,16,55.11,58.19148430917206,38.60061322866967,80.3645156745045
2018-10-20 17:00:00+02:00,2018-10-20,17,61.24,61.14121545012222,39.5349364842176,84.10773547102254
2018-10-20 18:00:00+02:00,2018-10-20,18,68.4,64.63728630737626,43.926143448417875,89.42396120980928
2018-10-20 19:00:00+02:00,2018-10-20,19,70.01,67.89190797340771,49.422937887401474,93.37642336706176
2018-10-20 20:00:00+02:00,2018-10-20,20,71.69,68.4672074680478,52.646372467672236,91.00889004558485
2018-10-20 21:00:00+02:00,2018-10-20,21,64.75,66.52857651794511,51.516521578774885,84.6658554956216
2018-10-20 22:00:00+02:00,2018-10-20,22,60.01,61.42609999547149,47.74584951419574,81.8007864340971
2018-10-20 23:00:00+02:00,2018-10-20,23,60.86,56.96502303087262,43.59893462061084,77.68694940872092
2018-10-21 00:00:00+02:00,2018-10-21,0,55.0,56.711541088321816,42.72158682801009,76.03247164155849
2018-10-21 01:00:00+02:00,2018-10-21,1,54.01,50.59998535587805,34.088554392571254,70.77112451759847
2018-10-21 02:00:00+02:00,2018-10-21,2,51.53,47.384646261218414,33.404751477790576,67.28213517164679
2018-10-21 03:00:00+02:00,2018-10-21,3,50.5,46.25576234997173,31.09881699478852,65.38319478716164
2018-10-21 04:00:00+02:00,2018-10-21,4,50.33,45.79390107430782,31.012517929724332,64.66502940809329
2018-10-21 05:00:00+02:00,2018-10-21,5,50.5,46.19084697686738,30.18769398307576,67.24615709919529
2018-10-21 06:00:00+02:00,2018-10-21,6,52.02,49.21538112877275,31.234688930356704,70.66573841111861
2018-10-21 07:00:00+02:00,2018-10-21,7,56.03,52.390504857306816,31.241458685567856,76.9268049491128
2018-10-21 08:00:00+02:00,2018-10-21,8,59.0,54.78224679574282,32.47792169403414,79.20042806506132
2018-10-21 09:00:00+02:00,2018-10-21,9,61.03,59.02914534994945,39.81863937622747,82.46997434968688
2018-10-21 10:00:00+02:00,2018-10-21,10,60.94,60.08726945515593,42.88881254705202,82.05207184878732
2018-10-21 11:00:00+02:00,2018-10-21,11,60.79,58.5083381265739,42.18805217998853,80.04808161609785
2018-10-21 12:00:00+02:00,2018-10-21,12,61.0,57.17731711741551,40.85074458712007,78.3420958567
2018-10-21 13:00:00+02:00,2018-10-21,13,65.92,57.39118090849623,39.978308711021036,78.65742896200669
2018-10-21 14:00:00+02:00,2018-10-21,14,66.16,55.71234903790118,39.307293803251916,76.91698994444259
2018-10-21 15:00:00+02:00,2018-10-21,15,60.0,53.2762215465758,34.32033813508968,74.60965536352558
2018-10-21 16:00:00+02:00,2018-10-21,16,58.64,54.089192830494255,34.49832174999187,76.26222419582669
2018-10-21 17:00:00+02:00,2018-10-21,17,60.99,56.70679840676919,35.10051944086457,79.6733184276695
2018-10-21 18:00:00+02:00,2018-10-21,18,68.95,63.16646494671265,42.45532208775427,87.95313984914567
2018-10-21 19:00:00+02:00,2018-10-21,19,72.82,66.9765107851385,48.507540699132264,92.46102617879257
2018-10-21 20:00:00+02:00,2018-10-21,20,72.5,68.27622175789185,52.45538675751628,90.81790433542889
2018-10-21 21:00:00+02:00,2018-10-21,21,71.01,66.85599588637506,51.84394094720483,84.99327486405154
2018-10-21 22:00:00+02:00,2018-10-21,22,69.69,63.05766488887508,49.37741440759933,83.4323513275007
2018-10-21 23:00:00+02:00,2018-10-21,23,66.56,59.94915362150296,46.58306521124118,80.67107999935125
2018-10-22 00:00:00+02:00,2018-10-22,0,60.59,57.89318956722771,43.90323530691598,77.21412012046437
2018-10-22 01:00:00+02:00,2018-10-22,1,56.55,52.81839019243042,36.30695922912363,72.98952935415085
2018-10-22 02:00:00+02:00,2018-10-22,2,54.64,49.85381841514564,35.8739236317178,69.751307325574
2018-10-22 03:00:00+02:00,2018-10-22,3,54.08,48.78909368067174,33.63214832548853,67.91652611786165
2018-10-22 04:00:00+02:00,2018-10-22,4,53.55,48.63068814305628,33.849304998472796,67.50181647684175
2018-10-22 05:00:00+02:00,2018-10-22,5,53.55,49.815336011450356,33.81218301765874,70.87064613377827
2018-10-22 06:00:00+02:00,2018-10-22,6,60.0,54.81036815608045,36.829675957664406,76.2607254384263
2018-10-22 07:00:00+02:00,2018-10-22,7,71.31,61.527418836923246,40.37837266518429,86.06371892872923
2018-10-22 08:00:00+02:00,2018-10-22,8,72.89,64.22144961150511,41.91712450979642,88.6396308808236
2018-10-22 09:00:00+02:00,2018-10-22,9,72.82,65.93197106424323,46.72146509052125,89.37280006398065
2018-10-22 10:00:00+02:00,2018-10-22,10,71.15,66.06109689415385,48.862639986049935,88.02589928778524
2018-10-22 11:00:00+02:00,2018-10-22,11,70.17,66.6142138573499,50.29392791076452,88.15395734687384
2018-10-22 12:00:00+02:00,2018-10-22,12,68.37,66.00669246596064,49.680119935665196,87.17147120524513
2018-10-22 13:00:00+02:00,2018-10-22,13,62.17,66.78811453610284,49.37524233862764,88.0543625896133
2018-10-22 14:00:00+02:00,2018-10-22,14,58.79,65.68497348107137,49.279918246422106,86.88961438761278
2018-10-22 15:00:00+02:00,2018-10-22,15,58.0,63.5689695716953,44.61308616020918,84.90240338864507
2018-10-22 16:00:00+02:00,2018-10-22,16,57.88,64.12753191607062,44.536660835568235,86.30056328140307
2018-10-22 17:00:00+02:00,2018-10-22,17,66.54,65.21796178668906,43.611682820784445,88.18448180758938
2018-10-22 18:00:00+02:00,2018-10-22,18,68.17,70.2459871530506,49.534844294092224,95.03266205548363
2018-10-22 19:00:00+02:00,2018-10-22,19,70.03,72.80595262699204,54.3369825409858,98.2904680206461
2018-10-22 20:00:00+02:00,2018-10-22,20,72.82,72.64657303710744,56.82573803673188,95.1882556146445
2018-10-22 21:00:00+02:00,2018-10-22,21,67.55,71.05105502612207,56.039000086951845,89.18833400379856
2018-10-22 22:00:00+02:00,2018-10-22,22,59.72,67.81868784445822,54.138437363182476,88.19337428308384
2018-10-22 23:00:00+02:00,2018-10-22,23,55.11,64.02330884194699,50.657220431685204,84.74523521979528
2018-10-23 00:00:00+02:00,2018-10-23,0,54.23,54.37994360662633,40.3899893463146,73.70087415986299
2018-10-23 01:00:00+02:00,2018-10-23,1,52.9,50.351814734933214,33.84038377162642,70.52295389665363
2018-10-23 02:00:00+02:00,2018-10-23,2,50.14,47.86151068517633,33.88161590174849,67.7589995956047
2018-10-23 03:00:00+02:00,2018-10-23,3,49.14,46.81434536812738,31.657400012944166,65.94177780531729
2018-10-23 04:00:00+02:00,2018-10-23,4,49.0,45.807466268056444,31.026083123472958,64.67859460184192
2018-10-23 05:00:00+02:00,2018-10-23,5,50.0,47.127156260726316,31.1240032669347,68.18246638305422
2018-10-23 06:00:00+02:00,2018-10-23,6,54.4,53.07344884047708,35.09275664206103,74.52380612282293
2018-10-23 07:00:00+02:00,2018-10-23,7,68.64,60.93631384670878,39.78726767496982,85.47261393851477
2018-10-23 08:00:00+02:00,2018-10-23,8,70.0,63.17453422295184,40.87020912124315,87.59271549227034
2018-10-23 09:00:00+02:00,2018-10-23,9,70.46,64.99034150283748,45.7798355291155,88.4311705025749
2018-10-23 10:00:00+02:00,2018-10-23,10,70.46,64.59211216360424,47.39365525550033,86.55691455723563
2018-10-23 11:00:00+02:00,2018-10-23,11,70.01,63.45564292669811,47.13535698011274,84.99538641622206
2018-10-23 12:00:00+02:00,2018-10-23,12,68.89,62.57184869108179,46.24527616078635,83.73662743036627
2018-10-23 13:00:00+02:00,2018-10-23,13,64.96,61.3303763713367,43.9175041738615,82.59662442484716
2018-10-23 14:00:00+02:00,2018-10-23,14,60.85,59.09393013411026,42.688874899461,80.29857104065167
2018-10-23 15:00:00+02:00,2018-10-23,15,58.99,58.97157274813769,40.01568933665157,80.30500656508747
2018-10-23 16:00:00+02:00,2018-10-23,16,59.25,59.30621283473332,39.715341754230934,81.47924420006576
2018-10-23 17:00:00+02:00,2018-10-23,17,64.26,62.28034857610028,40.674069610195666,85.2468685970006
2018-10-23 18:00:00+02:00,2018-10-23,18,70.99,64.69771039996786,43.98656754100948,89.48438530240088
2018-10-23 19:00:00+02:00,2018-10-23,19,73.41,66.0580876998084,47.58911761380216,91.54260309346245
2018-10-23 20:00:00+02:00,2018-10-23,20,75.45,66.94937542741937,51.1285404270438,89.49105800495641
2018-10-23 21:00:00+02:00,2018-10-23,21,70.46,65.80078943196142,50.78873449279119,83.9380684096379
2018-10-23 22:00:00+02:00,2018-10-23,22,67.64,60.79844356291706,47.11819308164131,81.17313000154267
2018-10-23 23:00:00+02:00,2018-10-23,23,59.78,55.83727214440885,42.47118373414707,76.55919852225713
2018-10-24 00:00:00+02:00,2018-10-24,0,58.64,54.625684577986384,40.63573031767466,73.94661513122306
2018-10-24 01:00:00+02:00,2018-10-24,1,58.08,51.500009735178494,34.9885787718717,71.67114889689891
2018-10-24 02:00:00+02:00,2018-10-24,2,55.11,48.741586016334644,34.761691232906806,68.63907492676302
2018-10-24 03:00:00+02:00,2018-10-24,3,55.0,47.70911679564379,32.552171440460576,66.8365492328337
2018-10-24 04:00:00+02:00,2018-10-24,4,54.23,47.178756229818234,32.39737308523475,66.04988456360371
2018-10-24 05:00:00+02:00,2018-10-24,5,54.31,48.60269666241737,32.599543668625756,69.65800678474528
2018-10-24 06:00:00+02:00,2018-10-24,6,58.0,53.813626877611895,35.83293467919585,75.26398415995774
2018-10-24 07:00:00+02:00,2018-10-24,7,70.46,63.269078119506375,42.120031947767416,87.80537821131236
2018-10-24 08:00:00+02:00,2018-10-24,8,73.34,65.89310973108304,43.58878462937436,90.31129100040154
2018-10-24 09:00:00+02:00,2018-10-24,9,73.36,67.08447420825874,47.87396823453676,90.52530320799616
2018-10-24 10:00:00+02:00,2018-10-24,10,73.36,67.10332006879199,49.90486316068807,89.06812246242337
2018-10-24 11:00:00+02:00,2018-10-24,11,71.51,67.124466878118,50.80418093153263,88.66421036764194
2018-10-24 12:00:00+02:00,2018-10-24,12,70.67,65.89647156214332,49.569899031847875,87.0612503014278
2018-10-24 13:00:00+02:00,2018-10-24,13,70.0,64.9283318605354,47.5154596630602,86.19457991404586
2018-10-24 14:00:00+02:00,2018-10-24,14,67.0,61.39306460767091,44.98800937302165,82.59770551421232
2018-10-24 15:00:00+02:00,2018-10-24,15,64.2,60.37583824063912,41.419954829153,81.70927205758889
2018-10-24 16:00:00+02:00,2018-10-24,16,64.93,61.00103547866843,41.41016439816604,83.17406684400086
2018-10-24 17:00:00+02:00,2018-10-24,17,67.85,64.37643765075987,42.770158684855254,87.34295767166019
2018-10-24 18:00:00+02:00,2018-10-24,18,69.17,68.11338934935468,47.402246490396294,92.9000642517877
2018-10-24 19:00:00+02:00,2018-10-24,19,72.24,69.70643593366228,51.23746584765604,95.19095132731633
2018-10-24 20:00:00+02:00,2018-10-24,20,75.0,70.18876381262989,54.36792881225432,92.73044639016695
2018-10-24 21:00:00+02:00,2018-10-24,21,73.36,68.57178969025311,53.559734751082885,86.7090686679296
2018-10-24 22:00:00+02:00,2018-10-24,22,68.62,64.32157297344617,50.64132249217042,84.69625941207178
2018-10-24 23:00:00+02:00,2018-10-24,23,66.9,59.66759364288383,46.30150523262205,80.38952002073212
2018-10-25 00:00:00+02:00,2018-10-25,0,65.2,61.02920962153331,47.039255361221585,80.35014017476998
2018-10-25 01:00:00+02:00,2018-10-25,1,64.75,57.06760347869459,40.5561725153878,77.23874264041501
2018-10-25 02:00:00+02:00,2018-10-25,2,60.19,53.670149461425964,39.69025467799813,73.56763837185434
2018-10-25 03:00:00+02:00,2018-10-25,3,59.87,53.51135915624777,38.35441380106456,72.63879159343767
2018-10-25 04:00:00+02:00,2018-10-25,4,59.85,52.58881889957428,37.80743575499079,71.45994723335974
2018-10-25 05:00:00+02:00,2018-10-25,5,62.01,53.446349751917865,37.44319675812625,74.50165987424577
2018-10-25 06:00:00+02:00,2018-10-25,6,68.94,58.38722051491484,40.40652831649879,79.83757779726069
2018-10-25 07:00:00+02:00,2018-10-25,7,73.45,67.82251991345336,46.6734737417144,92.35882000525936
2018-10-25 08:00:00+02:00,2018-10-25,8,74.75,69.90148467626975,47.59715957456106,94.31966594558824
2018-10-25 09:00:00+02:00,2018-10-25,9,75.36,70.32208038423796,51.111574410515985,93.76290938397538
2018-10-25 10:00:00+02:00,2018-10-25,10,75.18,70.92315180325744,53.724694895153526,92.88795419688883
2018-10-25 11:00:00+02:00,2018-10-25,11,74.07,70.04675285563908,53.72646690905371,91.58649634516303
2018-10-25 12:00:00+02:00,2018-10-25,12,74.25,69.78918923180093,53.46261670150549,90.95396797108542
2018-10-25 13:00:00+02:00,2018-10-25,13,74.05,69.95480646068181,52.54193426320661,91.22105451419228
2018-10-25 14:00:00+02:00,2018-10-25,14,72.82,68.09379052649892,51.68873529184966,89.29843143304034
2018-10-25 15:00:00+02:00,2018-10-25,15,70.15,66.21674924114664,47.260865829660524,87.55018305809642
2018-10-25 16:00:00+02:00,2018-10-25,16,70.0,67.06181733230147,47.470946251799084,89.23484869763391
2018-10-25 17:00:00+02:00,2018-10-25,17,74.15,69.22673927415408,47.62046030824947,92.1932592950544
2018-10-25 18:00:00+02:00,2018-10-25,18,74.67,70.93789776125854,50.22675490230016,95.72457266369156
2018-10-25 19:00:00+02:00,2018-10-25,19,75.75,72.09033689460871,53.621366808602474,97.57485228826278
2018-10-25 20:00:00+02:00,2018-10-25,20,78.05,72.70363930041486,56.8828043000393,95.24532187795191
2018-10-25 21:00:00+02:00,2018-10-25,21,75.75,71.82889779146709,56.81684285229686,89.96617676914357
2018-10-25 22:00:00+02:00,2018-10-25,22,72.39,67.58218144908729,53.90193096781154,87.9568678877129
2018-10-25 23:00:00+02:00,2018-10-25,23,70.0,64.63057599844869,51.26448758818691,85.35250237629698
2018-10-26 00:00:00+02:00,2018-10-26,0,72.82,64.32386245983145,50.33390819951972,83.64479301306811
2018-10-26 01:00:00+02:00,2018-10-26,1,70.46,60.115825744803445,43.60439478149665,80.28696490652386
2018-10-26 02:00:00+02:00,2018-10-26,2,69.39,56.95223317904349,42.97233839561565,76.84972208947187
2018-10-26 03:00:00+02:00,2018-10-26,3,67.08,55.470790362189724,40.31384500700651,74.59822279937964
2018-10-26 04:00:00+02:00,2018-10-26,4,65.41,55.14826044211496,40.366877297531474,74.01938877590044
2018-10-26 05:00:00+02:00,2018-10-26,5,65.18,56.030221980560825,40.02706898676921,77.08553210288873
2018-10-26 06:00:00+02:00,2018-10-26,6,70.22,61.56834031357336,43.587648115157315,83.0186975959192
2018-10-26 07:00:00+02:00,2018-10-26,7,75.01,67.51570405456833,46.36665788282937,92.05200414637432
2018-10-26 08:00:00+02:00,2018-10-26,8,76.01,69.53013922376142,47.22581412205274,93.94832049307992
2018-10-26 09:00:00+02:00,2018-10-26,9,77.06,70.32225653418193,51.11175056045995,93.76308553391935
2018-10-26 10:00:00+02:00,2018-10-26,10,77.14,70.9045950096195,53.706138101515585,92.86939740325089
2018-10-26 11:00:00+02:00,2018-10-26,11,77.01,70.17668057513244,53.856394628547065,91.71642406465638
2018-10-26 12:00:00+02:00,2018-10-26,12,76.82,69.65434817749211,53.32777564719667,90.8191269167766
2018-10-26 13:00:00+02:00,2018-10-26,13,74.23,69.5321774285703,52.1193052310951,90.79842548208076
2018-10-26 14:00:00+02:00,2018-10-26,14,70.46,68.60618510948176,52.201129874832496,89.81082601602317
2018-10-26 15:00:00+02:00,2018-10-26,15,69.36,66.3678722251232,47.41198881363707,87.70130604207297
2018-10-26 16:00:00+02:00,2018-10-26,16,68.01,66.9881862663922,47.397315185889816,89.16121763172464
2018-10-26 17:00:00+02:00,2018-10-26,17,69.64,68.9605982260919,47.35431926018729,91.92711824699222
2018-10-26 18:00:00+02:00,2018-10-26,18,70.15,71.44499908282945,50.73385622387107,96.23167398526247
2018-10-26 19:00:00+02:00,2018-10-26,19,71.78,71.51153634117753,53.042566255171295,96.99605173483158
2018-10-26 20:00:00+02:00,2018-10-26,20,73.65,72.63903872322906,56.8182037228535,95.18072130076612
2018-10-26 21:00:00+02:00,2018-10-26,21,68.2,71.67467887613813,56.662623936967904,89.81195785381462
2018-10-26 22:00:00+02:00,2018-10-26,22,66.02,68.59555963351765,54.9153091522419,88.97024607214327
2018-10-26 23:00:00+02:00,2018-10-26,23,64.02,65.63098391575846,52.26489550549668,86.35291029360675
2018-10-27 00:00:00+02:00,2018-10-27,0,68.49,62.71013773204625,48.72018347173452,82.03106828528291
2018-10-27 01:00:00+02:00,2018-10-27,1,64.51,59.234208477851084,42.72277751454429,79.4053476395715
2018-10-27 02:00:00+02:00,2018-10-27,2,61.65,56.34939796954014,42.369503186112304,76.24688687996851
2018-10-27 03:00:00+02:00,2018-10-27,3,54.6,54.55645791117829,39.39951255599508,73.68389034836821
2018-10-27 04:00:00+02:00,2018-10-27,4,53.07,53.637706544505974,38.85632339992249,72.50883487829145
2018-10-27 05:00:00+02:00,2018-10-27,5,53.14,53.953078766049394,37.94992577225778,75.00838888837731
2018-10-27 06:00:00+02:00,2018-10-27,6,53.99,57.528497083036555,39.54780488462051,78.9788543653824
2018-10-27 07:00:00+02:00,2018-10-27,7,55.0,61.0474886415318,39.89844246979284,85.5837887333378
2018-10-27 08:00:00+02:00,2018-10-27,8,55.49,62.694723031022136,40.39039792931345,87.11290430034063
2018-10-27 09:00:00+02:00,2018-10-27,9,66.18,63.931038401734234,44.720532428012255,87.37186740147166
2018-10-27 10:00:00+02:00,2018-10-27,10,70.0,66.05110069358527,48.852643785481355,88.01590308721666
2018-10-27 11:00:00+02:00,2018-10-27,11,69.39,66.32756619052273,50.00728024393736,87.86730968004667
2018-10-27 12:00:00+02:00,2018-10-27,12,65.99,65.00337885706614,48.676806326770695,86.16815759635062
2018-10-27 13:00:00+02:00,2018-10-27,13,65.61,64.527779079373,47.11490688189781,85.79402713288347
2018-10-27 14:00:00+02:00,2018-10-27,14,60.17,62.53083468647873,46.125779451829466,83.73547559302014
2018-10-27 15:00:00+02:00,2018-10-27,15,53.56,60.66162262324127,41.70573921175515,81.99505644019105
2018-10-27 16:00:00+02:00,2018-10-27,16,52.6,60.50932419770894,40.91845311720655,82.68235556304138
2018-10-27 17:00:00+02:00,2018-10-27,17,52.6,61.56037790539924,39.95409893949463,84.52689792629957
2018-10-27 18:00:00+02:00,2018-10-27,18,53.35,65.29800256953271,44.58685971057433,90.08467747196573
2018-10-27 19:00:00+02:00,2018-10-27,19,63.11,67.91189668307818,49.442926597071946,93.39641207673225
2018-10-27 20:00:00+02:00,2018-10-27,20,70.44,70.04005833301191,54.219223332636346,92.58174091054897
2018-10-27 21:00:00+02:00,2018-10-27,21,68.95,67.0485187310833,52.03646379191308,85.1857977087598
2018-10-27 22:00:00+02:00,2018-10-27,22,65.18,62.949678393201694,49.269427911925945,83.32436483182731
2018-10-27 23:00:00+02:00,2018-10-27,23,59.49,60.157438809473646,46.791350399211865,80.87936518732194
2018-10-30 00:00:00+01:00,2018-10-30,0,54.08,56.99125528533811,43.001301025026386,76.31218583857478
2018-10-30 01:00:00+01:00,2018-10-30,1,53.13,53.011427609324144,36.49999664601735,73.18256677104456
2018-10-30 02:00:00+01:00,2018-10-30,2,52.9,49.89220436950065,35.91230958607281,69.78969327992903
2018-10-30 03:00:00+01:00,2018-10-30,3,52.52,46.94423723038567,31.787291875202456,66.07166966757558
2018-10-30 04:00:00+01:00,2018-10-30,4,53.0,47.53237714130462,32.750993996721135,66.4035054750901
2018-10-30 05:00:00+01:00,2018-10-30,5,55.49,52.02130104113593,36.01814804734431,73.07661116346384
2018-10-30 06:00:00+01:00,2018-10-30,6,59.2,58.60304792686519,40.62235572844914,80.05340520921104
2018-10-30 07:00:00+01:00,2018-10-30,7,67.9,67.24984761612197,46.10080144438301,91.78614770792797
2018-10-30 08:00:00+01:00,2018-10-30,8,69.69,70.15691302189249,47.85258792018381,94.57509429121099
2018-10-30 09:00:00+01:00,2018-10-30,9,70.4,71.00511871646908,51.794612742747105,94.4459477162065
2018-10-30 10:00:00+01:00,2018-10-30,10,70.42,70.54134190040025,53.34288499229634,92.50614429403164
2018-10-30 11:00:00+01:00,2018-10-30,11,70.25,70.24498088533933,53.92469493875396,91.78472437486327
2018-10-30 12:00:00+01:00,2018-10-30,12,70.45,69.18880996237871,52.86223743208327,90.3535887016632
2018-10-30 13:00:00+01:00,2018-10-30,13,70.2,68.81124178086831,51.39836958339312,90.07748983437878
2018-10-30 14:00:00+01:00,2018-10-30,14,69.43,65.93543928007782,49.530384045428555,87.14008018661923
2018-10-30 15:00:00+01:00,2018-10-30,15,67.81,65.12250183306492,46.1666184215788,86.4559356500147
2018-10-30 16:00:00+01:00,2018-10-30,16,67.89,67.63457422732073,48.04370314681834,89.80760559265318
2018-10-30 17:00:00+01:00,2018-10-30,17,69.72,71.21372808006922,49.6074491141646,94.18024810096954
2018-10-30 18:00:00+01:00,2018-10-30,18,70.09,74.49253828655223,53.78139542759385,99.27921318898525
2018-10-30 19:00:00+01:00,2018-10-30,19,72.1,76.7990793031179,58.33010921711167,102.28359469677196
2018-10-30 20:00:00+01:00,2018-10-30,20,74.28,75.65881006794726,59.83797506757169,98.2004926454843
2018-10-30 21:00:00+01:00,2018-10-30,21,73.01,72.60138630327374,57.589331364103515,90.73866528095023
2018-10-30 22:00:00+01:00,2018-10-30,22,70.29,68.09400197453024,54.413751493254495,88.46868841315586
2018-10-30 23:00:00+01:00,2018-10-30,23,65.46,64.99716379882334,51.631075388561555,85.71909017667163
2018-10-31 00:00:00+01:00,2018-10-31,0,65.55,59.4234236055353,45.43346934522357,78.74435415877197
2018-10-31 01:00:00+01:00,2018-10-31,1,60.77,55.68574286933703,39.17431190603023,75.85688203105744
2018-10-31 02:00:00+01:00,2018-10-31,2,59.57,53.54288210973336,39.562987326305525,73.44037102016173
2018-10-31 03:00:00+01:00,2018-10-31,3,56.16,52.507703875386234,37.35075852020302,71.63513631257615
2018-10-31 04:00:00+01:00,2018-10-31,4,55.49,52.432838968560546,37.65145582397706,71.30396730234602
2018-10-31 05:00:00+01:00,2018-10-31,5,57.05,54.609153089749455,38.60600009595784,75.66446321207737
2018-10-31 06:00:00+01:00,2018-10-31,6,68.68,59.89642855305035,41.915736354634305,81.3467858353962
2018-10-31 07:00:00+01:00,2018-10-31,7,71.07,68.32751142157993,47.17846524984097,92.86381151338591
2018-10-31 08:00:00+01:00,2018-10-31,8,71.7,70.99875857190094,48.69443347019225,95.41693984121943
2018-10-31 09:00:00+01:00,2018-10-31,9,72.98,71.9568864321686,52.74638045844662,95.39771543190602
2018-10-31 10:00:00+01:00,2018-10-31,10,73.1,70.94539962138853,53.74694271328462,92.91020201501992
2018-10-31 11:00:00+01:00,2018-10-31,11,71.9,71.21000726875005,54.889721322164675,92.74975075827399
2018-10-31 12:00:00+01:00,2018-10-31,12,71.9,71.26416082599694,54.937588295701495,92.42893956528142
2018-10-31 13:00:00+01:00,2018-10-31,13,72.1,70.29291058448263,52.88003838700743,91.5591586379931
2018-10-31 14:00:00+01:00,2018-10-31,14,71.61,69.20263125468283,52.79757602003357,90.40727216122424
2018-10-31 15:00:00+01:00,2018-10-31,15,71.18,68.38244989048032,49.4265664789942,89.7158837074301
2018-10-31 16:00:00+01:00,2018-10-31,16,71.22,69.97574829871255,50.38487721821016,92.14877966404498
2018-10-31 17:00:00+01:00,2018-10-31,17,72.59,72.24514354708442,50.63886458117981,95.21166356798474
2018-10-31 18:00:00+01:00,2018-10-31,18,73.0,74.06072964943114,53.349586790472756,98.84740455186416
2018-10-31 19:00:00+01:00,2018-10-31,19,74.81,75.92155461419388,57.45258452818764,101.40607000784794
2018-10-31 20:00:00+01:00,2018-10-31,20,75.93,74.55514060049356,58.73430560011799,97.0968231780306
2018-10-31 21:00:00+01:00,2018-10-31,21,70.13,72.09039289354534,57.078337954375115,90.22767187122183
2018-10-31 22:00:00+01:00,2018-10-31,22,67.89,68.50858006783683,54.82832958656108,88.88326650646245
2018-10-31 23:00:00+01:00,2018-10-31,23,67.64,64.81872669950288,51.452638289241094,85.54065307735117
2018-11-01 00:00:00+01:00,2018-11-01,0,38.37,63.401158205440595,49.41120394512887,82.72208875867726
2018-11-01 01:00:00+01:00,2018-11-01,1,36.3,58.488020493916586,41.97658953060979,78.65915965563701
2018-11-01 02:00:00+01:00,2018-11-01,2,34.2,55.6278643338915,41.647969550463664,75.52535324431987
2018-11-01 03:00:00+01:00,2018-11-01,3,33.0,54.312520060416,39.15557470523279,73.4399524976059
2018-11-01 04:00:00+01:00,2018-11-01,4,33.05,53.622179798380614,38.84079665379713,72.49330813216608
2018-11-01 05:00:00+01:00,2018-11-01,5,37.09,56.279419318001416,40.2762663242098,77.33472944032933
2018-11-01 06:00:00+01:00,2018-11-01,6,41.5,63.98785512700535,46.00716292858931,85.43821240935121
2018-11-01 07:00:00+01:00,2018-11-01,7,53.07,71.26406452401702,50.11501835227806,95.80036461582301
2018-11-01 08:00:00+01:00,2018-11-01,8,57.22,72.86942579424834,50.56510069253966,97.28760706356684
2018-11-01 09:00:00+01:00,2018-11-01,9,59.02,73.88033408916347,54.66982811544149,97.32116308890089
2018-11-01 10:00:00+01:00,2018-11-01,10,57.58,73.14261468683105,55.94415777872714,95.10741708046244
2018-11-01 11:00:00+01:00,2018-11-01,11,57.45,72.73561188083833,56.41532593425296,94.27535537036228
2018-11-01 12:00:00+01:00,2018-11-01,12,54.61,72.66139561665086,56.33482308635542,93.82617435593535
2018-11-01 13:00:00+01:00,2018-11-01,13,54.83,72.2654198453369,54.8525476478617,93.53166789884736
2018-11-01 14:00:00+01:00,2018-11-01,14,54.74,71.20541477319091,54.80035953854165,92.41005567973232
2018-11-01 15:00:00+01:00,2018-11-01,15,54.01,70.8646335970791,51.908750185592986,92.19806741402888
2018-11-01 16:00:00+01:00,2018-11-01,16,54.96,72.13598301084828,52.54511193034589,94.30901437618073
2018-11-01 17:00:00+01:00,2018-11-01,17,57.47,74.74377794947979,53.13749898357518,97.71029797038011
2018-11-01 18:00:00+01:00,2018-11-01,18,57.83,75.15030565870647,54.43916279974809,99.93698056113949
2018-11-01 19:00:00+01:00,2018-11-01,19,59.08,75.79118644254228,57.322216356536046,101.27570183619633
2018-11-01 20:00:00+01:00,2018-11-01,20,63.03,74.67571251259362,58.85487751221805,97.21739509013068
2018-11-01 21:00:00+01:00,2018-11-01,21,62.55,71.18171597666621,56.169661037495985,89.3189949543427
2018-11-01 22:00:00+01:00,2018-11-01,22,58.17,68.12174503437595,54.4414945531002,88.49643147300156
2018-11-01 23:00:00+01:00,2018-11-01,23,57.58,65.3395294496149,51.97344103935312,86.06145582746319
2018-11-02 00:00:00+01:00,2018-11-02,0,50.81,46.677720647328194,32.68776638701647,65.99865120056486
2018-11-02 01:00:00+01:00,2018-11-02,1,46.99,43.625798868259096,27.114367904952303,63.796938029979515
2018-11-02 02:00:00+01:00,2018-11-02,2,44.57,40.65553184111461,26.67563705768677,60.55302075154298
2018-11-02 03:00:00+01:00,2018-11-02,3,44.19,39.74052952550354,24.58358417032033,58.86796196269345
2018-11-02 04:00:00+01:00,2018-11-02,4,43.26,39.22827948818756,24.446896343604074,58.09940782197303
2018-11-02 05:00:00+01:00,2018-11-02,5,43.07,42.48526653348799,26.48211353969637,63.5405766558159
2018-11-02 06:00:00+01:00,2018-11-02,6,43.22,47.75803554906993,29.777343350653886,69.20839283141578
2018-11-02 07:00:00+01:00,2018-11-02,7,44.17,55.47201245408826,34.3229662823493,80.00831254589426
2018-11-02 08:00:00+01:00,2018-11-02,8,44.17,58.680041172502186,36.3757160707935,83.09822244182068
2018-11-02 09:00:00+01:00,2018-11-02,9,44.99,60.64631685342979,41.43581087970781,84.08714585316721
2018-11-02 10:00:00+01:00,2018-11-02,10,48.32,58.66811094109481,41.469654032990896,80.6329133347262
2018-11-02 11:00:00+01:00,2018-11-02,11,48.43,58.075247416704826,41.754961470119454,79.61499090622877
2018-11-02 12:00:00+01:00,2018-11-02,12,48.0,57.79342494849668,41.466852418201235,78.95820368778116
2018-11-02 13:00:00+01:00,2018-11-02,13,50.43,57.04599593269622,39.63312373522103,78.31224398620668
2018-11-02 14:00:00+01:00,2018-11-02,14,47.31,54.93095185299283,38.525896618343566,76.13559275953423
2018-11-02 15:00:00+01:00,2018-11-02,15,44.67,55.16712499436153,36.21124158287541,76.50055881131131
2018-11-02 16:00:00+01:00,2018-11-02,16,44.32,56.295933313201125,36.70506223269874,78.46896467853357
2018-11-02 17:00:00+01:00,2018-11-02,17,44.47,59.3215698357627,37.71529086985809,82.28808985666302
2018-11-02 18:00:00+01:00,2018-11-02,18,48.4,60.325591150302174,39.61444829134379,85.1122660527352
2018-11-02 19:00:00+01:00,2018-11-02,19,61.68,62.40947775561655,43.94050766961031,87.89399314927061
2018-11-02 20:00:00+01:00,2018-11-02,20,63.03,63.25932433811672,47.43848933774115,85.80100691565377
2018-11-02 21:00:00+01:00,2018-11-02,21,63.86,61.35433023758303,46.3422752984128,79.49160921525952
2018-11-02 22:00:00+01:00,2018-11-02,22,62.49,57.54078986309181,43.86053938181606,77.91547630171743
2018-11-02 23:00:00+01:00,2018-11-02,23,55.18,54.46722554034684,41.10113713008506,75.18915191819514
2018-11-03 00:00:00+01:00,2018-11-03,0,9.2,51.219381687341595,37.22942742702987,70.54031224057826
2018-11-03 01:00:00+01:00,2018-11-03,1,8.0,47.00369575735799,30.492264794051195,67.1748349190784
2018-11-03 02:00:00+01:00,2018-11-03,2,5.48,44.7340251320242,30.754130348596362,64.63151404245258
2018-11-03 03:00:00+01:00,2018-11-03,3,5.0,41.92751221314009,26.77056685795688,61.05494465033
2018-11-03 04:00:00+01:00,2018-11-03,4,4.0,42.00808695289597,27.226703808312486,60.87921528668144
2018-11-03 05:00:00+01:00,2018-11-03,5,3.98,43.436318212162035,27.43316521837042,64.49162833448995
2018-11-03 06:00:00+01:00,2018-11-03,6,3.0,46.68911244372409,28.708420245308048,68.13946972606995
2018-11-03 07:00:00+01:00,2018-11-03,7,3.0,49.977316406128196,28.828270234389237,74.51361649793418
2018-11-03 08:00:00+01:00,2018-11-03,8,4.0,51.7712699219878,29.466944820279114,76.18945119130629
2018-11-03 09:00:00+01:00,2018-11-03,9,5.48,54.360904879268546,35.15039890554657,77.80173387900597
2018-11-03 10:00:00+01:00,2018-11-03,10,7.99,55.145870933008744,37.94741402490483,77.11067332664012
2018-11-03 11:00:00+01:00,2018-11-03,11,8.0,54.95127437890525,38.630988432319874,76.4910178684292
2018-11-03 12:00:00+01:00,2018-11-03,12,6.7,54.674820560076924,38.34824802978148,75.83959929936141
2018-11-03 13:00:00+01:00,2018-11-03,13,7.99,55.48443481658435,38.07156261910915,76.7506828700948
2018-11-03 14:00:00+01:00,2018-11-03,14,5.48,52.31622655520789,35.91117132055863,73.5208674617493
2018-11-03 15:00:00+01:00,2018-11-03,15,5.09,50.96205673261336,32.00617332112724,72.29549054956314
2018-11-03 16:00:00+01:00,2018-11-03,16,5.0,51.949065537014334,32.358194456511946,74.12209690234678
2018-11-03 17:00:00+01:00,2018-11-03,17,5.0,53.78561004585473,32.17933107995012,76.75213006675506
2018-11-03 18:00:00+01:00,2018-11-03,18,4.0,58.698042260382735,37.98689940142435,83.48471716281576
2018-11-03 19:00:00+01:00,2018-11-03,19,9.0,64.98839101844962,46.51942093244338,90.47290641210367
2018-11-03 20:00:00+01:00,2018-11-03,20,20.22,64.9117742349337,49.090939234558135,87.45345681247076
2018-11-03 21:00:00+01:00,2018-11-03,21,20.36,64.4262910621731,49.41423612300288,82.5635700398496
2018-11-03 22:00:00+01:00,2018-11-03,22,19.4,61.24156861049412,47.56131812921837,81.61625504911973
2018-11-03 23:00:00+01:00,2018-11-03,23,8.0,57.06316057157876,43.69707216131698,77.78508694942705
2018-11-04 00:00:00+01:00,2018-11-04,0,39.6,15.765171371263069,1.775217110951342,35.08610192449974
2018-11-04 01:00:00+01:00,2018-11-04,1,35.0,13.029613901475978,-3.4818170618308155,33.200753063196395
2018-11-04 02:00:00+01:00,2018-11-04,2,33.9,10.148220957723543,-3.8316738257042946,30.045709868151917
2018-11-04 03:00:00+01:00,2018-11-04,3,31.37,10.217800839636592,-4.939144515546619,29.3452332768265
2018-11-04 04:00:00+01:00,2018-11-04,4,27.27,9.351697474852884,-5.429685669730603,28.222825808638355
2018-11-04 05:00:00+01:00,2018-11-04,5,28.4,11.062265147798469,-4.940887845993148,32.11757527012638
2018-11-04 06:00:00+01:00,2018-11-04,6,36.0,15.976114649790702,-2.004577548625342,37.42647193213656
2018-11-04 07:00:00+01:00,2018-11-04,7,42.52,16.843905008328587,-4.305141163410372,41.380205100134575
2018-11-04 08:00:00+01:00,2018-11-04,8,48.63,19.442006539644268,-2.86231856206442,43.86018780896276
2018-11-04 09:00:00+01:00,2018-11-04,9,52.49,21.15864628318289,1.9481403094609107,44.59947528292031
2018-11-04 10:00:00+01:00,2018-11-04,10,52.37,21.4490316454823,4.250574737378386,43.41383403911369
2018-11-04 11:00:00+01:00,2018-11-04,11,49.92,20.337484885811847,4.017198939226475,41.87722837533579
2018-11-04 12:00:00+01:00,2018-11-04,12,48.57,19.363905813606074,3.0373332833106303,40.52868455289056
2018-11-04 13:00:00+01:00,2018-11-04,13,43.95,19.36052773863248,1.9476555411572853,40.62677579214295
2018-11-04 14:00:00+01:00,2018-11-04,14,41.85,18.137069839938075,1.7320146052888141,39.34171074647949
2018-11-04 15:00:00+01:00,2018-11-04,15,39.1,16.893397466643982,-2.0624859448421375,38.22683128359376
2018-11-04 16:00:00+01:00,2018-11-04,16,38.91,16.595353102824983,-2.9955179776774052,38.76838446815742
2018-11-04 17:00:00+01:00,2018-11-04,17,36.13,17.299802350721105,-4.306476615183509,40.26632237162143
2018-11-04 18:00:00+01:00,2018-11-04,18,35.3,19.901776848185943,-0.8093660107724396,44.68845175061897
2018-11-04 19:00:00+01:00,2018-11-04,19,40.96,25.63568914663287,7.166719060626633,51.12020454028693
2018-11-04 20:00:00+01:00,2018-11-04,20,42.38,28.701775299758072,12.880940299382505,51.24345787729513
2018-11-04 21:00:00+01:00,2018-11-04,21,47.76,28.658042234777092,13.645987295606865,46.79532121245358
2018-11-04 22:00:00+01:00,2018-11-04,22,41.85,24.767795966044268,11.087545484768519,45.142482404669884
2018-11-04 23:00:00+01:00,2018-11-04,23,41.05,20.181235092513642,6.815146682251861,40.90316147036194
2018-11-05 00:00:00+01:00,2018-11-05,0,62.19,34.504166990927075,20.51421273061535,53.82509754416374
2018-11-05 01:00:00+01:00,2018-11-05,1,61.51,32.30006305455315,15.788632091246356,52.47120221627357
2018-11-05 02:00:00+01:00,2018-11-05,2,60.0,31.173286624957804,17.193391841529966,51.070775535386176
2018-11-05 03:00:00+01:00,2018-11-05,3,58.1,29.502576207372858,14.345630852189647,48.630008644562764
2018-11-05 04:00:00+01:00,2018-11-05,4,57.09,27.850644044093475,13.069260899509988,46.72177237787895
2018-11-05 05:00:00+01:00,2018-11-05,5,57.09,31.552489032223786,15.54933603843217,52.6077991545517
2018-11-05 06:00:00+01:00,2018-11-05,6,58.78,38.27597320082766,20.295281002411613,59.72633048317351
2018-11-05 07:00:00+01:00,2018-11-05,7,59.5,45.91072520500185,24.761679033262894,70.44702529680785
2018-11-05 08:00:00+01:00,2018-11-05,8,61.26,49.79627877819749,27.4919536764888,74.21446004751598
2018-11-05 09:00:00+01:00,2018-11-05,9,61.29,50.46446457827034,31.25395860454836,73.90529357800776
2018-11-05 10:00:00+01:00,2018-11-05,10,60.0,49.15115847510606,31.952701567002144,71.11596086873745
2018-11-05 11:00:00+01:00,2018-11-05,11,58.8,48.738681194596396,32.418395248011024,70.27842468412034
2018-11-05 12:00:00+01:00,2018-11-05,12,58.58,48.71934547096396,32.392772940668515,69.88412421024844
2018-11-05 13:00:00+01:00,2018-11-05,13,58.01,46.553898498051375,29.14102630057618,67.82014655156183
2018-11-05 14:00:00+01:00,2018-11-05,14,57.53,45.20821113508639,28.803155900437126,66.4128520416278
2018-11-05 15:00:00+01:00,2018-11-05,15,56.95,43.43708340847176,24.481199996985637,64.77051722542154
2018-11-05 16:00:00+01:00,2018-11-05,16,56.95,44.080524008435866,24.489652927933477,66.25355537376831
2018-11-05 17:00:00+01:00,2018-11-05,17,56.95,45.28525970548892,23.678980739584304,68.25177972638923
2018-11-05 18:00:00+01:00,2018-11-05,18,57.09,48.71527863323389,28.00413577427551,73.50195353566691
2018-11-05 19:00:00+01:00,2018-11-05,19,57.09,52.210370406111146,33.74140032010491,77.6948857997652
2018-11-05 20:00:00+01:00,2018-11-05,20,58.12,51.93332453095506,36.112489530579495,74.47500710849212
2018-11-05 21:00:00+01:00,2018-11-05,21,59.8,52.87982990868518,37.867774969514954,71.01710888636167
2018-11-05 22:00:00+01:00,2018-11-05,22,58.15,48.45502476113816,34.77477427986241,68.82971119976378
2018-11-05 23:00:00+01:00,2018-11-05,23,58.0,44.12578750718116,30.759699096919377,64.84771388502945
2018-11-06 00:00:00+01:00,2018-11-06,0,56.47,57.56526217132549,43.575307911013766,76.88619272456216
2018-11-06 01:00:00+01:00,2018-11-06,1,54.9,54.2284495955271,37.71701863222031,74.39958875724753
2018-11-06 02:00:00+01:00,2018-11-06,2,51.43,52.375321197761934,38.395426414334096,72.2728101081903
2018-11-06 03:00:00+01:00,2018-11-06,3,51.43,50.54269284669884,35.38574749151563,69.67012528388875
2018-11-06 04:00:00+01:00,2018-11-06,4,51.07,50.37092711447599,35.5895439698925,69.24205544826145
2018-11-06 05:00:00+01:00,2018-11-06,5,51.67,51.84682899795909,35.84367600416748,72.902139120287
2018-11-06 06:00:00+01:00,2018-11-06,6,57.12,55.311118191531634,37.33042599311559,76.76147547387748
2018-11-06 07:00:00+01:00,2018-11-06,7,59.0,59.184084986440574,38.035038814701615,83.72038507824657
2018-11-06 08:00:00+01:00,2018-11-06,8,62.17,61.055353395948224,38.75102829423953,85.47353466526673
2018-11-06 09:00:00+01:00,2018-11-06,9,63.04,62.56825648018114,43.35775050645916,86.00908547991855
2018-11-06 10:00:00+01:00,2018-11-06,10,63.24,63.1866660763121,45.988209168208186,85.1514684699435
2018-11-06 11:00:00+01:00,2018-11-06,11,63.44,62.859922219251644,46.53963627266627,84.39966570877559
2018-11-06 12:00:00+01:00,2018-11-06,12,63.24,61.61177096230513,45.285198432009686,82.77654970158962
2018-11-06 13:00:00+01:00,2018-11-06,13,63.04,61.07614444811942,43.663272250644226,82.34239250162989
2018-11-06 14:00:00+01:00,2018-11-06,14,62.1,59.91334290949599,43.50828767484673,81.1179838160374
2018-11-06 15:00:00+01:00,2018-11-06,15,60.87,58.937562761654945,39.981679350168825,80.27099657860472
2018-11-06 16:00:00+01:00,2018-11-06,16,60.51,60.53786256970419,40.9469914892018,82.71089393503664
2018-11-06 17:00:00+01:00,2018-11-06,17,60.2,61.70368073024988,40.097401764345264,84.67020075115019
2018-11-06 18:00:00+01:00,2018-11-06,18,59.62,63.103866167230805,42.39272330827242,87.89054106966383
2018-11-06 19:00:00+01:00,2018-11-06,19,59.09,65.46561215391826,46.99664206791202,90.95012754757232
2018-11-06 20:00:00+01:00,2018-11-06,20,60.51,65.66119918816409,49.84036418778852,88.20288176570114
2018-11-06 21:00:00+01:00,2018-11-06,21,62.78,66.02953514625557,51.01748020708534,84.16681412393206
2018-11-06 22:00:00+01:00,2018-11-06,22,60.59,63.30856619005367,49.62831570877792,83.68325262867928
2018-11-06 23:00:00+01:00,2018-11-06,23,58.37,60.19011993812537,46.82403152786359,80.91204631597367
2018-11-07 00:00:00+01:00,2018-11-07,0,61.0,55.66895102959811,41.678996769286385,74.98988158283478
2018-11-07 01:00:00+01:00,2018-11-07,1,54.44,51.960577304027666,35.44914634072087,72.13171646574808
2018-11-07 02:00:00+01:00,2018-11-07,2,52.31,49.508913470737596,35.52901868730976,69.40640238116598
2018-11-07 03:00:00+01:00,2018-11-07,3,51.79,48.645348549926624,33.48840319474341,67.77278098711653
2018-11-07 04:00:00+01:00,2018-11-07,4,51.66,48.53217710346551,33.75079395888202,67.40330543725098
2018-11-07 05:00:00+01:00,2018-11-07,5,51.91,50.28433322890872,34.281180235117105,71.33964335123663
2018-11-07 06:00:00+01:00,2018-11-07,6,56.83,56.029674134879166,38.04898193646312,77.48003141722502
2018-11-07 07:00:00+01:00,2018-11-07,7,61.14,59.99216862094643,38.84312244920747,84.52846871275241
2018-11-07 08:00:00+01:00,2018-11-07,8,63.17,62.762576194813754,40.45825109310506,87.18075746413226
2018-11-07 09:00:00+01:00,2018-11-07,9,63.91,63.568356277758326,44.35785030403635,87.00918527749575
2018-11-07 10:00:00+01:00,2018-11-07,10,63.8,63.98887832053854,46.790421412434625,85.95368071416993
2018-11-07 11:00:00+01:00,2018-11-07,11,64.03,64.66118116555482,48.34089521896945,86.20092465507877
2018-11-07 12:00:00+01:00,2018-11-07,12,65.5,63.41304210941148,47.086469579116034,84.57782084869596
2018-11-07 13:00:00+01:00,2018-11-07,13,65.73,63.167313851641154,45.75444165416596,84.43356190515162
2018-11-07 14:00:00+01:00,2018-11-07,14,65.01,61.604917143930535,45.199861909281275,82.80955805047195
2018-11-07 15:00:00+01:00,2018-11-07,15,64.02,60.82310303272957,41.86721962124345,82.15653684967936
2018-11-07 16:00:00+01:00,2018-11-07,16,63.67,60.906972202299116,41.31610112179673,83.08000356763156
2018-11-07 17:00:00+01:00,2018-11-07,17,63.01,62.489594803732146,40.88331583782753,85.45611482463246
2018-11-07 18:00:00+01:00,2018-11-07,18,62.46,65.25125841833719,44.540115559378805,90.03793332077021
2018-11-07 19:00:00+01:00,2018-11-07,19,61.9,66.28540418573962,47.816434099733385,91.76991957939367
2018-11-07 20:00:00+01:00,2018-11-07,20,62.49,66.32641663297703,50.50558163260146,88.86809921051409
2018-11-07 21:00:00+01:00,2018-11-07,21,63.49,65.92194786369718,50.90989292452696,84.05922684137367
2018-11-07 22:00:00+01:00,2018-11-07,22,63.49,61.13677042842894,47.45651994715319,81.51145686705456
2018-11-07 23:00:00+01:00,2018-11-07,23,61.89,58.35582917955334,44.98974076929156,79.07775555740163
2018-11-08 00:00:00+01:00,2018-11-08,0,63.9,58.27524759864913,44.285293338337404,77.5961781518858
2018-11-08 01:00:00+01:00,2018-11-08,1,62.21,53.167365749491424,36.65593478618463,73.33850491121184
2018-11-08 02:00:00+01:00,2018-11-08,2,62.14,51.62634883653791,37.64645405311007,71.52383774696628
2018-11-08 03:00:00+01:00,2018-11-08,3,61.15,50.8738206892706,35.71687533408739,70.00125312646051
2018-11-08 04:00:00+01:00,2018-11-08,4,61.12,50.899295800686716,36.11791265610323,69.7704241344722
2018-11-08 05:00:00+01:00,2018-11-08,5,60.68,51.60585616743306,35.602703173641444,72.66116628976097
2018-11-08 06:00:00+01:00,2018-11-08,6,59.19,56.167313662336596,38.18662146392055,77.61767094468246
2018-11-08 07:00:00+01:00,2018-11-08,7,59.19,61.41493482163628,40.26588864989732,85.95123491344228
2018-11-08 08:00:00+01:00,2018-11-08,8,61.15,64.47114489780185,42.166819796093165,88.88932616712034
2018-11-08 09:00:00+01:00,2018-11-08,9,63.0,65.87770922285488,46.667203249132896,89.3185382225923
2018-11-08 10:00:00+01:00,2018-11-08,10,63.78,66.26834527926448,49.069888371160566,88.23314767289587
2018-11-08 11:00:00+01:00,2018-11-08,11,64.03,65.59309953113659,49.272813584551216,87.13284302066053
2018-11-08 12:00:00+01:00,2018-11-08,12,65.18,65.63536528248129,49.308792752185845,86.80014402176577
2018-11-08 13:00:00+01:00,2018-11-08,13,65.67,65.33205618895909,47.91918399148389,86.59830424246955
2018-11-08 14:00:00+01:00,2018-11-08,14,65.67,64.01833507334598,47.61327983869672,85.2229759798874
2018-11-08 15:00:00+01:00,2018-11-08,15,64.66,62.12732909657219,43.17144568508607,83.46076291352196
2018-11-08 16:00:00+01:00,2018-11-08,16,64.19,62.82570887225701,43.23483779175462,84.99874023758946
2018-11-08 17:00:00+01:00,2018-11-08,17,63.9,64.13071658254998,42.524437616645365,87.0972366034503
2018-11-08 18:00:00+01:00,2018-11-08,18,63.1,65.46254472110303,44.75140186214465,90.24921962353605
2018-11-08 19:00:00+01:00,2018-11-08,19,63.9,66.63624744758877,48.167277361582535,92.12076284124282
2018-11-08 20:00:00+01:00,2018-11-08,20,65.2,67.39532557108839,51.574490570712825,89.93700814862544
2018-11-08 21:00:00+01:00,2018-11-08,21,66.95,66.84001186410316,51.827956924932934,84.97729084177965
2018-11-08 22:00:00+01:00,2018-11-08,22,67.69,63.61359876591273,49.93334828463698,83.98828520453834
2018-11-08 23:00:00+01:00,2018-11-08,23,65.67,60.061801126563,46.695712716301216,80.78372750441129
2018-11-09 00:00:00+01:00,2018-11-09,0,69.69,60.568619773507784,46.57866551319606,79.88955032674446
2018-11-09 01:00:00+01:00,2018-11-09,1,67.15,56.83038104354332,40.318950080236526,77.00152020526374
2018-11-09 02:00:00+01:00,2018-11-09,2,64.95,55.46508408009633,41.485189296668494,75.36257299052471
2018-11-09 03:00:00+01:00,2018-11-09,3,63.62,54.74927649822549,39.59233114304228,73.8767089354154
2018-11-09 04:00:00+01:00,2018-11-09,4,61.56,54.97133472749903,40.18995158291554,73.84246306128449
2018-11-09 05:00:00+01:00,2018-11-09,5,63.62,55.82620242256701,39.82304942877539,76.88151254489492
2018-11-09 06:00:00+01:00,2018-11-09,6,68.21,59.510122954772235,41.52943075635619,80.96048023711809
2018-11-09 07:00:00+01:00,2018-11-09,7,72.5,62.56387614031096,41.414829968572,87.10017623211695
2018-11-09 08:00:00+01:00,2018-11-09,8,73.92,64.88329559871515,42.578970497006466,89.30147686803365
2018-11-09 09:00:00+01:00,2018-11-09,9,73.85,66.06778751310247,46.857281539380494,89.5086165128399
2018-11-09 10:00:00+01:00,2018-11-09,10,73.51,68.00872409611422,50.81026718801031,89.97352648974561
2018-11-09 11:00:00+01:00,2018-11-09,11,73.09,67.72537328155815,51.40508733497278,89.26511677108209
2018-11-09 12:00:00+01:00,2018-11-09,12,73.74,67.12820134300078,50.80162881270534,88.29298008228527
2018-11-09 13:00:00+01:00,2018-11-09,13,73.93,66.91814812733911,49.50527592986391,88.18439618084957
2018-11-09 14:00:00+01:00,2018-11-09,14,73.92,65.99170330391526,49.586648069266,87.19634421045667
2018-11-09 15:00:00+01:00,2018-11-09,15,73.92,63.99201064856818,45.03612723708206,85.32544446551796
2018-11-09 16:00:00+01:00,2018-11-09,16,73.92,65.05951100458643,45.46863992408404,87.23254236991886
2018-11-09 17:00:00+01:00,2018-11-09,17,73.96,66.20306313715534,44.596784171250725,89.16958315805566
2018-11-09 18:00:00+01:00,2018-11-09,18,75.12,68.17292438994362,47.461781530985235,92.95959929237664
2018-11-09 19:00:00+01:00,2018-11-09,19,76.04,70.30586536027388,51.83689527426765,95.79038075392793
2018-11-09 20:00:00+01:00,2018-11-09,20,79.0,71.59846319867953,55.77762819830396,94.14014577621657
2018-11-09 21:00:00+01:00,2018-11-09,21,76.23,71.73313899567978,56.721084056509554,89.87041797335627
2018-11-09 22:00:00+01:00,2018-11-09,22,74.42,67.58967407321987,53.90942359194412,87.96436051184548
2018-11-09 23:00:00+01:00,2018-11-09,23,73.01,64.8756743059711,51.50958589570932,85.5976006838194
2018-11-10 00:00:00+01:00,2018-11-10,0,56.93,65.66656684889473,51.676612588583005,84.9874974021314
2018-11-10 01:00:00+01:00,2018-11-10,1,53.53,60.559014848119475,44.04758388481268,80.7301540098399
2018-11-10 02:00:00+01:00,2018-11-10,2,50.03,58.337494210320685,44.35759942689285,78.23498312074906
2018-11-10 03:00:00+01:00,2018-11-10,3,49.67,56.86782463982045,41.71087928463724,75.99525707701036
2018-11-10 04:00:00+01:00,2018-11-10,4,49.57,56.83057994492125,42.04919680033776,75.70170827870672
2018-11-10 05:00:00+01:00,2018-11-10,5,49.87,58.43392344581453,42.43077045202291,79.48923356814244
2018-11-10 06:00:00+01:00,2018-11-10,6,56.12,63.40709847180325,45.42640627338721,84.8574557541491
2018-11-10 07:00:00+01:00,2018-11-10,7,70.05,67.55091951373656,46.4018733419976,92.08721960554254
2018-11-10 08:00:00+01:00,2018-11-10,8,72.85,69.72754306949854,47.42321796778985,94.14572433881703
2018-11-10 09:00:00+01:00,2018-11-10,9,73.36,70.58275427477315,51.37224830105117,94.02358327451057
2018-11-10 10:00:00+01:00,2018-11-10,10,73.17,72.46946028681529,55.27100337871138,94.43426268044668
2018-11-10 11:00:00+01:00,2018-11-10,11,70.78,70.89674525423399,54.57645930764862,92.43648874375793
2018-11-10 12:00:00+01:00,2018-11-10,12,70.15,70.42672611388039,54.10015358358495,91.59150485316488
2018-11-10 13:00:00+01:00,2018-11-10,13,66.83,70.32000739078458,52.90713519330939,91.58625544429505
2018-11-10 14:00:00+01:00,2018-11-10,14,62.0,69.66592576643171,53.26087053178245,90.87056667297313
2018-11-10 15:00:00+01:00,2018-11-10,15,61.46,67.88535191282395,48.92946850133783,89.21878572977373
2018-11-10 16:00:00+01:00,2018-11-10,16,65.06,68.14968972122523,48.55881864072284,90.32272108655766
2018-11-10 17:00:00+01:00,2018-11-10,17,72.85,71.38981868596268,49.783539720058066,94.356338706863
2018-11-10 18:00:00+01:00,2018-11-10,18,73.65,75.55032064216921,54.83917778321083,100.33699554460223
2018-11-10 19:00:00+01:00,2018-11-10,19,75.0,77.48546206759417,59.01649198158793,102.96997746124822
2018-11-10 20:00:00+01:00,2018-11-10,20,76.44,76.99744200482856,61.17660700445299,99.53912458236562
2018-11-10 21:00:00+01:00,2018-11-10,21,72.82,75.55884555873543,60.5467906195652,93.69612453641192
2018-11-10 22:00:00+01:00,2018-11-10,22,69.68,71.61026648419248,57.93001600291673,91.9849529228181
2018-11-10 23:00:00+01:00,2018-11-10,23,65.03,69.38663504124595,56.02054663098417,90.10856141909424
2018-11-11 00:00:00+01:00,2018-11-11,0,53.64,59.43540209098715,45.44544783067542,78.75633264422382
2018-11-11 01:00:00+01:00,2018-11-11,1,46.3,54.93911037008363,38.42767940677684,75.11024953180404
2018-11-11 02:00:00+01:00,2018-11-11,2,42.81,51.65351178166027,37.67361699823243,71.55100069208865
2018-11-11 03:00:00+01:00,2018-11-11,3,36.08,50.04041718149896,34.88347182631575,69.16784961868888
2018-11-11 04:00:00+01:00,2018-11-11,4,34.38,50.61880877974255,35.837425635159065,69.48993711352801
2018-11-11 05:00:00+01:00,2018-11-11,5,34.49,51.305852616208576,35.30269962241696,72.36116273853648
2018-11-11 06:00:00+01:00,2018-11-11,6,35.46,56.37925203449588,38.39855983607983,77.82960931684173
2018-11-11 07:00:00+01:00,2018-11-11,7,40.38,62.8340810145893,41.68503484285034,87.37038110639529
2018-11-11 08:00:00+01:00,2018-11-11,8,44.19,66.08313395949799,43.7788088577893,90.50131522881648
2018-11-11 09:00:00+01:00,2018-11-11,9,46.7,67.58509194085995,48.374585967137975,91.02592094059737
2018-11-11 10:00:00+01:00,2018-11-11,10,50.0,69.15370037362882,51.95524346552491,91.11850276726021
2018-11-11 11:00:00+01:00,2018-11-11,11,56.07,67.68478746145585,51.36450151487048,89.2245309509798
2018-11-11 12:00:00+01:00,2018-11-11,12,60.0,65.9266474551029,49.60007492480745,87.09142619438738
2018-11-11 13:00:00+01:00,2018-11-11,13,62.08,63.81853806908789,46.4056658716127,85.08478612259836
2018-11-11 14:00:00+01:00,2018-11-11,14,60.2,61.66952963306075,45.26447439841149,82.87417053960216
2018-11-11 15:00:00+01:00,2018-11-11,15,56.09,60.350232092660875,41.394348681174755,81.68366590961065
2018-11-11 16:00:00+01:00,2018-11-11,16,56.09,61.811663687342445,42.22079260684006,83.98469505267488
2018-11-11 17:00:00+01:00,2018-11-11,17,62.55,65.47284481867862,43.86656585277401,88.43936483957894
2018-11-11 18:00:00+01:00,2018-11-11,18,68.28,71.41526613843436,50.70412327947598,96.20194104086738
2018-11-11 19:00:00+01:00,2018-11-11,19,69.66,75.30588328373673,56.836913197730496,100.79039867739078
2018-11-11 20:00:00+01:00,2018-11-11,20,70.78,74.71309324233002,58.89225824195445,97.25477581986706
2018-11-11 21:00:00+01:00,2018-11-11,21,70.99,72.98428459083344,57.97222965166321,91.12156356850993
2018-11-11 22:00:00+01:00,2018-11-11,22,69.83,67.4944918458006,53.81424136452485,87.86917828442621
2018-11-11 23:00:00+01:00,2018-11-11,23,67.06,62.79445388589179,49.42836547563001,83.51638026374007
2018-11-12 00:00:00+01:00,2018-11-12,0,66.23,56.77434715746274,42.784392897151015,76.0952777106994
2018-11-12 01:00:00+01:00,2018-11-12,1,61.79,51.72903920468714,35.21760824138035,71.90017836640756
2018-11-12 02:00:00+01:00,2018-11-12,2,59.24,48.393404845632325,34.41351006220449,68.2908937560607
2018-11-12 03:00:00+01:00,2018-11-12,3,56.7,45.5765031436718,30.41955778848859,64.70393558086171
2018-11-12 04:00:00+01:00,2018-11-12,4,56.7,45.22563454766042,30.444251403076933,64.0967628814459
2018-11-12 05:00:00+01:00,2018-11-12,5,56.7,47.5018016592885,31.498648665496887,68.55711178161641
2018-11-12 06:00:00+01:00,2018-11-12,6,61.01,53.54134208138278,35.560649882966736,74.99169936372863
2018-11-12 07:00:00+01:00,2018-11-12,7,67.98,60.64275081454927,39.49370464281031,85.17905090635526
2018-11-12 08:00:00+01:00,2018-11-12,8,69.9,63.87247885883585,41.56815375712716,88.29066012815434
2018-11-12 09:00:00+01:00,2018-11-12,9,69.88,65.03720505623446,45.82669908251248,88.47803405597188
2018-11-12 10:00:00+01:00,2018-11-12,10,68.53,65.63980908969873,48.441352181594816,87.60461148333012
2018-11-12 11:00:00+01:00,2018-11-12,11,67.21,67.0740193634672,50.75373341688183,88.61376285299114
2018-11-12 12:00:00+01:00,2018-11-12,12,64.62,66.92523319883279,50.59866066853734,88.09001193811727
2018-11-12 13:00:00+01:00,2018-11-12,13,65.06,66.63214700375087,49.21927480627568,87.89839505726134
2018-11-12 14:00:00+01:00,2018-11-12,14,65.91,64.25225943876933,47.84720420412007,85.45690034531074
2018-11-12 15:00:00+01:00,2018-11-12,15,67.65,63.12210356754997,44.16622015606385,84.45553738449975
2018-11-12 16:00:00+01:00,2018-11-12,16,68.07,64.93211204126742,45.34124096076503,87.10514340659986
2018-11-12 17:00:00+01:00,2018-11-12,17,68.71,67.68017294468638,46.07389397878176,90.6466929655867
2018-11-12 18:00:00+01:00,2018-11-12,18,69.65,71.81993694816717,51.108794089208786,96.60661185060019
2018-11-12 19:00:00+01:00,2018-11-12,19,69.95,74.76004039406887,56.29107030806263,100.24455578772293
2018-11-12 20:00:00+01:00,2018-11-12,20,68.04,74.38326217626457,58.562427175889,96.92494475380161
2018-11-12 21:00:00+01:00,2018-11-12,21,67.3,73.80541080563737,58.79335586646714,91.94268978331385
2018-11-12 22:00:00+01:00,2018-11-12,22,64.62,70.28303521915926,56.60278473788351,90.65772165778488
2018-11-12 23:00:00+01:00,2018-11-12,23,63.47,65.21896684739444,51.85287843713266,85.94089322524273
2018-11-13 00:00:00+01:00,2018-11-13,0,63.68,60.682266783085325,46.6923125227736,80.00319733632199
2018-11-13 01:00:00+01:00,2018-11-13,1,60.81,55.85390857677621,39.34247761346942,76.02504773849662
2018-11-13 02:00:00+01:00,2018-11-13,2,57.5,52.02467167638897,38.04477689296113,71.92216058681734
2018-11-13 03:00:00+01:00,2018-11-13,3,54.68,51.44667550394284,36.28973014875963,70.57410794113275
2018-11-13 04:00:00+01:00,2018-11-13,4,53.9,50.40555144577688,35.62416830119339,69.27667977956236
2018-11-13 05:00:00+01:00,2018-11-13,5,53.08,52.20550234667354,36.202349352881924,73.26081246900145
2018-11-13 06:00:00+01:00,2018-11-13,6,62.22,58.42796810688893,40.44727590847289,79.87832538923479
2018-11-13 07:00:00+01:00,2018-11-13,7,68.25,66.56369723053919,45.41465105880023,91.09999732234519
2018-11-13 08:00:00+01:00,2018-11-13,8,70.0,68.54126942625297,46.23694432454428,92.95945069557146
2018-11-13 09:00:00+01:00,2018-11-13,9,70.49,69.29304441863131,50.08253844490933,92.73387341836873
2018-11-13 10:00:00+01:00,2018-11-13,10,68.31,68.61067416925246,51.41221726114855,90.57547656288385
2018-11-13 11:00:00+01:00,2018-11-13,11,68.07,67.99428591997454,51.67399997338917,89.53402940949849
2018-11-13 12:00:00+01:00,2018-11-13,12,66.4,67.07130891274251,50.744736382447066,88.236087652027
2018-11-13 13:00:00+01:00,2018-11-13,13,66.83,66.79393475754601,49.381062560070816,88.06018281105648
2018-11-13 14:00:00+01:00,2018-11-13,14,67.14,65.88753412255053,49.48247888790127,87.09217502909195
2018-11-13 15:00:00+01:00,2018-11-13,15,68.07,66.34464203643168,47.38875862494556,87.67807585338146
2018-11-13 16:00:00+01:00,2018-11-13,16,68.68,66.9609823173622,47.370111236859806,89.13401368269464
2018-11-13 17:00:00+01:00,2018-11-13,17,69.66,68.91274647022537,47.30646750432076,91.87926649112569
2018-11-13 18:00:00+01:00,2018-11-13,18,71.48,70.36822422442481,49.657081365466425,95.15489912685783
2018-11-13 19:00:00+01:00,2018-11-13,19,72.36,71.55610093951348,53.08713085350725,97.04061633316755
2018-11-13 20:00:00+01:00,2018-11-13,20,72.46,69.94805410405729,54.127219103681725,92.48973668159434
2018-11-13 21:00:00+01:00,2018-11-13,21,67.14,68.97279551571674,53.96074057654651,87.11007449339323
2018-11-13 22:00:00+01:00,2018-11-13,22,65.87,65.97698388049862,52.29673339922287,86.35167031912424
2018-11-13 23:00:00+01:00,2018-11-13,23,58.55,61.99377473445732,48.62768632419554,82.71570111230561
2018-11-14 00:00:00+01:00,2018-11-14,0,60.16,58.03163177761684,44.04167751730511,77.3525623308535
2018-11-14 01:00:00+01:00,2018-11-14,1,55.13,53.12329952660288,36.611868563296085,73.2944386883233
2018-11-14 02:00:00+01:00,2018-11-14,2,51.95,49.793267716003356,35.81337293257552,69.69075662643172
2018-11-14 03:00:00+01:00,2018-11-14,3,50.01,47.97812759862585,32.82118224344264,67.10556003581576
2018-11-14 04:00:00+01:00,2018-11-14,4,49.91,46.68595629852967,31.90457315394618,65.55708463231514
2018-11-14 05:00:00+01:00,2018-11-14,5,50.77,48.51925651759238,32.516103523800766,69.57456663992029
2018-11-14 06:00:00+01:00,2018-11-14,6,60.3,55.22551454678923,37.244822348373184,76.67587182913508
2018-11-14 07:00:00+01:00,2018-11-14,7,66.91,62.873159166287074,41.724112994548115,87.40945925809307
2018-11-14 08:00:00+01:00,2018-11-14,8,68.25,64.12065972036002,41.81633461865134,88.53884098967852
2018-11-14 09:00:00+01:00,2018-11-14,9,68.42,65.52047446335617,46.30996848963419,88.96130346309359
2018-11-14 10:00:00+01:00,2018-11-14,10,67.62,64.26390319688657,47.06544628878266,86.22870559051796
2018-11-14 11:00:00+01:00,2018-11-14,11,66.03,64.13847126777162,47.81818532118625,85.67821475729556
2018-11-14 12:00:00+01:00,2018-11-14,12,63.2,62.98901810921162,46.66244557891618,84.15379684849611
2018-11-14 13:00:00+01:00,2018-11-14,13,64.18,63.37510309001277,45.962230892537576,84.64135114352324
2018-11-14 14:00:00+01:00,2018-11-14,14,65.9,61.53417827262175,45.12912303797249,82.73881917916316
2018-11-14 15:00:00+01:00,2018-11-14,15,67.89,61.587985569622106,42.632102158135986,82.92141938657188
2018-11-14 16:00:00+01:00,2018-11-14,16,68.25,61.24653283246096,41.65566175195857,83.41956419779339
2018-11-14 17:00:00+01:00,2018-11-14,17,69.03,63.25009993017013,41.643820964265515,86.21661995107044
2018-11-14 18:00:00+01:00,2018-11-14,18,70.16,66.08554695707738,45.374404098119,90.8722218595104
2018-11-14 19:00:00+01:00,2018-11-14,19,70.31,68.0251493748111,49.556179288804856,93.50966476846514
2018-11-14 20:00:00+01:00,2018-11-14,20,68.88,67.75587438979764,51.93503938942207,90.29755696733469
2018-11-14 21:00:00+01:00,2018-11-14,21,63.0,65.75889931663228,50.746844377462054,83.89617829430877
2018-11-14 22:00:00+01:00,2018-11-14,22,60.0,62.140643231026544,48.460392749750795,82.51532966965216
2018-11-14 23:00:00+01:00,2018-11-14,23,57.49,56.86726902489126,43.501180614629476,77.58919540273955
2018-11-15 00:00:00+01:00,2018-11-15,0,56.83,56.48664613076687,42.496691870455145,75.80757668400354
2018-11-15 01:00:00+01:00,2018-11-15,1,51.95,51.71808276758095,35.20665180427416,71.88922192930137
2018-11-15 02:00:00+01:00,2018-11-15,2,51.27,47.98977773772687,34.00988295429903,67.88726664815525
2018-11-15 03:00:00+01:00,2018-11-15,3,50.29,46.548685844815076,31.391740489631864,65.67611828200498
2018-11-15 04:00:00+01:00,2018-11-15,4,51.03,45.68007704750492,30.898693902921437,64.5512053812904
2018-11-15 05:00:00+01:00,2018-11-15,5,53.17,47.980177663185856,31.97702466939424,69.03548778551377
2018-11-15 06:00:00+01:00,2018-11-15,6,65.05,55.46564254196776,37.484950343551716,76.91599982431362
2018-11-15 07:00:00+01:00,2018-11-15,7,67.49,63.58989425287034,42.44084808113138,88.12619434467632
2018-11-15 08:00:00+01:00,2018-11-15,8,68.24,65.76092466421028,43.456599562501594,90.17910593352877
2018-11-15 09:00:00+01:00,2018-11-15,9,68.71,66.690414356974,47.479908383252024,90.13124335671142
2018-11-15 10:00:00+01:00,2018-11-15,10,69.21,66.0287385360674,48.83028162796348,87.99354092969878
2018-11-15 11:00:00+01:00,2018-11-15,11,68.4,65.19938869194209,48.87910274535672,86.73913218146603
2018-11-15 12:00:00+01:00,2018-11-15,12,67.19,64.0674192468175,47.74084671652205,85.23219798610198
2018-11-15 13:00:00+01:00,2018-11-15,13,67.51,63.89086052777613,46.47798833030093,85.1571085812866
2018-11-15 14:00:00+01:00,2018-11-15,14,68.43,62.81194188966906,46.4068866550198,84.01658279621047
2018-11-15 15:00:00+01:00,2018-11-15,15,68.99,62.789836440168486,43.833953028682366,84.12327025711826
2018-11-15 16:00:00+01:00,2018-11-15,16,69.03,63.15766105710334,43.56678997660095,85.33069242243579
2018-11-15 17:00:00+01:00,2018-11-15,17,70.0,66.26229607656617,44.65601711066156,89.22881609746649
2018-11-15 18:00:00+01:00,2018-11-15,18,71.61,68.31768916936896,47.60654631041058,93.10436407180198
2018-11-15 19:00:00+01:00,2018-11-15,19,72.5,69.56612785075957,51.097157764753334,95.05064324441364
2018-11-15 20:00:00+01:00,2018-11-15,20,71.07,68.04093535726597,52.2201003568904,90.58261793480301
2018-11-15 21:00:00+01:00,2018-11-15,21,68.27,65.75844464035616,50.74638970118593,83.89572361803265
2018-11-15 22:00:00+01:00,2018-11-15,22,67.49,61.85725827906814,48.17700779779239,82.23194471769375
2018-11-15 23:00:00+01:00,2018-11-15,23,64.01,57.81542577227257,44.44933736201079,78.53735215012085
2018-11-16 00:00:00+01:00,2018-11-16,0,62.6,59.57294340150454,45.58298914119281,78.89387395474121
2018-11-16 01:00:00+01:00,2018-11-16,1,56.85,54.666853406496486,38.15542244318969,74.8379925682169
2018-11-16 02:00:00+01:00,2018-11-16,2,53.89,52.328048853280166,38.34815406985233,72.22553776370853
2018-11-16 03:00:00+01:00,2018-11-16,3,51.97,51.09524492606646,35.938299570883245,70.22267736325637
2018-11-16 04:00:00+01:00,2018-11-16,4,51.49,50.5467617790607,35.765378634477216,69.41789011284618
2018-11-16 05:00:00+01:00,2018-11-16,5,55.77,52.540627058102395,36.53747406431078,73.5959371804303
2018-11-16 06:00:00+01:00,2018-11-16,6,65.05,59.925911795534205,41.94521959711816,81.37626907788007
2018-11-16 07:00:00+01:00,2018-11-16,7,68.4,65.2441119644898,44.095065792750844,89.7804120562958
2018-11-16 08:00:00+01:00,2018-11-16,8,69.47,66.94419796990385,44.63987286819517,91.36237923922235
2018-11-16 09:00:00+01:00,2018-11-16,9,69.99,68.31848291390665,49.10797694018467,91.75931191364407
2018-11-16 10:00:00+01:00,2018-11-16,10,69.98,67.9077476678049,50.709290759700984,89.87255006143629
2018-11-16 11:00:00+01:00,2018-11-16,11,69.64,67.40066875889406,51.080382812308684,88.940412248418
2018-11-16 12:00:00+01:00,2018-11-16,12,68.24,66.75935673258127,50.43278420228582,87.92413547186575
2018-11-16 13:00:00+01:00,2018-11-16,13,67.0,66.91513376784603,49.502261570370834,88.1813818213565
2018-11-16 14:00:00+01:00,2018-11-16,14,67.0,65.69653771571392,49.291482481064655,86.90117862225533
2018-11-16 15:00:00+01:00,2018-11-16,15,68.09,64.6763415838524,45.720458172366286,86.00977540080218
2018-11-16 16:00:00+01:00,2018-11-16,16,68.4,65.23608745150587,45.64521637100348,87.40911881683832
2018-11-16 17:00:00+01:00,2018-11-16,17,68.71,67.23346098667747,45.62718202077286,90.19998100757779
2018-11-16 18:00:00+01:00,2018-11-16,18,70.0,69.57707480224822,48.86593194328984,94.36374970468124
2018-11-16 19:00:00+01:00,2018-11-16,19,70.81,70.81479281088689,52.34582272488065,96.29930820454095
2018-11-16 20:00:00+01:00,2018-11-16,20,68.69,70.22676667764105,54.405931677265485,92.7684492551781
2018-11-16 21:00:00+01:00,2018-11-16,21,64.48,67.8295259725144,52.81747103334418,85.96680495019089
2018-11-16 22:00:00+01:00,2018-11-16,22,62.61,65.1703056113163,51.490055130040545,85.54499204994191
2018-11-16 23:00:00+01:00,2018-11-16,23,59.96,60.70131214174112,47.33522373147934,81.4232385195894
2018-11-17 00:00:00+01:00,2018-11-17,0,64.98,57.433174133533726,43.443219873222,76.75410468677039
2018-11-17 01:00:00+01:00,2018-11-17,1,60.97,52.64632481763381,36.13489385432702,72.81746397935423
2018-11-17 02:00:00+01:00,2018-11-17,2,56.42,49.44751683669915,35.46762205327131,69.34500574712752
2018-11-17 03:00:00+01:00,2018-11-17,3,53.99,48.63828052530128,33.48133517011807,67.7657129624912
2018-11-17 04:00:00+01:00,2018-11-17,4,50.39,47.80860157400057,33.02721842941708,66.67972990778604
2018-11-17 05:00:00+01:00,2018-11-17,5,55.87,49.89797844992067,33.894825456129055,70.95328857224858
2018-11-17 06:00:00+01:00,2018-11-17,6,55.69,54.051805302821165,36.07111310440512,75.50216258516701
2018-11-17 07:00:00+01:00,2018-11-17,7,58.56,57.82290316336021,36.67385699162125,82.3592032551662
2018-11-17 08:00:00+01:00,2018-11-17,8,61.21,60.357635225528476,38.053310123819784,84.77581649484696
2018-11-17 09:00:00+01:00,2018-11-17,9,66.0,61.895930061428814,42.685424087706835,85.33675906116623
2018-11-17 10:00:00+01:00,2018-11-17,10,65.76,62.627867114092226,45.42941020598831,84.59266950772361
2018-11-17 11:00:00+01:00,2018-11-17,11,61.98,62.39478598188937,46.074500035304,83.93452947141331
2018-11-17 12:00:00+01:00,2018-11-17,12,59.41,61.162375957297186,44.83580342700174,82.32715469658167
2018-11-17 13:00:00+01:00,2018-11-17,13,60.05,61.346912968188825,43.93404077071363,82.61316102169928
2018-11-17 14:00:00+01:00,2018-11-17,14,60.85,60.06538451699312,43.66032928234386,81.27002542353453
2018-11-17 15:00:00+01:00,2018-11-17,15,59.34,58.38483907814477,39.42895566665865,79.71827289509454
2018-11-17 16:00:00+01:00,2018-11-17,16,61.46,58.78407402089222,39.19320294038983,80.95710538622467
2018-11-17 17:00:00+01:00,2018-11-17,17,66.0,61.477043711513964,39.87076474560935,84.44356373241428
2018-11-17 18:00:00+01:00,2018-11-17,18,69.81,65.05033305062149,44.33919019166311,89.83700795305451
2018-11-17 19:00:00+01:00,2018-11-17,19,70.01,67.53239281838914,49.063422732382904,93.0169082120432
2018-11-17 20:00:00+01:00,2018-11-17,20,65.0,66.19382850125582,50.372993500880256,88.73551107879288
2018-11-17 21:00:00+01:00,2018-11-17,21,63.75,64.02230315117396,49.01024821200373,82.15958212885045
2018-11-17 22:00:00+01:00,2018-11-17,22,60.08,60.07366680466655,46.3934163233908,80.44835324329216
2018-11-17 23:00:00+01:00,2018-11-17,23,57.99,56.30724780186432,42.94115939160254,77.02917417971261
2018-11-18 00:00:00+01:00,2018-11-18,0,56.7,56.13249180366084,42.142537543349114,75.4534223568975
2018-11-18 01:00:00+01:00,2018-11-18,1,51.18,51.139370253077814,34.62793928977102,71.31050941479823
2018-11-18 02:00:00+01:00,2018-11-18,2,50.01,48.91908495420661,34.93919017077877,68.81657386463499
2018-11-18 03:00:00+01:00,2018-11-18,3,47.96,45.762033564254295,30.605088209071084,64.8894660014442
2018-11-18 04:00:00+01:00,2018-11-18,4,47.47,44.86083172469025,30.079448580106764,63.73196005847572
2018-11-18 05:00:00+01:00,2018-11-18,5,48.75,47.1145230948091,31.111370101017485,68.16983321713701
2018-11-18 06:00:00+01:00,2018-11-18,6,48.01,50.097553696541695,32.11686149812565,71.54791097888756
2018-11-18 07:00:00+01:00,2018-11-18,7,49.67,53.33252997087146,32.1834837991325,77.86883006267746
2018-11-18 08:00:00+01:00,2018-11-18,8,53.05,56.38937729021334,34.08505218850465,80.80755855953183
2018-11-18 09:00:00+01:00,2018-11-18,9,54.43,58.83178778310234,39.62128180938036,82.27261678283976
2018-11-18 10:00:00+01:00,2018-11-18,10,58.34,59.783961612597444,42.58550470449353,81.74876400622884
2018-11-18 11:00:00+01:00,2018-11-18,11,59.41,58.186486951250515,41.86620100466514,79.72623044077446
2018-11-18 12:00:00+01:00,2018-11-18,12,59.98,56.5327042078593,40.20613167756385,77.69748294714378
2018-11-18 13:00:00+01:00,2018-11-18,13,59.41,57.23346518754979,39.820592990074594,78.49971324106025
2018-11-18 14:00:00+01:00,2018-11-18,14,59.41,55.81400256621562,39.40894733156636,77.01864347275703
2018-11-18 15:00:00+01:00,2018-11-18,15,53.28,54.254338227431255,35.298454815945135,75.58777204438104
2018-11-18 16:00:00+01:00,2018-11-18,16,53.22,55.46658882128988,35.87571774078749,77.63962018662232
2018-11-18 17:00:00+01:00,2018-11-18,17,60.01,58.48440111646058,36.87812215055597,81.4509211373609
2018-11-18 18:00:00+01:00,2018-11-18,18,68.4,63.48608956270815,42.77494670374977,88.27276446514117
2018-11-18 19:00:00+01:00,2018-11-18,19,69.87,66.30311346274314,47.834143376736904,91.78762885639719
2018-11-18 20:00:00+01:00,2018-11-18,20,69.57,65.59163181388166,49.770796813506095,88.13331439141871
2018-11-18 21:00:00+01:00,2018-11-18,21,66.84,64.61126675174928,49.59921181257906,82.74854572942577
2018-11-18 22:00:00+01:00,2018-11-18,22,66.84,60.880777805068455,47.200527323792706,81.25546424369406
2018-11-18 23:00:00+01:00,2018-11-18,23,64.54,56.75478464449431,43.388696234232526,77.4767110223426
2018-11-19 00:00:00+01:00,2018-11-19,0,66.26,57.59903335633898,43.60907909602725,76.91996390957564
2018-11-19 01:00:00+01:00,2018-11-19,1,62.44,51.61507889685619,35.1036479335494,71.78621805857661
2018-11-19 02:00:00+01:00,2018-11-19,2,59.93,49.78118029244523,35.80128550901739,69.6786692028736
2018-11-19 03:00:00+01:00,2018-11-19,3,56.53,47.05320653289424,31.896261177711025,66.18063897008415
2018-11-19 04:00:00+01:00,2018-11-19,4,55.14,46.76998717130999,31.988604026726506,65.64111550509546
2018-11-19 05:00:00+01:00,2018-11-19,5,60.95,48.80084603234181,32.79769303855019,69.85615615466972
2018-11-19 06:00:00+01:00,2018-11-19,6,70.0,53.95441934594627,35.97372714753023,75.40477662829213
2018-11-19 07:00:00+01:00,2018-11-19,7,71.05,61.33747636841588,40.18843019667692,85.87377646022188
2018-11-19 08:00:00+01:00,2018-11-19,8,72.0,64.85493494886829,42.550609847159606,89.27311621818679
2018-11-19 09:00:00+01:00,2018-11-19,9,72.2,66.42363776320187,47.21313178947989,89.86446676293929
2018-11-19 10:00:00+01:00,2018-11-19,10,72.69,66.1407120728059,48.94225516470198,88.10551446643728
2018-11-19 11:00:00+01:00,2018-11-19,11,72.2,66.26113060876924,49.94084466218386,87.80087409829318
2018-11-19 12:00:00+01:00,2018-11-19,12,72.2,65.84256675897228,49.51599422867684,87.00734549825677
2018-11-19 13:00:00+01:00,2018-11-19,13,72.2,65.44396135645539,48.031089158980194,86.71020940996586
2018-11-19 14:00:00+01:00,2018-11-19,14,71.05,63.38718371221216,46.9821284775629,84.59182461875358
2018-11-19 15:00:00+01:00,2018-11-19,15,70.11,61.29370049231609,42.33781708082997,82.62713430926587
2018-11-19 16:00:00+01:00,2018-11-19,16,70.0,62.7089621164544,43.11809103595201,84.88199348178685
2018-11-19 17:00:00+01:00,2018-11-19,17,70.0,66.34456523503982,44.73828626913521,89.31108525594014
2018-11-19 18:00:00+01:00,2018-11-19,18,71.91,72.00178438957505,51.29064153061667,96.78845929200807
2018-11-19 19:00:00+01:00,2018-11-19,19,73.0,74.52608536769932,56.057115281693086,100.01060076135337
2018-11-19 20:00:00+01:00,2018-11-19,20,73.1,73.49953929117939,57.67870429080382,96.04122186871643
2018-11-19 21:00:00+01:00,2018-11-19,21,71.0,71.56675467946206,56.55469974029184,89.70403365713855
2018-11-19 22:00:00+01:00,2018-11-19,22,70.0,68.48238146050419,54.80213097922844,88.8570678991298
2018-11-19 23:00:00+01:00,2018-11-19,23,67.89,63.35279940679682,49.98671099653504,84.07472578464511
2018-11-20 00:00:00+01:00,2018-11-20,0,64.55,61.95913896681392,47.96918470650219,81.28006952005059
2018-11-20 01:00:00+01:00,2018-11-20,1,59.9,57.48783483984842,40.976403876541625,77.65897400156884
2018-11-20 02:00:00+01:00,2018-11-20,2,55.66,53.95522934659228,39.975334563164445,73.85271825702065
2018-11-20 03:00:00+01:00,2018-11-20,3,51.87,52.48840447641737,37.33145912123416,71.61583691360728
2018-11-20 04:00:00+01:00,2018-11-20,4,52.07,50.941771383192375,36.16038823860889,69.81289971697785
2018-11-20 05:00:00+01:00,2018-11-20,5,55.61,54.31931424559328,38.31616125180167,75.3746243679212
2018-11-20 06:00:00+01:00,2018-11-20,6,60.83,61.339020705521364,43.35832850710532,82.78937798786723
2018-11-20 07:00:00+01:00,2018-11-20,7,67.2,67.88538141116138,46.73633523942242,92.42168150296737
2018-11-20 08:00:00+01:00,2018-11-20,8,68.4,70.12299941021375,47.81867430850507,94.54118067953225
2018-11-20 09:00:00+01:00,2018-11-20,9,68.71,70.67882459320641,51.468318619484435,94.11965359294383
2018-11-20 10:00:00+01:00,2018-11-20,10,68.49,70.65221158815608,53.453754680052164,92.61701398178747
2018-11-20 11:00:00+01:00,2018-11-20,11,67.89,70.45851376136878,54.138227814783406,91.99825725089272
2018-11-20 12:00:00+01:00,2018-11-20,12,66.0,69.2499319805441,52.92335945024866,90.41471071982859
2018-11-20 13:00:00+01:00,2018-11-20,13,65.0,69.01666174907844,51.60378955160324,90.2829098025889
2018-11-20 14:00:00+01:00,2018-11-20,14,62.0,67.44685159293131,51.04179635828205,88.65149249947272
2018-11-20 15:00:00+01:00,2018-11-20,15,62.35,66.8703252200742,47.91444180858809,88.20375903702399
2018-11-20 16:00:00+01:00,2018-11-20,16,62.55,66.37322911915469,46.7823580386523,88.54626048448714
2018-11-20 17:00:00+01:00,2018-11-20,17,64.67,68.35594178676612,46.74966282086151,91.32246180766644
2018-11-20 18:00:00+01:00,2018-11-20,18,68.05,71.47427340791239,50.76313054895401,96.26094831034541
2018-11-20 19:00:00+01:00,2018-11-20,19,68.75,72.31373948835494,53.8447694023487,97.79825488200899
2018-11-20 20:00:00+01:00,2018-11-20,20,69.9,71.28842245327357,55.467587452898,93.83010503081061
2018-11-20 21:00:00+01:00,2018-11-20,21,68.71,70.93084448241434,55.91878954324412,89.06812346009083
2018-11-20 22:00:00+01:00,2018-11-20,22,67.2,67.6011871059596,53.92093662468385,87.97587354458521
2018-11-20 23:00:00+01:00,2018-11-20,23,64.7,63.4121181547113,50.04602974444952,84.13404453255959
2018-11-21 00:00:00+01:00,2018-11-21,0,59.41,59.9618869314826,45.971932671170876,79.28281748471927
2018-11-21 01:00:00+01:00,2018-11-21,1,57.0,54.644174963154306,38.13274399984751,74.81531412487473
2018-11-21 02:00:00+01:00,2018-11-21,2,56.07,51.80521390692256,37.82531912349472,71.70270281735094
2018-11-21 03:00:00+01:00,2018-11-21,3,54.82,49.787022467782194,34.63007711259898,68.9144549049721
2018-11-21 04:00:00+01:00,2018-11-21,4,54.34,48.8260938849873,34.044710740403815,67.69722221877277
2018-11-21 05:00:00+01:00,2018-11-21,5,56.12,51.64937268590616,35.64621969211454,72.70468280823407
2018-11-21 06:00:00+01:00,2018-11-21,6,59.41,57.613384167011304,39.63269196859526,79.06374144935717
2018-11-21 07:00:00+01:00,2018-11-21,7,66.22,64.62818734647546,43.4791411747365,89.16448743828144
2018-11-21 08:00:00+01:00,2018-11-21,8,68.21,66.81347839612252,44.509153294413835,91.23165966544101
2018-11-21 09:00:00+01:00,2018-11-21,9,68.38,67.31000949229039,48.09950351856841,90.75083849202781
2018-11-21 10:00:00+01:00,2018-11-21,10,68.01,66.58536300136034,49.38690609325642,88.55016539499172
2018-11-21 11:00:00+01:00,2018-11-21,11,67.66,66.14131281208024,49.82102686549487,87.68105630160419
2018-11-21 12:00:00+01:00,2018-11-21,12,67.0,65.33654293794368,49.00997040764823,86.50132167722816
2018-11-21 13:00:00+01:00,2018-11-21,13,66.22,64.8321971816989,47.41932498422371,86.09844523520937
2018-11-21 14:00:00+01:00,2018-11-21,14,64.0,63.18272576623192,46.77767053158266,84.38736667277334
2018-11-21 15:00:00+01:00,2018-11-21,15,64.71,63.12208128514574,44.16619787365962,84.45551510209552
2018-11-21 16:00:00+01:00,2018-11-21,16,66.13,62.81399016344803,43.223119082945644,84.98702152878047
2018-11-21 17:00:00+01:00,2018-11-21,17,68.07,66.09726141041656,44.49098244451195,89.06378143131688
2018-11-21 18:00:00+01:00,2018-11-21,18,70.0,68.72512836888448,48.0139855099261,93.5118032713175
2018-11-21 19:00:00+01:00,2018-11-21,19,70.52,70.31337300491484,51.8444029189086,95.79788839856889
2018-11-21 20:00:00+01:00,2018-11-21,20,71.51,70.02148864288918,54.200653642513615,92.56317122042623
2018-11-21 21:00:00+01:00,2018-11-21,21,70.1,68.52971383318712,53.51765889401689,86.6669928108636
2018-11-21 22:00:00+01:00,2018-11-21,22,68.59,65.70217318530443,52.02192270402868,86.07685962393005
2018-11-21 23:00:00+01:00,2018-11-21,23,67.66,61.868148879537614,48.50206046927583,82.5900752573859
2018-11-22 00:00:00+01:00,2018-11-22,0,60.0,60.68562389229862,46.695669631986895,80.00655444553529
2018-11-22 01:00:00+01:00,2018-11-22,1,57.62,55.202692982604376,38.69126201929758,75.3738321443248
2018-11-22 02:00:00+01:00,2018-11-22,2,56.07,52.656802198370656,38.67690741494282,72.55429110879902
2018-11-22 03:00:00+01:00,2018-11-22,3,55.04,50.68703154498921,35.530086189806,69.81446398217912
2018-11-22 04:00:00+01:00,2018-11-22,4,55.04,49.70154027627275,34.920157131689265,68.57266861005823
2018-11-22 05:00:00+01:00,2018-11-22,5,56.7,52.11476526090877,36.11161226711715,73.17007538323668
2018-11-22 06:00:00+01:00,2018-11-22,6,60.0,58.28016932648836,40.29947712807232,79.73052660883423
2018-11-22 07:00:00+01:00,2018-11-22,7,67.59,66.26718732722823,45.11814115548927,90.80348741903421
2018-11-22 08:00:00+01:00,2018-11-22,8,68.71,68.80016727566493,46.49584217395625,93.21834854498343
2018-11-22 09:00:00+01:00,2018-11-22,9,69.99,69.51605834673241,50.30555237301043,92.95688734646983
2018-11-22 10:00:00+01:00,2018-11-22,10,69.57,69.05579136009037,51.85733445198645,91.02059375372176
2018-11-22 11:00:00+01:00,2018-11-22,11,69.05,68.57333022785465,52.25304428126928,90.1130737173786
2018-11-22 12:00:00+01:00,2018-11-22,12,68.73,67.99531124525397,51.66873871495853,89.16008998453846
2018-11-22 13:00:00+01:00,2018-11-22,13,68.4,67.84023208785848,50.427359890383286,89.10648014136895
2018-11-22 14:00:00+01:00,2018-11-22,14,68.01,65.95224518397272,49.54718994932346,87.15688609051413
2018-11-22 15:00:00+01:00,2018-11-22,15,68.28,65.86369765915418,46.907814247668064,87.19713147610396
2018-11-22 16:00:00+01:00,2018-11-22,16,68.71,66.96624514924551,47.37537406874312,89.13927651457794
2018-11-22 17:00:00+01:00,2018-11-22,17,69.57,70.25725055928673,48.65097159338212,93.22377058018705
2018-11-22 18:00:00+01:00,2018-11-22,18,70.99,72.5885780315802,51.877435172621816,97.37525293401322
2018-11-22 19:00:00+01:00,2018-11-22,19,71.92,73.6985032945299,55.22953320852366,99.18301868818395
2018-11-22 20:00:00+01:00,2018-11-22,20,71.94,73.3619593392929,57.54112433891733,95.90364191682994
2018-11-22 21:00:00+01:00,2018-11-22,21,71.51,71.69102649542273,56.678971556252506,89.82830547309922
2018-11-22 22:00:00+01:00,2018-11-22,22,69.57,68.95092632607854,55.270675844802795,89.32561276470416
2018-11-22 23:00:00+01:00,2018-11-22,23,68.25,65.69789161194012,52.33180320167834,86.41981798978841
2018-11-23 00:00:00+01:00,2018-11-23,0,66.93,62.30276013131652,48.31280587100479,81.62369068455318
2018-11-23 01:00:00+01:00,2018-11-23,1,64.07,56.58503324249354,40.073602279186744,76.75617240421396
2018-11-23 02:00:00+01:00,2018-11-23,2,61.21,53.95817125452235,39.97827647109451,73.85566016495072
2018-11-23 03:00:00+01:00,2018-11-23,3,59.5,51.90640585555518,36.74946050037197,71.03383829274509
2018-11-23 04:00:00+01:00,2018-11-23,4,59.41,51.11018814189917,36.328804997315686,69.98131647568465
2018-11-23 05:00:00+01:00,2018-11-23,5,62.7,53.20249389706587,37.199340903274255,74.25780401939377
2018-11-23 06:00:00+01:00,2018-11-23,6,68.05,59.34325412935085,41.36256193093481,80.7936114116967
2018-11-23 07:00:00+01:00,2018-11-23,7,70.16,66.92537243483923,45.77632626310027,91.46167252664523
2018-11-23 08:00:00+01:00,2018-11-23,8,70.99,69.14920802395417,46.84488292224549,93.56738929327267
2018-11-23 09:00:00+01:00,2018-11-23,9,71.63,70.34202436219678,51.1315183884748,93.7828533619342
2018-11-23 10:00:00+01:00,2018-11-23,10,71.07,70.34082275791354,53.14236584980963,92.30562515154493
2018-11-23 11:00:00+01:00,2018-11-23,11,70.3,70.01003847700608,53.689752530420705,91.54978196653002
2018-11-23 12:00:00+01:00,2018-11-23,12,70.0,69.3489905443779,53.022418014082454,90.51376928366238
2018-11-23 13:00:00+01:00,2018-11-23,13,68.71,69.1151559975522,51.702283800077,90.38140405106266
2018-11-23 14:00:00+01:00,2018-11-23,14,67.17,67.70089027652773,51.29583504187847,88.90553118306914
2018-11-23 15:00:00+01:00,2018-11-23,15,64.8,66.75860211776151,47.80271870627539,88.09203593471129
2018-11-23 16:00:00+01:00,2018-11-23,16,64.72,67.99835600197113,48.40748492146874,90.17138736730357
2018-11-23 17:00:00+01:00,2018-11-23,17,67.17,70.61264535826044,49.00636639235582,93.57916537916076
2018-11-23 18:00:00+01:00,2018-11-23,18,69.92,73.67793464200331,52.966791783044926,98.46460954443633
2018-11-23 19:00:00+01:00,2018-11-23,19,70.16,75.31640590483246,56.84743581882623,100.80092129848651
2018-11-23 20:00:00+01:00,2018-11-23,20,70.16,74.16995697313601,58.34912197276044,96.71163955067306
2018-11-23 21:00:00+01:00,2018-11-23,21,68.71,72.50419144373944,57.49213650456922,90.64147042141593
2018-11-23 22:00:00+01:00,2018-11-23,22,67.45,69.44375352311143,55.763503041835676,89.81843996173704
2018-11-23 23:00:00+01:00,2018-11-23,23,65.0,65.84242291071641,52.47633450045463,86.5643492885647
2018-11-24 00:00:00+01:00,2018-11-24,0,63.77,60.94722075121473,46.957266490903,80.2681513044514
2018-11-24 01:00:00+01:00,2018-11-24,1,61.51,54.81975189828694,38.308320934980145,74.99089106000736
2018-11-24 02:00:00+01:00,2018-11-24,2,59.76,52.5039753392443,38.52408055581646,72.40146424967267
2018-11-24 03:00:00+01:00,2018-11-24,3,55.67,49.95463115682135,34.79768580163814,69.08206359401126
2018-11-24 04:00:00+01:00,2018-11-24,4,54.01,49.23821638884113,34.456833244257645,68.1093447226266
2018-11-24 05:00:00+01:00,2018-11-24,5,55.42,51.33279965168619,35.32964665789457,72.3881097740141
2018-11-24 06:00:00+01:00,2018-11-24,6,57.78,55.74923113790354,37.7685389394875,77.1995884202494
2018-11-24 07:00:00+01:00,2018-11-24,7,61.7,59.19192847273621,38.04288230099725,83.7282285645422
2018-11-24 08:00:00+01:00,2018-11-24,8,65.09,61.98195026712868,39.67762516542,86.40013153644718
2018-11-24 09:00:00+01:00,2018-11-24,9,69.13,63.457978344400786,44.24747237067881,86.8988073441382
2018-11-24 10:00:00+01:00,2018-11-24,10,70.01,64.30724260125594,47.10878569315202,86.27204499488732
2018-11-24 11:00:00+01:00,2018-11-24,11,68.71,63.68870342531339,47.36841747872802,85.22844691483733
2018-11-24 12:00:00+01:00,2018-11-24,12,66.21,62.67617080406835,46.349598273772905,83.84094954335283
2018-11-24 13:00:00+01:00,2018-11-24,13,64.8,62.648340901956146,45.23546870448095,83.91458895546661
2018-11-24 14:00:00+01:00,2018-11-24,14,62.0,61.50770284445639,45.10264760980713,82.7123437509978
2018-11-24 15:00:00+01:00,2018-11-24,15,58.33,59.20100940438724,40.24512599290112,80.53444322133703
2018-11-24 16:00:00+01:00,2018-11-24,16,57.73,59.90314443657057,40.31227335606818,82.07617580190302
2018-11-24 17:00:00+01:00,2018-11-24,17,59.0,62.796826322358356,41.19054735645374,85.76334634325868
2018-11-24 18:00:00+01:00,2018-11-24,18,67.09,67.94684168090315,47.235698821944766,92.73351658333617
2018-11-24 19:00:00+01:00,2018-11-24,19,68.24,69.87378875866352,51.404818672657285,95.35830415231757
2018-11-24 20:00:00+01:00,2018-11-24,20,67.18,68.91612654859644,53.09529154822087,91.4578091261335
2018-11-24 21:00:00+01:00,2018-11-24,21,63.14,67.71553831986279,52.70348338069256,85.85281729753927
2018-11-24 22:00:00+01:00,2018-11-24,22,61.53,64.484827417035,50.80457693575926,84.85951385566062
2018-11-24 23:00:00+01:00,2018-11-24,23,55.67,60.95618219364742,47.59009378338564,81.67810857149571
2018-11-25 00:00:00+01:00,2018-11-25,0,53.89,55.67114848209532,41.68119422178359,74.99207903533198
2018-11-25 01:00:00+01:00,2018-11-25,1,51.67,51.11085594377639,34.5994249804696,71.2819951054968
2018-11-25 02:00:00+01:00,2018-11-25,2,50.34,48.5107422810382,34.53084749761036,68.40823119146657
2018-11-25 03:00:00+01:00,2018-11-25,3,48.46,45.49763377702376,30.340688421840547,64.62506621421366
2018-11-25 04:00:00+01:00,2018-11-25,4,48.07,44.58696053281752,29.805577388234035,63.45808886660299
2018-11-25 05:00:00+01:00,2018-11-25,5,48.07,46.212614153294226,30.20946115950261,67.26792427562214
2018-11-25 06:00:00+01:00,2018-11-25,6,49.09,49.85370131354228,31.873009115126237,71.30405859588814
2018-11-25 07:00:00+01:00,2018-11-25,7,53.33,54.16808446788165,33.01903829614269,78.70438455968764
2018-11-25 08:00:00+01:00,2018-11-25,8,54.26,57.69245377836688,35.3881286766582,82.11063504768538
2018-11-25 09:00:00+01:00,2018-11-25,9,59.06,60.14918213348911,40.938676159767134,83.59001113322654
2018-11-25 10:00:00+01:00,2018-11-25,10,62.02,61.26420719433729,44.065750286233374,83.22900958796868
2018-11-25 11:00:00+01:00,2018-11-25,11,63.26,61.005887780071305,44.68560183348593,82.54563126959525
2018-11-25 12:00:00+01:00,2018-11-25,12,65.15,59.25924136305497,42.932668832759525,80.42402010233945
2018-11-25 13:00:00+01:00,2018-11-25,13,63.41,59.38799542789811,41.975123230422916,80.65424348140857
2018-11-25 14:00:00+01:00,2018-11-25,14,58.97,56.53825723826399,40.13320200361473,77.7428981448054
2018-11-25 15:00:00+01:00,2018-11-25,15,59.03,54.13144107347159,35.17555766198547,75.46487489042137
2018-11-25 16:00:00+01:00,2018-11-25,16,61.47,54.643366838170905,35.05249575766852,76.81639820350335
2018-11-25 17:00:00+01:00,2018-11-25,17,67.65,57.37511015463733,35.76883118873272,80.34163017553766
2018-11-25 18:00:00+01:00,2018-11-25,18,70.0,63.77525613406404,43.064113275105655,88.56193103649706
2018-11-25 19:00:00+01:00,2018-11-25,19,70.62,67.05674687575008,48.58777678974384,92.54126226940414
2018-11-25 20:00:00+01:00,2018-11-25,20,70.0,66.22697977403722,50.40614477366165,88.76866235157428
2018-11-25 21:00:00+01:00,2018-11-25,21,65.45,64.64864290632877,49.63658796715855,82.78592188400526
2018-11-25 22:00:00+01:00,2018-11-25,22,62.7,61.64205494850162,47.96180446722587,82.01674138712724
2018-11-25 23:00:00+01:00,2018-11-25,23,58.54,56.453783911409836,43.087695501148055,77.17571028925812
2018-11-26 00:00:00+01:00,2018-11-26,0,52.57,52.853497314850145,38.86354305453842,72.17442786808681
2018-11-26 01:00:00+01:00,2018-11-26,1,49.44,47.95743435703569,31.446003393728894,68.1285735187561
2018-11-26 02:00:00+01:00,2018-11-26,2,47.41,46.340191144938416,32.36029636151058,66.23768005536678
2018-11-26 03:00:00+01:00,2018-11-26,3,45.6,43.212031951637904,28.055086596454693,62.339464388827814
2018-11-26 04:00:00+01:00,2018-11-26,4,42.1,42.90975132450454,28.128368179921054,61.78087965829001
2018-11-26 05:00:00+01:00,2018-11-26,5,46.34,44.937962184114625,28.93480919032301,65.99327230644253
2018-11-26 06:00:00+01:00,2018-11-26,6,49.01,50.7192110708544,32.738518872438355,72.16956835320025
2018-11-26 07:00:00+01:00,2018-11-26,7,54.45,58.24575861469335,37.09671244295439,82.78205870649934
2018-11-26 08:00:00+01:00,2018-11-26,8,60.38,61.00389490353177,38.69956980182309,85.42207617285027
2018-11-26 09:00:00+01:00,2018-11-26,9,63.96,63.507297083105485,44.296791109383506,86.9481260828429
2018-11-26 10:00:00+01:00,2018-11-26,10,63.93,63.52829928893152,46.32984238082761,85.49310168256291
2018-11-26 11:00:00+01:00,2018-11-26,11,61.71,63.90537531989791,47.585089373312535,85.44511880942184
2018-11-26 12:00:00+01:00,2018-11-26,12,59.0,63.35850679205206,47.03193426175662,84.52328553133654
2018-11-26 13:00:00+01:00,2018-11-26,13,58.33,62.99211153614533,45.579239338670135,84.2583595896558
2018-11-26 14:00:00+01:00,2018-11-26,14,57.8,59.18204576923945,42.77699053459019,80.38668667578087
2018-11-26 15:00:00+01:00,2018-11-26,15,58.8,58.25064400741026,39.29476059592414,79.58407782436004
2018-11-26 16:00:00+01:00,2018-11-26,16,62.01,60.16642287877066,40.57555179826827,82.33945424410311
2018-11-26 17:00:00+01:00,2018-11-26,17,65.69,63.02025147145616,41.41397250555155,85.98677149235648
2018-11-26 18:00:00+01:00,2018-11-26,18,68.4,67.50942669651162,46.79828383755324,92.29610159894465
2018-11-26 19:00:00+01:00,2018-11-26,19,69.49,70.00404389984813,51.53507381384189,95.48855929350219
2018-11-26 20:00:00+01:00,2018-11-26,20,70.15,69.44294767724202,53.62211267686645,91.98463025477906
2018-11-26 21:00:00+01:00,2018-11-26,21,70.0,67.2032836152796,52.191228676109375,85.34056259295609
2018-11-26 22:00:00+01:00,2018-11-26,22,67.5,63.40405046277665,49.7237999815009,83.77873690140227
2018-11-26 23:00:00+01:00,2018-11-26,23,62.31,58.18540903449552,44.81932062423374,78.90733541234381
2018-11-27 00:00:00+01:00,2018-11-27,0,61.1,54.44822840567574,40.458274145364015,73.76915895891241
2018-11-27 01:00:00+01:00,2018-11-27,1,58.33,49.56631110421845,33.054880140911656,69.73745026593886
2018-11-27 02:00:00+01:00,2018-11-27,2,56.61,47.209744039629975,33.22984925620214,67.10723295005835
2018-11-27 03:00:00+01:00,2018-11-27,3,51.67,44.45126606922114,29.29432071403793,63.57869850641105
2018-11-27 04:00:00+01:00,2018-11-27,4,51.97,42.9985901443534,28.217206999769914,61.86971847813887
2018-11-27 05:00:00+01:00,2018-11-27,5,56.19,45.550025146577525,29.54687215278591,66.60533526890543
2018-11-27 06:00:00+01:00,2018-11-27,6,63.04,51.09169296151883,33.11100076310279,72.54205024386468
2018-11-27 07:00:00+01:00,2018-11-27,7,67.18,59.74818321227243,38.59913704053347,84.28448330407842
2018-11-27 08:00:00+01:00,2018-11-27,8,68.53,63.935012397660145,41.63068729595146,88.35319366697864
2018-11-27 09:00:00+01:00,2018-11-27,9,68.89,66.59292713657493,47.38242116285295,90.03375613631235
2018-11-27 10:00:00+01:00,2018-11-27,10,69.5,65.03585217041552,47.83739526231161,87.00065456404691
2018-11-27 11:00:00+01:00,2018-11-27,11,68.69,64.11455589498054,47.79426994839517,85.65429938450448
2018-11-27 12:00:00+01:00,2018-11-27,12,68.4,63.5750023771849,47.24842984688946,84.73978111646939
2018-11-27 13:00:00+01:00,2018-11-27,13,68.07,62.544342875312836,45.13147067783764,83.8105909288233
2018-11-27 14:00:00+01:00,2018-11-27,14,67.33,60.114166511429744,43.70911127678048,81.31880741797116
2018-11-27 15:00:00+01:00,2018-11-27,15,67.39,60.30897355082205,41.35309013933593,81.64240736777182
2018-11-27 16:00:00+01:00,2018-11-27,16,67.96,61.80976239241837,42.21889131191598,83.98279375775081
2018-11-27 17:00:00+01:00,2018-11-27,17,68.74,65.67149372991031,44.065214764005695,88.63801375081063
2018-11-27 18:00:00+01:00,2018-11-27,18,70.15,69.4489925286479,48.737849669689524,94.23566743108093
2018-11-27 19:00:00+01:00,2018-11-27,19,71.51,70.6120856320859,52.143115546079656,96.09660102573994
2018-11-27 20:00:00+01:00,2018-11-27,20,70.61,70.11374611454531,54.29291111416974,92.65542869208235
2018-11-27 21:00:00+01:00,2018-11-27,21,67.54,68.99693115270179,53.984876213531564,87.13421013037828
2018-11-27 22:00:00+01:00,2018-11-27,22,63.87,65.34667802490043,51.66642754362468,85.72136446352604
2018-11-27 23:00:00+01:00,2018-11-27,23,59.4,60.77077628477421,47.404687874512426,81.49270266262249
2018-11-28 00:00:00+01:00,2018-11-28,0,58.22,57.81331410372137,43.82335984340964,77.13424465695803
2018-11-28 01:00:00+01:00,2018-11-28,1,51.9,53.362250801779794,36.850819838473,73.53338996350021
2018-11-28 02:00:00+01:00,2018-11-28,2,50.06,50.835663120912486,36.85576833748465,70.73315203134086
2018-11-28 03:00:00+01:00,2018-11-28,3,48.57,47.82052634864581,32.663580993462595,66.94795878583571
2018-11-28 04:00:00+01:00,2018-11-28,4,48.41,46.80465433519235,32.02327119060887,65.67578266897783
2018-11-28 05:00:00+01:00,2018-11-28,5,49.1,49.49798790845913,33.494834914667514,70.55329803078703
2018-11-28 06:00:00+01:00,2018-11-28,6,57.63,56.11541253858811,38.134720340172066,77.56576982093397
2018-11-28 07:00:00+01:00,2018-11-28,7,67.98,64.36121963453688,43.21217346279792,88.89751972634286
2018-11-28 08:00:00+01:00,2018-11-28,8,69.47,67.26383071663672,44.959505614928034,91.68201198595521
2018-11-28 09:00:00+01:00,2018-11-28,9,68.07,68.56136231778032,49.35085634405834,92.00219131751774
2018-11-28 10:00:00+01:00,2018-11-28,10,67.63,67.69283350795592,50.49437659985201,89.65763590158731
2018-11-28 11:00:00+01:00,2018-11-28,11,66.94,67.60183210549047,51.2815461589051,89.14157559501442
2018-11-28 12:00:00+01:00,2018-11-28,12,65.61,66.33032124344967,50.00374871315423,87.49509998273416
2018-11-28 13:00:00+01:00,2018-11-28,13,65.5,65.54617329495849,48.1333010974833,86.81242134846896
2018-11-28 14:00:00+01:00,2018-11-28,14,65.51,63.797918197694855,47.392862963045594,85.00255910423627
2018-11-28 15:00:00+01:00,2018-11-28,15,65.97,63.36291579885028,44.40703238736416,84.69634961580006
2018-11-28 16:00:00+01:00,2018-11-28,16,67.03,64.37943962523505,44.78856854473266,86.55247099056749
2018-11-28 17:00:00+01:00,2018-11-28,17,69.47,66.59463194127231,44.9883529753677,89.56115196217263
2018-11-28 18:00:00+01:00,2018-11-28,18,70.83,69.93312476251977,49.221981903561385,94.71979966495279
2018-11-28 19:00:00+01:00,2018-11-28,19,70.01,70.9957632255054,52.52679313949916,96.48027861915946
2018-11-28 20:00:00+01:00,2018-11-28,20,68.25,69.85286326359643,54.032028263220866,92.39454584113349
2018-11-28 21:00:00+01:00,2018-11-28,21,67.49,67.82486597466827,52.812811035498044,85.96214495234476
2018-11-28 22:00:00+01:00,2018-11-28,22,61.3,63.26030054715301,49.58005006587726,83.63498698577862
2018-11-28 23:00:00+01:00,2018-11-28,23,57.98,59.2904603606748,45.92437195041302,80.01238673852309
2018-11-29 00:00:00+01:00,2018-11-29,0,56.3,56.224882110288675,42.23492784997695,75.54581266352534
2018-11-29 01:00:00+01:00,2018-11-29,1,51.84,50.37957185286908,33.868140889562284,70.5507110145895
2018-11-29 02:00:00+01:00,2018-11-29,2,50.1,48.005219054762435,34.0253242713346,67.90270796519081
2018-11-29 03:00:00+01:00,2018-11-29,3,47.0,45.403709046587466,30.246763691404254,64.53114148377738
2018-11-29 04:00:00+01:00,2018-11-29,4,46.67,45.27958104877806,30.498197904194576,64.15070938256353
2018-11-29 05:00:00+01:00,2018-11-29,5,49.64,46.89923468155531,30.896081687763697,67.95454480388322
2018-11-29 06:00:00+01:00,2018-11-29,6,58.33,53.21877754452564,35.2380853461096,74.6691348268715
2018-11-29 07:00:00+01:00,2018-11-29,7,65.24,62.485176038075295,41.336129866336336,87.02147612988128
2018-11-29 08:00:00+01:00,2018-11-29,8,67.33,64.76123343534691,42.456908333638225,89.1794147046654
2018-11-29 09:00:00+01:00,2018-11-29,9,67.34,65.29650108567272,46.08599511195074,88.73733008541014
2018-11-29 10:00:00+01:00,2018-11-29,10,67.09,65.24690353180937,48.04844662370545,87.21170592544075
2018-11-29 11:00:00+01:00,2018-11-29,11,65.96,64.89038215308925,48.57009620650388,86.43012564261319
2018-11-29 12:00:00+01:00,2018-11-29,12,64.3,63.80765803148631,47.48108550119087,84.9724367707708
2018-11-29 13:00:00+01:00,2018-11-29,13,63.94,63.31654119181102,45.903668994335824,84.5827892453215
2018-11-29 14:00:00+01:00,2018-11-29,14,63.09,61.94686183708742,45.54180660243816,83.15150274362884
2018-11-29 15:00:00+01:00,2018-11-29,15,63.92,61.01298127417681,42.05709786269069,82.34641509112659
2018-11-29 16:00:00+01:00,2018-11-29,16,67.2,62.212396015710304,42.621524935207916,84.38542738104275
2018-11-29 17:00:00+01:00,2018-11-29,17,68.71,65.31148562303315,43.705206657128535,88.27800564393347
2018-11-29 18:00:00+01:00,2018-11-29,18,70.15,67.33495746159377,46.62381460263539,92.1216323640268
2018-11-29 19:00:00+01:00,2018-11-29,19,70.83,67.64836882522182,49.179398739215586,93.13288421887589
2018-11-29 20:00:00+01:00,2018-11-29,20,69.22,67.48777248662832,51.66693748625275,90.02945506416538
2018-11-29 21:00:00+01:00,2018-11-29,21,67.0,66.12342347276862,51.111368533598394,84.26070245044511
2018-11-29 22:00:00+01:00,2018-11-29,22,63.05,61.50730444776342,47.82705396648767,81.88199088638903
2018-11-29 23:00:00+01:00,2018-11-29,23,61.01,57.869421904023326,44.503333493761545,78.59134828187162
2018-11-30 00:00:00+01:00,2018-11-30,0,61.04,58.47823340722914,44.488279146917414,77.7991639604658
2018-11-30 01:00:00+01:00,2018-11-30,1,55.67,52.86086536001078,36.349434396703984,73.0320045217312
2018-11-30 02:00:00+01:00,2018-11-30,2,51.56,51.17022170879209,37.19032692536425,71.06771061922046
2018-11-30 03:00:00+01:00,2018-11-30,3,50.0,47.919062435143964,32.76211707996075,67.04649487233388
2018-11-30 04:00:00+01:00,2018-11-30,4,48.57,48.04582378134317,33.26444063675968,66.91695211512864
2018-11-30 05:00:00+01:00,2018-11-30,5,49.07,49.464479862609686,33.46132686881807,70.5197899849376
2018-11-30 06:00:00+01:00,2018-11-30,6,55.2,55.7312681289648,37.750575930548756,77.18162541131065
2018-11-30 07:00:00+01:00,2018-11-30,7,67.2,63.654936484719634,42.505890312980675,88.19123657652563
2018-11-30 08:00:00+01:00,2018-11-30,8,68.25,66.23923534809128,43.9349102463826,90.65741661740978
2018-11-30 09:00:00+01:00,2018-11-30,9,68.03,66.83430610232044,47.62380012859846,90.27513510205786
2018-11-30 10:00:00+01:00,2018-11-30,10,68.19,66.83936699677074,49.64091008866682,88.80416939040212
2018-11-30 11:00:00+01:00,2018-11-30,11,67.92,66.43844253510407,50.1181565885187,87.97818602462802
2018-11-30 12:00:00+01:00,2018-11-30,12,67.2,65.15446182905073,48.82788929875529,86.31924056833522
2018-11-30 13:00:00+01:00,2018-11-30,13,66.19,64.31024025485449,46.897368057379296,85.57648830836496
2018-11-30 14:00:00+01:00,2018-11-30,14,63.89,62.89373431051401,46.48867907586475,84.09837521705543
2018-11-30 15:00:00+01:00,2018-11-30,15,63.81,61.68392935503223,42.72804594354611,83.017363171982
2018-11-30 16:00:00+01:00,2018-11-30,16,64.79,63.6139293136711,44.02305823316871,85.78696067900354
2018-11-30 17:00:00+01:00,2018-11-30,17,67.2,66.33957325023609,44.73329428433147,89.3060932711364
2018-11-30 18:00:00+01:00,2018-11-30,18,68.49,69.45380500591402,48.74266214695564,94.24047990834704
2018-11-30 19:00:00+01:00,2018-11-30,19,69.04,69.89188213067735,51.42291204467111,95.3763975243314
2018-11-30 20:00:00+01:00,2018-11-30,20,68.4,69.1127501694328,53.29191516905723,91.65443274696986
2018-11-30 21:00:00+01:00,2018-11-30,21,66.39,67.26088757636354,52.24883263719332,85.39816655404003
2018-11-30 22:00:00+01:00,2018-11-30,22,63.75,63.13082881983799,49.45057833856224,83.5055152584636
2018-11-30 23:00:00+01:00,2018-11-30,23,63.89,60.582153006893726,47.216064596631945,81.30407938474201
2018-12-01 00:00:00+01:00,2018-12-01,0,55.57,59.884932266789654,45.89497800647793,79.20586282002633
2018-12-01 01:00:00+01:00,2018-12-01,1,49.0,53.337812750596825,36.82638178729003,73.50895191231724
2018-12-01 02:00:00+01:00,2018-12-01,2,46.15,51.02618398666429,37.046289203236455,70.92367289709267
2018-12-01 03:00:00+01:00,2018-12-01,3,46.01,47.7250271157652,32.56808176058199,66.85245955295511
2018-12-01 04:00:00+01:00,2018-12-01,4,46.13,47.38171141088891,32.600328266305425,66.25283974467439
2018-12-01 05:00:00+01:00,2018-12-01,5,47.29,47.97404006955164,31.970887075760025,69.02935019187956
2018-12-01 06:00:00+01:00,2018-12-01,6,56.0,52.42853235378384,34.44784015536779,73.87888963612968
2018-12-01 07:00:00+01:00,2018-12-01,7,61.97,58.98090152351939,37.83185535178043,83.51720161532538
2018-12-01 08:00:00+01:00,2018-12-01,8,66.58,61.85779421207957,39.553469110370884,86.27597548139806
2018-12-01 09:00:00+01:00,2018-12-01,9,66.89,63.47065153592348,44.2601455622015,86.9114805356609
2018-12-01 10:00:00+01:00,2018-12-01,10,67.19,64.72122072501661,47.52276381691269,86.686023118648
2018-12-01 11:00:00+01:00,2018-12-01,11,66.34,63.95047271523259,47.63018676864722,85.49021620475654
2018-12-01 12:00:00+01:00,2018-12-01,12,63.82,62.701329657587834,46.37475712729239,83.86610839687232
2018-12-01 13:00:00+01:00,2018-12-01,13,63.86,62.10584791756072,44.69297572008553,83.37209597107119
2018-12-01 14:00:00+01:00,2018-12-01,14,61.59,60.17755068886904,43.77249545421978,81.38219159541046
2018-12-01 15:00:00+01:00,2018-12-01,15,61.58,58.37402621346514,39.41814280197902,79.70746003041492
2018-12-01 16:00:00+01:00,2018-12-01,16,61.59,59.353677123307065,39.76280604280468,81.52670848863951
2018-12-01 17:00:00+01:00,2018-12-01,17,61.97,62.01250423907104,40.40622527316643,84.97902425997137
2018-12-01 18:00:00+01:00,2018-12-01,18,66.36,67.3840629102211,46.67292005126272,92.17073781265412
2018-12-01 19:00:00+01:00,2018-12-01,19,66.89,69.04021519228044,50.571245106274205,94.52473058593449
2018-12-01 20:00:00+01:00,2018-12-01,20,66.89,68.37743250571336,52.55659750533779,90.9191150832504
2018-12-01 21:00:00+01:00,2018-12-01,21,66.16,67.3254320387327,52.31337709956247,85.46271101640919
2018-12-01 22:00:00+01:00,2018-12-01,22,63.57,63.40304437861211,49.72279389733636,83.77773081723772
2018-12-01 23:00:00+01:00,2018-12-01,23,61.59,60.576513787514024,47.21042537725224,81.29844016536231
2018-12-02 00:00:00+01:00,2018-12-02,0,45.0,56.10080458564083,42.1108503253291,75.4217351388775
2018-12-02 01:00:00+01:00,2018-12-02,1,42.62,50.32925232629076,33.81782136298396,70.50039148801118
2018-12-02 02:00:00+01:00,2018-12-02,2,42.12,47.83823359305045,33.85833880962261,67.73572250347883
2018-12-02 03:00:00+01:00,2018-12-02,3,40.26,45.57864003398303,30.421694678799817,64.70607247117294
2018-12-02 04:00:00+01:00,2018-12-02,4,40.26,45.05022996829309,30.268846823709602,63.92135830207856
2018-12-02 05:00:00+01:00,2018-12-02,5,41.7,46.292707417976644,30.289554424185027,67.34801754030455
2018-12-02 06:00:00+01:00,2018-12-02,6,47.57,50.950408298922895,32.96971610050685,72.40076558126876
2018-12-02 07:00:00+01:00,2018-12-02,7,58.87,55.48345064502445,34.33440447328549,80.01975073683045
2018-12-02 08:00:00+01:00,2018-12-02,8,61.11,58.44277716059948,36.13845205889079,82.86095842991799
2018-12-02 09:00:00+01:00,2018-12-02,9,62.09,60.928366019707916,41.71786004598594,84.36919501944533
2018-12-02 10:00:00+01:00,2018-12-02,10,62.25,61.81982416172305,44.621367253619134,83.78462655535444
2018-12-02 11:00:00+01:00,2018-12-02,11,61.28,61.786013438633766,45.465727492048394,83.32575692815772
2018-12-02 12:00:00+01:00,2018-12-02,12,60.65,59.58553654166188,43.25896401136644,80.75031528094637
2018-12-02 13:00:00+01:00,2018-12-02,13,60.07,60.08027907980784,42.66740688233264,81.3465271333183
2018-12-02 14:00:00+01:00,2018-12-02,14,59.92,57.157148985027085,40.752093750377824,78.36178989156849
2018-12-02 15:00:00+01:00,2018-12-02,15,55.21,56.07643674125325,37.12055332976713,77.40987055820302
2018-12-02 16:00:00+01:00,2018-12-02,16,54.95,56.99042902643246,37.39955794593007,79.1634603917649
2018-12-02 17:00:00+01:00,2018-12-02,17,58.64,58.887800446893,37.28152148098839,81.85432046779331
2018-12-02 18:00:00+01:00,2018-12-02,18,61.44,63.34168592263919,42.63054306368081,88.1283608250722
2018-12-02 19:00:00+01:00,2018-12-02,19,64.0,66.32015198510807,47.85118189910183,91.80466737876213
2018-12-02 20:00:00+01:00,2018-12-02,20,65.01,66.33987534974679,50.519040349371224,88.88155792728384
2018-12-02 21:00:00+01:00,2018-12-02,21,64.99,65.53259937564319,50.52054443647296,83.66987835331967
2018-12-02 22:00:00+01:00,2018-12-02,22,62.28,62.12673100440351,48.44648052312776,82.50141744302913
2018-12-02 23:00:00+01:00,2018-12-02,23,61.01,58.99981451337228,45.6337261031105,79.72174089122058
2018-12-03 00:00:00+01:00,2018-12-03,0,23.8,50.22082074454038,36.230866484228656,69.54175129777705
2018-12-03 01:00:00+01:00,2018-12-03,1,12.0,46.18630913539869,29.674878172091894,66.3574482971191
2018-12-03 02:00:00+01:00,2018-12-03,2,8.0,44.50649142392861,30.52659664050077,64.40398033435699
2018-12-03 03:00:00+01:00,2018-12-03,3,6.7,42.145615865407684,26.988670510224473,61.273048302597594
2018-12-03 04:00:00+01:00,2018-12-03,4,8.0,40.82067063167956,26.039287487096075,59.69179896546503
2018-12-03 05:00:00+01:00,2018-12-03,5,12.0,43.19899881445889,27.195845820667273,64.2543089367868
2018-12-03 06:00:00+01:00,2018-12-03,6,27.24,49.118526756501765,31.13783455808572,70.56888403884761
2018-12-03 07:00:00+01:00,2018-12-03,7,44.45,57.956536159135695,36.807489987396735,82.49283625094168
2018-12-03 08:00:00+01:00,2018-12-03,8,48.34,60.36834307999758,38.06401797828889,84.78652434931607
2018-12-03 09:00:00+01:00,2018-12-03,9,48.05,61.90681078527648,42.6963048115545,85.3476397850139
2018-12-03 10:00:00+01:00,2018-12-03,10,46.02,61.27345126000978,44.074994351905865,83.23825365364117
2018-12-03 11:00:00+01:00,2018-12-03,11,44.41,61.55127467837313,45.23098873178776,83.09101816789708
2018-12-03 12:00:00+01:00,2018-12-03,12,45.0,60.44241525937797,44.11584272908252,81.60719399866245
2018-12-03 13:00:00+01:00,2018-12-03,13,41.5,60.27698422090475,42.864112023429556,81.54323227441522
2018-12-03 14:00:00+01:00,2018-12-03,14,38.38,57.34160026747956,40.9365450328303,78.54624117402098
2018-12-03 15:00:00+01:00,2018-12-03,15,37.24,55.93553319032154,36.97964977883542,77.26896700727133
2018-12-03 16:00:00+01:00,2018-12-03,16,37.61,57.07403057860737,37.48315949810498,79.24706194393981
2018-12-03 17:00:00+01:00,2018-12-03,17,42.23,59.68183719353279,38.07555822762818,82.6483572144331
2018-12-03 18:00:00+01:00,2018-12-03,18,50.24,63.37811555706453,42.66697269810615,88.16479045949755
2018-12-03 19:00:00+01:00,2018-12-03,19,62.0,66.20810952385504,47.739139437848806,91.69262491750911
2018-12-03 20:00:00+01:00,2018-12-03,20,70.0,66.35317609350287,50.5323410931273,88.89485867103991
2018-12-03 21:00:00+01:00,2018-12-03,21,66.64,65.57311982887055,50.56106488970032,83.71039880654703
2018-12-03 22:00:00+01:00,2018-12-03,22,56.13,62.14598114161267,48.465730660336924,82.5206675802383
2018-12-03 23:00:00+01:00,2018-12-03,23,50.6,58.10692260557768,44.7408341953159,78.82884898342597
2018-12-04 00:00:00+01:00,2018-12-04,0,34.42,40.38804530239561,26.398091042083884,59.708975855632275
2018-12-04 01:00:00+01:00,2018-12-04,1,32.32,33.83601409458612,17.324583131279326,54.00715325630654
2018-12-04 02:00:00+01:00,2018-12-04,2,31.37,31.42661941685273,17.446724633424893,51.3241083272811
2018-12-04 03:00:00+01:00,2018-12-04,3,30.34,28.380410026687265,13.223464671504054,47.507842463877175
2018-12-04 04:00:00+01:00,2018-12-04,4,30.0,28.580586517113453,13.799203372529966,47.451714850898924
2018-12-04 05:00:00+01:00,2018-12-04,5,31.87,31.77895657492516,15.775803581133545,52.83426669725307
2018-12-04 06:00:00+01:00,2018-12-04,6,41.05,40.92010161596722,22.939409417551175,62.370458898313075
2018-12-04 07:00:00+01:00,2018-12-04,7,48.37,50.889149161830986,29.740102990092026,75.42544925363697
2018-12-04 08:00:00+01:00,2018-12-04,8,52.03,54.349408243478365,32.04508314176968,78.76758951279686
2018-12-04 09:00:00+01:00,2018-12-04,9,56.56,54.37717711673569,35.16667114301371,77.8180061164731
2018-12-04 10:00:00+01:00,2018-12-04,10,56.06,53.08585022468715,35.887393316583236,75.05065261831854
2018-12-04 11:00:00+01:00,2018-12-04,11,54.96,52.56532781525918,36.24504186867381,74.10507130478312
2018-12-04 12:00:00+01:00,2018-12-04,12,52.61,51.88179893548361,35.555226405188165,73.04657767476809
2018-12-04 13:00:00+01:00,2018-12-04,13,52.34,50.47244672283906,33.059574525363864,71.73869477634952
2018-12-04 14:00:00+01:00,2018-12-04,14,50.86,47.14942601032422,30.74437077567496,68.35406691686563
2018-12-04 15:00:00+01:00,2018-12-04,15,49.66,46.64706958459436,27.691186173108242,67.98050340154414
2018-12-04 16:00:00+01:00,2018-12-04,16,49.03,47.09383219312758,27.502961112625194,69.26686355846002
2018-12-04 17:00:00+01:00,2018-12-04,17,50.54,50.154149974026346,28.54787100812173,73.12066999492666
2018-12-04 18:00:00+01:00,2018-12-04,18,51.8,55.41735825681146,34.70621539785308,80.20403315924449
2018-12-04 19:00:00+01:00,2018-12-04,19,52.45,62.52073787234082,44.05176778633458,88.00525326599487
2018-12-04 20:00:00+01:00,2018-12-04,20,57.06,63.86609424422501,48.04525924384944,86.40777682176207
2018-12-04 21:00:00+01:00,2018-12-04,21,75.0,61.70747871671789,46.69542377754766,79.84475769439437
2018-12-04 22:00:00+01:00,2018-12-04,22,56.21,56.44353970702716,42.763289225751414,76.81822614565277
2018-12-04 23:00:00+01:00,2018-12-04,23,53.31,51.43866810986681,38.07257969960503,72.1605944877151
2018-12-05 00:00:00+01:00,2018-12-05,0,59.13,44.543322146101296,30.55336788578957,63.86425269933797
2018-12-05 01:00:00+01:00,2018-12-05,1,58.58,42.24251711306789,25.731086149761097,62.41365627478831
2018-12-05 02:00:00+01:00,2018-12-05,2,57.09,39.31648420668183,25.33658942325399,59.2139731171102
2018-12-05 03:00:00+01:00,2018-12-05,3,56.95,37.485262944453325,22.328317589270114,56.612695381643235
2018-12-05 04:00:00+01:00,2018-12-05,4,55.0,37.35623464872492,22.574851504141435,56.22736298251039
2018-12-05 05:00:00+01:00,2018-12-05,5,52.46,39.74945924645996,23.746306252668347,60.80476936878787
2018-12-05 06:00:00+01:00,2018-12-05,6,51.97,45.81064789445399,27.82995569603795,67.26100517679984
2018-12-05 07:00:00+01:00,2018-12-05,7,51.97,52.640936909953,31.49189073821404,77.17723700175898
2018-12-05 08:00:00+01:00,2018-12-05,8,52.46,55.25960682034719,32.9552817186385,79.67778808966568
2018-12-05 09:00:00+01:00,2018-12-05,9,53.36,57.70431189844065,38.49380592471867,81.14514089817807
2018-12-05 10:00:00+01:00,2018-12-05,10,50.68,56.491040464948604,39.29258355684469,78.45584285857998
2018-12-05 11:00:00+01:00,2018-12-05,11,46.13,56.626122102487315,40.30583615590194,78.16586559201126
2018-12-05 12:00:00+01:00,2018-12-05,12,42.49,55.13945145856934,38.812878928273896,76.30423019785383
2018-12-05 13:00:00+01:00,2018-12-05,13,38.05,54.18827773447015,36.77540553699495,75.45452578798061
2018-12-05 14:00:00+01:00,2018-12-05,14,36.4,52.18998378550847,35.784928550859206,73.39462469204989
2018-12-05 15:00:00+01:00,2018-12-05,15,28.07,51.37412903231732,32.4182456208312,72.7075628492671
2018-12-05 16:00:00+01:00,2018-12-05,16,27.69,52.07020839837869,32.4793373178763,74.24323976371113
2018-12-05 17:00:00+01:00,2018-12-05,17,26.09,53.5268958771077,31.920616911203084,76.49341589800801
2018-12-05 18:00:00+01:00,2018-12-05,18,27.94,56.512716947718026,35.801574088759644,81.29939185015104
2018-12-05 19:00:00+01:00,2018-12-05,19,31.99,58.90174642440754,40.432776338401304,84.3862618180616
2018-12-05 20:00:00+01:00,2018-12-05,20,36.2,60.645399966768125,44.82456496639256,83.18708254430518
2018-12-05 21:00:00+01:00,2018-12-05,21,38.55,64.98603595723007,49.973981018059845,83.12331493490656
2018-12-05 22:00:00+01:00,2018-12-05,22,39.9,57.35458177185243,43.67433129057668,77.72926821047804
2018-12-05 23:00:00+01:00,2018-12-05,23,38.05,53.47371546721124,40.10762705694946,74.19564184505953
2018-12-06 00:00:00+01:00,2018-12-06,0,56.09,42.38647214586423,28.396517885552505,61.707402699100896
2018-12-06 01:00:00+01:00,2018-12-06,1,52.01,39.28573752472821,22.77430656142142,59.45687668644863
2018-12-06 02:00:00+01:00,2018-12-06,2,51.92,36.649151484320136,22.669256700892298,56.54664039474851
2018-12-06 03:00:00+01:00,2018-12-06,3,51.42,35.49030405198935,20.333358696806137,54.61773648917926
2018-12-06 04:00:00+01:00,2018-12-06,4,51.18,33.87651235087506,19.095129206291574,52.74764068466053
2018-12-06 05:00:00+01:00,2018-12-06,5,51.48,34.992101535175244,18.98894854138363,56.047411657503154
2018-12-06 06:00:00+01:00,2018-12-06,6,55.14,38.8804052529555,20.899713054539454,60.33076253530135
2018-12-06 07:00:00+01:00,2018-12-06,7,55.02,44.706729611075716,23.557683439336756,69.2430297028817
2018-12-06 08:00:00+01:00,2018-12-06,8,60.11,46.45550329747741,24.15117819576872,70.8736845667959
2018-12-06 09:00:00+01:00,2018-12-06,9,60.51,48.179746780847054,28.969240807125075,71.62057578058447
2018-12-06 10:00:00+01:00,2018-12-06,10,60.11,47.30300572766337,30.104548819559454,69.26780812129476
2018-12-06 11:00:00+01:00,2018-12-06,11,60.11,45.78678833203205,29.46650238544668,67.32653182155599
2018-12-06 12:00:00+01:00,2018-12-06,12,60.11,43.948242916519874,27.62167038622443,65.11302165580436
2018-12-06 13:00:00+01:00,2018-12-06,13,59.0,43.295050408749525,25.88217821127433,64.56129846226
2018-12-06 14:00:00+01:00,2018-12-06,14,55.41,40.64896806757475,24.24391283292549,61.85360897411616
2018-12-06 15:00:00+01:00,2018-12-06,15,51.5,37.18166407634742,18.225780664861297,58.515097893297195
2018-12-06 16:00:00+01:00,2018-12-06,16,50.98,36.284832251307535,16.693961170805146,58.457863616639976
2018-12-06 17:00:00+01:00,2018-12-06,17,51.62,38.17844436659168,16.572165400687062,61.144964387491996
2018-12-06 18:00:00+01:00,2018-12-06,18,52.93,41.610213257285196,20.899070398326813,66.39688815971822
2018-12-06 19:00:00+01:00,2018-12-06,19,54.08,43.732346170939664,25.263376084933427,69.21686156459373
2018-12-06 20:00:00+01:00,2018-12-06,20,52.78,45.53763771442628,29.716802714050715,68.07932029196334
2018-12-06 21:00:00+01:00,2018-12-06,21,58.39,46.67262437735009,31.660569438179863,64.80990335502658
2018-12-06 22:00:00+01:00,2018-12-06,22,55.15,45.24042430728029,31.560173826004544,65.61511074590591
2018-12-06 23:00:00+01:00,2018-12-06,23,50.66,41.57435810439803,28.20826969413625,62.29628448224632
2018-12-07 00:00:00+01:00,2018-12-07,0,62.0,50.626742881920954,36.63678862160923,69.94767343515763
2018-12-07 01:00:00+01:00,2018-12-07,1,61.14,46.89221166494207,30.380780701635274,67.06335082666249
2018-12-07 02:00:00+01:00,2018-12-07,2,58.0,44.43624763073117,30.45635284730333,64.33373654115954
2018-12-07 03:00:00+01:00,2018-12-07,3,57.0,43.04353691286625,27.88659155768304,62.17096935005616
2018-12-07 04:00:00+01:00,2018-12-07,4,56.95,42.92164412444167,28.140260979858184,61.79277245822714
2018-12-07 05:00:00+01:00,2018-12-07,5,57.93,44.140842933436026,28.13768993964441,65.19615305576394
2018-12-07 06:00:00+01:00,2018-12-07,6,61.5,48.70162619172286,30.720933993306815,70.15198347406871
2018-12-07 07:00:00+01:00,2018-12-07,7,63.17,53.54197519984707,32.392929028108114,78.07827529165306
2018-12-07 08:00:00+01:00,2018-12-07,8,65.02,57.04764921318122,34.74332411147253,81.46583048249971
2018-12-07 09:00:00+01:00,2018-12-07,9,66.86,59.20111176297701,39.99060578925503,82.64194076271443
2018-12-07 10:00:00+01:00,2018-12-07,10,66.51,59.539966955795705,42.34151004769179,81.5047693494271
2018-12-07 11:00:00+01:00,2018-12-07,11,66.69,59.86391921829318,43.543633271707805,81.40366270781712
2018-12-07 12:00:00+01:00,2018-12-07,12,68.0,58.83110978864762,42.50453725835218,79.99588852793211
2018-12-07 13:00:00+01:00,2018-12-07,13,68.3,58.3722516102491,40.959379412773906,79.63849966375957
2018-12-07 14:00:00+01:00,2018-12-07,14,67.94,55.354130791991544,38.94907555734228,76.55877169853295
2018-12-07 15:00:00+01:00,2018-12-07,15,66.85,52.56677591851995,33.61089250703383,73.90020973546973
2018-12-07 16:00:00+01:00,2018-12-07,16,66.67,53.750645478285946,34.15977439778356,75.92367684361838
2018-12-07 17:00:00+01:00,2018-12-07,17,66.09,54.567239067572054,32.96096010166744,77.53375908847238
2018-12-07 18:00:00+01:00,2018-12-07,18,65.01,56.38096500299677,35.669822144038385,81.16763990542978
2018-12-07 19:00:00+01:00,2018-12-07,19,64.35,57.317418956654265,38.84844887064803,82.80193435030833
2018-12-07 20:00:00+01:00,2018-12-07,20,64.67,57.957704962277624,42.13686996190206,80.49938753981468
2018-12-07 21:00:00+01:00,2018-12-07,21,65.01,60.3173567807677,45.305301841597476,78.4546357584442
2018-12-07 22:00:00+01:00,2018-12-07,22,64.67,55.7614417925116,42.08119131123585,76.1361282311372
2018-12-07 23:00:00+01:00,2018-12-07,23,62.64,51.733128578929325,38.36704016866754,72.45505495677762
2018-12-08 00:00:00+01:00,2018-12-08,0,65.57,59.33128875452151,45.34133449420978,78.65221930775817
2018-12-08 01:00:00+01:00,2018-12-08,1,64.14,54.9468826274457,38.43545166413891,75.11802178916612
2018-12-08 02:00:00+01:00,2018-12-08,2,64.14,53.257250302458445,39.27735551903061,73.15473921288682
2018-12-08 03:00:00+01:00,2018-12-08,3,64.39,50.766771307033274,35.60982595185006,69.89420374422318
2018-12-08 04:00:00+01:00,2018-12-08,4,63.9,50.96586938657924,36.18448624199576,69.8369977203647
2018-12-08 05:00:00+01:00,2018-12-08,5,63.9,51.01669523197914,35.013542238187526,72.07200535430705
2018-12-08 06:00:00+01:00,2018-12-08,6,63.9,54.79083772057622,36.81014552216018,76.24119500292207
2018-12-08 07:00:00+01:00,2018-12-08,7,62.14,56.541476401036235,35.392430229297275,81.07777649284222
2018-12-08 08:00:00+01:00,2018-12-08,8,59.9,58.902695699821244,36.59837059811255,83.32087696913973
2018-12-08 09:00:00+01:00,2018-12-08,9,61.99,61.21387886887929,42.00337289515731,84.65470786861671
2018-12-08 10:00:00+01:00,2018-12-08,10,60.0,63.71060861368464,46.51215170558073,85.67541100731603
2018-12-08 11:00:00+01:00,2018-12-08,11,62.14,63.42860074584679,47.10831479926142,84.96834423537074
2018-12-08 12:00:00+01:00,2018-12-08,12,62.14,62.77554081394237,46.44896828364693,83.94031955322686
2018-12-08 13:00:00+01:00,2018-12-08,13,62.0,62.65536178863873,45.24248959116353,83.9216098421492
2018-12-08 14:00:00+01:00,2018-12-08,14,60.0,61.845984022212896,45.440928787563635,83.0506249287543
2018-12-08 15:00:00+01:00,2018-12-08,15,57.5,59.16726616919332,40.2113827577072,80.5006999861431
2018-12-08 16:00:00+01:00,2018-12-08,16,52.37,59.821092953782305,40.230221873279916,81.99412431911475
2018-12-08 17:00:00+01:00,2018-12-08,17,51.77,60.192113321333636,38.58583435542902,83.15863334223395
2018-12-08 18:00:00+01:00,2018-12-08,18,51.61,62.71372797280077,42.002585113842386,87.50040287523379
2018-12-08 19:00:00+01:00,2018-12-08,19,57.55,64.16498008960143,45.69601000359519,89.64949548325549
2018-12-08 20:00:00+01:00,2018-12-08,20,61.35,65.90786537247162,50.08703037209605,88.44954795000868
2018-12-08 21:00:00+01:00,2018-12-08,21,65.67,67.21289886434604,52.20084392517582,85.35017784202253
2018-12-08 22:00:00+01:00,2018-12-08,22,67.75,63.65433571169232,49.97408523041657,84.02902215031793
2018-12-08 23:00:00+01:00,2018-12-08,23,66.01,60.97542593777284,47.60933752751106,81.69735231562113
2018-12-09 00:00:00+01:00,2018-12-09,0,71.71,59.94150410447526,45.95154984416353,79.26243465771192
2018-12-09 01:00:00+01:00,2018-12-09,1,70.67,55.8609483693859,39.34951740607911,76.03208753110633
2018-12-09 02:00:00+01:00,2018-12-09,2,69.9,55.24398272546652,41.264087942038685,75.1414716358949
2018-12-09 03:00:00+01:00,2018-12-09,3,68.21,53.54556032976526,38.38861497458205,72.67299276695516
2018-12-09 04:00:00+01:00,2018-12-09,4,68.62,53.34594907053298,38.564565925949495,72.21707740431845
2018-12-09 05:00:00+01:00,2018-12-09,5,70.0,53.818455121941966,37.81530212815035,74.87376524426988
2018-12-09 06:00:00+01:00,2018-12-09,6,73.92,56.08139024867269,38.100698050256646,77.53174753101854
2018-12-09 07:00:00+01:00,2018-12-09,7,76.04,57.47827212485235,36.329225953113394,82.01457221665834
2018-12-09 08:00:00+01:00,2018-12-09,8,76.04,58.55433876970252,36.25001366799383,82.97252003902102
2018-12-09 09:00:00+01:00,2018-12-09,9,77.7,60.076776148025566,40.86627017430359,83.51760514776299
2018-12-09 10:00:00+01:00,2018-12-09,10,77.07,62.06252842843446,44.86407152033055,84.02733082206585
2018-12-09 11:00:00+01:00,2018-12-09,11,77.0,62.40739351719018,46.08710757060481,83.94713700671412
2018-12-09 12:00:00+01:00,2018-12-09,12,77.88,60.96889725495056,44.64232472465512,82.13367599423505
2018-12-09 13:00:00+01:00,2018-12-09,13,78.0,60.72292612131226,43.31005392383707,81.98917417482272
2018-12-09 14:00:00+01:00,2018-12-09,14,77.89,59.38071916346248,42.97566392881322,80.5853600700039
2018-12-09 15:00:00+01:00,2018-12-09,15,77.69,56.14411973737781,37.18823632589169,77.47755355432759
2018-12-09 16:00:00+01:00,2018-12-09,16,77.69,55.270538585384166,35.67966750488178,77.44356995071661
2018-12-09 17:00:00+01:00,2018-12-09,17,77.03,55.60057976915537,33.99430080325075,78.56709979005569
2018-12-09 18:00:00+01:00,2018-12-09,18,77.64,59.10461412175599,38.39347126279761,83.891289024189
2018-12-09 19:00:00+01:00,2018-12-09,19,78.78,64.14309999773333,45.67412991172709,89.6276153913874
2018-12-09 20:00:00+01:00,2018-12-09,20,80.08,66.43698968146775,50.61615468109218,88.97867225900481
2018-12-09 21:00:00+01:00,2018-12-09,21,79.05,68.70505734852223,53.693002409352005,86.84233632619872
2018-12-09 22:00:00+01:00,2018-12-09,22,76.04,65.20995935512697,51.52970887385122,85.58464579375259
2018-12-09 23:00:00+01:00,2018-12-09,23,74.74,61.97165452461756,48.60556611435578,82.69358090246585
2018-12-10 00:00:00+01:00,2018-12-10,0,57.22,65.72009779250831,51.730143532196585,85.04102834574498
2018-12-10 01:00:00+01:00,2018-12-10,1,54.99,60.459783970197066,43.94835300689027,80.63092313191748
2018-12-10 02:00:00+01:00,2018-12-10,2,52.25,58.90900690091214,44.9291121174843,78.80649581134051
2018-12-10 03:00:00+01:00,2018-12-10,3,50.43,57.286080401440515,42.1291350462573,76.41351283863042
2018-12-10 04:00:00+01:00,2018-12-10,4,50.3,57.305690792163816,42.52430764758033,76.1768191259493
2018-12-10 05:00:00+01:00,2018-12-10,5,50.3,58.41524183835313,42.41208884456152,79.47055196068104
2018-12-10 06:00:00+01:00,2018-12-10,6,56.63,63.06053910815821,45.079846909742166,84.51089639050406
2018-12-10 07:00:00+01:00,2018-12-10,7,65.2,68.95832105071095,47.80927487897199,93.49462114251693
2018-12-10 08:00:00+01:00,2018-12-10,8,68.01,71.34317260948998,49.0388475077813,95.76135387880848
2018-12-10 09:00:00+01:00,2018-12-10,9,69.76,72.67528249580542,53.46477652208344,96.11611149554284
2018-12-10 10:00:00+01:00,2018-12-10,10,69.64,74.25653533401689,57.058078425912974,96.22133772764828
2018-12-10 11:00:00+01:00,2018-12-10,11,66.14,73.90691091714093,57.58662497055556,95.44665440666488
2018-12-10 12:00:00+01:00,2018-12-10,12,63.73,73.99364953388292,57.66707700358747,95.1584282731674
2018-12-10 13:00:00+01:00,2018-12-10,13,56.9,73.5485821748467,56.135709977371505,94.81483022835717
2018-12-10 14:00:00+01:00,2018-12-10,14,56.64,71.9657436534059,55.560688418756634,93.17038455994731
2018-12-10 15:00:00+01:00,2018-12-10,15,55.0,70.2817625943728,51.32587918288667,91.61519641132257
2018-12-10 16:00:00+01:00,2018-12-10,16,56.96,71.0134170712033,51.42254599070092,93.18644843653576
2018-12-10 17:00:00+01:00,2018-12-10,17,67.32,72.80890120080701,51.2026222349024,95.77542122170733
2018-12-10 18:00:00+01:00,2018-12-10,18,68.68,75.67070520907457,54.95956235011619,100.45738011150759
2018-12-10 19:00:00+01:00,2018-12-10,19,70.46,78.03168096101702,59.56271087501078,103.51619635467108
2018-12-10 20:00:00+01:00,2018-12-10,20,72.82,78.33025533579846,62.50942033542289,100.8719379133355
2018-12-10 21:00:00+01:00,2018-12-10,21,70.15,77.18190270853512,62.16984776936489,95.3191816862116
2018-12-10 22:00:00+01:00,2018-12-10,22,67.85,71.42880078004654,57.748550298770795,91.80348721867216
2018-12-10 23:00:00+01:00,2018-12-10,23,62.41,69.85908749964717,56.49299908938539,90.58101387749547
2018-12-11 00:00:00+01:00,2018-12-11,0,54.89,58.00965758785551,44.01970332754378,77.33058814109218
2018-12-11 01:00:00+01:00,2018-12-11,1,49.55,53.40025465602512,36.888823692718326,73.57139381774553
2018-12-11 02:00:00+01:00,2018-12-11,2,46.9,50.22236519132245,36.242470407894615,70.11985410175083
2018-12-11 03:00:00+01:00,2018-12-11,3,46.9,48.11519124686221,32.958245891679,67.24262368405212
2018-12-11 04:00:00+01:00,2018-12-11,4,47.0,47.248337526651014,32.46695438206753,66.11946586043649
2018-12-11 05:00:00+01:00,2018-12-11,5,49.13,48.38078887673784,32.37763588294622,69.43609899906575
2018-12-11 06:00:00+01:00,2018-12-11,6,64.68,53.952868183041275,35.97217598462523,75.40322546538712
2018-12-11 07:00:00+01:00,2018-12-11,7,69.87,61.30290323933328,40.15385706759432,85.83920333113927
2018-12-11 08:00:00+01:00,2018-12-11,8,68.71,64.30824476640058,42.00391966469189,88.72642603571907
2018-12-11 09:00:00+01:00,2018-12-11,9,69.62,65.65861510271841,46.448109128996435,89.09944410245583
2018-12-11 10:00:00+01:00,2018-12-11,10,68.71,65.92969904454233,48.73124213643842,87.89450143817372
2018-12-11 11:00:00+01:00,2018-12-11,11,69.06,64.85065993667946,48.53037399009409,86.3904034262034
2018-12-11 12:00:00+01:00,2018-12-11,12,67.73,63.03101093817232,46.70443840787688,84.19578967745682
2018-12-11 13:00:00+01:00,2018-12-11,13,67.39,60.7879314532705,43.37505925579531,82.05417950678097
2018-12-11 14:00:00+01:00,2018-12-11,14,67.18,58.36498900362911,41.95993376897985,79.56962991017053
2018-12-11 15:00:00+01:00,2018-12-11,15,68.0,57.811637011040474,38.855753599554355,79.14507082799025
2018-12-11 16:00:00+01:00,2018-12-11,16,68.85,58.903455874199246,39.31258479369686,81.07648723953169
2018-12-11 17:00:00+01:00,2018-12-11,17,72.8,64.53424647888632,42.9279675129817,87.50076649978664
2018-12-11 18:00:00+01:00,2018-12-11,18,75.0,69.84155319994628,49.13041034098789,94.6282281023793
2018-12-11 19:00:00+01:00,2018-12-11,19,75.43,72.76995849639039,54.30098841038415,98.25447389004444
2018-12-11 20:00:00+01:00,2018-12-11,20,71.11,72.04777548229221,56.22694048191664,94.58945805982927
2018-12-11 21:00:00+01:00,2018-12-11,21,70.16,71.57720617129777,56.56515123212755,89.71448514897426
2018-12-11 22:00:00+01:00,2018-12-11,22,67.18,65.64578621815083,51.96553573687508,86.02047265677645
2018-12-11 23:00:00+01:00,2018-12-11,23,60.5,61.359587372282974,47.99349896202119,82.08151375013126
2018-12-12 00:00:00+01:00,2018-12-12,0,62.93,58.061403651792475,44.07144939148075,77.38233420502914
2018-12-12 01:00:00+01:00,2018-12-12,1,57.0,53.891975856862004,37.38054489355521,74.06311501858242
2018-12-12 02:00:00+01:00,2018-12-12,2,54.76,48.65132120182119,34.67142641839335,68.54881011224956
2018-12-12 03:00:00+01:00,2018-12-12,3,52.1,47.726083806833074,32.56913845164986,66.85351624402298
2018-12-12 04:00:00+01:00,2018-12-12,4,52.1,47.28799685165143,32.50661370706794,66.15912518543689
2018-12-12 05:00:00+01:00,2018-12-12,5,53.86,48.735083421862775,32.73193042807116,69.79039354419069
2018-12-12 06:00:00+01:00,2018-12-12,6,66.47,56.75355357330251,38.77286137488647,78.20391085564836
2018-12-12 07:00:00+01:00,2018-12-12,7,68.65,65.35968608444114,44.21063991270218,89.89598617624713
2018-12-12 08:00:00+01:00,2018-12-12,8,69.53,67.47439176042356,45.17006665871487,91.89257302974205
2018-12-12 09:00:00+01:00,2018-12-12,9,70.0,67.71539827595892,48.50489230223694,91.15622727569634
2018-12-12 10:00:00+01:00,2018-12-12,10,69.88,67.18986036299833,49.99140345489442,89.15466275662972
2018-12-12 11:00:00+01:00,2018-12-12,11,69.43,66.82663669284622,50.50635074626085,88.36638018237016
2018-12-12 12:00:00+01:00,2018-12-12,12,69.01,65.68079010222583,49.354217571930384,86.84556884151031
2018-12-12 13:00:00+01:00,2018-12-12,13,68.75,64.05473532866831,46.64186313119312,85.32098338217878
2018-12-12 14:00:00+01:00,2018-12-12,14,68.15,62.868426453824966,46.463371219175706,84.07306736036638
2018-12-12 15:00:00+01:00,2018-12-12,15,68.07,62.421621557266164,43.465738145780044,83.75505537421594
2018-12-12 16:00:00+01:00,2018-12-12,16,67.83,63.24602420659407,43.65515312609168,85.41905557192652
2018-12-12 17:00:00+01:00,2018-12-12,17,68.07,65.92326617731995,44.31698721141533,88.88978619822026
2018-12-12 18:00:00+01:00,2018-12-12,18,68.4,69.75657773104523,49.045434872086844,94.54325263347825
2018-12-12 19:00:00+01:00,2018-12-12,19,68.25,70.25776311714824,51.788793031142006,95.7422785108023
2018-12-12 20:00:00+01:00,2018-12-12,20,68.15,68.85845158625139,53.037616585875824,91.40013416378844
2018-12-12 21:00:00+01:00,2018-12-12,21,66.1,66.60067212878843,51.588617189618205,84.73795110646492
2018-12-12 22:00:00+01:00,2018-12-12,22,63.45,62.12963275335211,48.44938227207636,82.50431919197773
2018-12-12 23:00:00+01:00,2018-12-12,23,57.32,58.00631512869622,44.64022671843444,78.72824150654452
2018-12-13 00:00:00+01:00,2018-12-13,0,55.0,58.103191664678306,44.11323740436658,77.42412221791497
2018-12-13 01:00:00+01:00,2018-12-13,1,51.28,52.8699186419586,36.358487678651805,73.04105780367902
2018-12-13 02:00:00+01:00,2018-12-13,2,49.1,49.65812446353337,35.67822968010553,69.55561337396173
2018-12-13 03:00:00+01:00,2018-12-13,3,47.99,47.90976470432234,32.75281934913913,67.03719714151225
2018-12-13 04:00:00+01:00,2018-12-13,4,47.47,46.46090727639986,31.679524131816372,65.33203561018533
2018-12-13 05:00:00+01:00,2018-12-13,5,47.67,47.742645094449855,31.73949210065824,68.79795521677777
2018-12-13 06:00:00+01:00,2018-12-13,6,51.1,53.741211676188094,35.76051947777205,75.19156895853395
2018-12-13 07:00:00+01:00,2018-12-13,7,62.34,60.39035157430408,39.24130540256512,84.92665166611008
2018-12-13 08:00:00+01:00,2018-12-13,8,67.0,61.662436966342554,39.35811186463387,86.08061823566105
2018-12-13 09:00:00+01:00,2018-12-13,9,68.07,63.294574671209965,44.084068697487986,86.73540367094739
2018-12-13 10:00:00+01:00,2018-12-13,10,68.01,62.54373896818792,45.345282060084,84.50854136181931
2018-12-13 11:00:00+01:00,2018-12-13,11,67.18,62.487072895081305,46.16678694849593,84.02681638460524
2018-12-13 12:00:00+01:00,2018-12-13,12,66.75,61.901001617881946,45.5744290875865,83.06578035716643
2018-12-13 13:00:00+01:00,2018-12-13,13,66.06,61.03064830845076,43.61777611097556,82.29689636196122
2018-12-13 14:00:00+01:00,2018-12-13,14,63.9,59.17372225089419,42.768667016244926,80.3783631574356
2018-12-13 15:00:00+01:00,2018-12-13,15,60.88,58.53947994579721,39.58359653431109,79.87291376274699
2018-12-13 16:00:00+01:00,2018-12-13,16,59.41,58.62522653591914,39.03435545541675,80.79825790125159
2018-12-13 17:00:00+01:00,2018-12-13,17,62.0,60.92013035077887,39.313851384874255,83.8866503716792
2018-12-13 18:00:00+01:00,2018-12-13,18,65.81,62.915981795753716,42.20483893679533,87.70265669818673
2018-12-13 19:00:00+01:00,2018-12-13,19,66.75,64.83286779090086,46.363897704894626,90.31738318455493
2018-12-13 20:00:00+01:00,2018-12-13,20,67.2,65.24864308229344,49.427808081917874,87.7903256598305
2018-12-13 21:00:00+01:00,2018-12-13,21,67.2,63.71230819421413,48.700253255043904,81.84958717189062
2018-12-13 22:00:00+01:00,2018-12-13,22,65.66,60.95804200862595,47.2777915273502,81.33272844725157
2018-12-13 23:00:00+01:00,2018-12-13,23,59.41,56.4659906375274,43.099902227265616,77.18791701537569
2018-12-14 00:00:00+01:00,2018-12-14,0,52.16,54.061364817528464,40.07141055721674,73.38229537076514
2018-12-14 01:00:00+01:00,2018-12-14,1,51.2,49.66934163821914,33.157910674912344,69.84048079993956
2018-12-14 02:00:00+01:00,2018-12-14,2,49.7,46.685800232136856,32.70590544870902,66.58328914256523
2018-12-14 03:00:00+01:00,2018-12-14,3,49.5,45.01490522002713,29.85795986484392,64.14233765721704
2018-12-14 04:00:00+01:00,2018-12-14,4,49.7,44.196777053809804,29.415393909226317,63.067905387595275
2018-12-14 05:00:00+01:00,2018-12-14,5,50.96,45.713563110804714,29.710410117013097,66.76887323313262
2018-12-14 06:00:00+01:00,2018-12-14,6,53.0,51.4875991223733,33.50690692395725,72.93795640471916
2018-12-14 07:00:00+01:00,2018-12-14,7,64.45,60.7389518257138,39.58990565397484,85.2752519175198
2018-12-14 08:00:00+01:00,2018-12-14,8,67.5,63.91679316238649,41.6124680606778,88.33497443170498
2018-12-14 09:00:00+01:00,2018-12-14,9,68.07,66.16323755062523,46.95273157690325,89.60406655036265
2018-12-14 10:00:00+01:00,2018-12-14,10,68.0,65.57465703399141,48.3762001258875,87.5394594276228
2018-12-14 11:00:00+01:00,2018-12-14,11,67.18,64.89695196531943,48.57666601873406,86.43669545484337
2018-12-14 12:00:00+01:00,2018-12-14,12,65.09,64.14744699303303,47.820874462737585,85.31222573231751
2018-12-14 13:00:00+01:00,2018-12-14,13,64.45,63.47047145695702,46.057599259481826,84.73671951046748
2018-12-14 14:00:00+01:00,2018-12-14,14,62.19,60.54497223132182,44.13991699667256,81.74961313786324
2018-12-14 15:00:00+01:00,2018-12-14,15,61.79,59.82029774910645,40.86441433762033,81.15373156605622
2018-12-14 16:00:00+01:00,2018-12-14,16,63.7,60.12767335882845,40.536802278326064,82.3007047241609
2018-12-14 17:00:00+01:00,2018-12-14,17,67.1,63.18277386650949,41.57649490060488,86.14929388740981
2018-12-14 18:00:00+01:00,2018-12-14,18,68.25,66.97479537575938,46.263652516801,91.7614702781924
2018-12-14 19:00:00+01:00,2018-12-14,19,68.53,69.29630364122787,50.82733355522163,94.78081903488192
2018-12-14 20:00:00+01:00,2018-12-14,20,68.64,68.82676482333991,53.00592982296435,91.36844740087696
2018-12-14 21:00:00+01:00,2018-12-14,21,68.5,68.08844219180071,53.07638725263048,86.2257211694772
2018-12-14 22:00:00+01:00,2018-12-14,22,67.67,64.04364482545846,50.36339434418271,84.41833126408407
2018-12-14 23:00:00+01:00,2018-12-14,23,66.0,59.071408510353805,45.705320100092024,79.7933348882021
2018-12-15 00:00:00+01:00,2018-12-15,0,66.3,59.714420972571205,45.72446671225948,79.03535152580787
2018-12-15 01:00:00+01:00,2018-12-15,1,60.9,54.54236730863482,38.03093634532803,74.71350647035524
2018-12-15 02:00:00+01:00,2018-12-15,2,58.0,51.93247726746347,37.95258248403563,71.82996617789183
2018-12-15 03:00:00+01:00,2018-12-15,3,52.74,49.15436931766662,33.99742396248341,68.28180175485653
2018-12-15 04:00:00+01:00,2018-12-15,4,51.25,48.42759123896154,33.64620809437805,67.29871957274702
2018-12-15 05:00:00+01:00,2018-12-15,5,50.81,48.99786030164093,32.99470730784931,70.05317042396884
2018-12-15 06:00:00+01:00,2018-12-15,6,51.76,53.12743860420037,35.14674640578433,74.57779588654623
2018-12-15 07:00:00+01:00,2018-12-15,7,56.7,60.360980029618915,39.211933857879956,84.8972801214249
2018-12-15 08:00:00+01:00,2018-12-15,8,57.5,63.182294724180245,40.877969622471554,87.60047599349875
2018-12-15 09:00:00+01:00,2018-12-15,9,64.18,65.99535028698594,46.78484431326396,89.43617928672336
2018-12-15 10:00:00+01:00,2018-12-15,10,65.96,67.50818208504195,50.30972517693804,89.47298447867334
2018-12-15 11:00:00+01:00,2018-12-15,11,64.97,66.2816007563291,49.961314809743726,87.82134424585304
2018-12-15 12:00:00+01:00,2018-12-15,12,63.75,64.94796895691495,48.621396426619505,86.11274769619943
2018-12-15 13:00:00+01:00,2018-12-15,13,63.1,64.160840909587,46.7479687121118,85.42708896309746
2018-12-15 14:00:00+01:00,2018-12-15,14,58.0,61.92731817359894,45.52226293894968,83.13195908014035
2018-12-15 15:00:00+01:00,2018-12-15,15,58.72,60.5833525677336,41.62746915624748,81.91678638468338
2018-12-15 16:00:00+01:00,2018-12-15,16,59.07,61.546838108664986,41.9559670281626,83.71986947399742
2018-12-15 17:00:00+01:00,2018-12-15,17,62.72,64.61232882587986,43.00604985997524,87.57884884678018
2018-12-15 18:00:00+01:00,2018-12-15,18,66.88,70.67574503216004,49.964602173201655,95.46241993459306
2018-12-15 19:00:00+01:00,2018-12-15,19,67.5,73.0926724912689,54.62370240526266,98.57718788492295
2018-12-15 20:00:00+01:00,2018-12-15,20,60.78,72.23524581680253,56.414410816426965,94.77692839433959
2018-12-15 21:00:00+01:00,2018-12-15,21,59.53,72.67807340413603,57.6660184649658,90.81535238181252
2018-12-15 22:00:00+01:00,2018-12-15,22,60.48,68.28534990780862,54.605099426532874,88.66003634643424
2018-12-15 23:00:00+01:00,2018-12-15,23,59.41,65.22143641371296,51.855348003451184,85.94336279156126
2018-12-16 00:00:00+01:00,2018-12-16,0,55.19,56.782820898098635,42.79286663778691,76.1037514513353
2018-12-16 01:00:00+01:00,2018-12-16,1,51.2,51.60680777389278,35.09537681058599,71.7779469356132
2018-12-16 02:00:00+01:00,2018-12-16,2,49.58,48.10946737193517,34.12957258850733,68.00695628236355
2018-12-16 03:00:00+01:00,2018-12-16,3,46.74,45.23392930760292,30.07698395241971,64.36136174479283
2018-12-16 04:00:00+01:00,2018-12-16,4,46.0,43.93751529870549,29.156132154122005,62.80864363249096
2018-12-16 05:00:00+01:00,2018-12-16,5,46.77,44.63767942752168,28.634526433730066,65.69298954984959
2018-12-16 06:00:00+01:00,2018-12-16,6,49.11,47.67503648760875,29.694344289192706,69.1253937699546
2018-12-16 07:00:00+01:00,2018-12-16,7,50.81,51.40057124693889,30.25152507519993,75.93687133874488
2018-12-16 08:00:00+01:00,2018-12-16,8,51.6,54.22966462251742,31.92533952080873,78.64784589183591
2018-12-16 09:00:00+01:00,2018-12-16,9,56.72,58.8283492586624,39.61784328494042,82.26917825839982
2018-12-16 10:00:00+01:00,2018-12-16,10,57.98,60.10658341237762,42.9081265042737,82.071385806009
2018-12-16 11:00:00+01:00,2018-12-16,11,58.82,60.49247656876671,44.17219062218134,82.03222005829065
2018-12-16 12:00:00+01:00,2018-12-16,12,57.21,58.72618775961057,42.399615229315124,79.89096649889505
2018-12-16 13:00:00+01:00,2018-12-16,13,57.21,58.60809115589666,41.195218958421464,79.87433920940713
2018-12-16 14:00:00+01:00,2018-12-16,14,57.05,54.787176253990694,38.38212101934143,75.99181716053211
2018-12-16 15:00:00+01:00,2018-12-16,15,54.1,53.13892499640779,34.18304158492167,74.47235881335757
2018-12-16 16:00:00+01:00,2018-12-16,16,57.21,54.344100094834765,34.753229014332376,76.5171314601672
2018-12-16 17:00:00+01:00,2018-12-16,17,62.01,57.50814100422863,35.90186203832401,80.47466102512894
2018-12-16 18:00:00+01:00,2018-12-16,18,67.31,63.07313436332176,42.36199150436338,87.85980926575479
2018-12-16 19:00:00+01:00,2018-12-16,19,68.1,66.8330156058567,48.364045519850464,92.31753099951075
2018-12-16 20:00:00+01:00,2018-12-16,20,68.07,65.15946548975987,49.3386304893843,87.70114806729691
2018-12-16 21:00:00+01:00,2018-12-16,21,64.12,64.87611580010473,49.8640608609345,83.01339477778122
2018-12-16 22:00:00+01:00,2018-12-16,22,66.01,62.86052469608775,49.180274214812,83.23521113471337
2018-12-16 23:00:00+01:00,2018-12-16,23,57.26,58.759026147199435,45.392937736937654,79.48095252504773
2018-12-17 00:00:00+01:00,2018-12-17,0,52.08,57.103631429352525,43.1136771690408,76.4245619825892
2018-12-17 01:00:00+01:00,2018-12-17,1,51.0,51.94612440652405,35.434693443217256,72.11726356824447
2018-12-17 02:00:00+01:00,2018-12-17,2,49.92,48.58039875350287,34.60050397007503,68.47788766393124
2018-12-17 03:00:00+01:00,2018-12-17,3,49.05,45.61389229338896,30.456946938205746,64.74132473057887
2018-12-17 04:00:00+01:00,2018-12-17,4,49.47,44.61708299145234,29.835699846868856,63.48821132523781
2018-12-17 05:00:00+01:00,2018-12-17,5,52.03,46.42802645303272,30.424873459241105,67.48333657536062
2018-12-17 06:00:00+01:00,2018-12-17,6,65.15,52.17019544445353,34.18950324603749,73.62055272679939
2018-12-17 07:00:00+01:00,2018-12-17,7,69.59,59.13633422651732,37.98728805477836,83.6726343183233
2018-12-17 08:00:00+01:00,2018-12-17,8,69.2,62.07690732966406,39.77258222795537,86.49508859898256
2018-12-17 09:00:00+01:00,2018-12-17,9,69.99,65.1680590226071,45.95755304888512,88.60888802234452
2018-12-17 10:00:00+01:00,2018-12-17,10,70.0,64.62295792859018,47.42450102048627,86.58776032222157
2018-12-17 11:00:00+01:00,2018-12-17,11,69.95,64.56231951751286,48.24203357092749,86.1020630070368
2018-12-17 12:00:00+01:00,2018-12-17,12,69.88,64.30837705173607,47.98180452144063,85.47315579102056
2018-12-17 13:00:00+01:00,2018-12-17,13,69.54,63.36751598506739,45.9546437875922,84.63376403857785
2018-12-17 14:00:00+01:00,2018-12-17,14,68.99,61.14184771902268,44.73679248437342,82.34648862556409
2018-12-17 15:00:00+01:00,2018-12-17,15,69.08,60.31603316211222,41.3601497506261,81.649466979062
2018-12-17 16:00:00+01:00,2018-12-17,16,69.11,62.027618842147604,42.436747761645215,84.20065020748004
2018-12-17 17:00:00+01:00,2018-12-17,17,69.59,65.78628664096551,44.1800076750609,88.75280666186583
2018-12-17 18:00:00+01:00,2018-12-17,18,70.64,70.16061117066674,49.44946831170836,94.94728607309976
2018-12-17 19:00:00+01:00,2018-12-17,19,70.95,72.07481014546195,53.605840059455716,97.559325539116
2018-12-17 20:00:00+01:00,2018-12-17,20,71.1,70.32163283252325,54.50079783214768,92.8633154100603
2018-12-17 21:00:00+01:00,2018-12-17,21,68.15,69.27968421727655,54.26762927810633,87.41696319495304
2018-12-17 22:00:00+01:00,2018-12-17,22,64.8,66.86002150855275,53.179771027277,87.23470794717836
2018-12-17 23:00:00+01:00,2018-12-17,23,58.78,60.77998701989501,47.41389860963323,81.5019133977433
2018-12-18 00:00:00+01:00,2018-12-18,0,53.0,54.37688127159329,40.386927011281564,73.69781182482996
2018-12-18 01:00:00+01:00,2018-12-18,1,51.03,50.32501644775243,33.81358548444564,70.49615560947285
2018-12-18 02:00:00+01:00,2018-12-18,2,50.0,47.64369531463551,33.66380053120767,67.54118422506389
2018-12-18 03:00:00+01:00,2018-12-18,3,49.04,45.32581358185361,30.168868226670398,64.45324601904352
2018-12-18 04:00:00+01:00,2018-12-18,4,49.0,44.57271491181021,29.791331767226723,63.44384324559568
2018-12-18 05:00:00+01:00,2018-12-18,5,50.87,46.462434279822276,30.45928128603066,67.51774440215019
2018-12-18 06:00:00+01:00,2018-12-18,6,58.81,53.882466282424254,35.90177408400821,75.33282356477011
2018-12-18 07:00:00+01:00,2018-12-18,7,66.14,61.14706172426177,39.99801555252281,85.68336181606776
2018-12-18 08:00:00+01:00,2018-12-18,8,67.83,62.969355975093414,40.66503087338472,87.3875372444119
2018-12-18 09:00:00+01:00,2018-12-18,9,68.07,64.90715584557802,45.69664987185604,88.34798484531544
2018-12-18 10:00:00+01:00,2018-12-18,10,67.73,64.35557418971979,47.157117281615875,86.32037658335118
2018-12-18 11:00:00+01:00,2018-12-18,11,66.15,64.59001481993798,48.269728873352605,86.12975830946192
2018-12-18 12:00:00+01:00,2018-12-18,12,65.83,63.20667076975754,46.88009823946209,84.37144950904202
2018-12-18 13:00:00+01:00,2018-12-18,13,66.05,62.64140951974174,45.22853732226655,83.90765757325221
2018-12-18 14:00:00+01:00,2018-12-18,14,66.01,60.96156224637521,44.55650701172595,82.16620315291662
2018-12-18 15:00:00+01:00,2018-12-18,15,66.15,61.010744361798785,42.054860950312666,82.34417817874856
2018-12-18 16:00:00+01:00,2018-12-18,16,65.87,61.27628854033874,41.68541745983635,83.44931990567119
2018-12-18 17:00:00+01:00,2018-12-18,17,67.0,62.9898982199024,41.383619253997786,85.95641824080272
2018-12-18 18:00:00+01:00,2018-12-18,18,67.23,65.61593438615988,44.904791527201496,90.4026092885929
2018-12-18 19:00:00+01:00,2018-12-18,19,67.65,66.69244167492401,48.223471588917775,92.17695706857808
2018-12-18 20:00:00+01:00,2018-12-18,20,66.2,66.3786839342142,50.55784893383863,88.92036651175124
2018-12-18 21:00:00+01:00,2018-12-18,21,66.03,65.76295486934907,50.750899930178846,83.90023384702556
2018-12-18 22:00:00+01:00,2018-12-18,22,63.64,62.03451513301165,48.3542646517359,82.40920157163727
2018-12-18 23:00:00+01:00,2018-12-18,23,58.0,57.267186881598356,43.901098471336574,77.98911325944664
2018-12-19 00:00:00+01:00,2018-12-19,0,53.58,54.66271329102631,40.67275903071458,73.98364384426297
2018-12-19 01:00:00+01:00,2018-12-19,1,50.0,50.53655359592789,34.0251226326211,70.70769275764832
2018-12-19 02:00:00+01:00,2018-12-19,2,47.1,48.1925614643262,34.21266668089836,68.09005037475457
2018-12-19 03:00:00+01:00,2018-12-19,3,46.41,46.20412630841082,31.04718095322761,65.33155874560073
2018-12-19 04:00:00+01:00,2018-12-19,4,45.7,45.379786186642804,30.598403042059317,64.25091452042827
2018-12-19 05:00:00+01:00,2018-12-19,5,47.99,46.615367028698024,30.61221403490641,67.67067715102593
2018-12-19 06:00:00+01:00,2018-12-19,6,52.27,52.707995230355024,34.72730303193898,74.15835251270087
2018-12-19 07:00:00+01:00,2018-12-19,7,63.75,62.042805730972134,40.893759559233175,86.57910582277813
2018-12-19 08:00:00+01:00,2018-12-19,8,65.15,64.89503616471461,42.59071106300593,89.3132174340331
2018-12-19 09:00:00+01:00,2018-12-19,9,66.58,66.37593502220277,47.16542904848079,89.81676402194019
2018-12-19 10:00:00+01:00,2018-12-19,10,65.05,65.91154317572745,48.71308626762353,87.87634556935883
2018-12-19 11:00:00+01:00,2018-12-19,11,64.43,65.63154988416343,49.31126393757806,87.17129337368738
2018-12-19 12:00:00+01:00,2018-12-19,12,64.18,64.39089708272783,48.06432455243239,85.55567582201232
2018-12-19 13:00:00+01:00,2018-12-19,13,64.1,63.506099678646606,46.09322748117141,84.77234773215707
2018-12-19 14:00:00+01:00,2018-12-19,14,63.7,60.83768171292202,44.43262647827276,82.04232261946343
2018-12-19 15:00:00+01:00,2018-12-19,15,64.18,60.879603631043395,41.923720219557275,82.21303744799317
2018-12-19 16:00:00+01:00,2018-12-19,16,64.47,61.23016822298128,41.63929714247889,83.40319958831373
2018-12-19 17:00:00+01:00,2018-12-19,17,66.15,65.01004063324652,43.403761667341904,87.97656065414684
2018-12-19 18:00:00+01:00,2018-12-19,18,69.49,68.26921785404151,47.55807499508313,93.05589275647453
2018-12-19 19:00:00+01:00,2018-12-19,19,69.08,69.55700673434623,51.088036648339994,95.04152212800028
2018-12-19 20:00:00+01:00,2018-12-19,20,66.96,68.15357884753749,52.33274384716192,90.69526142507453
2018-12-19 21:00:00+01:00,2018-12-19,21,64.47,67.20858260288699,52.196527663716765,85.34586158056348
2018-12-19 22:00:00+01:00,2018-12-19,22,63.16,63.07560580962826,49.39535532835251,83.45029224825387
2018-12-19 23:00:00+01:00,2018-12-19,23,59.11,59.06397996811444,45.69789155785266,79.78590634596273
2018-12-20 00:00:00+01:00,2018-12-20,0,62.3,55.814321384870674,41.82436712455895,75.13525193810734
2018-12-20 01:00:00+01:00,2018-12-20,1,56.2,50.985656465843874,34.47422550253708,71.15679562756429
2018-12-20 02:00:00+01:00,2018-12-20,2,53.17,48.326990861143784,34.347096077715946,68.22447977157216
2018-12-20 03:00:00+01:00,2018-12-20,3,52.79,46.08470718153219,30.927761826348977,65.21213961872209
2018-12-20 04:00:00+01:00,2018-12-20,4,52.79,45.48226315291479,30.700880008331303,64.35339148670026
2018-12-20 05:00:00+01:00,2018-12-20,5,54.1,46.612283611095435,30.60913061730382,67.66759373342335
2018-12-20 06:00:00+01:00,2018-12-20,6,60.0,51.525527509294115,33.54483531087807,72.97588479163997
2018-12-20 07:00:00+01:00,2018-12-20,7,66.29,60.73433885444449,39.58529268270553,85.27063894625047
2018-12-20 08:00:00+01:00,2018-12-20,8,68.49,63.13952797727605,40.83520287556736,87.55770924659456
2018-12-20 09:00:00+01:00,2018-12-20,9,68.4,65.06576539188197,45.85525941815999,88.50659439161939
2018-12-20 10:00:00+01:00,2018-12-20,10,67.04,64.29280964221581,47.0943527341119,86.2576120358472
2018-12-20 11:00:00+01:00,2018-12-20,11,66.8,63.75498986770143,47.43470392111606,85.29473335722537
2018-12-20 12:00:00+01:00,2018-12-20,12,65.25,62.92904554289862,46.60247301260318,84.0938242821831
2018-12-20 13:00:00+01:00,2018-12-20,13,65.25,61.932878212494344,44.52000601501915,83.19912626600481
2018-12-20 14:00:00+01:00,2018-12-20,14,64.64,59.52292135686029,43.117866122211026,80.7275622634017
2018-12-20 15:00:00+01:00,2018-12-20,15,64.89,59.52266342139571,40.56678000990959,80.85609723834548
2018-12-20 16:00:00+01:00,2018-12-20,16,65.01,60.12157151596907,40.530700435466684,82.29460288130151
2018-12-20 17:00:00+01:00,2018-12-20,17,67.83,63.16792825305485,41.56164928715024,86.13444827395517
2018-12-20 18:00:00+01:00,2018-12-20,18,68.49,67.29110873885338,46.579965879895,92.0777836412864
2018-12-20 19:00:00+01:00,2018-12-20,19,67.84,68.67725084152877,50.20828075552254,94.16176623518282
2018-12-20 20:00:00+01:00,2018-12-20,20,68.01,67.55055328248932,51.72971828211375,90.09223586002636
2018-12-20 21:00:00+01:00,2018-12-20,21,67.2,66.04974961310765,51.03769467393742,84.18702859078414
2018-12-20 22:00:00+01:00,2018-12-20,22,65.19,62.711886826472394,49.031636345196645,83.08657326509801
2018-12-20 23:00:00+01:00,2018-12-20,23,63.57,59.20980776293243,45.84371935267065,79.93173414078072
2018-12-21 00:00:00+01:00,2018-12-21,0,59.95,59.02329137748872,45.03333711717699,78.34422193072538
2018-12-21 01:00:00+01:00,2018-12-21,1,54.1,53.17322325322234,36.661792289915546,73.34436241494276
2018-12-21 02:00:00+01:00,2018-12-21,2,52.27,50.41865193113146,36.43875714770362,70.31614084155983
2018-12-21 03:00:00+01:00,2018-12-21,3,50.1,48.407903844035545,33.25095848885233,67.53533628122545
2018-12-21 04:00:00+01:00,2018-12-21,4,49.99,47.77687270804831,32.99548956346482,66.64800104183378
2018-12-21 05:00:00+01:00,2018-12-21,5,50.59,48.14406500378122,32.140912009989606,69.19937512610913
2018-12-21 06:00:00+01:00,2018-12-21,6,55.0,53.94696714125918,35.966274942843135,75.39732442360503
2018-12-21 07:00:00+01:00,2018-12-21,7,64.01,61.60340558627386,40.4543594145349,86.13970567807985
2018-12-21 08:00:00+01:00,2018-12-21,8,64.49,64.16227323618124,41.85794813447255,88.58045450549973
2018-12-21 09:00:00+01:00,2018-12-21,9,64.64,65.35550501611843,46.14499904239645,88.79633401585585
2018-12-21 10:00:00+01:00,2018-12-21,10,64.25,64.86637991360588,47.66792300550197,86.83118230723727
2018-12-21 11:00:00+01:00,2018-12-21,11,63.93,64.66595385635647,48.345667909771095,86.20569734588041
2018-12-21 12:00:00+01:00,2018-12-21,12,62.71,63.19593386956111,46.869361339265666,84.3607126088456
2018-12-21 13:00:00+01:00,2018-12-21,13,63.2,62.30643615269677,44.89356395522157,83.57268420620724
2018-12-21 14:00:00+01:00,2018-12-21,14,60.48,60.288111361114794,43.88305612646553,81.49275226765621
2018-12-21 15:00:00+01:00,2018-12-21,15,60.48,59.52649027539751,40.57060686391139,80.85992409234728
2018-12-21 16:00:00+01:00,2018-12-21,16,61.24,60.24343718978995,40.65256610928756,82.41646855512239
2018-12-21 17:00:00+01:00,2018-12-21,17,64.25,62.829666658075595,41.22338769217098,85.79618667897591
2018-12-21 18:00:00+01:00,2018-12-21,18,65.01,65.9435445662738,45.23240170731542,90.73021946870682
2018-12-21 19:00:00+01:00,2018-12-21,19,65.25,67.87642823235073,49.407458146344496,93.3609436260048
2018-12-21 20:00:00+01:00,2018-12-21,20,65.78,67.38973754287885,51.56890254250328,89.93142012041591
2018-12-21 21:00:00+01:00,2018-12-21,21,65.0,66.85360084330574,51.841545904135515,84.99087982098223
2018-12-21 22:00:00+01:00,2018-12-21,22,64.25,63.85413063694523,50.17388015566948,84.22881707557084
2018-12-21 23:00:00+01:00,2018-12-21,23,62.45,60.37019157424237,47.00410316398059,81.09211795209066
2018-12-22 00:00:00+01:00,2018-12-22,0,63.12,56.912130745851776,42.92217648554005,76.23306129908845
2018-12-22 01:00:00+01:00,2018-12-22,1,57.75,51.051611084664735,34.54018012135794,71.22275024638515
2018-12-22 02:00:00+01:00,2018-12-22,2,54.72,49.13842189658268,35.15852711315484,69.03591080701105
2018-12-22 03:00:00+01:00,2018-12-22,3,54.1,45.82743347587493,30.670488120691722,64.95486591306485
2018-12-22 04:00:00+01:00,2018-12-22,4,54.1,45.64097187335126,30.859588728767775,64.51210020713674
2018-12-22 05:00:00+01:00,2018-12-22,5,54.39,46.121323341534676,30.11817034774306,67.17663346386259
2018-12-22 06:00:00+01:00,2018-12-22,6,55.29,49.903652354486226,31.922960156070182,71.35400963683207
2018-12-22 07:00:00+01:00,2018-12-22,7,58.85,54.73642770013248,33.58738152839352,79.27272779193848
2018-12-22 08:00:00+01:00,2018-12-22,8,58.19,57.179015698014936,34.87469059630625,81.59719696733343
2018-12-22 09:00:00+01:00,2018-12-22,9,63.59,59.750862236512816,40.54035626279084,83.19169123625024
2018-12-22 10:00:00+01:00,2018-12-22,10,65.01,61.809185642534814,44.6107287344309,83.7739880361662
2018-12-22 11:00:00+01:00,2018-12-22,11,64.7,61.448597898562795,45.12831195197742,82.98834138808674
2018-12-22 12:00:00+01:00,2018-12-22,12,64.51,59.96511958041877,43.63854705012333,81.12989831970326
2018-12-22 13:00:00+01:00,2018-12-22,13,65.0,59.38652071892244,41.973648521447245,80.6527687724329
2018-12-22 14:00:00+01:00,2018-12-22,14,64.85,56.51742072869558,40.11236549404632,77.722061635237
2018-12-22 15:00:00+01:00,2018-12-22,15,64.7,55.04697377639112,36.091090364905,76.38040759334089
2018-12-22 16:00:00+01:00,2018-12-22,16,64.7,55.87512553470481,36.28425445420242,78.04815690003724
2018-12-22 17:00:00+01:00,2018-12-22,17,66.25,58.56218505403391,36.9559060881293,81.52870507493424
2018-12-22 18:00:00+01:00,2018-12-22,18,68.07,63.16526045391551,42.454117594957125,87.95193535634853
2018-12-22 19:00:00+01:00,2018-12-22,19,67.9,66.13251619805813,47.66354611205189,91.61703159171219
2018-12-22 20:00:00+01:00,2018-12-22,20,68.01,66.09498514865535,50.27415014827979,88.6366677261924
2018-12-22 21:00:00+01:00,2018-12-22,21,67.9,66.44326354691786,51.431208607747635,84.58054252459435
2018-12-22 22:00:00+01:00,2018-12-22,22,67.18,63.17616811116576,49.49591762989001,83.55085454979138
2018-12-22 23:00:00+01:00,2018-12-22,23,66.8,59.239113473875385,45.8730250636136,79.96103985172368
2018-12-23 00:00:00+01:00,2018-12-23,0,66.25,60.163280616195166,46.17332635588344,79.48421116943183
2018-12-23 01:00:00+01:00,2018-12-23,1,63.13,54.776336503812956,38.26490554050616,74.94747566553337
2018-12-23 02:00:00+01:00,2018-12-23,2,58.02,51.95654261448924,37.9766478310614,71.85403152491762
2018-12-23 03:00:00+01:00,2018-12-23,3,54.71,49.33928239988568,34.18233704470247,68.46671483707559
2018-12-23 04:00:00+01:00,2018-12-23,4,54.42,48.99686374679739,34.2154806022139,67.86799208058287
2018-12-23 05:00:00+01:00,2018-12-23,5,54.1,49.31307810269609,33.30992510890447,70.368388225024
2018-12-23 06:00:00+01:00,2018-12-23,6,54.99,52.382173595856386,34.40148139744034,73.83253087820225
2018-12-23 07:00:00+01:00,2018-12-23,7,57.36,55.968386044352044,34.819339872613085,80.50468613615803
2018-12-23 08:00:00+01:00,2018-12-23,8,57.75,58.27048866282449,35.966163561115806,82.68866993214299
2018-12-23 09:00:00+01:00,2018-12-23,9,62.73,61.20336407071959,41.99285809699761,84.644193070457
2018-12-23 10:00:00+01:00,2018-12-23,10,64.45,63.29517301681204,46.09671610870813,85.25997541044343
2018-12-23 11:00:00+01:00,2018-12-23,11,65.0,63.223483128393966,46.90319718180859,84.76322661791791
2018-12-23 12:00:00+01:00,2018-12-23,12,65.18,62.04662497677977,45.720052446484324,83.21140371606425
2018-12-23 13:00:00+01:00,2018-12-23,13,66.01,62.02142469709031,44.608552499615115,83.28767275060078
2018-12-23 14:00:00+01:00,2018-12-23,14,66.0,59.92444533486007,43.519390100210806,81.12908624140148
2018-12-23 15:00:00+01:00,2018-12-23,15,64.8,57.996646928837514,39.040763517351394,79.33008074578728
2018-12-23 16:00:00+01:00,2018-12-23,16,64.51,58.835426878699195,39.24455579819681,81.00845824403163
2018-12-23 17:00:00+01:00,2018-12-23,17,65.44,60.47614070378104,38.86986173787643,83.44266072468136
2018-12-23 18:00:00+01:00,2018-12-23,18,68.01,65.62350976141016,44.91236690245178,90.41018466384318
2018-12-23 19:00:00+01:00,2018-12-23,19,68.25,68.0717100881171,49.60274000211086,93.55622548177115
2018-12-23 20:00:00+01:00,2018-12-23,20,68.4,68.2679406157956,52.44710561542003,90.80962319333264
2018-12-23 21:00:00+01:00,2018-12-23,21,68.98,68.89622649694834,53.88417155777812,87.03350547462483
2018-12-23 22:00:00+01:00,2018-12-23,22,67.62,66.08652629900033,52.40627581772458,86.46121273762594
2018-12-23 23:00:00+01:00,2018-12-23,23,65.55,62.76783845048611,49.40175004022433,83.4897648283344
2018-12-24 00:00:00+01:00,2018-12-24,0,67.2,60.39907565832743,46.40912139801571,79.7200062115641
2018-12-24 01:00:00+01:00,2018-12-24,1,63.59,55.06669019967934,38.55525923637255,75.23782936139976
2018-12-24 02:00:00+01:00,2018-12-24,2,59.87,51.70922476134358,37.72932997791574,71.60671367177196
2018-12-24 03:00:00+01:00,2018-12-24,3,55.25,48.96760131092247,33.81065595573926,68.09503374811237
2018-12-24 04:00:00+01:00,2018-12-24,4,55.0,48.369199228489094,33.58781608390561,67.24032756227456
2018-12-24 05:00:00+01:00,2018-12-24,5,55.11,48.891561436245,32.88840844245338,69.94687155857291
2018-12-24 06:00:00+01:00,2018-12-24,6,59.71,53.668769475546114,35.68807727713007,75.11912675789196
2018-12-24 07:00:00+01:00,2018-12-24,7,61.07,60.319585640725435,39.170539468986476,84.85588573253142
2018-12-24 08:00:00+01:00,2018-12-24,8,65.01,62.50120249339561,40.196877391686925,86.9193837627141
2018-12-24 09:00:00+01:00,2018-12-24,9,67.18,64.99660549780668,45.786099524084705,88.4374344975441
2018-12-24 10:00:00+01:00,2018-12-24,10,67.51,65.4498382514587,48.25138134335479,87.41464064509009
2018-12-24 11:00:00+01:00,2018-12-24,11,67.2,65.5128130796749,49.19252713308953,87.05255656919884
2018-12-24 12:00:00+01:00,2018-12-24,12,66.64,64.40341299849305,48.07684046819761,85.56819173777754
2018-12-24 13:00:00+01:00,2018-12-24,13,66.64,64.2825793384059,46.8697071409307,85.54882739191636
2018-12-24 14:00:00+01:00,2018-12-24,14,65.52,62.53366095906112,46.12860572441186,83.73830186560254
2018-12-24 15:00:00+01:00,2018-12-24,15,64.18,61.15853909708401,42.20265568559789,82.4919729140338
2018-12-24 16:00:00+01:00,2018-12-24,16,63.38,61.90825167881964,42.31738059831725,84.08128304415209
2018-12-24 17:00:00+01:00,2018-12-24,17,68.7,63.72592406492909,42.119645099024474,86.69244408582941
2018-12-24 18:00:00+01:00,2018-12-24,18,69.0,67.8719072969421,47.160764437983715,92.65858219937512
2018-12-24 19:00:00+01:00,2018-12-24,19,68.07,69.87368054386869,51.40471045786245,95.35819593752274
2018-12-24 20:00:00+01:00,2018-12-24,20,67.65,69.47306861068314,53.652233610307576,92.0147511882202
2018-12-24 21:00:00+01:00,2018-12-24,21,65.97,69.54327372987176,54.53121879070153,87.68055270754824
2018-12-24 22:00:00+01:00,2018-12-24,22,64.24,66.18410119241942,52.50385071114367,86.55878763104504
2018-12-24 23:00:00+01:00,2018-12-24,23,64.45,62.20848384069128,48.8423954304295,82.93041021853958
2018-12-25 00:00:00+01:00,2018-12-25,0,67.2,59.852548718832374,45.86259445852065,79.17347927206905
2018-12-25 01:00:00+01:00,2018-12-25,1,65.0,54.72380839994569,38.212377436638896,74.8949475616661
2018-12-25 02:00:00+01:00,2018-12-25,2,60.49,50.81521477729954,36.8353199938717,70.71270368772791
2018-12-25 03:00:00+01:00,2018-12-25,3,55.0,48.457620741466215,33.300675386283004,67.58505317865612
2018-12-25 04:00:00+01:00,2018-12-25,4,54.5,47.75409121414744,32.97270806956395,66.62521954793291
2018-12-25 05:00:00+01:00,2018-12-25,5,54.5,48.51884468677665,32.51569169298504,69.57415480910456
2018-12-25 06:00:00+01:00,2018-12-25,6,54.6,53.74558823211203,35.76489603369598,75.19594551445789
2018-12-25 07:00:00+01:00,2018-12-25,7,55.25,60.203269394652104,39.054223222913144,84.7395694864581
2018-12-25 08:00:00+01:00,2018-12-25,8,55.25,63.418737378545224,41.11441227683653,87.83691864786371
2018-12-25 09:00:00+01:00,2018-12-25,9,59.92,64.95050375818424,45.73999778446226,88.39133275792166
2018-12-25 10:00:00+01:00,2018-12-25,10,63.59,65.44617435103758,48.24771744293367,87.41097674466897
2018-12-25 11:00:00+01:00,2018-12-25,11,65.52,65.12047894085318,48.8001929942678,86.66022243037712
2018-12-25 12:00:00+01:00,2018-12-25,12,65.67,64.15554947281525,47.82897694251981,85.32032821209974
2018-12-25 13:00:00+01:00,2018-12-25,13,66.58,63.34970694634868,45.93683474887349,84.61595499985916
2018-12-25 14:00:00+01:00,2018-12-25,14,65.52,61.31769156174117,44.91263632709191,82.52233246828258
2018-12-25 15:00:00+01:00,2018-12-25,15,62.75,60.33878563518503,41.38290222369891,81.67221945213481
2018-12-25 16:00:00+01:00,2018-12-25,16,62.73,60.43330906462588,40.84243798412349,82.60634042995832
2018-12-25 17:00:00+01:00,2018-12-25,17,63.59,63.7082690713309,42.10199010542629,86.67478909223122
2018-12-25 18:00:00+01:00,2018-12-25,18,65.52,66.64842471863132,45.937281859672936,91.43509962106434
2018-12-25 19:00:00+01:00,2018-12-25,19,66.7,67.96676319567652,49.49779310967028,93.45127858933057
2018-12-25 20:00:00+01:00,2018-12-25,20,67.65,67.98709785952921,52.16626285915365,90.52878043706627
2018-12-25 21:00:00+01:00,2018-12-25,21,68.7,67.18259250691058,52.170537567740354,85.31987148458707
2018-12-25 22:00:00+01:00,2018-12-25,22,68.07,64.15434162311264,50.474091141836894,84.52902806173826
2018-12-25 23:00:00+01:00,2018-12-25,23,64.89,60.30247485566649,46.93638644540471,81.02440123351478
2018-12-26 00:00:00+01:00,2018-12-26,0,60.94,62.25433381205572,48.26437955174399,81.57526436529238
2018-12-26 01:00:00+01:00,2018-12-26,1,54.71,57.176733631920776,40.66530266861398,77.34787279364119
2018-12-26 02:00:00+01:00,2018-12-26,2,50.93,53.061806727353044,39.081911943925206,72.95929563778142
2018-12-26 03:00:00+01:00,2018-12-26,3,49.3,50.088539274413996,34.931593919230785,69.21597171160391
2018-12-26 04:00:00+01:00,2018-12-26,4,49.3,49.53461831542278,34.7532351708393,68.40574664920825
2018-12-26 05:00:00+01:00,2018-12-26,5,50.89,50.353952476239684,34.35079948244807,71.4092625985676
2018-12-26 06:00:00+01:00,2018-12-26,6,54.71,54.897087834609195,36.91639563619315,76.34744511695504
2018-12-26 07:00:00+01:00,2018-12-26,7,60.0,61.33229167697457,40.18324550523561,85.86859176878056
2018-12-26 08:00:00+01:00,2018-12-26,8,64.18,63.38927196987986,41.08494686817117,87.80745323919835
2018-12-26 09:00:00+01:00,2018-12-26,9,67.0,65.74481334195073,46.53430736822875,89.18564234168815
2018-12-26 10:00:00+01:00,2018-12-26,10,67.02,66.97115786950754,49.77270096140362,88.93596026313892
2018-12-26 11:00:00+01:00,2018-12-26,11,66.89,66.49955938645871,50.17927343987334,88.03930287598266
2018-12-26 12:00:00+01:00,2018-12-26,12,66.66,65.49648137305901,49.16990884276357,86.6612601123435
2018-12-26 13:00:00+01:00,2018-12-26,13,67.2,64.71838348443995,47.30551128696476,85.98463153795042
2018-12-26 14:00:00+01:00,2018-12-26,14,67.01,62.767637776181175,46.362582541531914,83.97227868272259
2018-12-26 15:00:00+01:00,2018-12-26,15,66.14,61.54764830320189,42.59176489171577,82.88108212015166
2018-12-26 16:00:00+01:00,2018-12-26,16,67.01,61.87332349369721,42.28245241319482,84.04635485902965
2018-12-26 17:00:00+01:00,2018-12-26,17,68.4,64.57050742166527,42.964228455760654,87.53702744256559
2018-12-26 18:00:00+01:00,2018-12-26,18,70.15,68.01687040664872,47.30572754769034,92.80354530908174
2018-12-26 19:00:00+01:00,2018-12-26,19,69.8,69.55700244683706,51.08803236083082,95.04151784049111
2018-12-26 20:00:00+01:00,2018-12-26,20,69.15,69.02996251459845,53.209127514222885,91.5716450921355
2018-12-26 21:00:00+01:00,2018-12-26,21,69.15,69.46896478103383,54.456909841863606,87.60624375871032
2018-12-26 22:00:00+01:00,2018-12-26,22,68.1,65.83076547536612,52.15051499409037,86.20545191399174
2018-12-26 23:00:00+01:00,2018-12-26,23,67.2,61.894266612083996,48.528178201822215,82.61619298993229
2018-12-27 00:00:00+01:00,2018-12-27,0,68.52,61.335756271233095,47.34580201092137,80.65668682446976
2018-12-27 01:00:00+01:00,2018-12-27,1,67.01,55.77523093241721,39.263799969110416,75.94637009413762
2018-12-27 02:00:00+01:00,2018-12-27,2,63.75,51.91074563117822,37.930850847750385,71.8082345416066
2018-12-27 03:00:00+01:00,2018-12-27,3,60.69,49.49239136616728,34.33544601098407,68.61982380335719
2018-12-27 04:00:00+01:00,2018-12-27,4,59.86,49.1496868363232,34.36830369173971,68.02081517010868
2018-12-27 05:00:00+01:00,2018-12-27,5,62.72,49.987387682452756,33.98423468866114,71.04269780478066
2018-12-27 06:00:00+01:00,2018-12-27,6,66.01,55.28288928028637,37.302197081870325,76.73324656263222
2018-12-27 07:00:00+01:00,2018-12-27,7,68.01,62.76466956201712,41.61562339027816,87.3009696538231
2018-12-27 08:00:00+01:00,2018-12-27,8,68.25,65.84483508951264,43.54050998780396,90.26301635883114
2018-12-27 09:00:00+01:00,2018-12-27,9,68.85,67.5895390519037,48.37903307818172,91.03036805164112
2018-12-27 10:00:00+01:00,2018-12-27,10,68.7,67.61655214804766,50.418095239943746,89.58135454167905
2018-12-27 11:00:00+01:00,2018-12-27,11,68.25,67.2789151340121,50.95862918742672,88.81865862353604
2018-12-27 12:00:00+01:00,2018-12-27,12,68.07,66.26022183819232,49.93364930789688,87.42500057747681
2018-12-27 13:00:00+01:00,2018-12-27,13,68.12,65.70688541014759,48.2940132126724,86.97313346365806
2018-12-27 14:00:00+01:00,2018-12-27,14,68.01,64.59963865852782,48.19458342387856,85.80427956506924
2018-12-27 15:00:00+01:00,2018-12-27,15,68.11,63.540773776786864,44.584890365300744,84.87420759373664
2018-12-27 16:00:00+01:00,2018-12-27,16,69.22,64.50789457525124,44.917023494748854,86.68092594058368
2018-12-27 17:00:00+01:00,2018-12-27,17,70.74,65.99030990985007,44.384030943945454,88.95682993075039
2018-12-27 18:00:00+01:00,2018-12-27,18,71.97,69.11988665443926,48.40874379548087,93.90656155687228
2018-12-27 19:00:00+01:00,2018-12-27,19,71.25,69.21888608513686,50.74991599913062,94.70340147879091
2018-12-27 20:00:00+01:00,2018-12-27,20,70.0,69.12026679119654,53.299431790820975,91.66194936873359
2018-12-27 21:00:00+01:00,2018-12-27,21,70.01,68.75322260054466,53.74116766137443,86.89050157822115
2018-12-27 22:00:00+01:00,2018-12-27,22,68.71,65.75498627012776,52.07473578885201,86.12967270875338
2018-12-27 23:00:00+01:00,2018-12-27,23,68.4,62.51195120598267,49.14586279572089,83.23387758383096
2018-12-28 00:00:00+01:00,2018-12-28,0,67.34,63.17873415924565,49.18877989893392,82.49966471248231
2018-12-28 01:00:00+01:00,2018-12-28,1,64.64,58.081156659817886,41.56972569651109,78.2522958215383
2018-12-28 02:00:00+01:00,2018-12-28,2,60.0,54.32209249930031,40.34219771587247,74.21958140972868
2018-12-28 03:00:00+01:00,2018-12-28,3,58.02,51.937679221362295,36.780733866179084,71.06511165855221
2018-12-28 04:00:00+01:00,2018-12-28,4,55.0,51.19672577884529,36.415342634261805,70.06785411263076
2018-12-28 05:00:00+01:00,2018-12-28,5,55.0,52.18037493045597,36.17722193666435,73.23568505278388
2018-12-28 06:00:00+01:00,2018-12-28,6,59.87,57.06598035881101,39.08528816039497,78.51633764115687
2018-12-28 07:00:00+01:00,2018-12-28,7,62.8,63.462909344704485,42.313863172965526,87.99920943651048
2018-12-28 08:00:00+01:00,2018-12-28,8,65.77,65.96860068666413,43.66427558495545,90.38678195598263
2018-12-28 09:00:00+01:00,2018-12-28,9,68.01,67.54400111102686,48.33349513730488,90.98483011076428
2018-12-28 10:00:00+01:00,2018-12-28,10,68.0,67.8178234076092,50.61936649950528,89.78262580124058
2018-12-28 11:00:00+01:00,2018-12-28,11,66.36,67.3128419469862,50.992556000400825,88.85258543651014
2018-12-28 12:00:00+01:00,2018-12-28,12,66.01,66.77737198945132,50.45079945915588,87.94215072873581
2018-12-28 13:00:00+01:00,2018-12-28,13,64.64,65.94718980714461,48.534317609669415,87.21343786065508
2018-12-28 14:00:00+01:00,2018-12-28,14,64.64,65.02858174143319,48.623526506783925,86.2332226479746
2018-12-28 15:00:00+01:00,2018-12-28,15,63.35,63.44884899659375,44.49296558510763,84.78228281354353
2018-12-28 16:00:00+01:00,2018-12-28,16,66.01,64.62947734492785,45.03860626442546,86.8025087102603
2018-12-28 17:00:00+01:00,2018-12-28,17,68.01,66.66692314089194,45.060644174987324,89.63344316179226
2018-12-28 18:00:00+01:00,2018-12-28,18,70.16,69.32323525855986,48.61209239960148,94.10991016099288
2018-12-28 19:00:00+01:00,2018-12-28,19,68.93,69.56800664577051,51.09903655976427,95.05252203942456
2018-12-28 20:00:00+01:00,2018-12-28,20,66.0,69.16160061907141,53.34076561869584,91.70328319660845
2018-12-28 21:00:00+01:00,2018-12-28,21,62.09,68.4330309806985,53.42097604152828,86.57030995837499
2018-12-28 22:00:00+01:00,2018-12-28,22,61.77,65.77175829485948,52.09150781358373,86.1464447334851
2018-12-28 23:00:00+01:00,2018-12-28,23,58.43,63.07175393285405,49.70566552259227,83.79368031070234
2018-12-29 00:00:00+01:00,2018-12-29,0,61.61,59.80267259869076,45.812718338379035,79.12360315192743
2018-12-29 01:00:00+01:00,2018-12-29,1,54.87,54.590515646807674,38.07908468350088,74.76165480852809
2018-12-29 02:00:00+01:00,2018-12-29,2,50.39,50.99983565270169,37.01994086927385,70.89732456313007
2018-12-29 03:00:00+01:00,2018-12-29,3,48.81,48.2053420989042,33.048396743720986,67.3327745360941
2018-12-29 04:00:00+01:00,2018-12-29,4,47.87,46.88030899819281,32.09892585360932,65.75143733197828
2018-12-29 05:00:00+01:00,2018-12-29,5,47.67,47.29133817151635,31.288185177724735,68.34664829384425
2018-12-29 06:00:00+01:00,2018-12-29,6,48.27,49.9725646227723,31.99187242435626,71.42292190511816
2018-12-29 07:00:00+01:00,2018-12-29,7,50.02,53.97417529322182,32.82512912148286,78.5104753850278
2018-12-29 08:00:00+01:00,2018-12-29,8,52.26,57.631585612491165,35.32726051078248,82.04976688180966
2018-12-29 09:00:00+01:00,2018-12-29,9,60.41,60.10274366381609,40.89223769009411,83.5435726635535
2018-12-29 10:00:00+01:00,2018-12-29,10,62.45,61.23876115078876,44.04030424268485,83.20356354442015
2018-12-29 11:00:00+01:00,2018-12-29,11,60.09,60.47816677801719,44.15788083143182,82.01791026754114
2018-12-29 12:00:00+01:00,2018-12-29,12,58.97,59.34868014769553,43.02210761740009,80.51345888698002
2018-12-29 13:00:00+01:00,2018-12-29,13,57.39,58.38955083361602,40.976678636140825,79.65579888712648
2018-12-29 14:00:00+01:00,2018-12-29,14,55.01,57.01553414943593,40.61047891478667,78.22017505597734
2018-12-29 15:00:00+01:00,2018-12-29,15,52.99,54.95356392986795,35.99768051838183,76.28699774681772
2018-12-29 16:00:00+01:00,2018-12-29,16,53.73,56.32264515185426,36.73177407135187,78.4956765171867
2018-12-29 17:00:00+01:00,2018-12-29,17,58.57,59.27877078462505,37.67249181872044,82.24529080552537
2018-12-29 18:00:00+01:00,2018-12-29,18,64.97,63.507248042367564,42.79610518340918,88.29392294480058
2018-12-29 19:00:00+01:00,2018-12-29,19,65.27,64.55937831721721,46.09040823121097,90.04389371087126
2018-12-29 20:00:00+01:00,2018-12-29,20,65.0,63.70585060934335,47.885015608967784,86.2475331868804
2018-12-29 21:00:00+01:00,2018-12-29,21,64.6,61.97867838126924,46.966623442099014,80.11595735894574
2018-12-29 22:00:00+01:00,2018-12-29,22,64.01,59.547910643310864,45.867660162035115,79.92259708193649
2018-12-29 23:00:00+01:00,2018-12-29,23,63.93,56.15293311472544,42.78684470446366,76.87485949257373
2018-12-30 00:00:00+01:00,2018-12-30,0,62.51,57.432066625781545,43.44211236546982,76.75299717901821
2018-12-30 01:00:00+01:00,2018-12-30,1,51.1,51.17024202294149,34.658811059634694,71.34138118466191
2018-12-30 02:00:00+01:00,2018-12-30,2,49.63,48.22684229880946,34.24694751538162,68.12433120923782
2018-12-30 03:00:00+01:00,2018-12-30,3,48.23,45.26399614561139,30.107050790428175,64.3914285828013
2018-12-30 04:00:00+01:00,2018-12-30,4,47.86,44.43799229327267,29.656609148689185,63.30912062705814
2018-12-30 05:00:00+01:00,2018-12-30,5,47.86,44.99044917934648,28.98729618555486,66.0457593016744
2018-12-30 06:00:00+01:00,2018-12-30,6,48.23,47.386403161337725,29.40571096292168,68.83676044368357
2018-12-30 07:00:00+01:00,2018-12-30,7,49.43,51.587309787947824,30.438263616208864,76.12360987975381
2018-12-30 08:00:00+01:00,2018-12-30,8,50.12,55.024113312850076,32.71978821114139,79.44229458216857
2018-12-30 09:00:00+01:00,2018-12-30,9,54.77,58.807906713688524,39.597400739966545,82.24873571342594
2018-12-30 10:00:00+01:00,2018-12-30,10,60.01,60.27984087912908,43.08138397102517,82.24464327276047
2018-12-30 11:00:00+01:00,2018-12-30,11,60.14,59.38698524823731,43.06669930165194,80.92672873776125
2018-12-30 12:00:00+01:00,2018-12-30,12,61.0,58.64874511575626,42.32217258546082,79.81352385504076
2018-12-30 13:00:00+01:00,2018-12-30,13,63.91,58.42700488456411,41.01413268708892,79.69325293807458
2018-12-30 14:00:00+01:00,2018-12-30,14,64.16,55.958864622163674,39.55380938751441,77.16350552870509
2018-12-30 15:00:00+01:00,2018-12-30,15,61.12,53.62182870664898,34.66594529516286,74.95526252359875
2018-12-30 16:00:00+01:00,2018-12-30,16,59.59,54.4054783917371,34.81460731123471,76.57850975706954
2018-12-30 17:00:00+01:00,2018-12-30,17,62.51,57.49090879066448,35.88462982475986,80.4574288115648
2018-12-30 18:00:00+01:00,2018-12-30,18,65.51,63.35863667175006,42.64749381279168,88.14531157418308
2018-12-30 19:00:00+01:00,2018-12-30,19,67.02,65.4648254547104,46.995855368704156,90.94934084836444
2018-12-30 20:00:00+01:00,2018-12-30,20,67.83,65.34145964108038,49.52062464070481,87.88314221861742
2018-12-30 21:00:00+01:00,2018-12-30,21,68.4,65.7132123403796,50.70115740120937,83.85049131805609
2018-12-30 22:00:00+01:00,2018-12-30,22,67.64,63.41955258674094,49.73930210546519,83.79423902536655
2018-12-30 23:00:00+01:00,2018-12-30,23,65.27,59.7888310062594,46.42274259599762,80.51075738410769
2018-12-31 00:00:00+01:00,2018-12-31,0,63.93,59.96964208026077,45.97968781994904,79.29057263349743
2018-12-31 01:00:00+01:00,2018-12-31,1,54.87,52.677039239119416,36.16560827581262,72.84817840083983
2018-12-31 02:00:00+01:00,2018-12-31,2,52.6,49.848696785252415,35.86880200182458,69.7461856956808
2018-12-31 03:00:00+01:00,2018-12-31,3,51.09,46.898737562108614,31.741792206925403,66.02616999929853
2018-12-31 04:00:00+01:00,2018-12-31,4,50.89,45.83909778578775,31.057714641204264,64.71022611957322
2018-12-31 05:00:00+01:00,2018-12-31,5,51.1,46.67418560742141,30.67103261362979,67.72949572974932
2018-12-31 06:00:00+01:00,2018-12-31,6,54.77,51.21520875992415,33.23451656150811,72.66556604227
2018-12-31 07:00:00+01:00,2018-12-31,7,54.87,57.92211326373208,36.77306709199312,82.45841335553807
2018-12-31 08:00:00+01:00,2018-12-31,8,60.0,61.139385961365804,38.83506085965712,85.5575672306843
2018-12-31 09:00:00+01:00,2018-12-31,9,64.97,63.4773373717886,44.26683139806662,86.91816637152601
2018-12-31 10:00:00+01:00,2018-12-31,10,65.88,65.37740717230798,48.17895026420407,87.34220956593937
2018-12-31 11:00:00+01:00,2018-12-31,11,65.01,65.54472432918129,49.22443838259592,87.08446781870524
2018-12-31 12:00:00+01:00,2018-12-31,12,65.01,65.46373084391226,49.137158313616816,86.62850958319675
2018-12-31 13:00:00+01:00,2018-12-31,13,65.22,65.64993418246192,48.237061984986724,86.91618223597239
2018-12-31 14:00:00+01:00,2018-12-31,14,64.97,63.3798170103938,46.97476177574454,84.58445791693521
2018-12-31 15:00:00+01:00,2018-12-31,15,64.18,62.316886997893775,43.361003586407655,83.65032081484355
2018-12-31 16:00:00+01:00,2018-12-31,16,64.8,62.64794683583559,43.0570757553332,84.82097820116803
2018-12-31 17:00:00+01:00,2018-12-31,17,68.01,64.86630851698013,43.26002955107551,87.83282853788045
2018-12-31 18:00:00+01:00,2018-12-31,18,68.58,68.68302369480925,47.97188083585087,93.46969859724227
2018-12-31 19:00:00+01:00,2018-12-31,19,68.85,69.57923288360892,51.11026279760269,95.06374827726299
2018-12-31 20:00:00+01:00,2018-12-31,20,68.4,68.93564522765477,53.11481022727921,91.47732780519183
2018-12-31 21:00:00+01:00,2018-12-31,21,66.88,69.62651760079784,54.61446266162761,87.76379657847433
2018-12-31 22:00:00+01:00,2018-12-31,22,63.93,66.75972227038145,53.079471789105696,87.13440870900706
2018-12-31 23:00:00+01:00,2018-12-31,23,64.27,62.89215889861644,49.526070488354655,83.61408527646472
