time,y_true,ETS_day,Naive_day
2018-01-01 00:00:00+01:00,6.74,5.248514353976303,33.4
2018-01-01 01:00:00+01:00,4.74,0.42292414034842807,19.83
2018-01-01 02:00:00+01:00,3.66,-2.0407656474482536,9.8
2018-01-01 03:00:00+01:00,2.3,-4.460435556554023,8.7
2018-01-01 04:00:00+01:00,2.3,-5.992148077789615,5.27
2018-01-01 05:00:00+01:00,2.06,-4.646782472677572,5.27
2018-01-01 06:00:00+01:00,2.06,0.16981162729292176,5.0
2018-01-01 07:00:00+01:00,2.06,8.884947014995893,5.27
2018-01-01 08:00:00+01:00,2.3,13.877952808564011,9.27
2018-01-01 09:00:00+01:00,2.3,17.00064652276228,17.1
2018-01-01 10:00:00+01:00,2.3,16.545705959680124,22.67
2018-01-01 11:00:00+01:00,2.3,12.417281407487527,21.95
2018-01-01 12:00:00+01:00,2.3,8.19587214333489,19.51
2018-01-01 13:00:00+01:00,2.3,6.102995339329909,18.1
2018-01-01 14:00:00+01:00,5.0,1.8484204918807767,15.19
2018-01-01 15:00:00+01:00,5.0,-1.5197468712785849,10.56
2018-01-01 16:00:00+01:00,5.0,-1.2275131603409544,11.9
2018-01-01 17:00:00+01:00,8.85,2.3888690300073296,16.6
2018-01-01 18:00:00+01:00,15.93,7.739629850218738,25.0
2018-01-01 19:00:00+01:00,22.02,9.190234902039931,30.43
2018-01-01 20:00:00+01:00,20.0,7.876790003752523,30.01
2018-01-01 21:00:00+01:00,21.95,6.5368396866035035,22.01
2018-01-01 22:00:00+01:00,23.52,2.859626016991303,12.4
2018-01-01 23:00:00+01:00,16.35,-1.6766242140726693,12.4
2018-01-02 00:00:00+01:00,60.0,10.76653791407378,6.74
2018-01-02 01:00:00+01:00,57.79,7.164785688915053,4.74
2018-01-02 02:00:00+01:00,55.31,5.7921910144678055,3.66
2018-01-02 03:00:00+01:00,50.96,4.391548548023719,2.3
2018-01-02 04:00:00+01:00,47.07,3.5368682297892224,2.3
2018-01-02 05:00:00+01:00,46.0,4.925879457980015,2.06
2018-01-02 06:00:00+01:00,54.0,9.535321874275848,2.06
2018-01-02 07:00:00+01:00,59.37,17.93585348233092,2.06
2018-01-02 08:00:00+01:00,60.77,23.663508834364045,2.3
2018-01-02 09:00:00+01:00,60.61,27.593899553911236,2.3
2018-01-02 10:00:00+01:00,60.17,28.083882621150394,2.3
2018-01-02 11:00:00+01:00,59.25,24.9172938702853,2.3
2018-01-02 12:00:00+01:00,57.3,21.273700078772762,2.3
2018-01-02 13:00:00+01:00,55.04,19.496009695401288,2.3
2018-01-02 14:00:00+01:00,46.88,16.068719889540564,5.0
2018-01-02 15:00:00+01:00,44.99,12.657938275870931,5.0
2018-01-02 16:00:00+01:00,44.68,12.777614017955434,5.0
2018-01-02 17:00:00+01:00,46.32,16.524158977618406,8.85
2018-01-02 18:00:00+01:00,53.81,22.21907329915635,15.93
2018-01-02 19:00:00+01:00,58.19,24.218176150034125,22.02
2018-01-02 20:00:00+01:00,59.37,22.80641502715055,20.0
2018-01-02 21:00:00+01:00,58.87,22.39288117168637,21.95
2018-01-02 22:00:00+01:00,55.1,19.897285990851763,23.52
2018-01-02 23:00:00+01:00,52.14,16.554373991941198,16.35
2018-01-03 00:00:00+01:00,50.01,50.85518403848042,60.0
2018-01-03 01:00:00+01:00,45.02,43.58293848448191,57.79
2018-01-03 02:00:00+01:00,44.51,41.55840116263836,55.31
2018-01-03 03:00:00+01:00,44.51,40.009576087234265,50.96
2018-01-03 04:00:00+01:00,44.27,39.516760584452406,47.07
2018-01-03 05:00:00+01:00,44.51,41.6303786408956,46.0
2018-01-03 06:00:00+01:00,45.01,47.62509764739688,54.0
2018-01-03 07:00:00+01:00,56.01,56.48085445403781,59.37
2018-01-03 08:00:00+01:00,60.84,62.75615606812579,60.77
2018-01-03 09:00:00+01:00,63.83,67.24822097210915,60.61
2018-01-03 10:00:00+01:00,63.53,68.56365489033298,60.17
2018-01-03 11:00:00+01:00,61.48,66.23928298857788,59.25
2018-01-03 12:00:00+01:00,59.01,63.16205697329383,57.3
2018-01-03 13:00:00+01:00,56.01,61.81063793025173,55.04
2018-01-03 14:00:00+01:00,53.53,58.66278993997709,46.88
2018-01-03 15:00:00+01:00,49.73,56.57846762105795,44.99
2018-01-03 16:00:00+01:00,45.01,57.46694506544894,44.68
2018-01-03 17:00:00+01:00,44.52,61.99116644040263,46.32
2018-01-03 18:00:00+01:00,44.62,68.88250520915639,53.81
2018-01-03 19:00:00+01:00,53.04,71.77972324078189,58.19
2018-01-03 20:00:00+01:00,56.51,71.17318351844139,59.37
2018-01-03 21:00:00+01:00,56.01,71.08726348540297,58.87
2018-01-03 22:00:00+01:00,52.26,68.73525160492342,55.1
2018-01-03 23:00:00+01:00,44.52,65.27573829896329,52.14
2018-01-04 00:00:00+01:00,40.43,43.134116992771965,50.01
2018-01-04 01:00:00+01:00,32.02,35.658970343603,45.02
2018-01-04 02:00:00+01:00,29.03,33.126703827129575,44.51
2018-01-04 03:00:00+01:00,25.09,31.131397339971798,44.51
2018-01-04 04:00:00+01:00,22.14,30.07960455533902,44.27
2018-01-04 05:00:00+01:00,22.49,31.515201463165994,44.51
2018-01-04 06:00:00+01:00,22.97,36.64796334291286,45.01
2018-01-04 07:00:00+01:00,23.05,45.55061535459967,56.01
2018-01-04 08:00:00+01:00,22.44,50.97399489264558,60.84
2018-01-04 09:00:00+01:00,25.81,54.84744156709377,63.83
2018-01-04 10:00:00+01:00,28.34,55.60167932764774,63.53
2018-01-04 11:00:00+01:00,28.3,52.92523895669766,61.48
2018-01-04 12:00:00+01:00,26.23,49.40422123287947,59.01
2018-01-04 13:00:00+01:00,22.14,47.38441003257069,56.01
2018-01-04 14:00:00+01:00,19.01,43.940738994058464,53.53
2018-01-04 15:00:00+01:00,13.72,41.18302082218139,49.73
2018-01-04 16:00:00+01:00,14.27,41.205297455256954,45.01
2018-01-04 17:00:00+01:00,19.54,45.20196136824534,44.52
2018-01-04 18:00:00+01:00,20.54,51.37092538478859,44.62
2018-01-04 19:00:00+01:00,25.31,54.71982024853405,53.04
2018-01-04 20:00:00+01:00,30.03,53.47388153893444,56.51
2018-01-04 21:00:00+01:00,38.87,52.3599569454983,56.01
2018-01-04 22:00:00+01:00,38.83,49.273948241580015,52.26
2018-01-04 23:00:00+01:00,32.02,45.378948431544906,44.52
2018-01-05 00:00:00+01:00,46.23,30.981135749338215,40.43
2018-01-05 01:00:00+01:00,36.08,23.72534321255963,32.02
2018-01-05 02:00:00+01:00,34.3,21.483867359759714,29.03
2018-01-05 03:00:00+01:00,32.72,19.58026221270628,25.09
2018-01-05 04:00:00+01:00,32.6,18.51937998289261,22.14
2018-01-05 05:00:00+01:00,34.99,19.814622508582595,22.49
2018-01-05 06:00:00+01:00,35.49,24.294890356217646,22.97
2018-01-05 07:00:00+01:00,34.99,32.434040615643006,23.05
2018-01-05 08:00:00+01:00,34.99,37.93954917227667,22.44
2018-01-05 09:00:00+01:00,40.88,42.41547633592211,25.81
2018-01-05 10:00:00+01:00,44.68,43.54056367882755,28.34
2018-01-05 11:00:00+01:00,45.43,41.075977596124204,28.3
2018-01-05 12:00:00+01:00,45.15,37.47217289242347,26.23
2018-01-05 13:00:00+01:00,45.13,35.04995718570359,22.14
2018-01-05 14:00:00+01:00,44.5,31.681983881033833,19.01
2018-01-05 15:00:00+01:00,35.59,28.461182615973396,13.72
2018-01-05 16:00:00+01:00,34.91,28.410952785531304,14.27
2018-01-05 17:00:00+01:00,32.72,32.13975944525133,19.54
2018-01-05 18:00:00+01:00,34.54,37.41890386018254,20.54
2018-01-05 19:00:00+01:00,35.4,41.13298342378924,25.31
2018-01-05 20:00:00+01:00,45.0,40.137946874812286,30.03
2018-01-05 21:00:00+01:00,49.65,39.31852202926738,38.87
2018-01-05 22:00:00+01:00,49.01,35.74704257496177,38.83
2018-01-05 23:00:00+01:00,47.1,31.392453612914654,32.02
2018-01-06 00:00:00+01:00,65.61,46.712575733369576,46.23
2018-01-06 01:00:00+01:00,64.82,38.10879662156483,36.08
2018-01-06 02:00:00+01:00,63.35,35.96042710788627,34.3
2018-01-06 03:00:00+01:00,63.04,34.03252808050212,32.72
2018-01-06 04:00:00+01:00,62.69,33.261908850182095,32.6
2018-01-06 05:00:00+01:00,62.4,35.12517592505915,34.99
2018-01-06 06:00:00+01:00,64.97,39.9875351901409,35.49
2018-01-06 07:00:00+01:00,64.97,48.631438147285564,34.99
2018-01-06 08:00:00+01:00,66.13,55.088469369242326,34.99
2018-01-06 09:00:00+01:00,66.26,60.62486869703252,40.88
2018-01-06 10:00:00+01:00,65.95,62.272512343719754,44.68
2018-01-06 11:00:00+01:00,65.08,60.18554714917434,45.43
2018-01-06 12:00:00+01:00,65.08,56.999730569128516,45.15
2018-01-06 13:00:00+01:00,64.97,55.018838175739035,45.13
2018-01-06 14:00:00+01:00,62.86,52.21652292893214,44.5
2018-01-06 15:00:00+01:00,60.52,48.9979569546859,35.59
2018-01-06 16:00:00+01:00,60.0,50.14698338125353,34.91
2018-01-06 17:00:00+01:00,59.85,54.38326401691126,32.72
2018-01-06 18:00:00+01:00,59.72,60.75250395741226,34.54
2018-01-06 19:00:00+01:00,60.75,65.23175926812841,35.4
2018-01-06 20:00:00+01:00,62.81,66.06861309676924,45.0
2018-01-06 21:00:00+01:00,64.14,65.4449799608476,49.65
2018-01-06 22:00:00+01:00,63.04,61.8918444601444,49.01
2018-01-06 23:00:00+01:00,60.16,57.067953108097875,47.1
2018-01-07 00:00:00+01:00,62.0,62.16286898144767,65.61
2018-01-07 01:00:00+01:00,61.14,53.023685629309924,64.82
2018-01-07 02:00:00+01:00,60.89,50.58961881269702,63.35
2018-01-07 03:00:00+01:00,58.68,49.14558926067228,63.04
2018-01-07 04:00:00+01:00,58.43,48.50006722304458,62.69
2018-01-07 05:00:00+01:00,58.34,50.02022045709097,62.4
2018-01-07 06:00:00+01:00,56.69,54.42493451778033,64.97
2018-01-07 07:00:00+01:00,52.99,61.89015242711934,64.97
2018-01-07 08:00:00+01:00,52.99,68.2285485074633,66.13
2018-01-07 09:00:00+01:00,55.19,73.70456699771063,66.26
2018-01-07 10:00:00+01:00,55.19,75.64124500306076,65.95
2018-01-07 11:00:00+01:00,55.67,73.84740192868524,65.08
2018-01-07 12:00:00+01:00,55.19,70.73714640083237,65.08
2018-01-07 13:00:00+01:00,55.0,68.38386576402291,64.97
2018-01-07 14:00:00+01:00,55.0,65.16333883687967,62.86
2018-01-07 15:00:00+01:00,51.33,61.45187875242783,60.52
2018-01-07 16:00:00+01:00,50.19,61.84649719958495,60.0
2018-01-07 17:00:00+01:00,50.15,65.18873225518968,59.85
2018-01-07 18:00:00+01:00,50.25,70.78097077914988,59.72
2018-01-07 19:00:00+01:00,52.09,75.20634249804785,60.75
2018-01-07 20:00:00+01:00,55.75,76.33025767550744,62.81
2018-01-07 21:00:00+01:00,61.14,75.70265283991411,64.14
2018-01-07 22:00:00+01:00,63.19,72.31973041258121,63.04
2018-01-07 23:00:00+01:00,62.78,67.89292053627932,60.16
2018-01-08 00:00:00+01:00,62.01,63.47377303778576,62.0
2018-01-08 01:00:00+01:00,58.01,54.731420688581956,61.14
2018-01-08 02:00:00+01:00,54.25,51.41214130505128,60.89
2018-01-08 03:00:00+01:00,52.74,49.164118524202074,58.68
2018-01-08 04:00:00+01:00,52.3,48.27184812270245,58.43
2018-01-08 05:00:00+01:00,52.33,49.592494118875074,58.34
2018-01-08 06:00:00+01:00,55.0,53.83732916593687,56.69
2018-01-08 07:00:00+01:00,58.44,61.27075406422152,52.99
2018-01-08 08:00:00+01:00,63.9,68.21473886355905,52.99
2018-01-08 09:00:00+01:00,65.1,73.97990675173033,55.19
2018-01-08 10:00:00+01:00,65.7,75.95101696091942,55.19
2018-01-08 11:00:00+01:00,66.8,74.39146534674136,55.67
2018-01-08 12:00:00+01:00,67.97,71.28020303796146,55.19
2018-01-08 13:00:00+01:00,68.34,68.95359775045473,55.0
2018-01-08 14:00:00+01:00,68.19,65.92253462317375,55.0
2018-01-08 15:00:00+01:00,67.89,62.224181947252845,51.33
2018-01-08 16:00:00+01:00,67.51,62.807919007581,50.19
2018-01-08 17:00:00+01:00,67.0,66.4506119016149,50.15
2018-01-08 18:00:00+01:00,65.87,72.31039418131134,50.25
2018-01-08 19:00:00+01:00,65.87,77.23066304651958,52.09
2018-01-08 20:00:00+01:00,65.01,78.9427307389231,55.75
2018-01-08 21:00:00+01:00,65.86,78.74483594290163,61.14
2018-01-08 22:00:00+01:00,65.32,75.23568654129431,63.19
2018-01-08 23:00:00+01:00,62.51,70.07347051390255,62.78
2018-01-09 00:00:00+01:00,67.49,63.29830046562226,62.01
2018-01-09 01:00:00+01:00,61.91,55.20968242798469,58.01
2018-01-09 02:00:00+01:00,59.28,51.551825276615396,54.25
2018-01-09 03:00:00+01:00,58.07,49.5228695895067,52.74
2018-01-09 04:00:00+01:00,57.57,48.657135993952394,52.3
2018-01-09 05:00:00+01:00,56.74,49.60643756205428,52.33
2018-01-09 06:00:00+01:00,56.62,53.34128140278085,55.0
2018-01-09 07:00:00+01:00,57.95,59.897686887063166,58.44
2018-01-09 08:00:00+01:00,60.91,66.67004023932259,63.9
2018-01-09 09:00:00+01:00,66.5,72.07052859676601,65.1
2018-01-09 10:00:00+01:00,64.68,74.32520071012362,65.7
2018-01-09 11:00:00+01:00,64.86,73.24396611648297,66.8
2018-01-09 12:00:00+01:00,63.62,70.3148032118809,67.97
2018-01-09 13:00:00+01:00,66.86,67.70709200727126,68.34
2018-01-09 14:00:00+01:00,67.19,64.47465073939047,68.19
2018-01-09 15:00:00+01:00,66.37,60.42255023360774,67.89
2018-01-09 16:00:00+01:00,63.96,60.11346772807352,67.51
2018-01-09 17:00:00+01:00,62.43,62.79262036820791,67.0
2018-01-09 18:00:00+01:00,68.49,67.71323473508515,65.87
2018-01-09 19:00:00+01:00,70.0,72.34828640692376,65.87
2018-01-09 20:00:00+01:00,71.14,73.98576414258466,65.01
2018-01-09 21:00:00+01:00,70.67,73.8410349403168,65.86
2018-01-09 22:00:00+01:00,68.72,70.352343193809,65.32
2018-01-09 23:00:00+01:00,67.15,65.29305755372118,62.51
2018-01-10 00:00:00+01:00,59.53,67.38135289266889,67.49
2018-01-10 01:00:00+01:00,56.1,58.790355440651346,61.91
2018-01-10 02:00:00+01:00,51.41,54.68302324115903,59.28
2018-01-10 03:00:00+01:00,47.38,52.223093869104794,58.07
2018-01-10 04:00:00+01:00,47.59,51.023202471739545,57.57
2018-01-10 05:00:00+01:00,51.61,51.7594507620975,56.74
2018-01-10 06:00:00+01:00,69.13,55.54425798776526,56.62
2018-01-10 07:00:00+01:00,74.9,62.43303744412465,57.95
2018-01-10 08:00:00+01:00,75.67,69.52723710767707,60.91
2018-01-10 09:00:00+01:00,76.24,75.24562083547573,66.5
2018-01-10 10:00:00+01:00,73.7,76.97199339398014,64.68
2018-01-10 11:00:00+01:00,72.45,76.03243585606725,64.86
2018-01-10 12:00:00+01:00,69.95,72.98402958102831,63.62
2018-01-10 13:00:00+01:00,66.23,70.70023838808885,66.86
2018-01-10 14:00:00+01:00,61.17,67.32347890572345,67.19
2018-01-10 15:00:00+01:00,59.45,63.43393468446875,66.37
2018-01-10 16:00:00+01:00,58.18,63.01677931188978,63.96
2018-01-10 17:00:00+01:00,60.42,65.97431231334444,62.43
2018-01-10 18:00:00+01:00,69.93,71.86968374854965,68.49
2018-01-10 19:00:00+01:00,75.0,76.50701772455281,70.0
2018-01-10 20:00:00+01:00,75.67,78.49360609465383,71.14
2018-01-10 21:00:00+01:00,70.08,78.49459962546656,70.67
2018-01-10 22:00:00+01:00,64.91,75.15563513710089,68.72
2018-01-10 23:00:00+01:00,59.49,69.98694253077352,67.15
2018-01-11 00:00:00+01:00,71.61,58.68416111435478,59.53
2018-01-11 01:00:00+01:00,68.71,50.64136562283085,56.1
2018-01-11 02:00:00+01:00,67.64,45.65762225991287,51.41
2018-01-11 03:00:00+01:00,66.53,42.59067621112917,47.38
2018-01-11 04:00:00+01:00,62.45,41.17483692794857,47.59
2018-01-11 05:00:00+01:00,59.2,41.66716774313356,51.61
2018-01-11 06:00:00+01:00,59.2,45.95579687608051,69.13
2018-01-11 07:00:00+01:00,59.52,51.294753827165415,74.9
2018-01-11 08:00:00+01:00,59.2,57.4858030456284,75.67
2018-01-11 09:00:00+01:00,64.18,62.938390098459536,76.24
2018-01-11 10:00:00+01:00,64.99,64.44703248844742,73.7
2018-01-11 11:00:00+01:00,64.46,63.54817012604566,72.45
2018-01-11 12:00:00+01:00,62.88,60.295278089441595,69.95
2018-01-11 13:00:00+01:00,63.28,57.53492238643171,66.23
2018-01-11 14:00:00+01:00,58.36,53.798744200442464,61.17
2018-01-11 15:00:00+01:00,54.69,49.905081757036506,59.45
2018-01-11 16:00:00+01:00,54.49,48.92309009774072,58.18
2018-01-11 17:00:00+01:00,62.99,51.519322139302034,60.42
2018-01-11 18:00:00+01:00,70.69,57.413284406551064,69.93
2018-01-11 19:00:00+01:00,71.28,61.41762190539383,75.0
2018-01-11 20:00:00+01:00,71.07,62.80643267876175,75.67
2018-01-11 21:00:00+01:00,69.8,61.988244276746485,70.08
2018-01-11 22:00:00+01:00,67.64,58.4782450163584,64.91
2018-01-11 23:00:00+01:00,59.11,53.318868312257784,59.49
2018-01-12 00:00:00+01:00,67.2,60.012647145115785,71.61
2018-01-12 01:00:00+01:00,63.34,51.617119359446576,68.71
2018-01-12 02:00:00+01:00,54.89,46.64889070564611,67.64
2018-01-12 03:00:00+01:00,55.29,43.5830680989477,66.53
2018-01-12 04:00:00+01:00,52.01,41.91905687196001,62.45
2018-01-12 05:00:00+01:00,52.01,42.39767816753992,59.2
2018-01-12 06:00:00+01:00,55.9,46.69940761401851,59.2
2018-01-12 07:00:00+01:00,57.0,51.968052464463184,59.52
2018-01-12 08:00:00+01:00,58.46,58.028770530966575,59.2
2018-01-12 09:00:00+01:00,63.98,64.00973351918735,64.18
2018-01-12 10:00:00+01:00,65.1,65.56142543917962,64.99
2018-01-12 11:00:00+01:00,65.76,64.76441864863617,64.46
2018-01-12 12:00:00+01:00,64.77,61.610499040242594,62.88
2018-01-12 13:00:00+01:00,62.76,58.93237051336701,63.28
2018-01-12 14:00:00+01:00,59.65,54.76047802868478,58.36
2018-01-12 15:00:00+01:00,55.79,50.86345924248079,54.69
2018-01-12 16:00:00+01:00,53.14,49.83431986818335,54.49
2018-01-12 17:00:00+01:00,63.89,52.76826313530575,62.99
2018-01-12 18:00:00+01:00,67.09,58.268176494333204,70.69
2018-01-12 19:00:00+01:00,67.03,61.7530574675283,71.28
2018-01-12 20:00:00+01:00,65.67,63.28065645415485,71.07
2018-01-12 21:00:00+01:00,65.01,62.646003722550404,69.8
2018-01-12 22:00:00+01:00,63.65,59.425844053171105,67.64
2018-01-12 23:00:00+01:00,60.05,54.32070262680872,59.11
2018-01-13 00:00:00+01:00,56.02,62.039868534989644,67.2
2018-01-13 01:00:00+01:00,48.14,54.110476150540066,63.34
2018-01-13 02:00:00+01:00,46.6,48.87998668133727,54.89
2018-01-13 03:00:00+01:00,46.1,46.913337828364654,55.29
2018-01-13 04:00:00+01:00,46.2,45.3179722000803,52.01
2018-01-13 05:00:00+01:00,46.6,46.13377860259585,52.01
2018-01-13 06:00:00+01:00,47.13,50.52375624679151,55.9
2018-01-13 07:00:00+01:00,50.05,55.171752193975934,57.0
2018-01-13 08:00:00+01:00,50.98,60.983464851127565,58.46
2018-01-13 09:00:00+01:00,58.16,67.45372752537442,63.98
2018-01-13 10:00:00+01:00,60.76,69.26655397152226,65.1
2018-01-13 11:00:00+01:00,60.5,68.99982317395504,65.76
2018-01-13 12:00:00+01:00,59.5,66.23243700303198,64.77
2018-01-13 13:00:00+01:00,59.07,63.60200574633522,62.76
2018-01-13 14:00:00+01:00,58.7,59.50991424029802,59.65
2018-01-13 15:00:00+01:00,55.57,55.490169476428896,55.79
2018-01-13 16:00:00+01:00,54.99,54.10554431872177,53.14
2018-01-13 17:00:00+01:00,56.01,57.62776833428659,63.89
2018-01-13 18:00:00+01:00,61.0,61.99623358838639,67.09
2018-01-13 19:00:00+01:00,61.97,65.05902182816949,67.03
2018-01-13 20:00:00+01:00,63.82,66.63211007047654,65.67
2018-01-13 21:00:00+01:00,62.11,66.35123227871196,65.01
2018-01-13 22:00:00+01:00,59.54,63.573619575300334,63.65
2018-01-13 23:00:00+01:00,58.15,58.37077623418729,60.05
2018-01-14 00:00:00+01:00,48.7,58.582938260907014,56.02
2018-01-14 01:00:00+01:00,45.27,50.55295687725977,48.14
2018-01-14 02:00:00+01:00,43.92,45.298215139992585,46.6
2018-01-14 03:00:00+01:00,42.1,42.678577711958305,46.1
2018-01-14 04:00:00+01:00,42.09,40.70183546072861,46.2
2018-01-14 05:00:00+01:00,42.1,41.14432600989056,46.6
2018-01-14 06:00:00+01:00,43.92,45.25844654174547,47.13
2018-01-14 07:00:00+01:00,45.01,50.50051579677664,50.05
2018-01-14 08:00:00+01:00,45.21,56.42119607323636,50.98
2018-01-14 09:00:00+01:00,47.66,63.38052087699788,58.16
2018-01-14 10:00:00+01:00,53.9,65.16773516223343,60.76
2018-01-14 11:00:00+01:00,54.8,64.61134809922048,60.5
2018-01-14 12:00:00+01:00,54.8,61.81496397749996,59.5
2018-01-14 13:00:00+01:00,58.11,59.22161799027431,59.07
2018-01-14 14:00:00+01:00,58.53,55.3877782694863,58.7
2018-01-14 15:00:00+01:00,53.9,51.383489380681986,55.57
2018-01-14 16:00:00+01:00,53.15,50.40528819027176,54.99
2018-01-14 17:00:00+01:00,54.8,54.104015843246856,56.01
2018-01-14 18:00:00+01:00,60.82,59.30152989541952,61.0
2018-01-14 19:00:00+01:00,64.97,62.648151460793855,61.97
2018-01-14 20:00:00+01:00,67.19,64.63980389310464,63.82
2018-01-14 21:00:00+01:00,67.92,64.33659575354702,62.11
2018-01-14 22:00:00+01:00,66.01,61.60390781787944,59.54
2018-01-14 23:00:00+01:00,61.24,56.30701220070875,58.15
2018-01-15 00:00:00+01:00,60.82,61.25005216134397,48.7
2018-01-15 01:00:00+01:00,53.6,54.7213351025113,45.27
2018-01-15 02:00:00+01:00,47.66,49.84087779462543,43.92
2018-01-15 03:00:00+01:00,46.14,47.27237489041431,42.1
2018-01-15 04:00:00+01:00,45.69,45.67582760841944,42.09
2018-01-15 05:00:00+01:00,47.13,46.20928226283627,42.1
2018-01-15 06:00:00+01:00,55.55,50.41527664821067,43.92
2018-01-15 07:00:00+01:00,60.9,55.725560350300064,45.01
2018-01-15 08:00:00+01:00,64.99,61.75145783732075,45.21
2018-01-15 09:00:00+01:00,66.01,69.094369965875,47.66
2018-01-15 10:00:00+01:00,65.03,71.95084221169631,53.9
2018-01-15 11:00:00+01:00,62.07,71.488026899522,54.8
2018-01-15 12:00:00+01:00,61.01,69.03406859707627,54.8
2018-01-15 13:00:00+01:00,60.9,66.92820123802802,58.11
2018-01-15 14:00:00+01:00,58.7,63.15784500264812,58.53
2018-01-15 15:00:00+01:00,57.83,58.87590588233161,53.9
2018-01-15 16:00:00+01:00,56.0,58.06723248225741,53.15
2018-01-15 17:00:00+01:00,57.83,61.713167535128974,54.8
2018-01-15 18:00:00+01:00,61.59,67.27682070667562,60.82
2018-01-15 19:00:00+01:00,64.28,70.79597971137139,64.97
2018-01-15 20:00:00+01:00,65.23,72.9266868329188,67.19
2018-01-15 21:00:00+01:00,62.4,72.89905694614536,67.92
2018-01-15 22:00:00+01:00,58.15,70.39885223104268,66.01
2018-01-15 23:00:00+01:00,52.32,65.6628400452499,61.24
2018-01-16 00:00:00+01:00,44.5,51.86806803137591,60.82
2018-01-16 01:00:00+01:00,41.3,44.77183457781174,53.6
2018-01-16 02:00:00+01:00,38.0,39.332314564175576,47.66
2018-01-16 03:00:00+01:00,35.1,36.41193827219948,46.14
2018-01-16 04:00:00+01:00,35.1,34.31582276769666,45.69
2018-01-16 05:00:00+01:00,39.1,34.32371053482429,47.13
2018-01-16 06:00:00+01:00,43.03,38.32257142234477,55.55
2018-01-16 07:00:00+01:00,51.89,42.84668734252319,60.9
2018-01-16 08:00:00+01:00,60.82,48.21548218862934,64.99
2018-01-16 09:00:00+01:00,63.45,54.68708384232245,66.01
2018-01-16 10:00:00+01:00,61.99,57.23926192454934,65.03
2018-01-16 11:00:00+01:00,60.32,56.43805707873856,62.07
2018-01-16 12:00:00+01:00,58.03,53.8689454880891,61.01
2018-01-16 13:00:00+01:00,56.16,51.408175387223615,60.9
2018-01-16 14:00:00+01:00,54.5,47.19363918121992,58.7
2018-01-16 15:00:00+01:00,51.95,42.67675740734147,57.83
2018-01-16 16:00:00+01:00,49.43,41.137301997785364,56.0
2018-01-16 17:00:00+01:00,52.1,44.32635663795534,57.83
2018-01-16 18:00:00+01:00,59.02,49.53580031742405,61.59
2018-01-16 19:00:00+01:00,61.59,52.78159384338649,64.28
2018-01-16 20:00:00+01:00,63.45,54.49895651304935,65.23
2018-01-16 21:00:00+01:00,61.59,53.91349129900732,62.4
2018-01-16 22:00:00+01:00,52.69,51.04191257334554,58.15
2018-01-16 23:00:00+01:00,45.27,45.96346416206667,52.32
2018-01-17 00:00:00+01:00,42.64,44.791150086578035,44.5
2018-01-17 01:00:00+01:00,40.0,39.175200260345406,41.3
2018-01-17 02:00:00+01:00,36.18,34.025966154350755,38.0
2018-01-17 03:00:00+01:00,35.67,31.23948505712443,35.1
2018-01-17 04:00:00+01:00,35.45,29.592901864958623,35.1
2018-01-17 05:00:00+01:00,36.45,29.89721952464138,39.1
2018-01-17 06:00:00+01:00,41.51,33.45708843460541,43.03
2018-01-17 07:00:00+01:00,47.94,37.9190450875054,51.89
2018-01-17 08:00:00+01:00,58.7,42.804736086284315,60.82
2018-01-17 09:00:00+01:00,61.59,48.44479159665664,63.45
2018-01-17 10:00:00+01:00,61.59,51.036236212277714,61.99
2018-01-17 11:00:00+01:00,56.35,50.767122298300805,60.32
2018-01-17 12:00:00+01:00,54.97,48.62598710908762,58.03
2018-01-17 13:00:00+01:00,54.97,46.37937648196392,56.16
2018-01-17 14:00:00+01:00,54.83,42.351739903873664,54.5
2018-01-17 15:00:00+01:00,54.72,37.62577259291742,51.95
2018-01-17 16:00:00+01:00,54.73,35.43601542787344,49.43
2018-01-17 17:00:00+01:00,56.58,38.17791747000561,52.1
2018-01-17 18:00:00+01:00,61.97,43.07076807077886,59.02
2018-01-17 19:00:00+01:00,63.8,45.598801098321594,61.59
2018-01-17 20:00:00+01:00,65.5,47.03196674996865,63.45
2018-01-17 21:00:00+01:00,65.5,46.09384632193556,61.59
2018-01-17 22:00:00+01:00,61.1,42.71866109521633,52.69
2018-01-17 23:00:00+01:00,58.7,38.25671317006547,45.27
2018-01-18 00:00:00+01:00,59.91,57.91805879212908,42.64
2018-01-18 01:00:00+01:00,52.0,52.60842384818788,40.0
2018-01-18 02:00:00+01:00,47.13,47.42061669557865,36.18
2018-01-18 03:00:00+01:00,45.65,44.79684647374579,35.67
2018-01-18 04:00:00+01:00,45.19,43.20891010012086,35.45
2018-01-18 05:00:00+01:00,45.96,43.725898586685744,36.45
2018-01-18 06:00:00+01:00,54.97,47.84818704880105,41.51
2018-01-18 07:00:00+01:00,58.7,53.141863679790916,47.94
2018-01-18 08:00:00+01:00,60.89,59.20962208848917,58.7
2018-01-18 09:00:00+01:00,61.59,64.76310775571712,61.59
2018-01-18 10:00:00+01:00,61.37,67.62775759069254,61.59
2018-01-18 11:00:00+01:00,60.89,67.32734957840434,56.35
2018-01-18 12:00:00+01:00,60.07,65.78128234465434,54.97
2018-01-18 13:00:00+01:00,60.41,63.92898014180947,54.97
2018-01-18 14:00:00+01:00,59.9,60.41551035949184,54.83
2018-01-18 15:00:00+01:00,59.86,56.298953149165705,54.72
2018-01-18 16:00:00+01:00,59.81,54.65493770076391,54.73
2018-01-18 17:00:00+01:00,59.96,57.946410041201055,56.58
2018-01-18 18:00:00+01:00,61.2,63.824547208640965,61.97
2018-01-18 19:00:00+01:00,61.91,67.18648369431621,63.8
2018-01-18 20:00:00+01:00,62.39,69.44833887220537,65.5
2018-01-18 21:00:00+01:00,61.6,69.23172914639004,65.5
2018-01-18 22:00:00+01:00,60.89,66.21538557655312,61.1
2018-01-18 23:00:00+01:00,60.07,61.90514582952631,58.7
2018-01-19 00:00:00+01:00,58.69,59.00805898472473,59.91
2018-01-19 01:00:00+01:00,51.07,53.237118176210295,52.0
2018-01-19 02:00:00+01:00,47.07,48.177155671251235,47.13
2018-01-19 03:00:00+01:00,45.27,45.55995667497113,45.65
2018-01-19 04:00:00+01:00,45.09,43.8909738227615,45.19
2018-01-19 05:00:00+01:00,45.09,44.24693199844013,45.96
2018-01-19 06:00:00+01:00,52.0,48.67253358795628,54.97
2018-01-19 07:00:00+01:00,59.2,53.37290928356672,58.7
2018-01-19 08:00:00+01:00,59.89,59.1214458215559,60.89
2018-01-19 09:00:00+01:00,59.96,64.51061800898133,61.59
2018-01-19 10:00:00+01:00,59.46,67.46528690013332,61.37
2018-01-19 11:00:00+01:00,58.7,67.37677768622895,60.89
2018-01-19 12:00:00+01:00,56.58,65.88042772996593,60.07
2018-01-19 13:00:00+01:00,55.4,64.10886428889174,60.41
2018-01-19 14:00:00+01:00,54.83,60.6237397662042,59.9
2018-01-19 15:00:00+01:00,52.01,56.55287012085854,59.86
2018-01-19 16:00:00+01:00,52.0,54.654881872659914,59.81
2018-01-19 17:00:00+01:00,54.83,57.476532557849005,59.96
2018-01-19 18:00:00+01:00,58.69,63.149235509461796,61.2
2018-01-19 19:00:00+01:00,59.86,66.63267370524729,61.91
2018-01-19 20:00:00+01:00,59.95,68.94529129262637,62.39
2018-01-19 21:00:00+01:00,59.46,68.7909265299437,61.6
2018-01-19 22:00:00+01:00,59.06,65.96911181864378,60.89
2018-01-19 23:00:00+01:00,58.49,61.5355639125256,60.07
2018-01-20 00:00:00+01:00,58.49,57.00601194938999,58.69
2018-01-20 01:00:00+01:00,48.01,51.053783719378174,51.07
2018-01-20 02:00:00+01:00,41.18,46.180829951316774,47.07
2018-01-20 03:00:00+01:00,41.18,43.51491835368048,45.27
2018-01-20 04:00:00+01:00,40.0,41.848393744818395,45.09
2018-01-20 05:00:00+01:00,39.58,41.99744461728648,45.09
2018-01-20 06:00:00+01:00,39.83,46.59599518855134,52.0
2018-01-20 07:00:00+01:00,42.74,51.264346571992554,59.2
2018-01-20 08:00:00+01:00,41.27,56.317401763781724,59.89
2018-01-20 09:00:00+01:00,51.0,61.58108641700224,59.96
2018-01-20 10:00:00+01:00,58.49,64.65702892633719,59.46
2018-01-20 11:00:00+01:00,57.8,64.78981453450706,58.7
2018-01-20 12:00:00+01:00,50.66,63.28555165203889,56.58
2018-01-20 13:00:00+01:00,53.01,61.579484358011975,55.4
2018-01-20 14:00:00+01:00,47.0,58.25865222505721,54.83
2018-01-20 15:00:00+01:00,40.01,54.018275530259146,52.01
2018-01-20 16:00:00+01:00,39.8,52.11396043052103,52.0
2018-01-20 17:00:00+01:00,44.38,54.732800724809294,54.83
2018-01-20 18:00:00+01:00,49.38,60.19163852016554,58.69
2018-01-20 19:00:00+01:00,56.01,63.57746146984907,59.86
2018-01-20 20:00:00+01:00,57.8,65.85641890811178,59.95
2018-01-20 21:00:00+01:00,57.5,65.82599578185464,59.46
2018-01-20 22:00:00+01:00,46.05,63.21165484840083,59.06
2018-01-20 23:00:00+01:00,41.05,58.82737527279075,58.49
2018-01-21 00:00:00+01:00,40.45,39.80983774018766,58.49
2018-01-21 01:00:00+01:00,30.57,33.4105923274862,48.01
2018-01-21 02:00:00+01:00,29.24,28.80087758234103,41.18
2018-01-21 03:00:00+01:00,27.5,26.614504567661776,41.18
2018-01-21 04:00:00+01:00,19.99,24.772220575649882,40.0
2018-01-21 05:00:00+01:00,25.0,24.625943744171032,39.58
2018-01-21 06:00:00+01:00,28.47,28.548733771036996,39.83
2018-01-21 07:00:00+01:00,33.33,32.776693277653685,42.74
2018-01-21 08:00:00+01:00,38.63,36.61476018880284,41.27
2018-01-21 09:00:00+01:00,40.35,42.172488856038086,51.0
2018-01-21 10:00:00+01:00,46.7,44.981642740184135,58.49
2018-01-21 11:00:00+01:00,46.05,44.47937693660755,57.8
2018-01-21 12:00:00+01:00,43.3,42.428961154215834,50.66
2018-01-21 13:00:00+01:00,47.93,41.466949123122,53.01
2018-01-21 14:00:00+01:00,45.66,37.38136284823144,47.0
2018-01-21 15:00:00+01:00,41.2,32.640997548744096,40.01
2018-01-21 16:00:00+01:00,41.2,30.4658663755057,39.8
2018-01-21 17:00:00+01:00,44.54,32.30398422438645,44.38
2018-01-21 18:00:00+01:00,58.03,36.64853703265875,49.38
2018-01-21 19:00:00+01:00,60.9,39.451544909043484,56.01
2018-01-21 20:00:00+01:00,61.97,40.66135968305171,57.8
2018-01-21 21:00:00+01:00,63.43,39.99526860422806,57.5
2018-01-21 22:00:00+01:00,61.8,36.11831892687064,46.05
2018-01-21 23:00:00+01:00,59.54,32.60900001261282,41.05
2018-01-22 00:00:00+01:00,58.03,58.927375811079244,40.45
2018-01-22 01:00:00+01:00,44.72,52.74318873180279,30.57
2018-01-22 02:00:00+01:00,40.95,49.22692393657876,29.24
2018-01-22 03:00:00+01:00,40.35,47.41535177830326,27.5
2018-01-22 04:00:00+01:00,39.85,45.66666810994637,19.99
2018-01-22 05:00:00+01:00,40.2,47.18288750086791,25.0
2018-01-22 06:00:00+01:00,44.5,51.61608116941163,28.47
2018-01-22 07:00:00+01:00,58.03,57.03736521036643,33.33
2018-01-22 08:00:00+01:00,59.01,62.28057473227498,38.63
2018-01-22 09:00:00+01:00,60.79,68.58002446492398,40.35
2018-01-22 10:00:00+01:00,60.1,72.9640456584654,46.7
2018-01-22 11:00:00+01:00,58.7,73.00581247246748,46.05
2018-01-22 12:00:00+01:00,58.09,71.55113054293041,43.3
2018-01-22 13:00:00+01:00,58.01,71.69754405986473,47.93
2018-01-22 14:00:00+01:00,55.69,68.00487614985344,45.66
2018-01-22 15:00:00+01:00,52.73,63.86817994949946,41.2
2018-01-22 16:00:00+01:00,52.16,62.741431843020486,41.2
2018-01-22 17:00:00+01:00,55.8,65.57667109544332,44.54
2018-01-22 18:00:00+01:00,57.69,71.68305339317679,58.03
2018-01-22 19:00:00+01:00,59.03,74.85989176390093,60.9
2018-01-22 20:00:00+01:00,61.01,77.03426468987146,61.97
2018-01-22 21:00:00+01:00,60.32,77.53437219011406,63.43
2018-01-22 22:00:00+01:00,57.86,74.62532643941577,61.8
2018-01-22 23:00:00+01:00,56.09,71.55746885790326,59.54
2018-01-23 00:00:00+01:00,59.01,54.66435706712918,58.03
2018-01-23 01:00:00+01:00,53.01,47.38205012173016,44.72
2018-01-23 02:00:00+01:00,49.4,43.85512652622531,40.95
2018-01-23 03:00:00+01:00,47.43,41.716183049250446,40.35
2018-01-23 04:00:00+01:00,47.43,39.52732127331569,39.85
2018-01-23 05:00:00+01:00,47.76,40.41507782205917,40.2
2018-01-23 06:00:00+01:00,53.48,44.56041045429998,44.5
2018-01-23 07:00:00+01:00,59.34,50.39084933191919,58.03
2018-01-23 08:00:00+01:00,61.41,54.3715771106424,59.01
2018-01-23 09:00:00+01:00,61.8,60.25406993254241,60.79
2018-01-23 10:00:00+01:00,61.62,64.23538469393523,60.1
2018-01-23 11:00:00+01:00,60.69,64.22661163207286,58.7
2018-01-23 12:00:00+01:00,59.55,62.63406140966485,58.09
2018-01-23 13:00:00+01:00,60.02,62.34210930521824,58.01
2018-01-23 14:00:00+01:00,59.34,58.46374049058993,55.69
2018-01-23 15:00:00+01:00,58.7,54.04114875930548,52.73
2018-01-23 16:00:00+01:00,59.34,52.59745176577339,52.16
2018-01-23 17:00:00+01:00,58.03,55.19598045304448,55.8
2018-01-23 18:00:00+01:00,61.09,60.59597351165803,57.69
2018-01-23 19:00:00+01:00,62.57,63.63419132328291,59.03
2018-01-23 20:00:00+01:00,63.51,65.60397081985082,61.01
2018-01-23 21:00:00+01:00,63.09,65.60430454401707,60.32
2018-01-23 22:00:00+01:00,61.77,62.355703986229834,57.86
2018-01-23 23:00:00+01:00,61.69,58.74634729949862,56.09
2018-01-24 00:00:00+01:00,61.59,60.6522730726324,59.01
2018-01-24 01:00:00+01:00,59.75,53.56765689539177,53.01
2018-01-24 02:00:00+01:00,57.69,50.485113973268696,49.4
2018-01-24 03:00:00+01:00,53.01,48.86573679797348,47.43
2018-01-24 04:00:00+01:00,49.57,47.21419545156042,47.43
2018-01-24 05:00:00+01:00,51.0,48.106899473441075,47.76
2018-01-24 06:00:00+01:00,56.65,52.43586701458748,53.48
2018-01-24 07:00:00+01:00,58.7,57.939480138691295,59.34
2018-01-24 08:00:00+01:00,59.9,61.18504540810054,61.41
2018-01-24 09:00:00+01:00,59.9,66.289032171721,61.8
2018-01-24 10:00:00+01:00,58.51,70.2493769079616,61.62
2018-01-24 11:00:00+01:00,57.45,70.64065652006715,60.69
2018-01-24 12:00:00+01:00,55.9,69.43885636088194,59.55
2018-01-24 13:00:00+01:00,55.83,69.53596598065046,60.02
2018-01-24 14:00:00+01:00,53.56,66.08691940158295,59.34
2018-01-24 15:00:00+01:00,50.86,61.79382700530465,58.7
2018-01-24 16:00:00+01:00,50.09,60.11301430816446,59.34
2018-01-24 17:00:00+01:00,52.17,61.90532586073098,58.03
2018-01-24 18:00:00+01:00,57.45,67.11239248507418,61.09
2018-01-24 19:00:00+01:00,59.75,69.94772367427919,62.57
2018-01-24 20:00:00+01:00,60.82,71.80510796752299,63.51
2018-01-24 21:00:00+01:00,60.01,71.84348453371875,63.09
2018-01-24 22:00:00+01:00,59.0,68.89091434850138,61.77
2018-01-24 23:00:00+01:00,57.69,65.56843783174664,61.69
2018-01-25 00:00:00+01:00,58.95,56.18036386085817,61.59
2018-01-25 01:00:00+01:00,56.02,48.96033822074411,59.75
2018-01-25 02:00:00+01:00,47.76,44.83665200977932,57.69
2018-01-25 03:00:00+01:00,46.01,42.134552314823985,53.01
2018-01-25 04:00:00+01:00,45.39,39.95961142739435,49.57
2018-01-25 05:00:00+01:00,45.39,40.5672876152357,51.0
2018-01-25 06:00:00+01:00,54.82,44.65293406667632,56.65
2018-01-25 07:00:00+01:00,55.84,49.6364558257174,58.7
2018-01-25 08:00:00+01:00,58.68,53.17840238297517,59.9
2018-01-25 09:00:00+01:00,59.11,58.18624893265198,59.9
2018-01-25 10:00:00+01:00,58.95,61.94318430397428,58.51
2018-01-25 11:00:00+01:00,58.19,62.29527007831585,57.45
2018-01-25 12:00:00+01:00,56.94,60.72588175579443,55.9
2018-01-25 13:00:00+01:00,56.92,60.26960860146254,55.83
2018-01-25 14:00:00+01:00,55.69,56.50390775515965,53.56
2018-01-25 15:00:00+01:00,51.89,52.01812342057572,50.86
2018-01-25 16:00:00+01:00,49.0,50.24579931941514,50.09
2018-01-25 17:00:00+01:00,49.37,52.17452655541321,52.17
2018-01-25 18:00:00+01:00,55.69,57.613215239879366,57.45
2018-01-25 19:00:00+01:00,57.69,60.69039970697816,59.75
2018-01-25 20:00:00+01:00,57.98,62.72912788094662,60.82
2018-01-25 21:00:00+01:00,54.19,62.82671909750867,60.01
2018-01-25 22:00:00+01:00,48.17,60.05211971631951,59.0
2018-01-25 23:00:00+01:00,43.09,56.55972572329758,57.69
2018-01-26 00:00:00+01:00,42.61,41.902490649994846,58.95
2018-01-26 01:00:00+01:00,38.05,34.7832874948101,56.02
2018-01-26 02:00:00+01:00,35.84,29.975712573550943,47.76
2018-01-26 03:00:00+01:00,33.01,27.738134029539612,46.01
2018-01-26 04:00:00+01:00,32.8,25.6837650943624,45.39
2018-01-26 05:00:00+01:00,34.9,26.038298306984913,45.39
2018-01-26 06:00:00+01:00,39.91,30.425529329183675,54.82
2018-01-26 07:00:00+01:00,51.27,34.1285579966812,55.84
2018-01-26 08:00:00+01:00,57.3,37.120573218602736,58.68
2018-01-26 09:00:00+01:00,58.01,41.04386480591132,59.11
2018-01-26 10:00:00+01:00,57.6,44.38093215397959,58.95
2018-01-26 11:00:00+01:00,53.75,44.80323423460997,58.19
2018-01-26 12:00:00+01:00,50.23,43.32034888788182,56.94
2018-01-26 13:00:00+01:00,49.2,42.88794825973984,56.92
2018-01-26 14:00:00+01:00,48.96,39.18809968565019,55.69
2018-01-26 15:00:00+01:00,48.25,34.223020965906144,51.89
2018-01-26 16:00:00+01:00,48.25,31.727016605021674,49.0
2018-01-26 17:00:00+01:00,51.15,32.82666032885474,49.37
2018-01-26 18:00:00+01:00,54.7,37.64532623328052,55.69
2018-01-26 19:00:00+01:00,57.98,39.67958156283005,57.69
2018-01-26 20:00:00+01:00,58.44,40.83249139668404,57.98
2018-01-26 21:00:00+01:00,58.39,40.05877226057159,54.19
2018-01-26 22:00:00+01:00,57.3,36.80679085820594,48.17
2018-01-26 23:00:00+01:00,54.77,33.51827552962069,43.09
2018-01-27 00:00:00+01:00,51.47,53.87440016891021,42.61
2018-01-27 01:00:00+01:00,39.52,47.24444986279347,38.05
2018-01-27 02:00:00+01:00,38.12,42.76025298566911,35.84
2018-01-27 03:00:00+01:00,38.05,40.52420328140528,33.01
2018-01-27 04:00:00+01:00,37.92,38.9884492410301,32.8
2018-01-27 05:00:00+01:00,37.92,39.74974276615335,34.9
2018-01-27 06:00:00+01:00,38.09,44.48449639807667,39.91
2018-01-27 07:00:00+01:00,39.27,49.41546932229868,51.27
2018-01-27 08:00:00+01:00,43.45,52.78011402257759,57.3
2018-01-27 09:00:00+01:00,51.47,56.81341924350998,58.01
2018-01-27 10:00:00+01:00,56.09,60.523323669400014,57.6
2018-01-27 11:00:00+01:00,54.15,61.19180651479073,53.75
2018-01-27 12:00:00+01:00,49.09,60.12334623428349,50.23
2018-01-27 13:00:00+01:00,51.09,60.018745683481185,49.2
2018-01-27 14:00:00+01:00,46.95,56.93301972627681,48.96
2018-01-27 15:00:00+01:00,44.6,52.44408453657715,48.25
2018-01-27 16:00:00+01:00,44.49,50.29273188327445,48.25
2018-01-27 17:00:00+01:00,46.0,51.92891358314641,51.15
2018-01-27 18:00:00+01:00,57.2,57.108078504852784,54.7
2018-01-27 19:00:00+01:00,60.08,60.012763300808885,57.98
2018-01-27 20:00:00+01:00,60.59,61.65195680973865,58.44
2018-01-27 21:00:00+01:00,60.61,61.559539524664885,58.39
2018-01-27 22:00:00+01:00,60.37,58.94262975867481,57.3
2018-01-27 23:00:00+01:00,59.42,55.71660413666218,54.77
2018-01-28 00:00:00+01:00,57.12,58.23549746874758,51.47
2018-01-28 01:00:00+01:00,53.01,51.38912097268651,39.52
2018-01-28 02:00:00+01:00,42.1,47.58381730288032,38.12
2018-01-28 03:00:00+01:00,39.98,45.272271560372516,38.05
2018-01-28 04:00:00+01:00,39.66,43.586911149989284,37.92
2018-01-28 05:00:00+01:00,39.66,44.112785785606206,37.92
2018-01-28 06:00:00+01:00,39.81,48.52813485086237,38.09
2018-01-28 07:00:00+01:00,39.98,53.65049261007377,39.27
2018-01-28 08:00:00+01:00,40.0,57.72062635159409,43.45
2018-01-28 09:00:00+01:00,41.6,62.455213039437545,51.47
2018-01-28 10:00:00+01:00,50.0,66.25623996256574,56.09
2018-01-28 11:00:00+01:00,51.65,66.84061651312729,54.15
2018-01-28 12:00:00+01:00,51.58,65.81152154536946,49.09
2018-01-28 13:00:00+01:00,52.88,66.37081005075781,51.09
2018-01-28 14:00:00+01:00,50.66,63.23516465764416,46.95
2018-01-28 15:00:00+01:00,43.42,59.23941409289803,44.6
2018-01-28 16:00:00+01:00,41.6,57.44398838044708,44.49
2018-01-28 17:00:00+01:00,44.01,59.3358140740386,46.0
2018-01-28 18:00:00+01:00,53.95,65.5150515114474,57.2
2018-01-28 19:00:00+01:00,59.58,68.47055299143224,60.08
2018-01-28 20:00:00+01:00,60.98,70.47457121964761,60.59
2018-01-28 21:00:00+01:00,61.99,70.92494140018793,60.61
2018-01-28 22:00:00+01:00,60.98,68.8715657970026,60.37
2018-01-28 23:00:00+01:00,58.19,65.77028581780192,59.42
2018-01-29 00:00:00+01:00,56.37,56.900614270550385,57.12
2018-01-29 01:00:00+01:00,46.18,50.337094058742466,53.01
2018-01-29 02:00:00+01:00,45.13,45.688526111454756,42.1
2018-01-29 03:00:00+01:00,45.09,43.89050497800971,39.98
2018-01-29 04:00:00+01:00,46.0,42.32909078475129,39.66
2018-01-29 05:00:00+01:00,47.95,42.67074461677109,39.66
2018-01-29 06:00:00+01:00,57.79,46.7172487153407,39.81
2018-01-29 07:00:00+01:00,59.42,51.721646372644784,39.98
2018-01-29 08:00:00+01:00,58.99,55.83956039233599,40.0
2018-01-29 09:00:00+01:00,58.99,60.63884553086898,41.6
2018-01-29 10:00:00+01:00,59.01,65.08070940703753,50.0
2018-01-29 11:00:00+01:00,58.19,65.39102387311675,51.65
2018-01-29 12:00:00+01:00,56.37,64.28691802462922,51.58
2018-01-29 13:00:00+01:00,55.39,64.78568643108706,52.88
2018-01-29 14:00:00+01:00,54.23,61.62584236081821,50.66
2018-01-29 15:00:00+01:00,54.14,57.242798630348965,43.42
2018-01-29 16:00:00+01:00,54.04,55.65817951247289,41.6
2018-01-29 17:00:00+01:00,54.14,57.59083991725906,44.01
2018-01-29 18:00:00+01:00,58.19,64.0178435513944,53.95
2018-01-29 19:00:00+01:00,59.58,66.86656139985114,59.58
2018-01-29 20:00:00+01:00,59.8,68.54138329400246,60.98
2018-01-29 21:00:00+01:00,59.25,69.02452984905533,61.99
2018-01-29 22:00:00+01:00,54.63,66.98303621514177,60.98
2018-01-29 23:00:00+01:00,54.04,63.93846160424762,58.19
2018-01-30 00:00:00+01:00,48.01,52.10509782310842,56.37
2018-01-30 01:00:00+01:00,44.1,44.9525878796938,46.18
2018-01-30 02:00:00+01:00,41.2,40.574110824068875,45.13
2018-01-30 03:00:00+01:00,41.06,38.350807361413885,45.09
2018-01-30 04:00:00+01:00,41.2,36.50736668326958,46.0
2018-01-30 05:00:00+01:00,43.6,36.447497461779726,47.95
2018-01-30 06:00:00+01:00,48.01,40.50947985982008,57.79
2018-01-30 07:00:00+01:00,55.39,44.431979376716335,59.42
2018-01-30 08:00:00+01:00,57.0,48.0522260251237,58.99
2018-01-30 09:00:00+01:00,58.58,52.50266510984177,58.99
2018-01-30 10:00:00+01:00,58.87,56.666363745701375,59.01
2018-01-30 11:00:00+01:00,58.75,56.951554654579226,58.19
2018-01-30 12:00:00+01:00,58.58,55.595773758018446,56.37
2018-01-30 13:00:00+01:00,58.39,55.71591401669615,55.39
2018-01-30 14:00:00+01:00,58.19,52.52495545256164,54.23
2018-01-30 15:00:00+01:00,57.79,48.03813598348458,54.14
2018-01-30 16:00:00+01:00,56.37,45.901951263635446,54.04
2018-01-30 17:00:00+01:00,58.19,47.19938290016033,54.14
2018-01-30 18:00:00+01:00,58.99,53.22843325858942,58.19
2018-01-30 19:00:00+01:00,60.07,55.83197505864269,59.58
2018-01-30 20:00:00+01:00,60.19,57.19811658765351,59.8
2018-01-30 21:00:00+01:00,59.69,57.40035622140975,59.25
2018-01-30 22:00:00+01:00,58.01,54.9127401892395,54.63
2018-01-30 23:00:00+01:00,55.31,51.76880093943291,54.04
2018-01-31 00:00:00+01:00,58.78,53.04911369582449,48.01
2018-01-31 01:00:00+01:00,55.39,46.501813472181155,44.1
2018-01-31 02:00:00+01:00,51.13,42.07200705153826,41.2
2018-01-31 03:00:00+01:00,48.46,39.9588039673576,41.06
2018-01-31 04:00:00+01:00,48.46,38.215800016395875,41.2
2018-01-31 05:00:00+01:00,50.82,38.339443154425936,43.6
2018-01-31 06:00:00+01:00,55.39,42.39674972201923,48.01
2018-01-31 07:00:00+01:00,58.01,46.76344252799396,55.39
2018-01-31 08:00:00+01:00,58.99,50.149060907542506,57.0
2018-01-31 09:00:00+01:00,59.26,54.66959137643493,58.58
2018-01-31 10:00:00+01:00,59.25,58.86309295778996,58.87
2018-01-31 11:00:00+01:00,58.67,59.49117553207821,58.75
2018-01-31 12:00:00+01:00,58.39,58.2929333518341,58.58
2018-01-31 13:00:00+01:00,59.0,58.244306097140196,58.39
2018-01-31 14:00:00+01:00,58.39,55.238017102352984,58.19
2018-01-31 15:00:00+01:00,58.19,50.78106023715441,57.79
2018-01-31 16:00:00+01:00,57.98,48.28803394123446,56.37
2018-01-31 17:00:00+01:00,57.07,49.47755435174313,58.19
2018-01-31 18:00:00+01:00,58.99,54.95659783250586,58.99
2018-01-31 19:00:00+01:00,60.13,57.78256953381388,60.07
2018-01-31 20:00:00+01:00,60.61,59.16079515424862,60.19
2018-01-31 21:00:00+01:00,60.37,59.367957752426015,59.69
2018-01-31 22:00:00+01:00,59.25,56.96775824022301,58.01
2018-01-31 23:00:00+01:00,58.78,53.93501552026275,55.31
2018-02-01 00:00:00+01:00,14.43,56.793471183791105,58.78
2018-02-01 01:00:00+01:00,10.26,50.120192821359254,55.39
2018-02-01 02:00:00+01:00,7.48,45.430917084520004,51.13
2018-02-01 03:00:00+01:00,4.52,43.21527988468312,48.46
2018-02-01 04:00:00+01:00,4.24,41.612982321292954,48.46
2018-02-01 05:00:00+01:00,8.36,41.70890413038944,50.82
2018-02-01 06:00:00+01:00,22.58,45.50567624423222,55.39
2018-02-01 07:00:00+01:00,41.92,49.525024158042484,58.01
2018-02-01 08:00:00+01:00,47.95,52.68870270161199,58.99
2018-02-01 09:00:00+01:00,49.9,56.92768527375073,59.26
2018-02-01 10:00:00+01:00,50.5,61.0617257927504,59.25
2018-02-01 11:00:00+01:00,49.7,61.969042854264046,58.67
2018-02-01 12:00:00+01:00,48.16,61.055507030263854,58.39
2018-02-01 13:00:00+01:00,48.02,61.1223697787911,59.0
2018-02-01 14:00:00+01:00,47.64,58.40539792075971,58.39
2018-02-01 15:00:00+01:00,46.38,54.26184824754979,58.19
2018-02-01 16:00:00+01:00,46.4,51.742979789497355,57.98
2018-02-01 17:00:00+01:00,49.71,52.65998469845391,57.07
2018-02-01 18:00:00+01:00,52.25,58.10147980685613,58.99
2018-02-01 19:00:00+01:00,53.47,61.20203496026829,60.13
2018-02-01 20:00:00+01:00,55.54,62.786660287211724,60.61
2018-02-01 21:00:00+01:00,55.02,63.16426715255985,60.37
2018-02-01 22:00:00+01:00,50.5,61.03339578055722,59.25
2018-02-01 23:00:00+01:00,39.63,58.031983493712076,58.78
2018-02-02 00:00:00+01:00,44.9,34.667387694384296,14.43
2018-02-02 01:00:00+01:00,41.6,31.165701261431042,10.26
2018-02-02 02:00:00+01:00,40.55,26.45495668341253,7.48
2018-02-02 03:00:00+01:00,39.5,23.68244690223147,4.52
2018-02-02 04:00:00+01:00,39.25,21.873432868984505,4.24
2018-02-02 05:00:00+01:00,39.5,21.850572896971677,8.36
2018-02-02 06:00:00+01:00,41.73,25.84288977389884,22.58
2018-02-02 07:00:00+01:00,54.23,29.944258463586163,41.92
2018-02-02 08:00:00+01:00,58.29,31.690641828663733,47.95
2018-02-02 09:00:00+01:00,58.59,35.00258661071254,49.9
2018-02-02 10:00:00+01:00,58.1,38.61300891301895,50.5
2018-02-02 11:00:00+01:00,54.65,39.304132385782644,49.7
2018-02-02 12:00:00+01:00,54.49,38.13623324293314,48.16
2018-02-02 13:00:00+01:00,52.04,37.88094630090958,48.02
2018-02-02 14:00:00+01:00,45.2,35.00918733030987,47.64
2018-02-02 15:00:00+01:00,44.1,30.54912511836236,46.38
2018-02-02 16:00:00+01:00,44.61,27.615922849550497,46.4
2018-02-02 17:00:00+01:00,51.37,28.124416080848846,49.71
2018-02-02 18:00:00+01:00,57.65,32.722515194834315,52.25
2018-02-02 19:00:00+01:00,60.05,35.48401035681643,53.47
2018-02-02 20:00:00+01:00,60.61,36.89857201547332,55.54
2018-02-02 21:00:00+01:00,60.17,36.801568257577316,55.02
2018-02-02 22:00:00+01:00,58.99,34.15970160190657,50.5
2018-02-02 23:00:00+01:00,58.72,31.22321681143929,39.63
2018-02-03 00:00:00+01:00,37.45,54.664337536551216,44.9
2018-02-03 01:00:00+01:00,36.68,51.485060522160396,41.6
2018-02-03 02:00:00+01:00,36.68,48.15001495697427,40.55
2018-02-03 03:00:00+01:00,37.0,46.416361682872896,39.5
2018-02-03 04:00:00+01:00,39.5,45.81958139476011,39.25
2018-02-03 05:00:00+01:00,42.82,46.838035631289316,39.5
2018-02-03 06:00:00+01:00,51.09,51.67201264029165,41.73
2018-02-03 07:00:00+01:00,57.57,57.49716577271436,54.23
2018-02-03 08:00:00+01:00,62.09,59.187945972383666,58.29
2018-02-03 09:00:00+01:00,65.0,62.196618924510126,58.59
2018-02-03 10:00:00+01:00,65.0,66.023324541678,58.1
2018-02-03 11:00:00+01:00,64.13,67.31997931983848,54.65
2018-02-03 12:00:00+01:00,63.53,67.42669321657196,54.49
2018-02-03 13:00:00+01:00,61.68,67.82092202900787,52.04
2018-02-03 14:00:00+01:00,58.07,65.69809537026677,45.2
2018-02-03 15:00:00+01:00,55.19,62.69798184217787,44.1
2018-02-03 16:00:00+01:00,50.25,60.37399999315947,44.61
2018-02-03 17:00:00+01:00,46.0,61.407108450213,51.37
2018-02-03 18:00:00+01:00,44.62,65.71043188320998,57.65
2018-02-03 19:00:00+01:00,47.73,68.34157994257914,60.05
2018-02-03 20:00:00+01:00,52.19,69.80829659698033,60.61
2018-02-03 21:00:00+01:00,52.19,69.9813636347249,60.17
2018-02-03 22:00:00+01:00,46.95,67.92012127815882,58.99
2018-02-03 23:00:00+01:00,41.18,64.79096286291288,58.72
2018-02-04 00:00:00+01:00,30.69,35.26077026660603,37.45
2018-02-04 01:00:00+01:00,25.31,33.06020905975268,36.68
2018-02-04 02:00:00+01:00,18.89,29.30092728278278,36.68
2018-02-04 03:00:00+01:00,18.89,26.75751870880007,37.0
2018-02-04 04:00:00+01:00,18.89,25.521581235708133,39.5
2018-02-04 05:00:00+01:00,20.0,25.75424597636647,42.82
2018-02-04 06:00:00+01:00,24.91,29.976268459940048,51.09
2018-02-04 07:00:00+01:00,28.89,34.86365109341334,57.57
2018-02-04 08:00:00+01:00,32.23,36.06009256966809,62.09
2018-02-04 09:00:00+01:00,33.1,38.176245210538134,65.0
2018-02-04 10:00:00+01:00,32.92,41.02569102371122,65.0
2018-02-04 11:00:00+01:00,32.52,41.87122283658386,64.13
2018-02-04 12:00:00+01:00,32.52,41.59325872391103,63.53
2018-02-04 13:00:00+01:00,30.92,41.35041616874713,61.68
2018-02-04 14:00:00+01:00,25.98,38.79088166481884,58.07
2018-02-04 15:00:00+01:00,21.82,35.46215247023888,55.19
2018-02-04 16:00:00+01:00,22.88,32.416189096538766,50.25
2018-02-04 17:00:00+01:00,24.47,32.68635809640765,46.0
2018-02-04 18:00:00+01:00,25.98,36.42475208797036,44.62
2018-02-04 19:00:00+01:00,30.69,39.10334034916224,47.73
2018-02-04 20:00:00+01:00,37.56,40.31517611380597,52.19
2018-02-04 21:00:00+01:00,41.69,39.64111753710857,52.19
2018-02-04 22:00:00+01:00,37.3,36.65989640236701,46.95
2018-02-04 23:00:00+01:00,32.36,33.40610988680654,41.18
2018-02-05 00:00:00+01:00,42.4,26.584444465366,30.69
2018-02-05 01:00:00+01:00,35.78,24.48739308006511,25.31
2018-02-05 02:00:00+01:00,33.57,20.818793036097752,18.89
2018-02-05 03:00:00+01:00,33.27,18.789577145193746,18.89
2018-02-05 04:00:00+01:00,32.4,17.48325537419725,18.89
2018-02-05 05:00:00+01:00,33.57,17.68661425086517,20.0
2018-02-05 06:00:00+01:00,44.68,21.91318489667681,24.91
2018-02-05 07:00:00+01:00,48.32,26.7180644728028,28.89
2018-02-05 08:00:00+01:00,50.23,28.401151217104264,32.23
2018-02-05 09:00:00+01:00,51.73,30.53703913561573,33.1
2018-02-05 10:00:00+01:00,49.89,33.35117691643285,32.92
2018-02-05 11:00:00+01:00,49.7,34.255423844963325,32.52
2018-02-05 12:00:00+01:00,49.79,33.870004073796366,32.52
2018-02-05 13:00:00+01:00,49.69,33.19823139263514,30.92
2018-02-05 14:00:00+01:00,49.19,30.20529262972865,25.98
2018-02-05 15:00:00+01:00,49.01,26.727116556785724,21.82
2018-02-05 16:00:00+01:00,48.48,24.070323764643433,22.88
2018-02-05 17:00:00+01:00,46.23,24.27558787951476,24.47
2018-02-05 18:00:00+01:00,47.0,27.971442698624376,25.98
2018-02-05 19:00:00+01:00,48.18,31.30626851082465,30.69
2018-02-05 20:00:00+01:00,48.23,33.23291293120064,37.56
2018-02-05 21:00:00+01:00,50.0,32.89498724280908,41.69
2018-02-05 22:00:00+01:00,48.23,29.69231879696325,37.3
2018-02-05 23:00:00+01:00,46.23,26.569115166795715,32.36
2018-02-06 00:00:00+01:00,60.69,41.85939028271245,42.4
2018-02-06 01:00:00+01:00,59.74,38.162155175765,35.78
2018-02-06 02:00:00+01:00,59.3,34.769383574330085,33.57
2018-02-06 03:00:00+01:00,58.33,32.705255278750286,33.27
2018-02-06 04:00:00+01:00,58.0,31.196501840338975,32.4
2018-02-06 05:00:00+01:00,57.07,31.387101610443004,33.57
2018-02-06 06:00:00+01:00,56.64,36.153265349788946,44.68
2018-02-06 07:00:00+01:00,56.64,40.46807461825718,48.32
2018-02-06 08:00:00+01:00,57.13,42.55548874586315,50.23
2018-02-06 09:00:00+01:00,63.61,45.16710968636559,51.73
2018-02-06 10:00:00+01:00,64.97,48.236715454408404,49.89
2018-02-06 11:00:00+01:00,64.97,49.965426897028124,49.7
2018-02-06 12:00:00+01:00,64.97,50.214984386108625,49.79
2018-02-06 13:00:00+01:00,64.97,49.999132854218786,49.69
2018-02-06 14:00:00+01:00,62.86,47.55678948634244,49.19
2018-02-06 15:00:00+01:00,58.64,44.51750878794567,49.01
2018-02-06 16:00:00+01:00,55.0,42.170392982367325,48.48
2018-02-06 17:00:00+01:00,54.54,42.468938667757534,46.23
2018-02-06 18:00:00+01:00,56.13,46.65753185880394,47.0
2018-02-06 19:00:00+01:00,61.0,50.60161381329219,48.18
2018-02-06 20:00:00+01:00,64.29,53.0725303803255,48.23
2018-02-06 21:00:00+01:00,66.0,53.54502736159385,50.0
2018-02-06 22:00:00+01:00,66.0,50.706364387955304,48.23
2018-02-06 23:00:00+01:00,65.71,47.5641881435778,46.23
2018-02-07 00:00:00+01:00,58.69,62.93902657804963,60.69
2018-02-07 01:00:00+01:00,54.41,58.42454599046177,59.74
2018-02-07 02:00:00+01:00,52.09,55.64223658318214,59.3
2018-02-07 03:00:00+01:00,52.08,54.19213130698802,58.33
2018-02-07 04:00:00+01:00,52.09,53.48870590609863,58.0
2018-02-07 05:00:00+01:00,54.41,54.23886224717623,57.07
2018-02-07 06:00:00+01:00,59.16,59.331029899943,56.64
2018-02-07 07:00:00+01:00,59.41,64.18759034286145,56.64
2018-02-07 08:00:00+01:00,62.16,66.75065418578878,57.13
2018-02-07 09:00:00+01:00,63.17,69.82596373127721,63.61
2018-02-07 10:00:00+01:00,63.97,72.3685727131653,64.97
2018-02-07 11:00:00+01:00,63.95,74.28868485692085,64.97
2018-02-07 12:00:00+01:00,64.97,75.18329875899332,64.97
2018-02-07 13:00:00+01:00,64.97,75.6234758383258,64.97
2018-02-07 14:00:00+01:00,63.8,73.88060184760774,62.86
2018-02-07 15:00:00+01:00,63.17,71.38133161451233,58.64
2018-02-07 16:00:00+01:00,62.64,69.45957343190766,55.0
2018-02-07 17:00:00+01:00,62.64,69.92256417951512,54.54
2018-02-07 18:00:00+01:00,62.47,73.83162598182908,56.13
2018-02-07 19:00:00+01:00,62.47,77.98167984918064,61.0
2018-02-07 20:00:00+01:00,62.8,80.36816974093718,64.29
2018-02-07 21:00:00+01:00,63.9,80.7951195856867,66.0
2018-02-07 22:00:00+01:00,63.0,78.07350481057814,66.0
2018-02-07 23:00:00+01:00,62.41,74.9100768547218,65.71
2018-02-08 00:00:00+01:00,60.71,58.673599793274235,58.69
2018-02-08 01:00:00+01:00,58.4,54.064712152283406,54.41
2018-02-08 02:00:00+01:00,54.9,50.63774908359283,52.09
2018-02-08 03:00:00+01:00,53.2,48.52012226504951,52.08
2018-02-08 04:00:00+01:00,52.93,46.99100324111606,52.09
2018-02-08 05:00:00+01:00,53.2,47.10057724480751,54.41
2018-02-08 06:00:00+01:00,58.07,51.40430347143372,59.16
2018-02-08 07:00:00+01:00,62.21,55.43744289924603,59.41
2018-02-08 08:00:00+01:00,64.66,58.18967926129945,62.16
2018-02-08 09:00:00+01:00,65.7,61.173738212466915,63.17
2018-02-08 10:00:00+01:00,65.7,63.8832578796448,63.97
2018-02-08 11:00:00+01:00,66.66,65.68425515514389,63.95
2018-02-08 12:00:00+01:00,68.02,66.38613523841177,64.97
2018-02-08 13:00:00+01:00,68.89,66.30986544808694,64.97
2018-02-08 14:00:00+01:00,68.86,64.05532668189856,63.8
2018-02-08 15:00:00+01:00,68.5,61.048458702050766,63.17
2018-02-08 16:00:00+01:00,68.48,58.61409345903721,62.64
2018-02-08 17:00:00+01:00,68.5,58.68770711324062,62.64
2018-02-08 18:00:00+01:00,67.98,62.25870427395068,62.47
2018-02-08 19:00:00+01:00,69.41,66.33839806383811,62.47
2018-02-08 20:00:00+01:00,68.0,68.88306144192319,62.8
2018-02-08 21:00:00+01:00,69.81,69.52100057526296,63.9
2018-02-08 22:00:00+01:00,69.3,66.82716404613541,63.0
2018-02-08 23:00:00+01:00,66.66,63.50906084668877,62.41
2018-02-09 00:00:00+01:00,65.8,63.12332710362691,60.71
2018-02-09 01:00:00+01:00,60.91,58.73763031108574,58.4
2018-02-09 02:00:00+01:00,59.28,55.503282411541264,54.9
2018-02-09 03:00:00+01:00,59.28,53.88756359380443,53.2
2018-02-09 04:00:00+01:00,58.95,52.92932942145356,52.93
2018-02-09 05:00:00+01:00,59.28,53.38604312242934,53.2
2018-02-09 06:00:00+01:00,59.28,58.06778672349793,58.07
2018-02-09 07:00:00+01:00,59.28,62.217741357098824,62.21
2018-02-09 08:00:00+01:00,59.28,64.88970815413651,64.66
2018-02-09 09:00:00+01:00,61.69,67.40468228407863,65.7
2018-02-09 10:00:00+01:00,61.69,69.6154270744092,65.7
2018-02-09 11:00:00+01:00,63.5,71.39551847414161,66.66
2018-02-09 12:00:00+01:00,64.78,72.34138009833958,68.02
2018-02-09 13:00:00+01:00,65.8,72.50847712675647,68.89
2018-02-09 14:00:00+01:00,65.8,70.68932592489296,68.86
2018-02-09 15:00:00+01:00,63.96,68.08601299044965,68.5
2018-02-09 16:00:00+01:00,65.01,65.84580196798757,68.48
2018-02-09 17:00:00+01:00,65.8,65.64350266141676,68.5
2018-02-09 18:00:00+01:00,63.5,68.5465685164262,67.98
2018-02-09 19:00:00+01:00,67.72,72.47745919531711,69.41
2018-02-09 20:00:00+01:00,70.67,74.68623871167391,68.0
2018-02-09 21:00:00+01:00,73.07,75.58715753710433,69.81
2018-02-09 22:00:00+01:00,72.3,72.86940900413006,69.3
2018-02-09 23:00:00+01:00,71.39,69.52841176762618,66.66
2018-02-10 00:00:00+01:00,59.14,68.01232190404872,65.8
2018-02-10 01:00:00+01:00,56.97,63.36569285145817,60.91
2018-02-10 02:00:00+01:00,51.41,60.02656880979777,59.28
2018-02-10 03:00:00+01:00,48.55,58.04438627014439,59.28
2018-02-10 04:00:00+01:00,48.29,56.576938433077764,58.95
2018-02-10 05:00:00+01:00,50.64,56.57849911599373,59.28
2018-02-10 06:00:00+01:00,58.18,60.558680948810874,59.28
2018-02-10 07:00:00+01:00,73.43,64.609856307088,59.28
2018-02-10 08:00:00+01:00,74.26,67.50688962199565,59.28
2018-02-10 09:00:00+01:00,75.49,70.63680142934994,61.69
2018-02-10 10:00:00+01:00,73.7,73.17609655366135,61.69
2018-02-10 11:00:00+01:00,70.47,75.36937704265132,63.5
2018-02-10 12:00:00+01:00,71.5,76.30087005883838,64.78
2018-02-10 13:00:00+01:00,69.93,76.34192194470974,65.8
2018-02-10 14:00:00+01:00,65.99,74.3322040490673,65.8
2018-02-10 15:00:00+01:00,65.1,71.35961640949989,63.96
2018-02-10 16:00:00+01:00,65.01,69.22285830542067,65.01
2018-02-10 17:00:00+01:00,67.13,69.06546869055964,65.8
2018-02-10 18:00:00+01:00,73.94,71.94636107026693,63.5
2018-02-10 19:00:00+01:00,78.76,76.8081391270255,67.72
2018-02-10 20:00:00+01:00,80.0,79.61877745884186,70.67
2018-02-10 21:00:00+01:00,75.21,81.03979875353599,73.07
2018-02-10 22:00:00+01:00,69.95,78.7774759536585,72.3
2018-02-10 23:00:00+01:00,65.1,75.63750149159283,71.39
2018-02-11 00:00:00+01:00,56.86,60.89598250367066,59.14
2018-02-11 01:00:00+01:00,54.24,56.79853983967064,56.97
2018-02-11 02:00:00+01:00,49.55,52.79876861782805,51.41
2018-02-11 03:00:00+01:00,48.9,50.54566845578324,48.55
2018-02-11 04:00:00+01:00,48.1,48.909912326043234,48.29
2018-02-11 05:00:00+01:00,51.15,48.66761821028881,50.64
2018-02-11 06:00:00+01:00,60.18,52.39751009414454,58.18
2018-02-11 07:00:00+01:00,67.2,56.738055814340306,73.43
2018-02-11 08:00:00+01:00,68.4,58.18997057369092,74.26
2018-02-11 09:00:00+01:00,70.07,60.86168798582263,75.49
2018-02-11 10:00:00+01:00,70.71,62.83524450431544,73.7
2018-02-11 11:00:00+01:00,69.8,64.57176103840112,70.47
2018-02-11 12:00:00+01:00,68.4,65.62231110035445,71.5
2018-02-11 13:00:00+01:00,67.2,65.21583640447177,69.93
2018-02-11 14:00:00+01:00,64.2,62.81731150148906,65.99
2018-02-11 15:00:00+01:00,65.82,59.83028974534156,65.1
2018-02-11 16:00:00+01:00,65.85,57.36473096022607,65.01
2018-02-11 17:00:00+01:00,67.64,56.865421319459315,67.13
2018-02-11 18:00:00+01:00,70.69,59.52264866954455,73.94
2018-02-11 19:00:00+01:00,72.5,63.69271123770286,78.76
2018-02-11 20:00:00+01:00,71.42,65.97925870096158,80.0
2018-02-11 21:00:00+01:00,67.23,66.63731557449256,75.21
2018-02-11 22:00:00+01:00,67.89,64.2657314035846,69.95
2018-02-11 23:00:00+01:00,67.16,61.27035159113311,65.1
2018-02-12 00:00:00+01:00,55.79,62.38183891019137,56.86
2018-02-12 01:00:00+01:00,48.57,58.85283370949276,54.24
2018-02-12 02:00:00+01:00,46.65,54.85009935400775,49.55
2018-02-12 03:00:00+01:00,45.65,52.92085850027359,48.9
2018-02-12 04:00:00+01:00,45.15,51.384079815666695,48.1
2018-02-12 05:00:00+01:00,45.65,51.49379493568364,51.15
2018-02-12 06:00:00+01:00,46.14,55.558819882388775,60.18
2018-02-12 07:00:00+01:00,46.65,59.83240528638955,67.2
2018-02-12 08:00:00+01:00,47.0,61.15099057064235,68.4
2018-02-12 09:00:00+01:00,49.68,63.871507762089585,70.07
2018-02-12 10:00:00+01:00,55.79,65.945570695942,70.71
2018-02-12 11:00:00+01:00,58.46,67.69857709061733,69.8
2018-02-12 12:00:00+01:00,58.46,68.87981059954379,68.4
2018-02-12 13:00:00+01:00,63.17,68.73118467088284,67.2
2018-02-12 14:00:00+01:00,62.01,66.46692735606432,64.2
2018-02-12 15:00:00+01:00,57.27,64.01719002560006,65.82
2018-02-12 16:00:00+01:00,57.0,61.491513394060085,65.85
2018-02-12 17:00:00+01:00,62.31,61.02955940582059,67.64
2018-02-12 18:00:00+01:00,66.92,63.59209702309379,70.69
2018-02-12 19:00:00+01:00,67.2,67.58824602365732,72.5
2018-02-12 20:00:00+01:00,67.67,69.8529801507169,71.42
2018-02-12 21:00:00+01:00,67.53,70.47517382440283,67.23
2018-02-12 22:00:00+01:00,67.09,68.87065799847139,67.89
2018-02-12 23:00:00+01:00,62.76,65.59619490053417,67.16
2018-02-13 00:00:00+01:00,60.05,57.48442232534539,55.79
2018-02-13 01:00:00+01:00,48.4,54.121048578392674,48.57
2018-02-13 02:00:00+01:00,44.32,50.656500579826854,46.65
2018-02-13 03:00:00+01:00,42.79,48.7367230900488,45.65
2018-02-13 04:00:00+01:00,41.71,47.28420924225628,45.15
2018-02-13 05:00:00+01:00,41.71,47.437384089098614,45.65
2018-02-13 06:00:00+01:00,43.99,51.26160168168357,46.14
2018-02-13 07:00:00+01:00,56.81,55.596711932944,46.65
2018-02-13 08:00:00+01:00,60.69,57.234374334675444,47.0
2018-02-13 09:00:00+01:00,61.28,60.12470605224181,49.68
2018-02-13 10:00:00+01:00,60.05,62.6217622624154,55.79
2018-02-13 11:00:00+01:00,52.8,64.25623149426667,58.46
2018-02-13 12:00:00+01:00,49.62,65.42549680501017,58.46
2018-02-13 13:00:00+01:00,49.3,65.99919192878625,63.17
2018-02-13 14:00:00+01:00,45.56,63.67548127962887,62.01
2018-02-13 15:00:00+01:00,43.99,61.10439404756995,57.27
2018-02-13 16:00:00+01:00,45.36,59.0725359649154,57.0
2018-02-13 17:00:00+01:00,49.85,58.97549699763196,62.31
2018-02-13 18:00:00+01:00,54.38,61.159978957232894,66.92
2018-02-13 19:00:00+01:00,60.61,64.50387226804108,67.2
2018-02-13 20:00:00+01:00,61.92,66.74646696002524,67.67
2018-02-13 21:00:00+01:00,61.48,67.32676145675558,67.53
2018-02-13 22:00:00+01:00,58.19,65.77052798135247,67.09
2018-02-13 23:00:00+01:00,47.06,62.50036471495383,62.76
2018-02-14 00:00:00+01:00,41.85,42.496266820672126,60.05
2018-02-14 01:00:00+01:00,39.89,37.96892618483578,48.4
2018-02-14 02:00:00+01:00,38.85,35.07714792865414,44.32
2018-02-14 03:00:00+01:00,35.75,33.37967786423108,42.79
2018-02-14 04:00:00+01:00,35.91,32.029446905150735,41.71
2018-02-14 05:00:00+01:00,37.17,32.19625302061809,41.71
2018-02-14 06:00:00+01:00,42.82,35.84900653955173,43.99
2018-02-14 07:00:00+01:00,49.47,40.94594713883937,56.81
2018-02-14 08:00:00+01:00,58.8,41.71548325427348,60.69
2018-02-14 09:00:00+01:00,57.19,43.53921371115477,61.28
2018-02-14 10:00:00+01:00,56.96,45.12624733439132,60.05
2018-02-14 11:00:00+01:00,50.81,45.596101051612465,52.8
2018-02-14 12:00:00+01:00,48.41,46.69398962251739,49.62
2018-02-14 13:00:00+01:00,47.48,47.3696295982373,49.3
2018-02-14 14:00:00+01:00,45.99,44.84980823167476,45.56
2018-02-14 15:00:00+01:00,45.0,42.40497375621318,43.99
2018-02-14 16:00:00+01:00,45.99,40.491098968051446,45.36
2018-02-14 17:00:00+01:00,45.75,40.22065170139373,49.85
2018-02-14 18:00:00+01:00,52.08,41.637324034576785,54.38
2018-02-14 19:00:00+01:00,60.54,44.37238953971606,60.61
2018-02-14 20:00:00+01:00,61.87,45.67124231735735,61.92
2018-02-14 21:00:00+01:00,61.11,45.65498845714278,61.48
2018-02-14 22:00:00+01:00,57.19,43.595176855384445,58.19
2018-02-14 23:00:00+01:00,44.93,39.990871496401695,47.06
2018-02-15 00:00:00+01:00,42.3,41.239382201677735,41.85
2018-02-15 01:00:00+01:00,41.7,37.151941041421566,39.89
2018-02-15 02:00:00+01:00,39.88,34.39200657944816,38.85
2018-02-15 03:00:00+01:00,39.6,32.57084399228849,35.75
2018-02-15 04:00:00+01:00,39.88,31.651717676102734,35.91
2018-02-15 05:00:00+01:00,41.7,32.003610070419086,37.17
2018-02-15 06:00:00+01:00,43.98,35.930157849138965,42.82
2018-02-15 07:00:00+01:00,53.99,41.17423263254323,49.47
2018-02-15 08:00:00+01:00,58.3,42.74830943015808,58.8
2018-02-15 09:00:00+01:00,59.68,43.66580636299433,57.19
2018-02-15 10:00:00+01:00,59.83,45.40533003826938,56.96
2018-02-15 11:00:00+01:00,59.68,45.535710481545806,50.81
2018-02-15 12:00:00+01:00,59.01,46.95307669829242,48.41
2018-02-15 13:00:00+01:00,59.94,47.88262115425758,47.48
2018-02-15 14:00:00+01:00,59.68,45.652342205935796,45.99
2018-02-15 15:00:00+01:00,59.94,43.27543568196063,45.0
2018-02-15 16:00:00+01:00,60.18,41.48746510887791,45.99
2018-02-15 17:00:00+01:00,60.53,40.946248957233,45.75
2018-02-15 18:00:00+01:00,61.28,42.772395943709235,52.08
2018-02-15 19:00:00+01:00,63.7,45.62082261768563,60.54
2018-02-15 20:00:00+01:00,65.03,46.41128959267162,61.87
2018-02-15 21:00:00+01:00,64.63,46.30134208273766,61.11
2018-02-15 22:00:00+01:00,61.9,44.19202128694933,57.19
2018-02-15 23:00:00+01:00,60.19,40.184870074350826,44.93
2018-02-16 00:00:00+01:00,60.69,56.649214507408686,42.3
2018-02-16 01:00:00+01:00,60.0,53.14062780684263,41.7
2018-02-16 02:00:00+01:00,56.91,50.24676836025584,39.88
2018-02-16 03:00:00+01:00,52.8,48.372446272107844,39.6
2018-02-16 04:00:00+01:00,51.14,47.22744960957516,39.88
2018-02-16 05:00:00+01:00,54.87,47.4005164757143,41.7
2018-02-16 06:00:00+01:00,60.38,50.950334481712275,43.98
2018-02-16 07:00:00+01:00,61.4,56.660451620272845,53.99
2018-02-16 08:00:00+01:00,62.19,58.327600168794376,58.3
2018-02-16 09:00:00+01:00,62.28,59.63610070933304,59.68
2018-02-16 10:00:00+01:00,62.09,61.90842541117082,59.83
2018-02-16 11:00:00+01:00,61.39,62.88885546104183,59.68
2018-02-16 12:00:00+01:00,60.75,64.60676649382037,59.01
2018-02-16 13:00:00+01:00,60.69,65.93237152483994,59.94
2018-02-16 14:00:00+01:00,60.21,64.06158879991467,59.68
2018-02-16 15:00:00+01:00,59.01,61.87486552272256,59.94
2018-02-16 16:00:00+01:00,60.01,60.22252187043099,60.18
2018-02-16 17:00:00+01:00,60.05,60.04237165794154,60.53
2018-02-16 18:00:00+01:00,60.69,62.49120827827044,61.28
2018-02-16 19:00:00+01:00,62.55,66.3315585461229,63.7
2018-02-16 20:00:00+01:00,62.61,68.22262297188294,65.03
2018-02-16 21:00:00+01:00,62.59,68.98591055941698,64.63
2018-02-16 22:00:00+01:00,61.65,67.6266599428536,61.9
2018-02-16 23:00:00+01:00,61.87,63.71455815653592,60.19
2018-02-17 00:00:00+01:00,61.57,58.00228295727841,60.69
2018-02-17 01:00:00+01:00,60.69,54.19143385633294,60.0
2018-02-17 02:00:00+01:00,58.01,50.82998652693939,56.91
2018-02-17 03:00:00+01:00,51.13,48.58906131838412,52.8
2018-02-17 04:00:00+01:00,46.96,47.44566836128334,51.14
2018-02-17 05:00:00+01:00,44.34,47.88066075006954,54.87
2018-02-17 06:00:00+01:00,43.84,51.24188182590339,60.38
2018-02-17 07:00:00+01:00,44.43,56.317720125349794,61.4
2018-02-17 08:00:00+01:00,44.43,58.217104586417655,62.19
2018-02-17 09:00:00+01:00,50.0,59.485584734154784,62.28
2018-02-17 10:00:00+01:00,59.01,61.6322837235834,62.09
2018-02-17 11:00:00+01:00,50.26,62.68120163465149,61.39
2018-02-17 12:00:00+01:00,46.95,64.40641816101535,60.75
2018-02-17 13:00:00+01:00,46.96,65.89935763372348,60.69
2018-02-17 14:00:00+01:00,45.0,64.36207854658745,60.21
2018-02-17 15:00:00+01:00,44.14,62.234280531291844,59.01
2018-02-17 16:00:00+01:00,43.07,60.754725314393454,60.01
2018-02-17 17:00:00+01:00,44.99,60.34746552518174,60.05
2018-02-17 18:00:00+01:00,49.77,62.503486694633914,60.69
2018-02-17 19:00:00+01:00,57.01,66.16661570476602,62.55
2018-02-17 20:00:00+01:00,60.38,67.88506609337097,62.61
2018-02-17 21:00:00+01:00,60.05,68.5293554546269,62.59
2018-02-17 22:00:00+01:00,55.01,67.055980861987,61.65
2018-02-17 23:00:00+01:00,54.34,63.02196588585838,61.87
2018-02-18 00:00:00+01:00,55.09,50.45246068181735,61.57
2018-02-18 01:00:00+01:00,47.42,46.66951200869132,60.69
2018-02-18 02:00:00+01:00,44.43,43.348294191194064,58.01
2018-02-18 03:00:00+01:00,43.31,40.996761717478364,51.13
2018-02-18 04:00:00+01:00,42.99,40.476345311043346,46.96
2018-02-18 05:00:00+01:00,43.14,41.473132891973634,44.34
2018-02-18 06:00:00+01:00,43.31,45.18232353090593,43.84
2018-02-18 07:00:00+01:00,44.09,50.53220543206925,44.43
2018-02-18 08:00:00+01:00,44.09,52.782453579455606,44.43
2018-02-18 09:00:00+01:00,47.42,54.38398305268812,50.0
2018-02-18 10:00:00+01:00,51.23,56.354746123739716,59.01
2018-02-18 11:00:00+01:00,55.01,55.364913126225986,50.26
2018-02-18 12:00:00+01:00,51.5,57.0411683973349,46.95
2018-02-18 13:00:00+01:00,56.01,58.79500071564854,46.96
2018-02-18 14:00:00+01:00,52.15,57.3931350366185,45.0
2018-02-18 15:00:00+01:00,47.42,55.4787505353231,44.14
2018-02-18 16:00:00+01:00,45.01,53.96020391927889,43.07
2018-02-18 17:00:00+01:00,47.42,53.533909624583,44.99
2018-02-18 18:00:00+01:00,56.01,55.281445249113766,49.77
2018-02-18 19:00:00+01:00,61.11,58.47363108621007,57.01
2018-02-18 20:00:00+01:00,61.96,59.43353577991355,60.38
2018-02-18 21:00:00+01:00,62.19,59.30466361439938,60.05
2018-02-18 22:00:00+01:00,61.89,57.20775330783683,55.01
2018-02-18 23:00:00+01:00,60.45,53.60560382072545,54.34
2018-02-19 00:00:00+01:00,58.58,57.23796142697816,55.09
2018-02-19 01:00:00+01:00,49.06,53.00451836623169,47.42
2018-02-19 02:00:00+01:00,45.59,50.02833948862623,44.43
2018-02-19 03:00:00+01:00,45.4,47.71774503998164,43.31
2018-02-19 04:00:00+01:00,45.4,46.891773774722296,42.99
2018-02-19 05:00:00+01:00,45.59,47.54017358623818,43.14
2018-02-19 06:00:00+01:00,53.0,50.91038275003106,43.31
2018-02-19 07:00:00+01:00,59.89,56.137080608760684,44.09
2018-02-19 08:00:00+01:00,61.28,58.75836410906198,44.09
2018-02-19 09:00:00+01:00,61.63,61.24670568360081,47.42
2018-02-19 10:00:00+01:00,61.28,63.98044202073452,51.23
2018-02-19 11:00:00+01:00,60.84,64.0902475139587,55.01
2018-02-19 12:00:00+01:00,60.39,65.40590718757852,51.5
2018-02-19 13:00:00+01:00,60.69,67.86826287286841,56.01
2018-02-19 14:00:00+01:00,60.05,66.03652717665723,52.15
2018-02-19 15:00:00+01:00,59.08,63.9194815792077,47.42
2018-02-19 16:00:00+01:00,57.0,62.457496486864265,45.01
2018-02-19 17:00:00+01:00,59.92,62.49556878026259,47.42
2018-02-19 18:00:00+01:00,62.28,65.08197085143462,56.01
2018-02-19 19:00:00+01:00,62.04,68.52497268935669,61.11
2018-02-19 20:00:00+01:00,60.88,70.0122849472038,61.96
2018-02-19 21:00:00+01:00,60.38,70.62425948382803,62.19
2018-02-19 22:00:00+01:00,56.54,69.25634089761049,61.89
2018-02-19 23:00:00+01:00,51.4,66.27584569875953,60.45
2018-02-20 00:00:00+01:00,50.68,48.12931620179911,58.58
2018-02-20 01:00:00+01:00,46.95,42.86941953929923,49.06
2018-02-20 02:00:00+01:00,42.43,39.774535342785455,45.59
2018-02-20 03:00:00+01:00,42.41,37.22585954624259,45.4
2018-02-20 04:00:00+01:00,42.21,35.78836069830222,45.4
2018-02-20 05:00:00+01:00,42.41,35.76077280925489,45.59
2018-02-20 06:00:00+01:00,47.19,38.90551079632334,53.0
2018-02-20 07:00:00+01:00,60.05,43.33972390426531,59.89
2018-02-20 08:00:00+01:00,61.92,45.04932742030626,61.28
2018-02-20 09:00:00+01:00,61.85,46.77015309989698,61.63
2018-02-20 10:00:00+01:00,59.89,48.75506072134237,61.28
2018-02-20 11:00:00+01:00,56.1,48.43743050130853,60.84
2018-02-20 12:00:00+01:00,53.38,49.09557161570377,60.39
2018-02-20 13:00:00+01:00,51.67,51.01731091803327,60.69
2018-02-20 14:00:00+01:00,50.7,49.00848537467887,60.05
2018-02-20 15:00:00+01:00,49.87,46.484350316268056,59.08
2018-02-20 16:00:00+01:00,50.25,44.457295158634814,57.0
2018-02-20 17:00:00+01:00,53.51,44.35702836577735,59.92
2018-02-20 18:00:00+01:00,60.05,46.2629043731287,62.28
2018-02-20 19:00:00+01:00,59.62,48.93506697808136,62.04
2018-02-20 20:00:00+01:00,59.89,50.03340408107587,60.88
2018-02-20 21:00:00+01:00,57.65,50.34400429664535,60.38
2018-02-20 22:00:00+01:00,50.0,48.439756780047865,56.54
2018-02-20 23:00:00+01:00,44.22,45.35184036031759,51.4
2018-02-21 00:00:00+01:00,42.4,41.2210477898539,50.68
2018-02-21 01:00:00+01:00,39.15,35.63912388537386,46.95
2018-02-21 02:00:00+01:00,38.65,32.281928485616405,42.43
2018-02-21 03:00:00+01:00,37.86,30.237036573782817,42.41
2018-02-21 04:00:00+01:00,37.33,29.010998064098946,42.21
2018-02-21 05:00:00+01:00,39.06,29.229648830743947,42.41
2018-02-21 06:00:00+01:00,45.65,32.792784695162894,47.19
2018-02-21 07:00:00+01:00,59.13,38.07969095087106,60.05
2018-02-21 08:00:00+01:00,60.69,39.16427599400133,61.92
2018-02-21 09:00:00+01:00,60.49,40.45004528397396,61.85
2018-02-21 10:00:00+01:00,55.51,41.82814404887086,59.89
2018-02-21 11:00:00+01:00,49.71,41.0433084411051,56.1
2018-02-21 12:00:00+01:00,47.65,41.39596699272394,53.38
2018-02-21 13:00:00+01:00,46.06,43.35624520305849,51.67
2018-02-21 14:00:00+01:00,44.4,41.99400735642659,50.7
2018-02-21 15:00:00+01:00,44.97,39.87470605844479,49.87
2018-02-21 16:00:00+01:00,47.41,38.20814914114407,50.25
2018-02-21 17:00:00+01:00,55.43,38.346441930244914,53.51
2018-02-21 18:00:00+01:00,58.93,40.19215657040583,60.05
2018-02-21 19:00:00+01:00,60.36,41.70752044311412,59.62
2018-02-21 20:00:00+01:00,60.29,42.385024758174985,59.89
2018-02-21 21:00:00+01:00,60.03,42.00739241648367,57.65
2018-02-21 22:00:00+01:00,55.01,39.319438291797525,50.0
2018-02-21 23:00:00+01:00,47.92,36.219289076389174,44.22
2018-02-22 00:00:00+01:00,46.01,45.62655449391933,42.4
2018-02-22 01:00:00+01:00,43.69,40.398929066143104,39.15
2018-02-22 02:00:00+01:00,42.87,37.133577556250515,38.65
2018-02-22 03:00:00+01:00,42.8,34.82821182753013,37.86
2018-02-22 04:00:00+01:00,42.7,33.343279508433255,37.33
2018-02-22 05:00:00+01:00,42.85,33.41204275846067,39.06
2018-02-22 06:00:00+01:00,49.93,36.96151210607804,45.65
2018-02-22 07:00:00+01:00,59.19,42.613519619162304,59.13
2018-02-22 08:00:00+01:00,60.97,43.243364966294195,60.69
2018-02-22 09:00:00+01:00,60.07,44.71336206495311,60.49
2018-02-22 10:00:00+01:00,58.69,46.29108796078949,55.51
2018-02-22 11:00:00+01:00,58.69,46.30186913470132,49.71
2018-02-22 12:00:00+01:00,56.3,47.40704097413541,47.65
2018-02-22 13:00:00+01:00,53.9,49.38289301279577,46.06
2018-02-22 14:00:00+01:00,49.93,48.10754472919597,44.4
2018-02-22 15:00:00+01:00,47.65,45.95483754209787,44.97
2018-02-22 16:00:00+01:00,49.8,44.08440846474238,47.41
2018-02-22 17:00:00+01:00,56.34,44.305411920441664,55.43
2018-02-22 18:00:00+01:00,59.98,45.7104852799235,58.93
2018-02-22 19:00:00+01:00,61.61,47.42939311242007,60.36
2018-02-22 20:00:00+01:00,61.54,48.51226351343944,60.29
2018-02-22 21:00:00+01:00,61.48,48.69970445582861,60.03
2018-02-22 22:00:00+01:00,59.19,46.266610391090765,55.01
2018-02-22 23:00:00+01:00,56.01,43.46698526824798,47.92
2018-02-23 00:00:00+01:00,49.8,54.05129189419658,46.01
2018-02-23 01:00:00+01:00,47.11,49.351198940367674,43.69
2018-02-23 02:00:00+01:00,45.9,46.33018277616535,42.87
2018-02-23 03:00:00+01:00,44.79,44.21769401285153,42.8
2018-02-23 04:00:00+01:00,44.79,42.8210049945253,42.7
2018-02-23 05:00:00+01:00,45.94,42.88786890164136,42.85
2018-02-23 06:00:00+01:00,52.25,46.79320215637492,49.93
2018-02-23 07:00:00+01:00,61.62,52.51904310641237,59.19
2018-02-23 08:00:00+01:00,63.03,52.94668000183997,60.97
2018-02-23 09:00:00+01:00,61.88,54.09637270004733,60.07
2018-02-23 10:00:00+01:00,61.6,55.61308091167597,58.69
2018-02-23 11:00:00+01:00,60.96,55.93157418075049,58.69
2018-02-23 12:00:00+01:00,61.25,56.89396551263422,56.3
2018-02-23 13:00:00+01:00,61.45,58.98309189999963,53.9
2018-02-23 14:00:00+01:00,61.12,58.135059345645615,49.93
2018-02-23 15:00:00+01:00,60.96,56.565350941068814,47.65
2018-02-23 16:00:00+01:00,61.03,55.459013183592,49.8
2018-02-23 17:00:00+01:00,60.74,56.319145780614775,56.34
2018-02-23 18:00:00+01:00,61.87,57.80252760567597,59.98
2018-02-23 19:00:00+01:00,63.79,59.69930938451026,61.61
2018-02-23 20:00:00+01:00,63.85,61.093432568190075,61.54
2018-02-23 21:00:00+01:00,63.8,61.7766700830384,61.48
2018-02-23 22:00:00+01:00,62.01,59.80133195182502,59.19
2018-02-23 23:00:00+01:00,62.01,57.0479829369661,56.01
2018-02-24 00:00:00+01:00,61.34,59.39595162642329,49.8
2018-02-24 01:00:00+01:00,60.21,55.26709349598792,47.11
2018-02-24 02:00:00+01:00,58.1,52.37974926855657,45.9
2018-02-24 03:00:00+01:00,55.35,50.33070739497784,44.79
2018-02-24 04:00:00+01:00,53.86,49.12819646722041,44.79
2018-02-24 05:00:00+01:00,53.58,49.377490492249116,45.94
2018-02-24 06:00:00+01:00,55.0,53.632758812230605,52.25
2018-02-24 07:00:00+01:00,58.0,59.73916500594814,61.62
2018-02-24 08:00:00+01:00,55.01,60.25053616698468,63.03
2018-02-24 09:00:00+01:00,60.25,61.41826497914064,61.88
2018-02-24 10:00:00+01:00,60.85,63.26717628569866,61.6
2018-02-24 11:00:00+01:00,61.48,63.945188082356566,60.96
2018-02-24 12:00:00+01:00,61.34,65.16617566316492,61.25
2018-02-24 13:00:00+01:00,61.05,67.30355869741616,61.45
2018-02-24 14:00:00+01:00,60.85,66.72768657163701,61.12
2018-02-24 15:00:00+01:00,59.83,65.27605047267737,60.96
2018-02-24 16:00:00+01:00,58.68,64.1432997464267,61.03
2018-02-24 17:00:00+01:00,59.01,64.77224345785955,60.74
2018-02-24 18:00:00+01:00,60.65,66.2862584265742,61.87
2018-02-24 19:00:00+01:00,62.11,68.21555277347227,63.79
2018-02-24 20:00:00+01:00,62.94,69.49254716339183,63.85
2018-02-24 21:00:00+01:00,62.58,70.21077846737558,63.8
2018-02-24 22:00:00+01:00,62.09,68.32059412163305,62.01
2018-02-24 23:00:00+01:00,62.11,65.52405669915423,62.01
2018-02-25 00:00:00+01:00,62.28,59.170416988751626,61.34
2018-02-25 01:00:00+01:00,60.96,55.0337442726139,60.21
2018-02-25 02:00:00+01:00,59.0,51.94517238358081,58.1
2018-02-25 03:00:00+01:00,55.01,49.87798147423764,55.35
2018-02-25 04:00:00+01:00,54.1,48.94815624173888,53.86
2018-02-25 05:00:00+01:00,52.41,49.47891077295131,53.58
2018-02-25 06:00:00+01:00,51.26,53.837920086214865,55.0
2018-02-25 07:00:00+01:00,55.11,60.18183938854398,58.0
2018-02-25 08:00:00+01:00,54.1,60.62679459796866,55.01
2018-02-25 09:00:00+01:00,59.95,62.189990715692716,60.25
2018-02-25 10:00:00+01:00,60.45,63.11266957238591,60.85
2018-02-25 11:00:00+01:00,60.6,63.294501642070955,61.48
2018-02-25 12:00:00+01:00,60.21,63.95489564927873,61.34
2018-02-25 13:00:00+01:00,60.43,65.86979068821333,61.05
2018-02-25 14:00:00+01:00,60.0,65.78116605709138,60.85
2018-02-25 15:00:00+01:00,57.01,64.77835899258915,59.83
2018-02-25 16:00:00+01:00,51.26,64.07196677120062,58.68
2018-02-25 17:00:00+01:00,51.64,65.04102015073397,59.01
2018-02-25 18:00:00+01:00,59.08,66.61261740378181,60.65
2018-02-25 19:00:00+01:00,62.83,68.16984596103724,62.11
2018-02-25 20:00:00+01:00,62.94,68.98303298196022,62.94
2018-02-25 21:00:00+01:00,62.94,69.1778613551469,62.58
2018-02-25 22:00:00+01:00,61.87,67.06781428987465,62.09
2018-02-25 23:00:00+01:00,55.69,64.03220136815935,62.11
2018-02-26 00:00:00+01:00,50.64,53.44551390806606,62.28
2018-02-26 01:00:00+01:00,47.0,49.14211215576387,60.96
2018-02-26 02:00:00+01:00,46.27,45.62143297579847,59.0
2018-02-26 03:00:00+01:00,44.07,42.83076947582762,55.01
2018-02-26 04:00:00+01:00,44.61,41.44517982464076,54.1
2018-02-26 05:00:00+01:00,46.44,41.121522519223284,52.41
2018-02-26 06:00:00+01:00,53.97,44.47371840060822,51.26
2018-02-26 07:00:00+01:00,62.44,50.339479935917254,55.11
2018-02-26 08:00:00+01:00,64.97,50.439045387163276,54.1
2018-02-26 09:00:00+01:00,65.62,52.23628296870413,59.95
2018-02-26 10:00:00+01:00,64.28,52.80526824441403,60.45
2018-02-26 11:00:00+01:00,63.3,53.051629952057304,60.6
2018-02-26 12:00:00+01:00,61.87,53.65342169418045,60.21
2018-02-26 13:00:00+01:00,61.97,55.28950166688186,60.43
2018-02-26 14:00:00+01:00,61.05,54.787116612482656,60.0
2018-02-26 15:00:00+01:00,60.61,52.99198399364151,57.01
2018-02-26 16:00:00+01:00,60.05,51.32448555903644,51.26
2018-02-26 17:00:00+01:00,62.1,52.05636888483713,51.64
2018-02-26 18:00:00+01:00,64.13,53.926906669497356,59.08
2018-02-26 19:00:00+01:00,66.15,55.26112858702927,62.83
2018-02-26 20:00:00+01:00,70.76,55.987565703965664,62.94
2018-02-26 21:00:00+01:00,64.63,56.419256076881844,62.94
2018-02-26 22:00:00+01:00,63.03,54.601222530662525,61.87
2018-02-26 23:00:00+01:00,61.01,51.86035905154,55.69
2018-02-27 00:00:00+01:00,57.95,58.53425702423588,50.64
2018-02-27 01:00:00+01:00,54.4,54.67760440174256,47.0
2018-02-27 02:00:00+01:00,49.79,51.52434661043526,46.27
2018-02-27 03:00:00+01:00,49.55,48.70788350260851,44.07
2018-02-27 04:00:00+01:00,49.44,47.549655490398486,44.61
2018-02-27 05:00:00+01:00,49.9,47.376915530668285,46.44
2018-02-27 06:00:00+01:00,55.15,51.01796187015642,53.97
2018-02-27 07:00:00+01:00,65.02,56.87452398409191,62.44
2018-02-27 08:00:00+01:00,66.15,57.056400002765365,64.97
2018-02-27 09:00:00+01:00,70.0,58.66252422842901,65.62
2018-02-27 10:00:00+01:00,70.82,59.26650288998288,64.28
2018-02-27 11:00:00+01:00,70.03,59.70583466983107,63.3
2018-02-27 12:00:00+01:00,71.01,60.39861576749616,61.87
2018-02-27 13:00:00+01:00,71.04,62.235949891826,61.97
2018-02-27 14:00:00+01:00,70.82,62.00761522199226,61.05
2018-02-27 15:00:00+01:00,65.84,60.55589038692362,60.61
2018-02-27 16:00:00+01:00,69.68,59.07145370166821,60.05
2018-02-27 17:00:00+01:00,67.49,60.0154763375689,62.1
2018-02-27 18:00:00+01:00,66.0,61.99100294491875,64.13
2018-02-27 19:00:00+01:00,71.88,63.56852404236464,66.15
2018-02-27 20:00:00+01:00,74.15,64.77867761061825,70.76
2018-02-27 21:00:00+01:00,72.0,64.55237345862722,64.63
2018-02-27 22:00:00+01:00,67.08,63.43570105128148,63.03
2018-02-27 23:00:00+01:00,63.12,60.64650717986331,61.01
2018-02-28 00:00:00+01:00,61.05,60.62597359809752,57.95
2018-02-28 01:00:00+01:00,59.18,56.726959489849435,54.4
2018-02-28 02:00:00+01:00,51.5,53.36003973882067,49.79
2018-02-28 03:00:00+01:00,49.44,50.85371076308163,49.55
2018-02-28 04:00:00+01:00,47.51,49.62406076475031,49.44
2018-02-28 05:00:00+01:00,48.0,49.46666892406404,49.9
2018-02-28 06:00:00+01:00,49.79,53.27638078944601,55.15
2018-02-28 07:00:00+01:00,61.01,59.453493603502615,65.02
2018-02-28 08:00:00+01:00,62.01,59.48062678595279,66.15
2018-02-28 09:00:00+01:00,62.48,61.244625648018506,70.0
2018-02-28 10:00:00+01:00,62.09,61.7199642687131,70.82
2018-02-28 11:00:00+01:00,61.28,62.0451146257943,70.03
2018-02-28 12:00:00+01:00,61.68,62.87492541850841,71.01
2018-02-28 13:00:00+01:00,61.48,64.5704483495689,71.04
2018-02-28 14:00:00+01:00,60.05,64.51565369581944,70.82
2018-02-28 15:00:00+01:00,58.93,62.79101179213525,65.84
2018-02-28 16:00:00+01:00,58.19,62.02122990861688,69.68
2018-02-28 17:00:00+01:00,55.25,62.24582816160939,67.49
2018-02-28 18:00:00+01:00,55.25,64.00557925306614,66.0
2018-02-28 19:00:00+01:00,60.57,66.06117851135346,71.88
2018-02-28 20:00:00+01:00,62.88,66.83551208473251,74.15
2018-02-28 21:00:00+01:00,62.28,66.08911461412366,72.0
2018-02-28 22:00:00+01:00,59.59,64.56934409769163,67.08
2018-02-28 23:00:00+01:00,49.79,61.99227902341,63.12
2018-03-01 00:00:00+01:00,12.14,47.6937265960718,61.05
2018-03-01 01:00:00+01:00,5.48,43.54745753513249,59.18
2018-03-01 02:00:00+01:00,5.0,39.2680718469279,51.5
2018-03-01 03:00:00+01:00,2.3,36.71796182129826,49.44
2018-03-01 04:00:00+01:00,2.3,35.0196604956752,47.51
2018-03-01 05:00:00+01:00,5.0,34.564902811527716,48.0
2018-03-01 06:00:00+01:00,12.25,37.76261919445025,49.79
2018-03-01 07:00:00+01:00,41.69,44.12588629765715,61.01
2018-03-01 08:00:00+01:00,51.76,43.519865978289054,62.01
2018-03-01 09:00:00+01:00,53.9,44.74971475078354,62.48
2018-03-01 10:00:00+01:00,54.45,44.9772390496226,62.09
2018-03-01 11:00:00+01:00,53.42,45.009234899234045,61.28
2018-03-01 12:00:00+01:00,52.26,45.58158148657259,61.68
2018-03-01 13:00:00+01:00,52.0,46.77064925118749,61.48
2018-03-01 14:00:00+01:00,50.76,46.27187998565133,60.05
2018-03-01 15:00:00+01:00,49.96,44.200295865219104,58.93
2018-03-01 16:00:00+01:00,49.48,42.85247815101887,58.19
2018-03-01 17:00:00+01:00,51.0,42.28524747568045,55.25
2018-03-01 18:00:00+01:00,53.05,43.672862501399834,55.25
2018-03-01 19:00:00+01:00,53.47,45.76005284505455,60.57
2018-03-01 20:00:00+01:00,53.9,46.06889892235878,62.88
2018-03-01 21:00:00+01:00,53.42,44.85834009296879,62.28
2018-03-01 22:00:00+01:00,51.01,42.86395406018805,59.59
2018-03-01 23:00:00+01:00,40.75,39.88477641514894,49.79
2018-03-02 00:00:00+01:00,58.39,36.477825420216135,12.14
2018-03-02 01:00:00+01:00,54.1,35.08822158854856,5.48
2018-03-02 02:00:00+01:00,45.1,31.77913545233492,5.0
2018-03-02 03:00:00+01:00,43.84,29.07462584020675,2.3
2018-03-02 04:00:00+01:00,43.57,27.562706198623765,2.3
2018-03-02 05:00:00+01:00,43.39,27.257692505858234,5.0
2018-03-02 06:00:00+01:00,43.64,30.51358620388556,12.25
2018-03-02 07:00:00+01:00,44.35,38.436653494031724,41.69
2018-03-02 08:00:00+01:00,44.1,36.79752075953681,51.76
2018-03-02 09:00:00+01:00,50.28,36.9528301188419,53.9
2018-03-02 10:00:00+01:00,55.01,36.90844842034445,54.45
2018-03-02 11:00:00+01:00,51.07,36.720297334610166,53.42
2018-03-02 12:00:00+01:00,46.96,37.1899950266196,52.26
2018-03-02 13:00:00+01:00,46.95,38.434171895742864,52.0
2018-03-02 14:00:00+01:00,44.35,38.11525233412792,50.76
2018-03-02 15:00:00+01:00,43.57,36.39833950877332,49.96
2018-03-02 16:00:00+01:00,43.39,35.2551211710643,49.48
2018-03-02 17:00:00+01:00,47.38,35.031490336801696,51.0
2018-03-02 18:00:00+01:00,50.54,36.55832251413177,53.05
2018-03-02 19:00:00+01:00,58.19,38.68717715162339,53.47
2018-03-02 20:00:00+01:00,58.99,39.373128540440796,53.9
2018-03-02 21:00:00+01:00,58.59,38.464534361403885,53.42
2018-03-02 22:00:00+01:00,55.1,36.61533303370719,51.01
2018-03-02 23:00:00+01:00,51.0,33.34081238104956,40.75
2018-03-03 00:00:00+01:00,42.0,48.901742874149946,58.39
2018-03-03 01:00:00+01:00,38.85,45.95121829549238,54.1
2018-03-03 02:00:00+01:00,38.2,42.59751134470162,45.1
2018-03-03 03:00:00+01:00,36.68,40.87141171102823,43.84
2018-03-03 04:00:00+01:00,36.23,39.80719309379073,43.57
2018-03-03 05:00:00+01:00,36.36,39.81193285402055,43.39
2018-03-03 06:00:00+01:00,36.61,43.19494831725377,43.64
2018-03-03 07:00:00+01:00,38.0,51.14390857313597,44.35
2018-03-03 08:00:00+01:00,38.0,50.61801180752946,44.1
2018-03-03 09:00:00+01:00,45.19,51.64416852659488,50.28
2018-03-03 10:00:00+01:00,48.39,51.928670133820674,55.01
2018-03-03 11:00:00+01:00,46.46,51.39699899675316,51.07
2018-03-03 12:00:00+01:00,44.45,52.12928958602349,46.96
2018-03-03 13:00:00+01:00,43.29,54.060288611902976,46.95
2018-03-03 14:00:00+01:00,40.89,54.096599832930266,44.35
2018-03-03 15:00:00+01:00,40.37,53.06040375803417,43.57
2018-03-03 16:00:00+01:00,41.7,52.353902266530866,43.39
2018-03-03 17:00:00+01:00,44.92,52.81251357963822,47.38
2018-03-03 18:00:00+01:00,52.52,54.54504568545873,50.54
2018-03-03 19:00:00+01:00,63.14,57.38248983115374,58.19
2018-03-03 20:00:00+01:00,56.56,58.0341514162144,58.99
2018-03-03 21:00:00+01:00,57.45,57.516910288259886,58.59
2018-03-03 22:00:00+01:00,52.0,55.89065988675503,55.1
2018-03-03 23:00:00+01:00,50.48,52.588733147460914,51.0
2018-03-04 00:00:00+01:00,27.31,47.67716690435753,42.0
2018-03-04 01:00:00+01:00,25.2,45.30943853862755,38.85
2018-03-04 02:00:00+01:00,17.27,42.319123024018594,38.2
2018-03-04 03:00:00+01:00,12.0,40.46351673178803,36.68
2018-03-04 04:00:00+01:00,10.68,39.46843264634241,36.23
2018-03-04 05:00:00+01:00,19.56,39.487755484442374,36.36
2018-03-04 06:00:00+01:00,29.54,42.6465509723797,36.61
2018-03-04 07:00:00+01:00,40.0,50.34142946395824,38.0
2018-03-04 08:00:00+01:00,43.13,50.45989599850715,38.0
2018-03-04 09:00:00+01:00,43.89,52.08533803152573,45.19
2018-03-04 10:00:00+01:00,43.13,52.19212322880068,48.39
2018-03-04 11:00:00+01:00,40.71,51.31618954960278,46.46
2018-03-04 12:00:00+01:00,36.89,51.95263034424674,44.45
2018-03-04 13:00:00+01:00,35.02,53.905427607146734,43.29
2018-03-04 14:00:00+01:00,32.5,54.0631024647903,40.89
2018-03-04 15:00:00+01:00,29.29,53.351700626387995,40.37
2018-03-04 16:00:00+01:00,27.0,52.861424550811904,41.7
2018-03-04 17:00:00+01:00,26.9,53.45122400894324,44.92
2018-03-04 18:00:00+01:00,26.9,55.504505938833205,52.52
2018-03-04 19:00:00+01:00,27.61,58.57290010723787,63.14
2018-03-04 20:00:00+01:00,36.89,58.00566902256417,56.56
2018-03-04 21:00:00+01:00,42.87,58.15977211600048,57.45
2018-03-04 22:00:00+01:00,38.69,56.21538621619082,52.0
2018-03-04 23:00:00+01:00,32.89,53.22878001801481,50.48
2018-03-05 00:00:00+01:00,45.0,28.19411151791852,27.31
2018-03-05 01:00:00+01:00,38.02,26.993467074744306,25.2
2018-03-05 02:00:00+01:00,35.59,23.355244033168702,17.27
2018-03-05 03:00:00+01:00,34.17,21.289853470834608,12.0
2018-03-05 04:00:00+01:00,33.87,20.321612770593664,10.68
2018-03-05 05:00:00+01:00,34.17,20.957366970712314,19.56
2018-03-05 06:00:00+01:00,40.56,23.874178259406442,29.54
2018-03-05 07:00:00+01:00,49.91,31.105244706329646,40.0
2018-03-05 08:00:00+01:00,52.69,31.147108329166603,43.13
2018-03-05 09:00:00+01:00,52.46,32.40992485914945,43.89
2018-03-05 10:00:00+01:00,49.74,32.46481373262473,43.13
2018-03-05 11:00:00+01:00,48.77,31.494964433860826,40.71
2018-03-05 12:00:00+01:00,46.47,31.801955451763508,36.89
2018-03-05 13:00:00+01:00,45.71,33.64782918706116,35.02
2018-03-05 14:00:00+01:00,43.0,33.69533573319965,32.5
2018-03-05 15:00:00+01:00,43.21,32.71822110168464,29.29
2018-03-05 16:00:00+01:00,43.0,31.925231476904603,27.0
2018-03-05 17:00:00+01:00,39.68,32.18764236229293,26.9
2018-03-05 18:00:00+01:00,37.02,33.65679979089042,26.9
2018-03-05 19:00:00+01:00,40.0,36.17529494142883,27.61
2018-03-05 20:00:00+01:00,41.51,36.10620779783853,36.89
2018-03-05 21:00:00+01:00,46.44,35.452929488612945,42.87
2018-03-05 22:00:00+01:00,46.7,32.23041026848885,38.69
2018-03-05 23:00:00+01:00,41.26,28.918648401431394,32.89
2018-03-06 00:00:00+01:00,64.97,38.5330833894259,45.0
2018-03-06 01:00:00+01:00,64.93,35.87789234006979,38.02
2018-03-06 02:00:00+01:00,62.86,32.93852620801145,35.59
2018-03-06 03:00:00+01:00,61.37,31.094762217372864,34.17
2018-03-06 04:00:00+01:00,56.64,30.284242764871465,33.87
2018-03-06 05:00:00+01:00,52.0,30.92454220661614,34.17
2018-03-06 06:00:00+01:00,50.2,34.181521937017756,40.56
2018-03-06 07:00:00+01:00,49.95,41.29923230813652,49.91
2018-03-06 08:00:00+01:00,50.0,41.313612186562445,52.69
2018-03-06 09:00:00+01:00,53.01,42.12522556373293,52.46
2018-03-06 10:00:00+01:00,55.0,41.942000283248625,49.74
2018-03-06 11:00:00+01:00,54.64,41.12442791125291,48.77
2018-03-06 12:00:00+01:00,53.13,41.20429432777484,46.47
2018-03-06 13:00:00+01:00,52.04,43.06908677835149,45.71
2018-03-06 14:00:00+01:00,52.51,43.21946017472528,43.0
2018-03-06 15:00:00+01:00,49.71,42.77150630483029,43.21
2018-03-06 16:00:00+01:00,46.97,42.22091411822578,43.0
2018-03-06 17:00:00+01:00,46.87,42.4480559769007,39.68
2018-03-06 18:00:00+01:00,46.75,44.21384041540061,37.02
2018-03-06 19:00:00+01:00,49.0,47.53605201423185,40.0
2018-03-06 20:00:00+01:00,51.5,48.0361489785105,41.51
2018-03-06 21:00:00+01:00,63.03,48.17551893431184,46.44
2018-03-06 22:00:00+01:00,64.97,45.23673018516303,46.7
2018-03-06 23:00:00+01:00,61.79,41.81634982396806,41.26
2018-03-07 00:00:00+01:00,61.14,61.34221519450638,64.97
2018-03-07 01:00:00+01:00,59.19,56.929531075700616,64.93
2018-03-07 02:00:00+01:00,57.89,53.98159934007528,62.86
2018-03-07 03:00:00+01:00,56.25,52.58315814204418,61.37
2018-03-07 04:00:00+01:00,56.0,52.07806410633029,56.64
2018-03-07 05:00:00+01:00,58.0,53.42633473758481,52.0
2018-03-07 06:00:00+01:00,59.19,57.597242294922786,50.2
2018-03-07 07:00:00+01:00,59.01,65.50570537463628,49.95
2018-03-07 08:00:00+01:00,61.89,67.12034673256647,50.0
2018-03-07 09:00:00+01:00,63.0,68.8881977065825,53.01
2018-03-07 10:00:00+01:00,62.96,69.12513356430118,55.0
2018-03-07 11:00:00+01:00,63.01,68.32230308546241,54.64
2018-03-07 12:00:00+01:00,62.78,68.2829211080164,53.13
2018-03-07 13:00:00+01:00,62.52,70.22920648564214,52.04
2018-03-07 14:00:00+01:00,62.01,71.14592708373547,52.51
2018-03-07 15:00:00+01:00,61.89,71.22525396969303,49.71
2018-03-07 16:00:00+01:00,61.96,71.51550423146631,46.97
2018-03-07 17:00:00+01:00,62.0,72.71785379511368,46.87
2018-03-07 18:00:00+01:00,63.17,75.00850609435695,46.75
2018-03-07 19:00:00+01:00,62.93,78.87392138863255,49.0
2018-03-07 20:00:00+01:00,63.03,79.82877154609956,51.5
2018-03-07 21:00:00+01:00,62.69,80.85218304166953,63.03
2018-03-07 22:00:00+01:00,65.0,77.21515422487603,64.97
2018-03-07 23:00:00+01:00,61.45,72.88862224563327,61.79
2018-03-08 00:00:00+01:00,67.76,60.87613548508959,61.14
2018-03-08 01:00:00+01:00,65.6,56.75147996362704,59.19
2018-03-08 02:00:00+01:00,63.9,53.58189073710212,57.89
2018-03-08 03:00:00+01:00,62.21,51.66266760598143,56.25
2018-03-08 04:00:00+01:00,62.14,50.68230399345363,56.0
2018-03-08 05:00:00+01:00,62.68,51.3937403242318,58.0
2018-03-08 06:00:00+01:00,65.67,54.53222356340121,59.19
2018-03-08 07:00:00+01:00,67.76,61.18334050800682,59.01
2018-03-08 08:00:00+01:00,69.21,62.75638589586438,61.89
2018-03-08 09:00:00+01:00,70.26,63.87640244091888,63.0
2018-03-08 10:00:00+01:00,70.46,63.86599050937813,62.96
2018-03-08 11:00:00+01:00,70.0,63.13241943212358,63.01
2018-03-08 12:00:00+01:00,70.7,63.09057845250692,62.78
2018-03-08 13:00:00+01:00,70.41,64.81824120746631,62.52
2018-03-08 14:00:00+01:00,70.0,65.48391180239531,62.01
2018-03-08 15:00:00+01:00,69.0,65.141943022303,61.89
2018-03-08 16:00:00+01:00,68.0,64.78100433405379,61.96
2018-03-08 17:00:00+01:00,69.72,65.26095986450922,62.0
2018-03-08 18:00:00+01:00,70.51,67.06624732457297,63.17
2018-03-08 19:00:00+01:00,70.26,70.35616894522383,62.93
2018-03-08 20:00:00+01:00,70.35,71.53127125414132,63.03
2018-03-08 21:00:00+01:00,70.01,72.63651633920148,62.69
2018-03-08 22:00:00+01:00,66.98,69.96879523458738,65.0
2018-03-08 23:00:00+01:00,65.7,65.61757967608091,61.45
2018-03-09 00:00:00+01:00,70.47,65.24882845538961,67.76
2018-03-09 01:00:00+01:00,68.14,60.61763832308027,65.6
2018-03-09 02:00:00+01:00,65.1,57.22423120189683,63.9
2018-03-09 03:00:00+01:00,62.52,55.05202941144759,62.21
2018-03-09 04:00:00+01:00,61.69,53.98206581065168,62.14
2018-03-09 05:00:00+01:00,61.69,54.47044364275985,62.68
2018-03-09 06:00:00+01:00,68.14,57.46753673990652,65.67
2018-03-09 07:00:00+01:00,72.0,63.6105287192202,67.76
2018-03-09 08:00:00+01:00,73.55,65.39800051890357,69.21
2018-03-09 09:00:00+01:00,73.91,66.42750619930646,70.26
2018-03-09 10:00:00+01:00,73.51,66.31059669397324,70.46
2018-03-09 11:00:00+01:00,73.6,65.4493890286448,70.0
2018-03-09 12:00:00+01:00,74.17,65.31181538601196,70.7
2018-03-09 13:00:00+01:00,74.17,66.67282735013714,70.41
2018-03-09 14:00:00+01:00,72.5,67.26444620443684,70.0
2018-03-09 15:00:00+01:00,72.19,66.83444599653666,69.0
2018-03-09 16:00:00+01:00,71.68,66.34898667359566,68.0
2018-03-09 17:00:00+01:00,71.07,66.85806825698477,69.72
2018-03-09 18:00:00+01:00,72.3,68.35377180070854,70.51
2018-03-09 19:00:00+01:00,72.99,71.28098298342702,70.26
2018-03-09 20:00:00+01:00,72.91,72.51793887307461,70.35
2018-03-09 21:00:00+01:00,72.19,73.48637183937255,70.01
2018-03-09 22:00:00+01:00,71.14,70.78239001983404,66.98
2018-03-09 23:00:00+01:00,69.02,66.40571818762139,65.7
2018-03-10 00:00:00+01:00,61.87,68.47010356790824,70.47
2018-03-10 01:00:00+01:00,58.79,63.27893031335947,68.14
2018-03-10 02:00:00+01:00,57.55,59.543026072360114,65.1
2018-03-10 03:00:00+01:00,57.0,57.334512144936404,62.52
2018-03-10 04:00:00+01:00,57.0,56.570865947369455,61.69
2018-03-10 05:00:00+01:00,57.0,57.43713913069542,61.69
2018-03-10 06:00:00+01:00,61.03,61.29812319468011,68.14
2018-03-10 07:00:00+01:00,77.0,67.48427245600608,72.0
2018-03-10 08:00:00+01:00,78.68,70.09326191975288,73.55
2018-03-10 09:00:00+01:00,79.73,71.54182730272876,73.91
2018-03-10 10:00:00+01:00,78.0,71.60376981433784,73.51
2018-03-10 11:00:00+01:00,76.89,70.74204444970614,73.6
2018-03-10 12:00:00+01:00,75.67,70.31237747798563,74.17
2018-03-10 13:00:00+01:00,75.85,71.21651583279242,74.17
2018-03-10 14:00:00+01:00,74.01,71.68033450850207,72.5
2018-03-10 15:00:00+01:00,73.78,71.66034025104436,72.19
2018-03-10 16:00:00+01:00,73.7,71.50350180402684,71.68
2018-03-10 17:00:00+01:00,74.14,72.22853064301223,71.07
2018-03-10 18:00:00+01:00,77.03,73.9471295124882,72.3
2018-03-10 19:00:00+01:00,80.0,76.668664095214,72.99
2018-03-10 20:00:00+01:00,81.65,77.74039293184858,72.91
2018-03-10 21:00:00+01:00,78.27,78.28329329423774,72.19
2018-03-10 22:00:00+01:00,74.89,75.30873735267654,71.14
2018-03-10 23:00:00+01:00,71.1,70.35965122773744,69.02
2018-03-11 00:00:00+01:00,65.21,70.29723625265167,61.87
2018-03-11 01:00:00+01:00,56.27,66.0740463188821,58.79
2018-03-11 02:00:00+01:00,54.94,62.531426911523056,57.55
2018-03-11 03:00:00+01:00,52.12,60.147733482481264,57.0
2018-03-11 04:00:00+01:00,50.1,58.97926273754822,57.0
2018-03-11 05:00:00+01:00,52.61,59.20015683490384,57.0
2018-03-11 06:00:00+01:00,54.24,62.53219896344196,61.03
2018-03-11 07:00:00+01:00,57.0,68.95636635207197,77.0
2018-03-11 08:00:00+01:00,61.5,69.9616045570409,78.68
2018-03-11 09:00:00+01:00,65.03,70.82219843585735,79.73
2018-03-11 10:00:00+01:00,64.45,70.50968655008047,78.0
2018-03-11 11:00:00+01:00,66.58,69.77770925432782,76.89
2018-03-11 12:00:00+01:00,67.13,69.5028055375506,75.67
2018-03-11 13:00:00+01:00,67.21,70.61113775159392,75.85
2018-03-11 14:00:00+01:00,66.26,70.92394309550608,74.01
2018-03-11 15:00:00+01:00,63.08,70.80949310508036,73.78
2018-03-11 16:00:00+01:00,62.18,70.31232802164898,73.7
2018-03-11 17:00:00+01:00,70.0,70.62653111299053,74.14
2018-03-11 18:00:00+01:00,75.0,72.21939344051295,77.03
2018-03-11 19:00:00+01:00,75.56,74.82494609814815,80.0
2018-03-11 20:00:00+01:00,72.69,76.05641635189615,81.65
2018-03-11 21:00:00+01:00,71.96,76.5347229136191,78.27
2018-03-11 22:00:00+01:00,69.36,74.29838101029883,74.89
2018-03-11 23:00:00+01:00,70.0,70.29435326617786,71.1
2018-03-12 00:00:00+01:00,49.62,68.31021866808224,65.21
2018-03-12 01:00:00+01:00,47.07,64.15870939531774,56.27
2018-03-12 02:00:00+01:00,45.67,61.307160196997906,54.94
2018-03-12 03:00:00+01:00,45.51,58.86496012990281,52.12
2018-03-12 04:00:00+01:00,45.67,57.76600204989946,50.1
2018-03-12 05:00:00+01:00,47.07,58.38729763716759,52.61
2018-03-12 06:00:00+01:00,54.34,61.553859874762665,54.24
2018-03-12 07:00:00+01:00,64.82,67.94196271852992,57.0
2018-03-12 08:00:00+01:00,64.98,69.70942713518217,61.5
2018-03-12 09:00:00+01:00,66.77,70.72220042131752,65.03
2018-03-12 10:00:00+01:00,67.18,70.31275014860744,64.45
2018-03-12 11:00:00+01:00,67.1,69.97230006798102,66.58
2018-03-12 12:00:00+01:00,66.76,69.68580802151754,67.13
2018-03-12 13:00:00+01:00,67.1,70.7465427426179,67.21
2018-03-12 14:00:00+01:00,65.0,71.13691972530053,66.26
2018-03-12 15:00:00+01:00,66.0,70.96715796379408,63.08
2018-03-12 16:00:00+01:00,67.2,70.76878880725916,62.18
2018-03-12 17:00:00+01:00,68.83,71.84306921580068,70.0
2018-03-12 18:00:00+01:00,70.15,73.19269535858794,75.0
2018-03-12 19:00:00+01:00,70.0,75.3323487859399,75.56
2018-03-12 20:00:00+01:00,70.01,76.37496291650149,72.69
2018-03-12 21:00:00+01:00,69.89,77.1213770192324,71.96
2018-03-12 22:00:00+01:00,68.4,75.02454875392085,69.36
2018-03-12 23:00:00+01:00,67.51,71.1171457878538,70.0
2018-03-13 00:00:00+01:00,44.44,64.07871245057076,49.62
2018-03-13 01:00:00+01:00,39.63,61.539646495229455,47.07
2018-03-13 02:00:00+01:00,34.21,58.844400706939325,45.67
2018-03-13 03:00:00+01:00,33.71,56.45996353801469,45.51
2018-03-13 04:00:00+01:00,33.61,55.23274511724641,45.67
2018-03-13 05:00:00+01:00,34.01,55.740657035028555,47.07
2018-03-13 06:00:00+01:00,41.06,59.108225729138525,54.34
2018-03-13 07:00:00+01:00,51.17,65.43092965048696,64.82
2018-03-13 08:00:00+01:00,54.02,66.6166449134911,64.98
2018-03-13 09:00:00+01:00,57.68,67.69294797165931,66.77
2018-03-13 10:00:00+01:00,57.9,67.21735257246829,67.18
2018-03-13 11:00:00+01:00,55.0,66.7518342431718,67.1
2018-03-13 12:00:00+01:00,52.56,66.36651765674296,66.76
2018-03-13 13:00:00+01:00,50.32,67.31525314270418,67.1
2018-03-13 14:00:00+01:00,48.47,67.51528163436926,65.0
2018-03-13 15:00:00+01:00,44.67,67.6270287769282,66.0
2018-03-13 16:00:00+01:00,46.48,67.47533545575453,67.2
2018-03-13 17:00:00+01:00,48.56,68.49178120329914,68.83
2018-03-13 18:00:00+01:00,55.24,69.80837486696349,70.15
2018-03-13 19:00:00+01:00,65.3,71.78706684212186,70.0
2018-03-13 20:00:00+01:00,66.15,72.9650426516591,70.01
2018-03-13 21:00:00+01:00,56.66,73.78498316845399,69.89
2018-03-13 22:00:00+01:00,50.43,71.8617927961089,68.4
2018-03-13 23:00:00+01:00,42.73,68.33936837611738,67.51
2018-03-14 00:00:00+01:00,40.23,37.57187897876853,44.44
2018-03-14 01:00:00+01:00,39.56,35.752286654860036,39.63
2018-03-14 02:00:00+01:00,37.02,32.549354617459365,34.21
2018-03-14 03:00:00+01:00,35.56,29.94692318722359,33.71
2018-03-14 04:00:00+01:00,34.01,28.06443590201655,33.61
2018-03-14 05:00:00+01:00,36.13,27.829915553954585,34.01
2018-03-14 06:00:00+01:00,37.91,30.875527812352008,41.06
2018-03-14 07:00:00+01:00,50.58,36.599397381405716,51.17
2018-03-14 08:00:00+01:00,52.03,36.96627442400751,54.02
2018-03-14 09:00:00+01:00,52.26,37.464249900424626,57.68
2018-03-14 10:00:00+01:00,50.58,36.19715938746627,57.9
2018-03-14 11:00:00+01:00,48.78,34.81741526929801,55.0
2018-03-14 12:00:00+01:00,44.02,33.81186115840577,52.56
2018-03-14 13:00:00+01:00,39.69,34.04386025979324,50.32
2018-03-14 14:00:00+01:00,36.72,33.711832063620335,48.47
2018-03-14 15:00:00+01:00,31.31,33.05377896769036,44.67
2018-03-14 16:00:00+01:00,24.7,32.76585351979248,46.48
2018-03-14 17:00:00+01:00,20.1,33.123764411868294,48.56
2018-03-14 18:00:00+01:00,15.0,34.165239610689355,55.24
2018-03-14 19:00:00+01:00,37.61,35.763667794578836,65.3
2018-03-14 20:00:00+01:00,48.21,35.59830032800532,66.15
2018-03-14 21:00:00+01:00,41.11,34.862166626351524,56.66
2018-03-14 22:00:00+01:00,36.72,32.7472694218789,50.43
2018-03-14 23:00:00+01:00,21.2,29.265171928718125,42.73
2018-03-15 00:00:00+01:00,25.36,17.114146265556492,40.23
2018-03-15 01:00:00+01:00,12.4,14.816971425851728,39.56
2018-03-15 02:00:00+01:00,5.48,11.18964903155503,37.02
2018-03-15 03:00:00+01:00,5.48,8.252083952204796,35.56
2018-03-15 04:00:00+01:00,5.48,5.933314309416019,34.01
2018-03-15 05:00:00+01:00,8.55,5.493071912219108,36.13
2018-03-15 06:00:00+01:00,29.31,7.873958585532468,37.91
2018-03-15 07:00:00+01:00,37.07,13.894794974327699,50.58
2018-03-15 08:00:00+01:00,44.51,13.447562157906395,52.03
2018-03-15 09:00:00+01:00,46.25,13.407334360365384,52.26
2018-03-15 10:00:00+01:00,45.78,11.74049692140039,50.58
2018-03-15 11:00:00+01:00,44.44,9.988904853114605,48.78
2018-03-15 12:00:00+01:00,41.76,8.333040977105581,44.02
2018-03-15 13:00:00+01:00,39.7,8.108645715686466,39.69
2018-03-15 14:00:00+01:00,35.17,7.576410601815654,36.72
2018-03-15 15:00:00+01:00,34.01,6.39865854006123,31.31
2018-03-15 16:00:00+01:00,33.61,5.608086756844085,24.7
2018-03-15 17:00:00+01:00,36.05,5.7192332054993225,20.1
2018-03-15 18:00:00+01:00,44.51,6.322480968658492,15.0
2018-03-15 19:00:00+01:00,53.69,9.864047827770083,37.61
2018-03-15 20:00:00+01:00,54.01,8.65215437594729,48.21
2018-03-15 21:00:00+01:00,47.75,5.983447327210561,41.11
2018-03-15 22:00:00+01:00,40.04,3.693175688740025,36.72
2018-03-15 23:00:00+01:00,34.01,-0.27876427013168614,21.2
2018-03-16 00:00:00+01:00,45.42,31.096770867878874,25.36
2018-03-16 01:00:00+01:00,37.17,27.82366315573774,12.4
2018-03-16 02:00:00+01:00,34.0,25.340821080636264,5.48
2018-03-16 03:00:00+01:00,30.55,23.72181341473404,5.48
2018-03-16 04:00:00+01:00,29.97,22.18092970059157,5.48
2018-03-16 05:00:00+01:00,35.55,22.680433812425765,8.55
2018-03-16 06:00:00+01:00,44.46,27.24242800412375,29.31
2018-03-16 07:00:00+01:00,50.54,32.857847837309166,37.07
2018-03-16 08:00:00+01:00,55.29,33.733527325447284,44.51
2018-03-16 09:00:00+01:00,55.99,34.13219492082397,46.25
2018-03-16 10:00:00+01:00,52.8,33.2516792824127,45.78
2018-03-16 11:00:00+01:00,51.17,32.27309614771424,44.44
2018-03-16 12:00:00+01:00,50.54,31.30153948466166,41.76
2018-03-16 13:00:00+01:00,50.18,31.808588173334837,39.7
2018-03-16 14:00:00+01:00,46.5,31.93917131128206,35.17
2018-03-16 15:00:00+01:00,44.3,31.992360845433254,34.01
2018-03-16 16:00:00+01:00,41.91,32.18721542393572,33.61
2018-03-16 17:00:00+01:00,42.89,33.362045354073175,36.05
2018-03-16 18:00:00+01:00,45.44,35.270827025263436,44.51
2018-03-16 19:00:00+01:00,50.54,39.4107646353092,53.69
2018-03-16 20:00:00+01:00,50.13,38.4275723841666,54.01
2018-03-16 21:00:00+01:00,50.17,35.78802634618654,47.75
2018-03-16 22:00:00+01:00,49.89,33.821273924011884,40.04
2018-03-16 23:00:00+01:00,44.01,29.90338485878395,34.01
2018-03-17 00:00:00+01:00,41.71,42.97350446426412,45.42
2018-03-17 01:00:00+01:00,36.27,38.58737903029298,37.17
2018-03-17 02:00:00+01:00,35.0,36.659997485239494,34.0
2018-03-17 03:00:00+01:00,35.55,35.254447229244285,30.55
2018-03-17 04:00:00+01:00,36.37,34.18096686193169,29.97
2018-03-17 05:00:00+01:00,36.96,35.21236691083132,35.55
2018-03-17 06:00:00+01:00,37.89,39.81890046131294,44.46
2018-03-17 07:00:00+01:00,37.87,45.160731847913,50.54
2018-03-17 08:00:00+01:00,40.8,46.32592390668602,55.29
2018-03-17 09:00:00+01:00,49.0,46.49298409030952,55.99
2018-03-17 10:00:00+01:00,50.44,45.45431169905026,52.8
2018-03-17 11:00:00+01:00,50.44,44.73445238081732,51.17
2018-03-17 12:00:00+01:00,50.72,44.041778904718925,50.54
2018-03-17 13:00:00+01:00,50.27,44.643380548993356,50.18
2018-03-17 14:00:00+01:00,46.52,44.67065472126198,46.5
2018-03-17 15:00:00+01:00,43.09,44.94473272884621,44.3
2018-03-17 16:00:00+01:00,41.7,45.216703278630035,41.91
2018-03-17 17:00:00+01:00,42.78,46.70535090274515,42.89
2018-03-17 18:00:00+01:00,47.13,48.87611237101355,45.44
2018-03-17 19:00:00+01:00,52.5,53.28621479975277,50.54
2018-03-17 20:00:00+01:00,63.83,52.6455030902282,50.13
2018-03-17 21:00:00+01:00,57.4,50.660584456432545,50.17
2018-03-17 22:00:00+01:00,57.89,49.10490611838825,49.89
2018-03-17 23:00:00+01:00,52.53,45.36255735180049,44.01
2018-03-18 00:00:00+01:00,46.72,51.655132720123504,41.71
2018-03-18 01:00:00+01:00,43.97,47.47310483641419,36.27
2018-03-18 02:00:00+01:00,40.63,45.896199403211256,35.0
2018-03-18 03:00:00+01:00,38.75,44.844980359926495,35.55
2018-03-18 04:00:00+01:00,37.1,44.0430343456188,36.37
2018-03-18 05:00:00+01:00,37.89,45.175945929472896,36.96
2018-03-18 06:00:00+01:00,37.6,49.82664624348404,37.89
2018-03-18 07:00:00+01:00,36.29,55.39404777125121,37.87
2018-03-18 08:00:00+01:00,36.8,57.572763915766494,40.8
2018-03-18 09:00:00+01:00,37.9,58.776638739808504,49.0
2018-03-18 10:00:00+01:00,38.95,57.784936016568174,50.44
2018-03-18 11:00:00+01:00,40.11,57.34369313335301,50.44
2018-03-18 12:00:00+01:00,39.05,57.12169453429909,50.72
2018-03-18 13:00:00+01:00,39.05,57.9906740209512,50.27
2018-03-18 14:00:00+01:00,37.7,58.153316341808285,46.52
2018-03-18 15:00:00+01:00,33.33,58.72090995262461,43.09
2018-03-18 16:00:00+01:00,20.1,59.408631838197415,41.7
2018-03-18 17:00:00+01:00,28.13,61.206195027357026,42.78
2018-03-18 18:00:00+01:00,38.0,63.7561801808958,47.13
2018-03-18 19:00:00+01:00,44.44,68.20728427043412,52.5
2018-03-18 20:00:00+01:00,49.7,68.61802651079758,63.83
2018-03-18 21:00:00+01:00,50.5,65.4691719956021,57.4
2018-03-18 22:00:00+01:00,47.48,64.47439877735205,57.89
2018-03-18 23:00:00+01:00,44.99,60.57792251019715,52.53
2018-03-19 00:00:00+01:00,43.63,43.44848976042538,46.72
2018-03-19 01:00:00+01:00,40.8,39.69415267235026,43.97
2018-03-19 02:00:00+01:00,39.91,37.808585252387594,40.63
2018-03-19 03:00:00+01:00,37.7,36.69817887687425,38.75
2018-03-19 04:00:00+01:00,37.5,35.74505709435229,37.1
2018-03-19 05:00:00+01:00,39.81,36.72818398193842,37.89
2018-03-19 06:00:00+01:00,40.21,40.7647907694985,37.6
2018-03-19 07:00:00+01:00,54.1,45.861997728061006,36.29
2018-03-19 08:00:00+01:00,62.63,48.1800897532471,36.8
2018-03-19 09:00:00+01:00,60.0,49.23516937490149,37.9
2018-03-19 10:00:00+01:00,52.4,48.07517467056259,38.95
2018-03-19 11:00:00+01:00,50.27,47.23219029622423,40.11
2018-03-19 12:00:00+01:00,46.49,46.42510815083247,39.05
2018-03-19 13:00:00+01:00,44.99,46.9315734845988,39.05
2018-03-19 14:00:00+01:00,43.63,46.76068120579193,37.7
2018-03-19 15:00:00+01:00,41.79,46.83731728700858,33.33
2018-03-19 16:00:00+01:00,40.11,46.621188378809194,20.1
2018-03-19 17:00:00+01:00,40.11,50.01360824715096,28.13
2018-03-19 18:00:00+01:00,42.01,52.78620535865634,38.0
2018-03-19 19:00:00+01:00,47.0,56.77241652375851,44.44
2018-03-19 20:00:00+01:00,54.02,57.34607831590608,49.7
2018-03-19 21:00:00+01:00,50.17,54.07606005075168,50.5
2018-03-19 22:00:00+01:00,44.44,52.51755386742757,47.48
2018-03-19 23:00:00+01:00,39.71,48.572943027544824,44.99
2018-03-20 00:00:00+01:00,35.0,38.01566562765071,43.63
2018-03-20 01:00:00+01:00,34.69,34.00239914054616,40.8
2018-03-20 02:00:00+01:00,33.59,31.80363649243967,39.91
2018-03-20 03:00:00+01:00,33.02,30.18980972018317,37.7
2018-03-20 04:00:00+01:00,31.38,29.05273253787201,37.5
2018-03-20 05:00:00+01:00,33.89,29.772996660742614,39.81
2018-03-20 06:00:00+01:00,35.0,33.06638159765337,40.21
2018-03-20 07:00:00+01:00,36.4,38.85512844050397,54.1
2018-03-20 08:00:00+01:00,43.77,40.71355798107459,62.63
2018-03-20 09:00:00+01:00,44.01,40.567528217719065,60.0
2018-03-20 10:00:00+01:00,39.81,38.761727078925375,52.4
2018-03-20 11:00:00+01:00,36.4,38.01527925112033,50.27
2018-03-20 12:00:00+01:00,36.1,36.79173400603233,46.49
2018-03-20 13:00:00+01:00,36.1,37.053425756294764,44.99
2018-03-20 14:00:00+01:00,35.9,36.641325052755036,43.63
2018-03-20 15:00:00+01:00,36.1,36.3436308519362,41.79
2018-03-20 16:00:00+01:00,36.2,35.840767933915245,40.11
2018-03-20 17:00:00+01:00,36.3,38.75357642247457,40.11
2018-03-20 18:00:00+01:00,37.74,41.40826053394574,42.01
2018-03-20 19:00:00+01:00,47.01,45.25472691362958,47.0
2018-03-20 20:00:00+01:00,55.99,45.98181753110316,54.02
2018-03-20 21:00:00+01:00,50.25,41.82443322164648,50.17
2018-03-20 22:00:00+01:00,46.6,39.57600555205551,44.44
2018-03-20 23:00:00+01:00,39.1,35.77200032968691,39.71
2018-03-21 00:00:00+01:00,37.89,37.68845606187032,35.0
2018-03-21 01:00:00+01:00,37.89,34.34189724206374,34.69
2018-03-21 02:00:00+01:00,34.02,32.08826461866175,33.59
2018-03-21 03:00:00+01:00,33.89,30.562051513533977,33.02
2018-03-21 04:00:00+01:00,33.89,29.40264712086779,31.38
2018-03-21 05:00:00+01:00,34.02,30.41838023909872,33.89
2018-03-21 06:00:00+01:00,39.81,33.504770101701496,35.0
2018-03-21 07:00:00+01:00,45.89,39.19270880077385,36.4
2018-03-21 08:00:00+01:00,49.44,41.994915272724334,43.77
2018-03-21 09:00:00+01:00,49.38,41.604690949815215,44.01
2018-03-21 10:00:00+01:00,48.5,39.63605285084602,39.81
2018-03-21 11:00:00+01:00,47.43,38.95879940713621,36.4
2018-03-21 12:00:00+01:00,47.05,38.1584745680702,36.1
2018-03-21 13:00:00+01:00,47.05,38.46720013232487,36.1
2018-03-21 14:00:00+01:00,45.79,38.204137116355895,35.9
2018-03-21 15:00:00+01:00,45.69,38.04990420006126,36.1
2018-03-21 16:00:00+01:00,44.51,37.673949319131495,36.2
2018-03-21 17:00:00+01:00,45.4,40.41365011845942,36.3
2018-03-21 18:00:00+01:00,47.52,43.29770100922299,37.74
2018-03-21 19:00:00+01:00,54.11,47.84052896928195,47.01
2018-03-21 20:00:00+01:00,63.83,48.971483310546915,55.99
2018-03-21 21:00:00+01:00,54.96,44.102830283175415,50.25
2018-03-21 22:00:00+01:00,54.22,41.899109154598605,46.6
2018-03-21 23:00:00+01:00,49.66,38.27830855910037,39.1
2018-03-22 00:00:00+01:00,51.45,48.4920812378142,37.89
2018-03-22 01:00:00+01:00,50.78,45.672228347070785,37.89
2018-03-22 02:00:00+01:00,51.05,43.29311393184842,34.02
2018-03-22 03:00:00+01:00,48.77,42.277201332773345,33.89
2018-03-22 04:00:00+01:00,47.31,41.432330079181654,33.89
2018-03-22 05:00:00+01:00,50.0,42.604936543441525,34.02
2018-03-22 06:00:00+01:00,51.02,46.3294583534978,39.81
2018-03-22 07:00:00+01:00,54.99,52.210304493483044,45.89
2018-03-22 08:00:00+01:00,63.15,55.39779158578408,49.44
2018-03-22 09:00:00+01:00,59.59,55.351534514356665,49.38
2018-03-22 10:00:00+01:00,58.91,53.82243632771891,48.5
2018-03-22 11:00:00+01:00,58.56,53.39859196321235,47.43
2018-03-22 12:00:00+01:00,56.01,53.02112631493205,47.05
2018-03-22 13:00:00+01:00,57.32,53.62660620208771,47.05
2018-03-22 14:00:00+01:00,53.36,53.63801479848314,45.79
2018-03-22 15:00:00+01:00,52.28,53.890285532620425,45.69
2018-03-22 16:00:00+01:00,50.74,53.754385363889554,44.51
2018-03-22 17:00:00+01:00,50.27,56.686778261054215,45.4
2018-03-22 18:00:00+01:00,51.31,59.927169769209826,47.52
2018-03-22 19:00:00+01:00,58.71,64.97429474872504,54.11
2018-03-22 20:00:00+01:00,65.0,66.92257893005485,63.83
2018-03-22 21:00:00+01:00,58.42,61.256570921828676,54.96
2018-03-22 22:00:00+01:00,52.52,59.64493243841168,54.22
2018-03-22 23:00:00+01:00,46.77,55.84213597058055,49.66
2018-03-23 00:00:00+01:00,41.94,45.75290993928174,51.45
2018-03-23 01:00:00+01:00,41.48,42.555383800017545,50.78
2018-03-23 02:00:00+01:00,40.95,39.86103032683452,51.05
2018-03-23 03:00:00+01:00,40.49,38.14409901028822,48.77
2018-03-23 04:00:00+01:00,40.55,36.93624714459468,47.31
2018-03-23 05:00:00+01:00,42.78,37.889929983546594,50.0
2018-03-23 06:00:00+01:00,45.45,40.85042691704666,51.02
2018-03-23 07:00:00+01:00,51.31,46.331427399632474,54.99
2018-03-23 08:00:00+01:00,56.05,49.66325024787701,63.15
2018-03-23 09:00:00+01:00,57.05,48.49351551902189,59.59
2018-03-23 10:00:00+01:00,56.91,46.81430221264873,58.91
2018-03-23 11:00:00+01:00,53.89,45.905433730655325,58.56
2018-03-23 12:00:00+01:00,51.87,44.89148940673187,56.01
2018-03-23 13:00:00+01:00,50.35,45.29699742705325,57.32
2018-03-23 14:00:00+01:00,49.23,44.522825271777116,53.36
2018-03-23 15:00:00+01:00,44.51,44.57400652991262,52.28
2018-03-23 16:00:00+01:00,42.81,44.08142199469121,50.74
2018-03-23 17:00:00+01:00,41.79,46.49258423746737,50.27
2018-03-23 18:00:00+01:00,41.69,49.48654666819043,51.31
2018-03-23 19:00:00+01:00,44.67,54.61156112243359,58.71
2018-03-23 20:00:00+01:00,50.41,56.45211734429874,65.0
2018-03-23 21:00:00+01:00,49.51,50.04555564975553,58.42
2018-03-23 22:00:00+01:00,45.04,47.800042700640276,52.52
2018-03-23 23:00:00+01:00,35.89,43.98854244204052,46.77
2018-03-24 00:00:00+01:00,30.0,34.55354089720944,41.94
2018-03-24 01:00:00+01:00,22.23,31.425600299064104,41.48
2018-03-24 02:00:00+01:00,19.1,28.317062957807362,40.95
2018-03-24 03:00:00+01:00,11.0,26.185816425772774,40.49
2018-03-24 04:00:00+01:00,10.49,24.73554877416177,40.55
2018-03-24 05:00:00+01:00,10.49,25.564946903648114,42.78
2018-03-24 06:00:00+01:00,11.0,28.346106991998187,45.45
2018-03-24 07:00:00+01:00,13.0,33.90498198189854,51.31
2018-03-24 08:00:00+01:00,13.2,37.47174681200292,56.05
2018-03-24 09:00:00+01:00,19.98,36.48422999252676,57.05
2018-03-24 10:00:00+01:00,21.0,34.80978743449065,56.91
2018-03-24 11:00:00+01:00,20.31,33.547058223678484,53.89
2018-03-24 12:00:00+01:00,19.98,32.46388276692561,51.87
2018-03-24 13:00:00+01:00,20.39,32.57019284691397,50.35
2018-03-24 14:00:00+01:00,20.01,31.631265269945192,49.23
2018-03-24 15:00:00+01:00,15.89,31.030902928907516,44.51
2018-03-24 16:00:00+01:00,15.33,30.569328662334353,42.81
2018-03-24 17:00:00+01:00,19.98,32.64078526478426,41.79
2018-03-24 18:00:00+01:00,23.57,35.514799714397085,41.69
2018-03-24 19:00:00+01:00,33.3,40.60163372867232,44.67
2018-03-24 20:00:00+01:00,49.0,42.81106179974507,50.41
2018-03-24 21:00:00+01:00,49.8,36.20134562075187,49.51
2018-03-24 22:00:00+01:00,45.45,32.81058019073867,45.04
2018-03-24 23:00:00+01:00,35.4,28.405064259747242,35.89
2018-03-26 00:00:00+02:00,44.12,44.95589772955183,
2018-03-26 01:00:00+02:00,39.53,45.45242329467833,
2018-03-26 02:00:00+02:00,38.92,42.23436507872574,
2018-03-26 03:00:00+02:00,38.01,39.71831291534511,
2018-03-26 04:00:00+02:00,37.25,38.353587736379396,
2018-03-26 05:00:00+02:00,40.86,38.06365471335821,
2018-03-26 06:00:00+02:00,52.28,39.30316447888107,
2018-03-26 07:00:00+02:00,61.15,42.390013595990084,
2018-03-26 08:00:00+02:00,60.13,48.166986221335414,
2018-03-26 09:00:00+02:00,60.13,52.35236308240032,
2018-03-26 10:00:00+02:00,55.66,52.902714000909945,
2018-03-26 11:00:00+02:00,54.28,51.50004263969095,
2018-03-26 12:00:00+02:00,53.99,50.5820607549275,
2018-03-26 13:00:00+02:00,52.52,49.91714902926982,
2018-03-26 14:00:00+02:00,48.84,50.633754835656575,
2018-03-26 15:00:00+02:00,45.34,50.738844525085455,
2018-03-26 16:00:00+02:00,44.03,50.98019775019376,
2018-03-26 17:00:00+02:00,45.09,51.43600499165114,
2018-03-26 18:00:00+02:00,50.8,54.433415958638534,
2018-03-26 19:00:00+02:00,53.69,57.564631076681366,
2018-03-26 20:00:00+02:00,61.64,63.51624286534093,
2018-03-26 21:00:00+02:00,62.42,66.54897256071281,
2018-03-26 22:00:00+02:00,54.91,60.80639437925036,
2018-03-26 23:00:00+02:00,49.18,56.97658860448841,
2018-03-27 00:00:00+02:00,42.49,44.01737130143759,44.12
2018-03-27 01:00:00+02:00,38.83,43.516725792023266,39.53
2018-03-27 02:00:00+02:00,38.0,40.292916456132076,38.92
2018-03-27 03:00:00+02:00,38.01,37.1326318658099,38.01
2018-03-27 04:00:00+02:00,37.83,35.19002379725861,37.25
2018-03-27 05:00:00+02:00,38.98,34.88379999337367,40.86
2018-03-27 06:00:00+02:00,48.47,36.53500147848426,52.28
2018-03-27 07:00:00+02:00,56.01,39.12366777444946,61.15
2018-03-27 08:00:00+02:00,58.11,43.621701926651596,60.13
2018-03-27 09:00:00+02:00,58.11,48.08826982916494,60.13
2018-03-27 10:00:00+02:00,55.99,48.706725121115525,55.66
2018-03-27 11:00:00+02:00,52.73,47.660801778247226,54.28
2018-03-27 12:00:00+02:00,49.52,46.50532777704503,53.99
2018-03-27 13:00:00+02:00,47.34,45.17164818804566,52.52
2018-03-27 14:00:00+02:00,43.98,44.85228726774363,48.84
2018-03-27 15:00:00+02:00,42.31,44.29529545322664,45.34
2018-03-27 16:00:00+02:00,40.73,44.17788655503762,44.03
2018-03-27 17:00:00+02:00,41.22,44.56479774071559,45.09
2018-03-27 18:00:00+02:00,42.0,47.777385768938075,50.8
2018-03-27 19:00:00+02:00,48.41,50.819868373824164,53.69
2018-03-27 20:00:00+02:00,52.68,57.24002271929853,61.64
2018-03-27 21:00:00+02:00,54.99,60.144834319218056,62.42
2018-03-27 22:00:00+02:00,50.92,54.08403605412974,54.91
2018-03-27 23:00:00+02:00,45.01,49.63076874876876,49.18
2018-03-28 00:00:00+02:00,41.74,40.10351513838562,42.49
2018-03-28 01:00:00+02:00,35.45,39.633161829483235,38.83
2018-03-28 02:00:00+02:00,33.72,37.05980251925914,38.0
2018-03-28 03:00:00+02:00,32.62,34.18564470650449,38.01
2018-03-28 04:00:00+02:00,33.3,32.197827778764676,37.83
2018-03-28 05:00:00+02:00,35.05,31.755775190630196,38.98
2018-03-28 06:00:00+02:00,41.94,33.71521973989465,48.47
2018-03-28 07:00:00+02:00,50.69,35.823819248409194,56.01
2018-03-28 08:00:00+02:00,56.76,39.34376145759597,58.11
2018-03-28 09:00:00+02:00,56.8,43.00007669981896,58.11
2018-03-28 10:00:00+02:00,53.02,43.15855815700269,55.99
2018-03-28 11:00:00+02:00,50.92,41.67169833210006,52.73
2018-03-28 12:00:00+02:00,49.62,40.19206996934222,49.52
2018-03-28 13:00:00+02:00,48.99,38.779541672886324,47.34
2018-03-28 14:00:00+02:00,45.7,38.240337025282145,43.98
2018-03-28 15:00:00+02:00,44.07,37.834522405579314,42.31
2018-03-28 16:00:00+02:00,42.35,37.64597616438598,40.73
2018-03-28 17:00:00+02:00,40.72,37.96235570792077,41.22
2018-03-28 18:00:00+02:00,40.16,40.58226565169513,42.0
2018-03-28 19:00:00+02:00,45.99,43.63206353482632,48.41
2018-03-28 20:00:00+02:00,48.19,49.03512722217954,52.68
2018-03-28 21:00:00+02:00,49.69,51.496144823909006,54.99
2018-03-28 22:00:00+02:00,45.39,45.50522223620021,50.92
2018-03-28 23:00:00+02:00,38.46,40.948888794505486,45.01
2018-03-29 00:00:00+02:00,34.23,33.594158550876834,41.74
2018-03-29 01:00:00+02:00,31.0,32.16573019589291,35.45
2018-03-29 02:00:00+02:00,26.23,29.741932085861592,33.72
2018-03-29 03:00:00+02:00,25.22,26.609175723290132,32.62
2018-03-29 04:00:00+02:00,25.49,24.29242625213896,33.3
2018-03-29 05:00:00+02:00,25.98,23.383637605725788,35.05
2018-03-29 06:00:00+02:00,26.74,25.14108857629159,41.94
2018-03-29 07:00:00+02:00,33.73,27.009976442592748,50.69
2018-03-29 08:00:00+02:00,39.84,29.81912865478272,56.76
2018-03-29 09:00:00+02:00,43.01,32.569725774706946,56.8
2018-03-29 10:00:00+02:00,40.54,32.37009715021721,53.02
2018-03-29 11:00:00+02:00,38.86,30.95836150682337,50.92
2018-03-29 12:00:00+02:00,34.73,29.430788401889572,49.62
2018-03-29 13:00:00+02:00,32.48,27.983887294389213,48.99
2018-03-29 14:00:00+02:00,26.74,27.09212129299004,45.7
2018-03-29 15:00:00+02:00,23.32,26.75741039380179,44.07
2018-03-29 16:00:00+02:00,15.33,26.524464919956714,42.35
2018-03-29 17:00:00+02:00,12.0,26.756129003896127,40.72
2018-03-29 18:00:00+02:00,12.4,29.191498330348995,40.16
2018-03-29 19:00:00+02:00,12.4,32.63511124908438,45.99
2018-03-29 20:00:00+02:00,25.52,37.42141387606935,48.19
2018-03-29 21:00:00+02:00,30.0,39.8429754368527,49.69
2018-03-29 22:00:00+02:00,26.74,33.89392966137767,45.39
2018-03-29 23:00:00+02:00,23.02,28.839937574114245,38.46
2018-03-30 00:00:00+02:00,7.5,18.020024948031597,34.23
2018-03-30 01:00:00+02:00,5.48,16.476638054703855,31.0
2018-03-30 02:00:00+02:00,4.35,14.06743707306719,26.23
2018-03-30 03:00:00+02:00,3.54,11.39397390254842,25.22
2018-03-30 04:00:00+02:00,2.35,9.210548010841228,25.49
2018-03-30 05:00:00+02:00,2.61,8.215266295099022,25.98
2018-03-30 06:00:00+02:00,4.25,9.710116754175798,26.74
2018-03-30 07:00:00+02:00,2.35,12.00258877927814,33.73
2018-03-30 08:00:00+02:00,2.35,14.598587409938654,39.84
2018-03-30 09:00:00+02:00,5.09,16.910077600097495,43.01
2018-03-30 10:00:00+02:00,5.35,16.23221520080392,40.54
2018-03-30 11:00:00+02:00,5.48,14.731072268091898,38.86
2018-03-30 12:00:00+02:00,5.09,12.788263331490592,34.73
2018-03-30 13:00:00+02:00,5.48,11.247676852425021,32.48
2018-03-30 14:00:00+02:00,4.5,9.802520480548464,26.74
2018-03-30 15:00:00+02:00,2.32,9.343772949539389,23.32
2018-03-30 16:00:00+02:00,2.3,8.461650632475667,15.33
2018-03-30 17:00:00+02:00,2.3,8.725122541007268,12.0
2018-03-30 18:00:00+02:00,2.31,11.020084009482513,12.4
2018-03-30 19:00:00+02:00,5.0,14.055209587960457,12.4
2018-03-30 20:00:00+02:00,5.35,19.571279408078066,25.52
2018-03-30 21:00:00+02:00,9.97,21.332833376714348,30.0
2018-03-30 22:00:00+02:00,7.5,15.27995595846317,26.74
2018-03-30 23:00:00+02:00,5.09,9.809172123761622,23.02
2018-03-31 00:00:00+02:00,5.48,-1.126606240865195,7.5
2018-03-31 01:00:00+02:00,2.31,-1.8764508987746806,5.48
2018-03-31 02:00:00+02:00,2.3,-4.038546571253637,4.35
2018-03-31 03:00:00+02:00,2.3,-6.633057370200968,3.54
2018-03-31 04:00:00+02:00,2.3,-8.881846066799344,2.35
2018-03-31 05:00:00+02:00,2.3,-9.859908457173589,2.61
2018-03-31 06:00:00+02:00,2.3,-8.45538824755837,4.25
2018-03-31 07:00:00+02:00,2.54,-6.5348502990624135,2.35
2018-03-31 08:00:00+02:00,5.27,-3.825419040494349,2.35
2018-03-31 09:00:00+02:00,8.85,-1.230263336463437,5.09
2018-03-31 10:00:00+02:00,10.65,-1.8290330355916016,5.35
2018-03-31 11:00:00+02:00,8.85,-3.26075914642686,5.48
2018-03-31 12:00:00+02:00,6.7,-5.2029190358653015,5.09
2018-03-31 13:00:00+02:00,8.85,-6.711597823051612,5.48
2018-03-31 14:00:00+02:00,9.2,-8.278392761672396,4.5
2018-03-31 15:00:00+02:00,5.48,-8.931915406108176,2.32
2018-03-31 16:00:00+02:00,5.48,-9.605467459621565,2.3
2018-03-31 17:00:00+02:00,6.06,-9.410458884528419,2.3
2018-03-31 18:00:00+02:00,12.4,-7.2873597688621246,2.31
2018-03-31 19:00:00+02:00,25.61,-4.093301796705109,5.0
2018-03-31 20:00:00+02:00,39.64,1.0401827607613612,5.35
2018-03-31 21:00:00+02:00,44.22,3.4617888869262927,9.97
2018-03-31 22:00:00+02:00,44.45,-2.4584748526537936,7.5
2018-03-31 23:00:00+02:00,38.78,-8.111295389866306,5.09
2018-04-01 00:00:00+02:00,30.0,34.687533714099956,5.48
2018-04-01 01:00:00+02:00,7.04,34.55850696968028,2.31
2018-04-01 02:00:00+02:00,4.0,34.047860531247196,2.3
2018-04-01 03:00:00+02:00,2.63,32.8623275350122,2.3
2018-04-01 04:00:00+02:00,4.99,31.93897889151917,2.3
2018-04-01 05:00:00+02:00,11.08,32.214257727342776,2.3
2018-04-01 06:00:00+02:00,22.34,34.791182239159454,2.3
2018-04-01 07:00:00+02:00,34.17,38.08370084190421,2.54
2018-04-01 08:00:00+02:00,47.23,42.380979425284,5.27
2018-04-01 09:00:00+02:00,49.14,46.537465597414254,8.85
2018-04-01 10:00:00+02:00,49.63,47.5471874452127,10.65
2018-04-01 11:00:00+02:00,48.86,47.38612847025517,8.85
2018-04-01 12:00:00+02:00,48.36,46.9457778346795,6.7
2018-04-01 13:00:00+02:00,48.19,47.28033787071832,8.85
2018-04-01 14:00:00+02:00,45.58,47.10232352808469,9.2
2018-04-01 15:00:00+02:00,44.19,47.499488600838816,5.48
2018-04-01 16:00:00+02:00,44.19,48.56633379913092,5.48
2018-04-01 17:00:00+02:00,50.08,50.19644367856958,6.06
2018-04-01 18:00:00+02:00,49.96,54.042707016669425,12.4
2018-04-01 19:00:00+02:00,49.14,59.12377241137921,25.61
2018-04-01 20:00:00+02:00,49.36,65.54491764037635,39.64
2018-04-01 21:00:00+02:00,48.97,68.70887290045881,44.22
2018-04-01 22:00:00+02:00,48.11,64.40258757907795,44.45
2018-04-01 23:00:00+02:00,40.0,59.96249457713816,38.78
2018-04-02 00:00:00+02:00,50.28,35.1205591839986,30.0
2018-04-02 01:00:00+02:00,44.55,32.79158711239309,7.04
2018-04-02 02:00:00+02:00,43.97,33.29286102249403,4.0
2018-04-02 03:00:00+02:00,43.4,31.908781504280018,2.63
2018-04-02 04:00:00+02:00,43.4,30.749959120550155,4.99
2018-04-02 05:00:00+02:00,43.9,30.710915791318556,11.08
2018-04-02 06:00:00+02:00,44.01,33.00041728306714,22.34
2018-04-02 07:00:00+02:00,44.35,35.752477608954834,34.17
2018-04-02 08:00:00+02:00,44.35,39.514944314663175,47.23
2018-04-02 09:00:00+02:00,52.01,42.19086602203562,49.14
2018-04-02 10:00:00+02:00,57.98,42.730882412410196,49.63
2018-04-02 11:00:00+02:00,58.09,42.0472055267769,48.86
2018-04-02 12:00:00+02:00,57.02,41.118401709421846,48.36
2018-04-02 13:00:00+02:00,58.19,40.87059198174283,48.19
2018-04-02 14:00:00+02:00,57.98,39.9627230515956,45.58
2018-04-02 15:00:00+02:00,54.47,39.83408784155124,44.19
2018-04-02 16:00:00+02:00,52.55,40.40533867252261,44.19
2018-04-02 17:00:00+02:00,54.1,41.93349181726367,50.08
2018-04-02 18:00:00+02:00,58.29,44.554465726871264,49.96
2018-04-02 19:00:00+02:00,59.82,48.839063879129625,49.14
2018-04-02 20:00:00+02:00,62.02,54.643898695999454,49.36
2018-04-02 21:00:00+02:00,62.1,57.445565987161885,48.97
2018-04-02 22:00:00+02:00,59.81,53.145498619759465,48.11
2018-04-02 23:00:00+02:00,58.1,47.64533917435567,40.0
2018-04-03 00:00:00+02:00,50.0,53.987972801081,50.28
2018-04-03 01:00:00+02:00,45.94,50.103347671178696,44.55
2018-04-03 02:00:00+02:00,42.0,50.59020840603299,43.97
2018-04-03 03:00:00+02:00,38.85,49.282129132239206,43.4
2018-04-03 04:00:00+02:00,37.91,48.04494894556992,43.4
2018-04-03 05:00:00+02:00,38.6,47.82229416785573,43.9
2018-04-03 06:00:00+02:00,39.1,49.752584951601044,44.01
2018-04-03 07:00:00+02:00,39.81,52.35703703821396,44.35
2018-04-03 08:00:00+02:00,40.0,55.91132810843414,44.35
2018-04-03 09:00:00+02:00,46.0,59.27842910663438,52.01
2018-04-03 10:00:00+02:00,49.0,59.92491015843662,57.98
2018-04-03 11:00:00+02:00,50.0,58.87521760950562,58.09
2018-04-03 12:00:00+02:00,50.45,57.88155523748898,57.02
2018-04-03 13:00:00+02:00,49.29,57.85076796619805,58.19
2018-04-03 14:00:00+02:00,46.46,57.00794575307726,57.98
2018-04-03 15:00:00+02:00,40.16,56.68886193669426,54.47
2018-04-03 16:00:00+02:00,38.85,57.54216558764987,52.55
2018-04-03 17:00:00+02:00,40.6,59.60436848997573,54.1
2018-04-03 18:00:00+02:00,45.84,62.727829831947396,58.29
2018-04-03 19:00:00+02:00,53.21,67.03116724678252,59.82
2018-04-03 20:00:00+02:00,52.14,73.09611333912044,62.02
2018-04-03 21:00:00+02:00,46.02,76.2958376983294,62.1
2018-04-03 22:00:00+02:00,45.94,72.65867861782792,59.81
2018-04-03 23:00:00+02:00,42.0,66.88423924602199,58.1
2018-04-04 00:00:00+02:00,27.78,36.71245273405613,50.0
2018-04-04 01:00:00+02:00,26.29,32.550400499022174,45.94
2018-04-04 02:00:00+02:00,20.72,32.162756653781706,42.0
2018-04-04 03:00:00+02:00,15.25,30.551625299171548,38.85
2018-04-04 04:00:00+02:00,12.79,29.06299407810509,37.91
2018-04-04 05:00:00+02:00,20.5,28.476402028745554,38.6
2018-04-04 06:00:00+02:00,26.29,29.780712802079535,39.1
2018-04-04 07:00:00+02:00,32.29,31.894810459034083,39.81
2018-04-04 08:00:00+02:00,36.89,34.879202655322665,40.0
2018-04-04 09:00:00+02:00,37.0,38.27912631787323,46.0
2018-04-04 10:00:00+02:00,35.59,38.431469439363575,49.0
2018-04-04 11:00:00+02:00,31.68,36.78841381429873,50.0
2018-04-04 12:00:00+02:00,30.5,35.12557482905684,50.45
2018-04-04 13:00:00+02:00,30.64,34.20753116036996,49.29
2018-04-04 14:00:00+02:00,28.02,32.570832294918986,46.46
2018-04-04 15:00:00+02:00,27.92,31.160376463908715,40.16
2018-04-04 16:00:00+02:00,27.8,31.522278798760354,38.85
2018-04-04 17:00:00+02:00,28.0,32.94002533653662,40.6
2018-04-04 18:00:00+02:00,31.04,35.422166906298074,45.84
2018-04-04 19:00:00+02:00,38.16,38.93968662378508,53.21
2018-04-04 20:00:00+02:00,43.74,43.25715098414276,52.14
2018-04-04 21:00:00+02:00,49.89,45.34748767925773,46.02
2018-04-04 22:00:00+02:00,43.09,42.01455816093214,45.94
2018-04-04 23:00:00+02:00,42.91,35.59291537389891,42.0
2018-04-05 00:00:00+02:00,36.61,36.76926063137566,27.78
2018-04-05 01:00:00+02:00,34.65,33.9892128625648,26.29
2018-04-05 02:00:00+02:00,33.28,33.43221564692809,20.72
2018-04-05 03:00:00+02:00,32.33,32.25761794692215,15.25
2018-04-05 04:00:00+02:00,32.0,31.39510265369148,12.79
2018-04-05 05:00:00+02:00,33.59,31.971461310620068,20.5
2018-04-05 06:00:00+02:00,36.07,33.3525532977738,26.29
2018-04-05 07:00:00+02:00,47.51,35.70022829824623,32.29
2018-04-05 08:00:00+02:00,50.64,38.8138502180617,36.89
2018-04-05 09:00:00+02:00,49.69,42.10251677444063,37.0
2018-04-05 10:00:00+02:00,45.56,42.69474902078343,35.59
2018-04-05 11:00:00+02:00,42.56,41.36923809043771,31.68
2018-04-05 12:00:00+02:00,43.59,40.337825021924935,30.5
2018-04-05 13:00:00+02:00,44.69,39.922335572504515,30.64
2018-04-05 14:00:00+02:00,43.22,38.58753519536732,28.02
2018-04-05 15:00:00+02:00,43.89,37.83369080983194,27.92
2018-04-05 16:00:00+02:00,43.89,38.494497124698285,27.8
2018-04-05 17:00:00+02:00,43.89,40.2111347767283,28.0
2018-04-05 18:00:00+02:00,40.03,43.1673651117782,31.04
2018-04-05 19:00:00+02:00,43.59,47.240485770612,38.16
2018-04-05 20:00:00+02:00,46.44,51.653782952636874,43.74
2018-04-05 21:00:00+02:00,49.69,54.223702035378736,49.89
2018-04-05 22:00:00+02:00,48.01,50.547014451643435,43.09
2018-04-05 23:00:00+02:00,46.3,45.014379497885955,42.91
2018-04-06 00:00:00+02:00,55.69,39.89554922176735,36.61
2018-04-06 01:00:00+02:00,51.94,37.21547071209793,34.65
2018-04-06 02:00:00+02:00,49.95,36.55705933098321,33.28
2018-04-06 03:00:00+02:00,49.66,35.49362488223196,32.33
2018-04-06 04:00:00+02:00,49.0,34.693459045431524,32.0
2018-04-06 05:00:00+02:00,49.89,35.33256336525062,33.59
2018-04-06 06:00:00+02:00,55.0,36.724090737023296,36.07
2018-04-06 07:00:00+02:00,61.01,39.72971018593737,47.51
2018-04-06 08:00:00+02:00,63.01,42.07748922367595,50.64
2018-04-06 09:00:00+02:00,63.35,44.86569818402363,49.69
2018-04-06 10:00:00+02:00,62.8,45.31060870477134,45.56
2018-04-06 11:00:00+02:00,61.79,44.15749676774636,42.56
2018-04-06 12:00:00+02:00,61.97,43.36303786739693,43.59
2018-04-06 13:00:00+02:00,61.29,42.80167728159766,44.69
2018-04-06 14:00:00+02:00,58.67,41.17315490355384,43.22
2018-04-06 15:00:00+02:00,56.0,40.393107946679166,43.89
2018-04-06 16:00:00+02:00,55.0,40.772503128749456,43.89
2018-04-06 17:00:00+02:00,56.07,42.31173456955476,43.89
2018-04-06 18:00:00+02:00,58.27,44.79991536358961,40.03
2018-04-06 19:00:00+02:00,61.79,49.39097342605836,43.59
2018-04-06 20:00:00+02:00,61.17,53.808868484502476,46.44
2018-04-06 21:00:00+02:00,64.53,56.627506705547624,49.69
2018-04-06 22:00:00+02:00,63.79,53.14606414599506,48.01
2018-04-06 23:00:00+02:00,58.51,47.92815523066426,46.3
2018-04-07 00:00:00+02:00,61.4,53.599969723428494,55.69
2018-04-07 01:00:00+02:00,59.19,49.598211952872674,51.94
2018-04-07 02:00:00+02:00,59.09,48.7825775682261,49.95
2018-04-07 03:00:00+02:00,59.19,47.89621555661728,49.66
2018-04-07 04:00:00+02:00,59.19,47.05814021772649,49.0
2018-04-07 05:00:00+02:00,60.0,47.69139945703946,49.89
2018-04-07 06:00:00+02:00,60.15,49.35278643978639,55.0
2018-04-07 07:00:00+02:00,59.98,52.287288386387594,61.01
2018-04-07 08:00:00+02:00,62.64,54.28358617511585,63.01
2018-04-07 09:00:00+02:00,66.03,56.81114937599498,63.35
2018-04-07 10:00:00+02:00,63.3,57.326113719486614,62.8
2018-04-07 11:00:00+02:00,63.49,56.25053261503859,61.79
2018-04-07 12:00:00+02:00,62.83,55.50560102762326,61.97
2018-04-07 13:00:00+02:00,62.5,54.826246045180746,61.29
2018-04-07 14:00:00+02:00,62.01,53.08714137552266,58.67
2018-04-07 15:00:00+02:00,61.14,52.220676303373835,56.0
2018-04-07 16:00:00+02:00,60.5,52.676299176362,55.0
2018-04-07 17:00:00+02:00,60.83,54.38533429762373,56.07
2018-04-07 18:00:00+02:00,60.83,57.019756595881944,58.27
2018-04-07 19:00:00+02:00,60.38,61.70188263315873,61.79
2018-04-07 20:00:00+02:00,59.93,65.93616041419949,61.17
2018-04-07 21:00:00+02:00,58.59,69.366343729054,64.53
2018-04-07 22:00:00+02:00,62.01,66.26078470727269,63.79
2018-04-07 23:00:00+02:00,58.68,61.212996142808734,58.51
2018-04-08 00:00:00+02:00,69.61,53.60437365032057,61.4
2018-04-08 01:00:00+02:00,66.8,48.55960598216042,59.19
2018-04-08 02:00:00+02:00,65.67,47.05629300919403,59.09
2018-04-08 03:00:00+02:00,64.39,45.69657834835691,59.19
2018-04-08 04:00:00+02:00,63.9,44.41071008633516,59.19
2018-04-08 05:00:00+02:00,63.67,44.61530909375805,60.0
2018-04-08 06:00:00+02:00,62.21,45.81870395656651,60.15
2018-04-08 07:00:00+02:00,62.0,48.37226656644605,59.98
2018-04-08 08:00:00+02:00,62.21,50.4859139051965,62.64
2018-04-08 09:00:00+02:00,65.0,52.92958560559552,66.03
2018-04-08 10:00:00+02:00,66.3,53.02846932060875,63.3
2018-04-08 11:00:00+02:00,67.67,52.28197293795519,63.49
2018-04-08 12:00:00+02:00,68.0,51.43899661081385,62.83
2018-04-08 13:00:00+02:00,69.61,50.70873411985642,62.5
2018-04-08 14:00:00+02:00,69.23,48.92267127138731,62.01
2018-04-08 15:00:00+02:00,66.92,47.785706643810315,61.14
2018-04-08 16:00:00+02:00,65.67,47.95532260840232,60.5
2018-04-08 17:00:00+02:00,64.39,49.46039961107929,60.83
2018-04-08 18:00:00+02:00,63.52,51.810476518687366,60.83
2018-04-08 19:00:00+02:00,63.43,56.10591151187783,60.38
2018-04-08 20:00:00+02:00,64.14,60.15941771015657,59.93
2018-04-08 21:00:00+02:00,65.7,63.372213915122664,58.59
2018-04-08 22:00:00+02:00,65.7,60.977594569332396,62.01
2018-04-08 23:00:00+02:00,64.39,54.926445052154804,58.68
2018-04-09 00:00:00+02:00,68.77,60.328960824180555,69.61
2018-04-09 01:00:00+02:00,67.15,53.905821792927995,66.8
2018-04-09 02:00:00+02:00,64.07,51.91694715984566,65.67
2018-04-09 03:00:00+02:00,61.69,50.462019098956354,64.39
2018-04-09 04:00:00+02:00,61.69,49.26525560990386,63.9
2018-04-09 05:00:00+02:00,62.99,49.463036838580166,63.67
2018-04-09 06:00:00+02:00,68.21,50.58673513140759,62.21
2018-04-09 07:00:00+02:00,73.02,53.30945090378807,62.0
2018-04-09 08:00:00+02:00,74.68,55.65268232969115,62.21
2018-04-09 09:00:00+02:00,74.91,58.48677068068587,65.0
2018-04-09 10:00:00+02:00,74.42,58.933152081741795,66.3
2018-04-09 11:00:00+02:00,74.3,58.5775289534431,67.67
2018-04-09 12:00:00+02:00,74.42,57.885715847720235,68.0
2018-04-09 13:00:00+02:00,74.7,57.35031943757835,69.61
2018-04-09 14:00:00+02:00,74.42,55.381845039457396,69.23
2018-04-09 15:00:00+02:00,73.73,53.73718916747575,66.92
2018-04-09 16:00:00+02:00,73.18,53.57010038957827,65.67
2018-04-09 17:00:00+02:00,72.94,54.752477433323335,64.39
2018-04-09 18:00:00+02:00,73.99,56.961449014173716,63.52
2018-04-09 19:00:00+02:00,75.0,61.248151749956726,63.43
2018-04-09 20:00:00+02:00,75.0,65.57964912405653,64.14
2018-04-09 21:00:00+02:00,73.81,69.31186520978851,65.7
2018-04-09 22:00:00+02:00,73.01,67.77099458780326,65.7
2018-04-09 23:00:00+02:00,71.25,61.99658873355606,64.39
2018-04-10 00:00:00+02:00,65.08,67.6732142465659,68.77
2018-04-10 01:00:00+02:00,62.21,61.00670942258629,67.15
2018-04-10 02:00:00+02:00,61.85,58.4510451458485,64.07
2018-04-10 03:00:00+02:00,61.67,56.965986504942016,61.69
2018-04-10 04:00:00+02:00,61.85,55.98409480042298,61.69
2018-04-10 05:00:00+02:00,61.89,56.216102522223366,62.99
2018-04-10 06:00:00+02:00,74.67,57.63682647704172,68.21
2018-04-10 07:00:00+02:00,80.37,60.219066432827894,73.02
2018-04-10 08:00:00+02:00,81.22,62.30475104222581,74.68
2018-04-10 09:00:00+02:00,82.3,64.95375740758807,74.91
2018-04-10 10:00:00+02:00,79.17,65.5600422380944,74.42
2018-04-10 11:00:00+02:00,76.89,65.35551750647655,74.3
2018-04-10 12:00:00+02:00,75.04,64.75527482744516,74.42
2018-04-10 13:00:00+02:00,75.21,64.2497697191786,74.7
2018-04-10 14:00:00+02:00,74.9,62.3838377666268,74.42
2018-04-10 15:00:00+02:00,74.89,60.70008427041868,73.73
2018-04-10 16:00:00+02:00,74.89,60.423297503437375,73.18
2018-04-10 17:00:00+02:00,77.24,61.51878262081979,72.94
2018-04-10 18:00:00+02:00,80.0,63.76656453221969,73.99
2018-04-10 19:00:00+02:00,80.48,67.88704117003266,75.0
2018-04-10 20:00:00+02:00,84.13,72.13125804379828,75.0
2018-04-10 21:00:00+02:00,79.81,75.8312487018766,73.81
2018-04-10 22:00:00+02:00,76.2,74.84200586790024,73.01
2018-04-10 23:00:00+02:00,71.18,69.50159303431711,71.25
2018-04-11 00:00:00+02:00,69.94,67.17061952052556,65.08
2018-04-11 01:00:00+02:00,67.2,60.79020249346767,62.21
2018-04-11 02:00:00+02:00,63.93,57.88552143332369,61.85
2018-04-11 03:00:00+02:00,58.0,56.066406665271806,61.67
2018-04-11 04:00:00+02:00,54.94,54.85503952101744,61.85
2018-04-11 05:00:00+02:00,54.79,54.79557488065271,61.89
2018-04-11 06:00:00+02:00,54.84,57.14461156874225,74.67
2018-04-11 07:00:00+02:00,54.94,58.98593995101506,80.37
2018-04-11 08:00:00+02:00,54.99,60.54406124054627,81.22
2018-04-11 09:00:00+02:00,58.61,63.09918072591993,82.3
2018-04-11 10:00:00+02:00,62.5,63.51173015432099,79.17
2018-04-11 11:00:00+02:00,62.8,63.46597359237169,76.89
2018-04-11 12:00:00+02:00,58.97,62.98592456106732,75.04
2018-04-11 13:00:00+02:00,56.42,62.68637390759211,75.21
2018-04-11 14:00:00+02:00,54.99,60.92020721977766,74.9
2018-04-11 15:00:00+02:00,52.3,59.22737721335223,74.89
2018-04-11 16:00:00+02:00,52.3,58.755686056691864,74.89
2018-04-11 17:00:00+02:00,62.99,59.81655263373318,77.24
2018-04-11 18:00:00+02:00,67.17,61.84729727165389,80.0
2018-04-11 19:00:00+02:00,68.68,65.37643868477221,80.48
2018-04-11 20:00:00+02:00,64.28,69.62282593743089,84.13
2018-04-11 21:00:00+02:00,64.18,72.39481243920186,79.81
2018-04-11 22:00:00+02:00,60.5,71.5422566594088,76.2
2018-04-11 23:00:00+02:00,54.99,66.54351116191737,71.18
2018-04-12 00:00:00+02:00,64.01,51.20238871637743,69.94
2018-04-12 01:00:00+02:00,60.0,45.296382086614635,67.2
2018-04-12 02:00:00+02:00,58.62,42.487695932464774,63.93
2018-04-12 03:00:00+02:00,58.46,40.527081899096274,58.0
2018-04-12 04:00:00+02:00,58.46,39.49085196435236,54.94
2018-04-12 05:00:00+02:00,60.22,39.44936811178117,54.79
2018-04-12 06:00:00+02:00,64.62,41.22441998824126,54.84
2018-04-12 07:00:00+02:00,68.91,42.626281465254,54.94
2018-04-12 08:00:00+02:00,69.69,43.68299036441294,54.99
2018-04-12 09:00:00+02:00,69.68,45.78005467054358,58.61
2018-04-12 10:00:00+02:00,68.8,45.54824754604,62.5
2018-04-12 11:00:00+02:00,68.79,44.213096430584244,62.8
2018-04-12 12:00:00+02:00,67.75,42.37521434769715,58.97
2018-04-12 13:00:00+02:00,67.51,41.25183933204159,56.42
2018-04-12 14:00:00+02:00,68.01,39.08597481652638,54.99
2018-04-12 15:00:00+02:00,68.64,36.93186716313822,52.3
2018-04-12 16:00:00+02:00,69.02,36.324470055419894,52.3
2018-04-12 17:00:00+02:00,69.83,37.87536639176971,62.99
2018-04-12 18:00:00+02:00,71.19,38.9702619617429,67.17
2018-04-12 19:00:00+02:00,71.42,41.620155543623504,68.68
2018-04-12 20:00:00+02:00,69.04,44.73204647577879,64.28
2018-04-12 21:00:00+02:00,68.91,47.390914213019144,64.18
2018-04-12 22:00:00+02:00,68.25,45.88297802710681,60.5
2018-04-12 23:00:00+02:00,67.2,40.731058346235415,54.99
2018-04-13 00:00:00+02:00,59.5,64.34605982680802,64.01
2018-04-13 01:00:00+02:00,55.6,57.863160067944406,60.0
2018-04-13 02:00:00+02:00,51.95,55.175733309758066,58.62
2018-04-13 03:00:00+02:00,50.52,53.50954260918037,58.46
2018-04-13 04:00:00+02:00,50.1,52.718633335846164,58.46
2018-04-13 05:00:00+02:00,51.35,53.08116952927957,60.22
2018-04-13 06:00:00+02:00,57.0,55.31794972187345,64.62
2018-04-13 07:00:00+02:00,59.99,57.17117240653742,68.91
2018-04-13 08:00:00+02:00,64.1,58.41659367860065,69.69
2018-04-13 09:00:00+02:00,65.04,60.82963601581309,69.68
2018-04-13 10:00:00+02:00,61.88,61.24445758913131,68.8
2018-04-13 11:00:00+02:00,61.61,60.65405849118491,68.79
2018-04-13 12:00:00+02:00,61.64,59.360300879636576,67.75
2018-04-13 13:00:00+02:00,61.61,58.809267626942315,67.51
2018-04-13 14:00:00+02:00,60.62,57.34776681644606,68.01
2018-04-13 15:00:00+02:00,59.59,55.742383508031,68.64
2018-04-13 16:00:00+02:00,59.59,55.48196759069478,69.02
2018-04-13 17:00:00+02:00,57.42,57.35362125241809,69.83
2018-04-13 18:00:00+02:00,55.43,58.98138233673725,71.19
2018-04-13 19:00:00+02:00,56.5,61.84977584094106,71.42
2018-04-13 20:00:00+02:00,61.64,65.09660897736421,69.04
2018-04-13 21:00:00+02:00,69.0,68.36065827091345,68.91
2018-04-13 22:00:00+02:00,62.9,67.56353067881538,68.25
2018-04-13 23:00:00+02:00,60.62,62.68475708030951,67.2
2018-04-14 00:00:00+02:00,56.35,57.2439236110368,59.5
2018-04-14 01:00:00+02:00,53.89,50.87718429771675,55.6
2018-04-14 02:00:00+02:00,52.28,47.26431421338748,51.95
2018-04-14 03:00:00+02:00,51.8,45.1372927881125,50.52
2018-04-14 04:00:00+02:00,50.83,43.99143749301069,50.1
2018-04-14 05:00:00+02:00,50.1,44.14552742986844,51.35
2018-04-14 06:00:00+02:00,50.83,46.50062497049042,57.0
2018-04-14 07:00:00+02:00,49.58,48.06809102887278,59.99
2018-04-14 08:00:00+02:00,47.43,49.318847182340676,64.1
2018-04-14 09:00:00+02:00,54.61,51.29724578592667,65.04
2018-04-14 10:00:00+02:00,56.21,51.58129178883779,61.88
2018-04-14 11:00:00+02:00,55.6,51.548461752278214,61.61
2018-04-14 12:00:00+02:00,53.61,50.57025908726058,61.64
2018-04-14 13:00:00+02:00,52.49,50.06584990189992,61.61
2018-04-14 14:00:00+02:00,51.01,48.52742160467729,60.62
2018-04-14 15:00:00+02:00,44.5,46.632119688238866,59.59
2018-04-14 16:00:00+02:00,42.22,45.95060124893594,59.59
2018-04-14 17:00:00+02:00,39.1,47.148349841069866,57.42
2018-04-14 18:00:00+02:00,42.32,48.56660295780423,55.43
2018-04-14 19:00:00+02:00,43.59,51.52487125445185,56.5
2018-04-14 20:00:00+02:00,49.39,55.17190830029651,61.64
2018-04-14 21:00:00+02:00,55.43,58.912404997336,69.0
2018-04-14 22:00:00+02:00,51.8,57.70222410017002,62.9
2018-04-14 23:00:00+02:00,47.43,53.88550905183598,60.62
2018-04-15 00:00:00+02:00,37.71,43.68797347869294,56.35
2018-04-15 01:00:00+02:00,36.1,37.83932502385657,53.89
2018-04-15 02:00:00+02:00,32.07,34.45645462897413,52.28
2018-04-15 03:00:00+02:00,31.67,32.51255577723888,51.8
2018-04-15 04:00:00+02:00,30.0,31.292802492481442,50.83
2018-04-15 05:00:00+02:00,29.5,31.270463667694607,50.1
2018-04-15 06:00:00+02:00,31.37,33.32255284888186,50.83
2018-04-15 07:00:00+02:00,31.77,34.55611546005551,49.58
2018-04-15 08:00:00+02:00,31.87,35.54729664461927,47.43
2018-04-15 09:00:00+02:00,36.3,38.014978496987666,54.61
2018-04-15 10:00:00+02:00,38.38,37.646828041217546,56.21
2018-04-15 11:00:00+02:00,40.35,36.874440744351986,55.6
2018-04-15 12:00:00+02:00,40.0,35.33453100214952,53.61
2018-04-15 13:00:00+02:00,39.0,34.45591716627173,52.49
2018-04-15 14:00:00+02:00,37.2,32.75661526083017,51.01
2018-04-15 15:00:00+02:00,36.3,30.494019615241935,44.5
2018-04-15 16:00:00+02:00,31.87,30.166627883032582,42.22
2018-04-15 17:00:00+02:00,32.5,31.197727912597593,39.1
2018-04-15 18:00:00+02:00,32.33,33.04192191401385,42.32
2018-04-15 19:00:00+02:00,35.0,35.5081668174301,43.59
2018-04-15 20:00:00+02:00,45.0,39.04191746847574,49.39
2018-04-15 21:00:00+02:00,61.53,42.187535510262634,55.43
2018-04-15 22:00:00+02:00,59.98,39.80181591128476,51.8
2018-04-15 23:00:00+02:00,51.8,35.5447924859393,47.43
2018-04-16 00:00:00+02:00,45.23,48.7220121768691,37.71
2018-04-16 01:00:00+02:00,36.1,44.27173420617629,36.1
2018-04-16 02:00:00+02:00,34.0,41.04637590921801,32.07
2018-04-16 03:00:00+02:00,33.4,39.75183660582642,31.67
2018-04-16 04:00:00+02:00,32.94,38.88411866646992,30.0
2018-04-16 05:00:00+02:00,37.4,39.360122195153124,29.5
2018-04-16 06:00:00+02:00,47.2,41.96550603518699,31.37
2018-04-16 07:00:00+02:00,56.1,43.66098796007173,31.77
2018-04-16 08:00:00+02:00,57.09,45.142639721007356,31.87
2018-04-16 09:00:00+02:00,57.1,48.365716893353444,36.3
2018-04-16 10:00:00+02:00,55.74,48.58036003326856,38.38
2018-04-16 11:00:00+02:00,52.97,48.3774438785224,40.35
2018-04-16 12:00:00+02:00,51.81,47.243848963829855,40.0
2018-04-16 13:00:00+02:00,49.99,46.774487338815106,39.0
2018-04-16 14:00:00+02:00,46.3,45.59434325822805,37.2
2018-04-16 15:00:00+02:00,45.79,43.972548737423566,36.3
2018-04-16 16:00:00+02:00,44.51,43.733031022315146,31.87
2018-04-16 17:00:00+02:00,45.74,45.64528468591971,32.5
2018-04-16 18:00:00+02:00,48.49,48.055451541738734,32.33
2018-04-16 19:00:00+02:00,52.84,51.42477098915047,35.0
2018-04-16 20:00:00+02:00,55.0,56.27982264578589,45.0
2018-04-16 21:00:00+02:00,60.02,60.85412499335228,61.53
2018-04-16 22:00:00+02:00,55.9,58.21299078602711,59.98
2018-04-16 23:00:00+02:00,53.0,54.5693353216099,51.8
2018-04-17 00:00:00+02:00,44.54,49.42609046469647,45.23
2018-04-17 01:00:00+02:00,43.68,44.97289585500466,36.1
2018-04-17 02:00:00+02:00,42.08,42.42876328508895,34.0
2018-04-17 03:00:00+02:00,40.68,41.33024333760184,33.4
2018-04-17 04:00:00+02:00,40.5,40.59482973638009,32.94
2018-04-17 05:00:00+02:00,42.97,41.49288248621962,37.4
2018-04-17 06:00:00+02:00,48.01,44.46861812440002,47.2
2018-04-17 07:00:00+02:00,54.88,46.21900634250635,56.1
2018-04-17 08:00:00+02:00,56.0,47.03679626313465,57.09
2018-04-17 09:00:00+02:00,55.6,49.91188043630553,57.1
2018-04-17 10:00:00+02:00,55.0,50.15000680837336,55.74
2018-04-17 11:00:00+02:00,53.9,49.734784665425565,52.97
2018-04-17 12:00:00+02:00,54.39,48.64197606373978,51.81
2018-04-17 13:00:00+02:00,54.0,47.894339429299364,49.99
2018-04-17 14:00:00+02:00,52.28,46.41949441732061,46.3
2018-04-17 15:00:00+02:00,52.03,44.92618865560847,45.79
2018-04-17 16:00:00+02:00,52.02,44.3646043307027,44.51
2018-04-17 17:00:00+02:00,53.25,46.10527437796411,45.74
2018-04-17 18:00:00+02:00,53.01,48.40744692704267,48.49
2018-04-17 19:00:00+02:00,55.06,51.644432118220344,52.84
2018-04-17 20:00:00+02:00,58.51,56.00186479298133,55.0
2018-04-17 21:00:00+02:00,66.61,60.645415229724655,60.02
2018-04-17 22:00:00+02:00,58.0,57.754086947386156,55.9
2018-04-17 23:00:00+02:00,54.95,53.776834640479365,53.0
2018-04-18 00:00:00+02:00,54.54,50.799045840253825,44.54
2018-04-18 01:00:00+02:00,54.01,46.86604975258513,43.68
2018-04-18 02:00:00+02:00,52.52,43.9816359552219,42.08
2018-04-18 03:00:00+02:00,50.42,42.56617371583823,40.68
2018-04-18 04:00:00+02:00,48.0,41.70183707083072,40.5
2018-04-18 05:00:00+02:00,49.3,42.514455202487845,42.97
2018-04-18 06:00:00+02:00,52.52,45.38094683945777,48.01
2018-04-18 07:00:00+02:00,54.5,47.25949457737581,54.88
2018-04-18 08:00:00+02:00,55.43,47.58238236630031,56.0
2018-04-18 09:00:00+02:00,55.0,50.04072437872757,55.6
2018-04-18 10:00:00+02:00,54.33,50.42059241762032,55.0
2018-04-18 11:00:00+02:00,52.01,50.03463186433983,53.9
2018-04-18 12:00:00+02:00,51.35,49.15823316542375,54.39
2018-04-18 13:00:00+02:00,50.0,48.3597054506564,54.0
2018-04-18 14:00:00+02:00,46.95,46.8671859735174,52.28
2018-04-18 15:00:00+02:00,47.43,45.537384462237945,52.03
2018-04-18 16:00:00+02:00,47.99,44.96015758745155,52.02
2018-04-18 17:00:00+02:00,48.08,46.6195788479489,53.25
2018-04-18 18:00:00+02:00,48.01,48.7354677434574,53.01
2018-04-18 19:00:00+02:00,50.0,52.0464241055782,55.06
2018-04-18 20:00:00+02:00,53.52,56.388898780031546,58.51
2018-04-18 21:00:00+02:00,55.1,61.329942029324755,66.61
2018-04-18 22:00:00+02:00,53.52,57.58946238693576,58.0
2018-04-18 23:00:00+02:00,50.0,54.03498300243021,54.95
2018-04-19 00:00:00+02:00,46.5,45.87654719061948,54.54
2018-04-19 01:00:00+02:00,45.22,41.70721245066845,54.01
2018-04-19 02:00:00+02:00,45.01,38.42439328910332,52.52
2018-04-19 03:00:00+02:00,43.67,36.6093104394574,50.42
2018-04-19 04:00:00+02:00,42.74,35.46767911178638,48.0
2018-04-19 05:00:00+02:00,44.95,36.275505388071274,49.3
2018-04-19 06:00:00+02:00,45.57,38.980991707759436,52.52
2018-04-19 07:00:00+02:00,50.0,40.67124447127909,54.5
2018-04-19 08:00:00+02:00,50.99,40.86530968583135,55.43
2018-04-19 09:00:00+02:00,51.0,42.857567766006575,55.0
2018-04-19 10:00:00+02:00,48.64,43.18984093758444,54.33
2018-04-19 11:00:00+02:00,46.0,42.55685495368893,52.01
2018-04-19 12:00:00+02:00,45.99,41.65891065070388,51.35
2018-04-19 13:00:00+02:00,45.49,40.59800135928324,50.0
2018-04-19 14:00:00+02:00,44.5,38.788290582591586,46.95
2018-04-19 15:00:00+02:00,43.59,37.501406598766295,47.43
2018-04-19 16:00:00+02:00,42.42,36.649366535473945,47.99
2018-04-19 17:00:00+02:00,42.64,37.825639052755974,48.08
2018-04-19 18:00:00+02:00,44.51,39.6188190106907,48.01
2018-04-19 19:00:00+02:00,47.84,42.750772788026985,50.0
2018-04-19 20:00:00+02:00,50.31,46.89482499274951,53.52
2018-04-19 21:00:00+02:00,52.52,51.37551978623341,55.1
2018-04-19 22:00:00+02:00,47.19,47.83577035835766,53.52
2018-04-19 23:00:00+02:00,45.0,43.881154702422236,50.0
2018-04-20 00:00:00+02:00,37.13,40.589122450916136,46.5
2018-04-20 01:00:00+02:00,36.41,36.458779511752496,45.22
2018-04-20 02:00:00+02:00,35.81,33.06027535846813,45.01
2018-04-20 03:00:00+02:00,35.11,30.876614421263742,43.67
2018-04-20 04:00:00+02:00,35.0,29.542140341143135,42.74
2018-04-20 05:00:00+02:00,35.31,30.301267895477945,44.95
2018-04-20 06:00:00+02:00,42.28,32.58203633779532,45.57
2018-04-20 07:00:00+02:00,47.49,34.533054545465355,50.0
2018-04-20 08:00:00+02:00,49.97,34.50011092321116,50.99
2018-04-20 09:00:00+02:00,48.69,36.16206031869053,51.0
2018-04-20 10:00:00+02:00,43.41,36.34679741903605,48.64
2018-04-20 11:00:00+02:00,42.19,35.71919938856493,46.0
2018-04-20 12:00:00+02:00,40.72,35.03954935443488,45.99
2018-04-20 13:00:00+02:00,38.08,33.95374672369139,45.49
2018-04-20 14:00:00+02:00,35.51,32.152196168276404,44.5
2018-04-20 15:00:00+02:00,34.69,30.82024413228882,43.59
2018-04-20 16:00:00+02:00,34.15,29.89526227272902,42.42
2018-04-20 17:00:00+02:00,36.71,30.984945950197186,42.64
2018-04-20 18:00:00+02:00,40.01,32.80853647450483,44.51
2018-04-20 19:00:00+02:00,41.72,35.87701727215594,47.84
2018-04-20 20:00:00+02:00,44.69,39.75283165618269,50.31
2018-04-20 21:00:00+02:00,46.18,44.03070487411969,52.52
2018-04-20 22:00:00+02:00,43.69,40.37779896157026,47.19
2018-04-20 23:00:00+02:00,42.01,36.45982960120271,45.0
2018-04-21 00:00:00+02:00,42.0,37.38274075186557,37.13
2018-04-21 01:00:00+02:00,40.78,34.06901894165936,36.41
2018-04-21 02:00:00+02:00,35.2,30.915359937184004,35.81
2018-04-21 03:00:00+02:00,34.85,28.844746763348557,35.11
2018-04-21 04:00:00+02:00,34.69,27.690297518863925,35.0
2018-04-21 05:00:00+02:00,34.5,28.498840867692216,35.31
2018-04-21 06:00:00+02:00,33.69,31.366040558863375,42.28
2018-04-21 07:00:00+02:00,31.77,33.35305144716352,47.49
2018-04-21 08:00:00+02:00,33.69,33.307470932155546,49.97
2018-04-21 09:00:00+02:00,36.1,34.51351565643091,48.69
2018-04-21 10:00:00+02:00,40.88,34.42621088304469,43.41
2018-04-21 11:00:00+02:00,41.41,34.15238387324114,42.19
2018-04-21 12:00:00+02:00,39.99,33.42722158058182,40.72
2018-04-21 13:00:00+02:00,40.43,32.181740134800165,38.08
2018-04-21 14:00:00+02:00,38.0,30.33182305627498,35.51
2018-04-21 15:00:00+02:00,35.2,29.007084567635676,34.69
2018-04-21 16:00:00+02:00,35.0,27.987522026852474,34.15
2018-04-21 17:00:00+02:00,35.5,29.10910830739625,36.71
2018-04-21 18:00:00+02:00,35.8,30.930757671771666,40.01
2018-04-21 19:00:00+02:00,41.24,33.80409920987703,41.72
2018-04-21 20:00:00+02:00,43.89,37.801895743871114,44.69
2018-04-21 21:00:00+02:00,47.69,42.08905170367853,46.18
2018-04-21 22:00:00+02:00,44.92,38.967940210796215,43.69
2018-04-21 23:00:00+02:00,43.69,35.378792457779426,42.01
2018-04-22 00:00:00+02:00,43.89,39.32064877300708,42.0
2018-04-22 01:00:00+02:00,41.31,35.847065466257526,40.78
2018-04-22 02:00:00+02:00,41.05,32.219084492994085,35.2
2018-04-22 03:00:00+02:00,39.72,30.377923632671695,34.85
2018-04-22 04:00:00+02:00,37.5,29.145498249403452,34.69
2018-04-22 05:00:00+02:00,38.81,29.815185876382934,34.5
2018-04-22 06:00:00+02:00,39.5,32.584156145004066,33.69
2018-04-22 07:00:00+02:00,38.81,34.78194590201424,31.77
2018-04-22 08:00:00+02:00,39.97,35.54763223009013,33.69
2018-04-22 09:00:00+02:00,42.42,37.07715655240867,36.1
2018-04-22 10:00:00+02:00,43.69,37.70517932593762,40.88
2018-04-22 11:00:00+02:00,43.69,37.57699508886382,41.41
2018-04-22 12:00:00+02:00,42.0,37.189621711187264,39.99
2018-04-22 13:00:00+02:00,39.54,36.609675543597454,40.43
2018-04-22 14:00:00+02:00,41.42,34.98678765796001,38.0
2018-04-22 15:00:00+02:00,35.45,33.8718678763148,35.2
2018-04-22 16:00:00+02:00,35.15,33.22303362224007,35.0
2018-04-22 17:00:00+02:00,35.11,34.32675092546275,35.5
2018-04-22 18:00:00+02:00,36.0,36.096472800783914,35.8
2018-04-22 19:00:00+02:00,38.0,39.33108912481263,41.24
2018-04-22 20:00:00+02:00,43.69,43.04284476812474,43.89
2018-04-22 21:00:00+02:00,53.24,47.42972833668631,47.69
2018-04-22 22:00:00+02:00,50.0,44.469285673153024,44.92
2018-04-22 23:00:00+02:00,45.0,41.13458169572521,43.69
2018-04-23 00:00:00+02:00,51.84,41.470734361206404,43.89
2018-04-23 01:00:00+02:00,48.97,37.920242657686735,41.31
2018-04-23 02:00:00+02:00,45.07,34.75690538859574,41.05
2018-04-23 03:00:00+02:00,44.01,32.99837604553742,39.72
2018-04-23 04:00:00+02:00,45.0,31.895177629493183,37.5
2018-04-23 05:00:00+02:00,45.07,32.893727168802315,38.81
2018-04-23 06:00:00+02:00,51.53,35.543060348045,39.5
2018-04-23 07:00:00+02:00,51.43,37.65173802908251,38.81
2018-04-23 08:00:00+02:00,53.73,38.62822666941775,39.97
2018-04-23 09:00:00+02:00,54.5,40.12827255290818,42.42
2018-04-23 10:00:00+02:00,54.3,40.562136953195434,43.69
2018-04-23 11:00:00+02:00,53.73,40.148182086074556,43.69
2018-04-23 12:00:00+02:00,53.6,39.360866911040084,42.0
2018-04-23 13:00:00+02:00,52.5,38.46857693845218,39.54
2018-04-23 14:00:00+02:00,51.53,37.120061828808176,41.42
2018-04-23 15:00:00+02:00,50.69,35.25403578032825,35.45
2018-04-23 16:00:00+02:00,50.0,35.02411328565591,35.15
2018-04-23 17:00:00+02:00,48.08,36.180468274569876,35.11
2018-04-23 18:00:00+02:00,45.99,38.1601206378433,36.0
2018-04-23 19:00:00+02:00,48.01,41.58150298233267,38.0
2018-04-23 20:00:00+02:00,50.69,45.78449669041043,43.69
2018-04-23 21:00:00+02:00,54.1,50.64643025430956,53.24
2018-04-23 22:00:00+02:00,51.12,47.39487021133391,50.0
2018-04-23 23:00:00+02:00,50.0,44.36629344760333,45.0
2018-04-24 00:00:00+02:00,45.49,46.99865312730885,51.84
2018-04-24 01:00:00+02:00,44.0,42.64036217661199,48.97
2018-04-24 02:00:00+02:00,42.1,39.21774669550507,45.07
2018-04-24 03:00:00+02:00,42.0,37.509182666361376,44.01
2018-04-24 04:00:00+02:00,42.0,36.48236438127205,45.0
2018-04-24 05:00:00+02:00,43.6,37.181000316374195,45.07
2018-04-24 06:00:00+02:00,48.01,40.15471385254054,51.53
2018-04-24 07:00:00+02:00,50.0,41.730907823213926,51.43
2018-04-24 08:00:00+02:00,52.01,42.90648565677486,53.73
2018-04-24 09:00:00+02:00,53.6,44.20316533755974,54.5
2018-04-24 10:00:00+02:00,52.01,44.57640960784053,54.3
2018-04-24 11:00:00+02:00,50.69,44.149646181775466,53.73
2018-04-24 12:00:00+02:00,50.69,43.38135032781343,53.6
2018-04-24 13:00:00+02:00,50.0,42.36660149109205,52.5
2018-04-24 14:00:00+02:00,49.1,41.00546588447545,51.53
2018-04-24 15:00:00+02:00,47.4,39.142702298425704,50.69
2018-04-24 16:00:00+02:00,46.01,38.735312726723116,50.0
2018-04-24 17:00:00+02:00,47.3,39.603621076042245,48.08
2018-04-24 18:00:00+02:00,46.86,41.429656142280855,45.99
2018-04-24 19:00:00+02:00,48.36,45.0264917681478,48.01
2018-04-24 20:00:00+02:00,51.98,49.19702752503059,50.69
2018-04-24 21:00:00+02:00,54.53,54.01974455410458,54.1
2018-04-24 22:00:00+02:00,52.0,50.868117142551114,51.12
2018-04-24 23:00:00+02:00,50.69,47.593747871418245,50.0
2018-04-25 00:00:00+02:00,45.0,47.61849937915187,45.49
2018-04-25 01:00:00+02:00,42.17,43.50837688684567,44.0
2018-04-25 02:00:00+02:00,46.37,39.542574200151286,42.1
2018-04-25 03:00:00+02:00,46.0,37.21196907919519,42.0
2018-04-25 04:00:00+02:00,45.12,35.523644372563695,42.0
2018-04-25 05:00:00+02:00,43.87,35.724014949661296,43.6
2018-04-25 06:00:00+02:00,47.47,38.47948794522944,48.01
2018-04-25 07:00:00+02:00,51.98,39.80503738079113,50.0
2018-04-25 08:00:00+02:00,52.69,40.972813206794406,52.01
2018-04-25 09:00:00+02:00,53.1,42.164436644127306,53.6
2018-04-25 10:00:00+02:00,52.69,42.42870464330805,52.01
2018-04-25 11:00:00+02:00,52.45,42.35722057674531,50.69
2018-04-25 12:00:00+02:00,52.0,42.15902976216099,50.69
2018-04-25 13:00:00+02:00,52.01,41.525311330573636,50.0
2018-04-25 14:00:00+02:00,48.0,40.5129282521331,49.1
2018-04-25 15:00:00+02:00,42.09,38.755120361067895,47.4
2018-04-25 16:00:00+02:00,42.08,38.21803546023333,46.01
2018-04-25 17:00:00+02:00,40.69,39.037233942333856,47.3
2018-04-25 18:00:00+02:00,39.65,40.466693247339606,46.86
2018-04-25 19:00:00+02:00,40.44,43.99974986879973,48.36
2018-04-25 20:00:00+02:00,40.69,48.346003246735926,51.98
2018-04-25 21:00:00+02:00,47.09,53.226884205327565,54.53
2018-04-25 22:00:00+02:00,40.69,50.57351954133335,52.0
2018-04-25 23:00:00+02:00,38.27,47.779753935378565,50.69
2018-04-26 00:00:00+02:00,36.88,34.26757777490933,45.0
2018-04-26 01:00:00+02:00,35.57,30.07432631606432,42.17
2018-04-26 02:00:00+02:00,34.3,26.66707843144291,46.37
2018-04-26 03:00:00+02:00,34.31,23.96795411210536,46.0
2018-04-26 04:00:00+02:00,34.31,22.243308590113223,45.12
2018-04-26 05:00:00+02:00,35.27,22.2385270711411,43.87
2018-04-26 06:00:00+02:00,37.0,24.96455842444178,47.47
2018-04-26 07:00:00+02:00,44.5,26.194619645559495,51.98
2018-04-26 08:00:00+02:00,46.01,26.6256646271577,52.69
2018-04-26 09:00:00+02:00,49.77,27.32840258203845,53.1
2018-04-26 10:00:00+02:00,49.77,27.033053916256947,52.69
2018-04-26 11:00:00+02:00,50.0,26.25427621015979,52.45
2018-04-26 12:00:00+02:00,50.21,25.158477151616523,52.0
2018-04-26 13:00:00+02:00,51.36,23.70417353442092,52.01
2018-04-26 14:00:00+02:00,50.03,21.549799939201367,48.0
2018-04-26 15:00:00+02:00,51.33,19.027405994027063,42.09
2018-04-26 16:00:00+02:00,51.43,18.408112532416045,42.08
2018-04-26 17:00:00+02:00,51.43,18.6945503598291,40.69
2018-04-26 18:00:00+02:00,50.5,19.7748085477431,39.65
2018-04-26 19:00:00+02:00,52.0,22.87086497982867,40.44
2018-04-26 20:00:00+02:00,54.53,26.592642293141303,40.69
2018-04-26 21:00:00+02:00,56.89,31.289483446252127,47.09
2018-04-26 22:00:00+02:00,54.02,27.49841807463472,40.69
2018-04-26 23:00:00+02:00,50.53,24.295546812799564,38.27
2018-04-27 00:00:00+02:00,53.69,47.350091840220635,36.88
2018-04-27 01:00:00+02:00,51.73,43.6841903341428,35.57
2018-04-27 02:00:00+02:00,49.5,40.6970814890099,34.3
2018-04-27 03:00:00+02:00,46.69,38.520578683764825,34.31
2018-04-27 04:00:00+02:00,45.99,37.19679717751859,34.31
2018-04-27 05:00:00+02:00,47.1,37.60160497494488,35.27
2018-04-27 06:00:00+02:00,52.01,40.63912334974793,37.0
2018-04-27 07:00:00+02:00,53.4,42.95722597180766,44.5
2018-04-27 08:00:00+02:00,54.08,43.484267394996536,46.01
2018-04-27 09:00:00+02:00,54.47,44.79482164841168,49.77
2018-04-27 10:00:00+02:00,54.17,44.75713384530412,49.77
2018-04-27 11:00:00+02:00,52.69,44.499627017451395,50.0
2018-04-27 12:00:00+02:00,52.69,43.91697515347323,50.21
2018-04-27 13:00:00+02:00,51.73,43.05824042482988,51.36
2018-04-27 14:00:00+02:00,50.23,41.24342677091893,50.03
2018-04-27 15:00:00+02:00,49.46,39.442163264326915,51.33
2018-04-27 16:00:00+02:00,47.02,39.06059343724731,51.43
2018-04-27 17:00:00+02:00,45.1,39.71842420040451,51.43
2018-04-27 18:00:00+02:00,42.14,41.12842448470697,50.5
2018-04-27 19:00:00+02:00,44.01,44.73679731242038,52.0
2018-04-27 20:00:00+02:00,48.71,48.989620286565845,54.53
2018-04-27 21:00:00+02:00,52.01,54.08726859809873,56.89
2018-04-27 22:00:00+02:00,49.77,51.059233747936986,54.02
2018-04-27 23:00:00+02:00,45.0,48.40163508565506,50.53
2018-04-28 00:00:00+02:00,44.58,42.63784944128864,53.69
2018-04-28 01:00:00+02:00,40.1,38.3770424617791,51.73
2018-04-28 02:00:00+02:00,39.93,34.72899707941817,49.5
2018-04-28 03:00:00+02:00,44.01,31.622255370529352,46.69
2018-04-28 04:00:00+02:00,46.01,29.565323584254127,45.99
2018-04-28 05:00:00+02:00,46.01,29.23937080054855,47.1
2018-04-28 06:00:00+02:00,47.94,31.84457546277217,52.01
2018-04-28 07:00:00+02:00,47.93,33.56600229951973,53.4
2018-04-28 08:00:00+02:00,46.01,33.85502787727014,54.08
2018-04-28 09:00:00+02:00,49.71,34.809994460822175,54.47
2018-04-28 10:00:00+02:00,49.6,34.658926043040374,54.17
2018-04-28 11:00:00+02:00,48.48,34.35087571362371,52.69
2018-04-28 12:00:00+02:00,48.5,34.11064662310969,52.69
2018-04-28 13:00:00+02:00,47.64,33.42960902479287,51.73
2018-04-28 14:00:00+02:00,42.99,31.78547141799327,50.23
2018-04-28 15:00:00+02:00,34.34,30.049228620956768,49.46
2018-04-28 16:00:00+02:00,33.63,29.224249521387595,47.02
2018-04-28 17:00:00+02:00,32.5,29.474204479319404,45.1
2018-04-28 18:00:00+02:00,33.63,30.330301008518397,42.14
2018-04-28 19:00:00+02:00,35.37,33.87686836877161,44.01
2018-04-28 20:00:00+02:00,45.93,38.16053006480159,48.71
2018-04-28 21:00:00+02:00,50.23,43.03970117704815,52.01
2018-04-28 22:00:00+02:00,49.01,40.26124604344768,49.77
2018-04-28 23:00:00+02:00,48.35,37.59026809887539,45.0
2018-04-29 00:00:00+02:00,47.94,45.525077875110206,44.58
2018-04-29 01:00:00+02:00,39.0,41.101295258609056,40.1
2018-04-29 02:00:00+02:00,34.31,38.05000603411472,39.93
2018-04-29 03:00:00+02:00,34.34,35.857158153424386,44.01
2018-04-29 04:00:00+02:00,33.95,34.194070027686855,46.01
2018-04-29 05:00:00+02:00,33.8,34.107507742833576,46.01
2018-04-29 06:00:00+02:00,33.8,37.00599273365527,47.94
2018-04-29 07:00:00+02:00,29.6,38.91246778961572,47.93
2018-04-29 08:00:00+02:00,26.99,39.42061171039911,46.01
2018-04-29 09:00:00+02:00,32.38,41.07304815222306,49.71
2018-04-29 10:00:00+02:00,32.38,40.95057783646741,49.6
2018-04-29 11:00:00+02:00,29.69,40.624677435372675,48.48
2018-04-29 12:00:00+02:00,22.45,40.40294365278939,48.5
2018-04-29 13:00:00+02:00,12.84,39.616176824642416,47.64
2018-04-29 14:00:00+02:00,8.0,37.74237729089459,42.99
2018-04-29 15:00:00+02:00,5.09,35.809395641468214,34.34
2018-04-29 16:00:00+02:00,5.0,35.88700673316673,33.63
2018-04-29 17:00:00+02:00,6.37,36.53542660359136,32.5
2018-04-29 18:00:00+02:00,8.0,38.018838506665254,33.63
2018-04-29 19:00:00+02:00,14.0,41.73498366634143,35.37
2018-04-29 20:00:00+02:00,33.68,46.86355151468552,45.93
2018-04-29 21:00:00+02:00,44.44,51.20442382932679,50.23
2018-04-29 22:00:00+02:00,45.0,48.3858461297182,49.01
2018-04-29 23:00:00+02:00,40.0,45.09980583048478,48.35
2018-04-30 00:00:00+02:00,35.17,38.24371973218686,47.94
2018-04-30 01:00:00+02:00,30.0,33.48035276815785,39.0
2018-04-30 02:00:00+02:00,22.45,30.65393690912171,34.31
2018-04-30 03:00:00+02:00,22.45,28.602174645849757,34.34
2018-04-30 04:00:00+02:00,30.0,26.519099081019633,33.95
2018-04-30 05:00:00+02:00,33.8,25.94389751626838,33.8
2018-04-30 06:00:00+02:00,35.67,28.3873918227879,33.8
2018-04-30 07:00:00+02:00,44.02,29.936224937506324,29.6
2018-04-30 08:00:00+02:00,47.23,30.69846676941915,26.99
2018-04-30 09:00:00+02:00,48.48,33.05326892333907,32.38
2018-04-30 10:00:00+02:00,48.23,32.7119048764243,32.38
2018-04-30 11:00:00+02:00,49.0,32.30107121409745,29.69
2018-04-30 12:00:00+02:00,48.39,31.95583988564275,22.45
2018-04-30 13:00:00+02:00,48.54,31.317193070677288,12.84
2018-04-30 14:00:00+02:00,48.23,30.23530489364002,8.0
2018-04-30 15:00:00+02:00,47.01,28.66229947700025,5.09
2018-04-30 16:00:00+02:00,46.23,28.849207641061295,5.0
2018-04-30 17:00:00+02:00,45.4,29.419880137981803,6.37
2018-04-30 18:00:00+02:00,44.0,30.653407548655473,8.0
2018-04-30 19:00:00+02:00,45.0,34.472651408402974,14.0
2018-04-30 20:00:00+02:00,47.23,40.87651850308189,33.68
2018-04-30 21:00:00+02:00,50.0,44.79952559663836,44.44
2018-04-30 22:00:00+02:00,48.54,42.02436126952461,45.0
2018-04-30 23:00:00+02:00,47.01,39.132696631538444,40.0
2018-05-01 00:00:00+02:00,30.0,44.347905201857586,35.17
2018-05-01 01:00:00+02:00,11.73,39.70870933863446,30.0
2018-05-01 02:00:00+02:00,6.86,36.6556753981545,22.45
2018-05-01 03:00:00+02:00,5.0,35.501188448673744,22.45
2018-05-01 04:00:00+02:00,5.0,34.62521737050251,30.0
2018-05-01 05:00:00+02:00,13.51,34.17353828434501,33.8
2018-05-01 06:00:00+02:00,23.96,36.52222080322363,35.67
2018-05-01 07:00:00+02:00,40.1,38.90143548008132,44.02
2018-05-01 08:00:00+02:00,49.34,39.51248017536291,47.23
2018-05-01 09:00:00+02:00,51.73,41.62532067918314,48.48
2018-05-01 10:00:00+02:00,53.27,41.497277344924726,48.23
2018-05-01 11:00:00+02:00,52.02,41.22700507343113,49.0
2018-05-01 12:00:00+02:00,51.95,40.67842735916271,48.39
2018-05-01 13:00:00+02:00,52.02,39.98334638842786,48.54
2018-05-01 14:00:00+02:00,51.95,38.796059118737276,48.23
2018-05-01 15:00:00+02:00,52.53,37.21720215871313,47.01
2018-05-01 16:00:00+02:00,53.99,37.43067279870151,46.23
2018-05-01 17:00:00+02:00,56.35,38.2654843990002,45.4
2018-05-01 18:00:00+02:00,58.19,39.763297869902125,44.0
2018-05-01 19:00:00+02:00,58.76,43.8234462551279,45.0
2018-05-01 20:00:00+02:00,60.58,50.10951923440011,47.23
2018-05-01 21:00:00+02:00,61.01,54.281880164141135,50.0
2018-05-01 22:00:00+02:00,58.05,51.56947677875074,48.54
2018-05-01 23:00:00+02:00,55.01,48.08977277302018,47.01
2018-05-02 00:00:00+02:00,58.09,51.41852701611355,30.0
2018-05-02 01:00:00+02:00,49.59,46.98604866746325,11.73
2018-05-02 02:00:00+02:00,44.78,45.21538822493058,6.86
2018-05-02 03:00:00+02:00,44.35,44.51578807963057,5.0
2018-05-02 04:00:00+02:00,44.35,44.03184869673389,5.0
2018-05-02 05:00:00+02:00,44.35,44.50374224487048,13.51
2018-05-02 06:00:00+02:00,49.33,47.04219782297195,23.96
2018-05-02 07:00:00+02:00,59.35,50.07356190623279,40.1
2018-05-02 08:00:00+02:00,60.81,50.441271154752556,49.34
2018-05-02 09:00:00+02:00,62.62,51.93954048962483,51.73
2018-05-02 10:00:00+02:00,62.02,51.9945628652636,53.27
2018-05-02 11:00:00+02:00,60.77,51.63788007090291,52.02
2018-05-02 12:00:00+02:00,59.42,51.31756329238149,51.95
2018-05-02 13:00:00+02:00,59.31,50.772400159190774,52.02
2018-05-02 14:00:00+02:00,57.5,49.72359260474734,51.95
2018-05-02 15:00:00+02:00,53.56,48.335281856260686,52.53
2018-05-02 16:00:00+02:00,53.4,48.57742567626689,53.99
2018-05-02 17:00:00+02:00,56.93,49.53232189200467,56.35
2018-05-02 18:00:00+02:00,58.99,51.04679193029265,58.19
2018-05-02 19:00:00+02:00,60.57,54.907307350040384,58.76
2018-05-02 20:00:00+02:00,61.81,61.24357475123017,60.58
2018-05-02 21:00:00+02:00,60.77,65.6584416616723,61.01
2018-05-02 22:00:00+02:00,58.55,63.46001403427822,58.05
2018-05-02 23:00:00+02:00,49.59,60.4544868026498,55.01
2018-05-03 00:00:00+02:00,39.1,46.55900759453085,58.09
2018-05-03 01:00:00+02:00,38.37,40.65356490683644,49.59
2018-05-03 02:00:00+02:00,36.19,38.28420324989667,44.78
2018-05-03 03:00:00+02:00,34.39,37.28390598451557,44.35
2018-05-03 04:00:00+02:00,33.0,36.267563767790264,44.35
2018-05-03 05:00:00+02:00,38.2,36.08661093360049,44.35
2018-05-03 06:00:00+02:00,40.22,38.29227077338469,49.33
2018-05-03 07:00:00+02:00,51.17,41.15380408970054,59.35
2018-05-03 08:00:00+02:00,60.0,40.48952423163475,60.81
2018-05-03 09:00:00+02:00,62.48,41.32548920293467,62.62
2018-05-03 10:00:00+02:00,62.0,40.7601484199608,62.02
2018-05-03 11:00:00+02:00,59.9,39.86302578783357,60.77
2018-05-03 12:00:00+02:00,56.08,39.02785571557773,59.42
2018-05-03 13:00:00+02:00,55.03,38.11549386347161,59.31
2018-05-03 14:00:00+02:00,54.01,36.49616382723235,57.5
2018-05-03 15:00:00+02:00,55.1,34.477811523148304,53.56
2018-05-03 16:00:00+02:00,55.01,34.42447890077892,53.4
2018-05-03 17:00:00+02:00,54.94,35.18074823189562,56.93
2018-05-03 18:00:00+02:00,56.68,36.06201063615469,58.99
2018-05-03 19:00:00+02:00,63.39,39.15658348043536,60.57
2018-05-03 20:00:00+02:00,62.48,44.69058558736499,61.81
2018-05-03 21:00:00+02:00,54.96,48.49642749601736,60.77
2018-05-03 22:00:00+02:00,52.01,46.17803599471691,58.55
2018-05-03 23:00:00+02:00,49.08,42.58340689981262,49.59
2018-05-04 00:00:00+02:00,49.3,45.64145203113201,39.1
2018-05-04 01:00:00+02:00,48.8,41.05105425759958,38.37
2018-05-04 02:00:00+02:00,47.6,38.453082152079006,36.19
2018-05-04 03:00:00+02:00,47.55,37.24734474202249,34.39
2018-05-04 04:00:00+02:00,47.66,36.0051747477509,33.0
2018-05-04 05:00:00+02:00,48.6,36.01746019559242,38.2
2018-05-04 06:00:00+02:00,46.85,37.47011523448666,40.22
2018-05-04 07:00:00+02:00,49.3,40.97909684651526,51.17
2018-05-04 08:00:00+02:00,54.92,40.39324630525335,60.0
2018-05-04 09:00:00+02:00,55.92,40.41778347851242,62.48
2018-05-04 10:00:00+02:00,52.5,39.587913946792845,62.0
2018-05-04 11:00:00+02:00,49.1,38.60652553633571,59.9
2018-05-04 12:00:00+02:00,47.17,37.79124484991672,56.08
2018-05-04 13:00:00+02:00,47.52,37.41456894928835,55.03
2018-05-04 14:00:00+02:00,46.3,36.16206781807777,54.01
2018-05-04 15:00:00+02:00,45.07,34.53227267468385,55.1
2018-05-04 16:00:00+02:00,45.01,34.24763157336812,55.01
2018-05-04 17:00:00+02:00,43.01,34.79921135465457,54.94
2018-05-04 18:00:00+02:00,44.49,35.60354945880292,56.68
2018-05-04 19:00:00+02:00,47.18,38.78240852578744,63.39
2018-05-04 20:00:00+02:00,49.1,43.46016732803753,62.48
2018-05-04 21:00:00+02:00,49.4,46.88739024894554,54.96
2018-05-04 22:00:00+02:00,46.4,45.90339465866026,52.01
2018-05-04 23:00:00+02:00,46.4,42.47820125611515,49.08
2018-05-05 00:00:00+02:00,47.18,42.886505135827846,49.3
2018-05-05 01:00:00+02:00,41.83,38.32525065928243,48.8
2018-05-05 02:00:00+02:00,38.19,35.435285040664624,47.6
2018-05-05 03:00:00+02:00,37.73,34.13241910514741,47.55
2018-05-05 04:00:00+02:00,38.02,32.85820265617954,47.66
2018-05-05 05:00:00+02:00,38.69,32.78883789838271,48.6
2018-05-05 06:00:00+02:00,39.64,33.81412435656616,46.85
2018-05-05 07:00:00+02:00,40.49,37.44376053292444,49.3
2018-05-05 08:00:00+02:00,43.62,37.510276717569994,54.92
2018-05-05 09:00:00+02:00,46.54,37.07998967567392,55.92
2018-05-05 10:00:00+02:00,48.43,35.82978471364487,52.5
2018-05-05 11:00:00+02:00,49.51,34.78714958051736,49.1
2018-05-05 12:00:00+02:00,49.44,34.05796440178307,47.17
2018-05-05 13:00:00+02:00,49.69,33.83071039495914,47.52
2018-05-05 14:00:00+02:00,49.19,32.496255994628356,46.3
2018-05-05 15:00:00+02:00,46.63,30.856038049804493,45.07
2018-05-05 16:00:00+02:00,45.07,30.518531217587263,45.01
2018-05-05 17:00:00+02:00,46.54,30.773006998777806,43.01
2018-05-05 18:00:00+02:00,47.0,31.81127026024641,44.49
2018-05-05 19:00:00+02:00,46.44,34.8744792893923,47.18
2018-05-05 20:00:00+02:00,48.43,39.295656719961116,49.1
2018-05-05 21:00:00+02:00,51.15,42.63057805344409,49.4
2018-05-05 22:00:00+02:00,50.0,41.711414842547576,46.4
2018-05-05 23:00:00+02:00,49.14,38.50377124895669,46.4
2018-05-06 00:00:00+02:00,53.22,45.98261782791856,47.18
2018-05-06 01:00:00+02:00,52.33,41.08968530610468,41.83
2018-05-06 02:00:00+02:00,51.0,38.252493946977886,38.19
2018-05-06 03:00:00+02:00,50.17,37.19387601226826,37.73
2018-05-06 04:00:00+02:00,50.01,36.10674734729403,38.02
2018-05-06 05:00:00+02:00,50.79,36.07966248855047,38.69
2018-05-06 06:00:00+02:00,53.13,37.14168627778533,39.64
2018-05-06 07:00:00+02:00,58.01,40.644235390399885,40.49
2018-05-06 08:00:00+02:00,62.8,41.36899285410315,43.62
2018-05-06 09:00:00+02:00,63.9,41.17492193034474,46.54
2018-05-06 10:00:00+02:00,63.79,40.072748722632575,48.43
2018-05-06 11:00:00+02:00,62.8,39.10212696815116,49.51
2018-05-06 12:00:00+02:00,62.86,38.404081038207465,49.44
2018-05-06 13:00:00+02:00,62.87,38.3292194770432,49.69
2018-05-06 14:00:00+02:00,62.8,37.21394121713339,49.19
2018-05-06 15:00:00+02:00,60.0,35.60495936847255,46.63
2018-05-06 16:00:00+02:00,60.0,35.411477034273034,45.07
2018-05-06 17:00:00+02:00,60.0,36.07123567003706,46.54
2018-05-06 18:00:00+02:00,59.46,37.141979904972665,47.0
2018-05-06 19:00:00+02:00,62.7,40.07297984363004,46.44
2018-05-06 20:00:00+02:00,62.07,44.730005989760194,48.43
2018-05-06 21:00:00+02:00,64.0,48.388143142713936,51.15
2018-05-06 22:00:00+02:00,63.0,47.6539753507754,50.0
2018-05-06 23:00:00+02:00,59.0,44.89862064566605,49.14
2018-05-07 00:00:00+02:00,56.88,56.92432733114387,53.22
2018-05-07 01:00:00+02:00,52.09,51.95995296402291,52.33
2018-05-07 02:00:00+02:00,51.75,49.02117661836701,51.0
2018-05-07 03:00:00+02:00,51.79,47.97580092358332,50.17
2018-05-07 04:00:00+02:00,51.63,47.097675391432716,50.01
2018-05-07 05:00:00+02:00,52.34,47.21973594354621,50.79
2018-05-07 06:00:00+02:00,55.35,48.47017078302781,53.13
2018-05-07 07:00:00+02:00,57.71,52.12217166984335,58.01
2018-05-07 08:00:00+02:00,61.21,53.219698778269006,62.8
2018-05-07 09:00:00+02:00,61.21,52.90404155370605,63.9
2018-05-07 10:00:00+02:00,61.85,51.84630113373977,63.79
2018-05-07 11:00:00+02:00,62.09,50.86788331973338,62.8
2018-05-07 12:00:00+02:00,61.89,50.31723215012637,62.86
2018-05-07 13:00:00+02:00,62.01,50.268914220133645,62.87
2018-05-07 14:00:00+02:00,62.19,49.315925711156986,62.8
2018-05-07 15:00:00+02:00,62.64,47.58900439077075,60.0
2018-05-07 16:00:00+02:00,62.19,47.58635741025174,60.0
2018-05-07 17:00:00+02:00,62.12,48.26958621632067,60.0
2018-05-07 18:00:00+02:00,61.99,49.3442079191321,59.46
2018-05-07 19:00:00+02:00,61.75,52.55282000801603,62.7
2018-05-07 20:00:00+02:00,61.4,56.833595621274,62.07
2018-05-07 21:00:00+02:00,61.79,60.906065281088104,64.0
2018-05-07 22:00:00+02:00,61.89,60.48959816375354,63.0
2018-05-07 23:00:00+02:00,61.85,58.14018882446375,59.0
2018-05-08 00:00:00+02:00,65.7,59.04516479978078,56.88
2018-05-08 01:00:00+02:00,63.43,53.9600167204097,52.09
2018-05-08 02:00:00+02:00,62.01,51.294699727998115,51.75
2018-05-08 03:00:00+02:00,58.76,50.36122473161472,51.79
2018-05-08 04:00:00+02:00,58.35,49.803340747902006,51.63
2018-05-08 05:00:00+02:00,58.27,50.353070487847454,52.34
2018-05-08 06:00:00+02:00,58.27,52.17902192269375,55.35
2018-05-08 07:00:00+02:00,55.46,55.805678452262335,57.71
2018-05-08 08:00:00+02:00,57.46,57.2499544536309,61.21
2018-05-08 09:00:00+02:00,61.16,56.91558042168905,61.21
2018-05-08 10:00:00+02:00,62.21,56.01589782960305,61.85
2018-05-08 11:00:00+02:00,65.32,54.92251114442293,62.09
2018-05-08 12:00:00+02:00,66.3,54.027644765423375,61.89
2018-05-08 13:00:00+02:00,67.75,53.52388624554953,62.01
2018-05-08 14:00:00+02:00,68.01,52.16804071960722,62.19
2018-05-08 15:00:00+02:00,66.8,50.139816956666195,62.64
2018-05-08 16:00:00+02:00,66.24,49.63194183253873,62.19
2018-05-08 17:00:00+02:00,65.67,50.13280115854977,62.12
2018-05-08 18:00:00+02:00,65.67,51.17227822966741,61.99
2018-05-08 19:00:00+02:00,65.32,54.24996484506308,61.75
2018-05-08 20:00:00+02:00,66.69,58.475578692524124,61.4
2018-05-08 21:00:00+02:00,70.0,62.560244144274876,61.79
2018-05-08 22:00:00+02:00,70.97,62.22568328592119,61.89
2018-05-08 23:00:00+02:00,70.0,59.326785416492875,61.85
2018-05-09 00:00:00+02:00,71.02,67.61365606167364,65.7
2018-05-09 01:00:00+02:00,70.0,62.20694638942718,63.43
2018-05-09 02:00:00+02:00,68.21,59.31794496626753,62.01
2018-05-09 03:00:00+02:00,68.14,58.01026484073413,58.76
2018-05-09 04:00:00+02:00,68.0,57.5916225656692,58.35
2018-05-09 05:00:00+02:00,68.21,58.07460543154092,58.27
2018-05-09 06:00:00+02:00,71.54,59.80452129034105,58.27
2018-05-09 07:00:00+02:00,75.65,63.075258175605384,55.46
2018-05-09 08:00:00+02:00,76.76,65.16579917631643,57.46
2018-05-09 09:00:00+02:00,77.06,65.32284984322487,61.16
2018-05-09 10:00:00+02:00,77.01,64.46077823603156,62.21
2018-05-09 11:00:00+02:00,77.47,63.768459328868126,65.32
2018-05-09 12:00:00+02:00,77.61,62.95621248618806,66.3
2018-05-09 13:00:00+02:00,77.1,62.737757106946574,67.75
2018-05-09 14:00:00+02:00,76.72,61.67609050700848,68.01
2018-05-09 15:00:00+02:00,76.03,59.91900892019802,66.8
2018-05-09 16:00:00+02:00,75.7,59.67692713840536,66.24
2018-05-09 17:00:00+02:00,75.57,60.41947485674554,65.67
2018-05-09 18:00:00+02:00,76.76,61.76232343268168,65.67
2018-05-09 19:00:00+02:00,78.34,64.90515602837364,65.32
2018-05-09 20:00:00+02:00,79.33,69.37691485780488,66.69
2018-05-09 21:00:00+02:00,77.25,73.79688305349033,70.0
2018-05-09 22:00:00+02:00,75.7,73.74191173335971,70.97
2018-05-09 23:00:00+02:00,74.8,71.0164753132264,70.0
2018-05-10 00:00:00+02:00,72.16,72.61360725562065,71.02
2018-05-10 01:00:00+02:00,69.8,67.36315225427055,70.0
2018-05-10 02:00:00+02:00,64.4,64.25811190199022,68.21
2018-05-10 03:00:00+02:00,63.25,62.99426916493007,68.14
2018-05-10 04:00:00+02:00,63.19,62.5489187511827,68.0
2018-05-10 05:00:00+02:00,61.74,63.01720532592714,68.21
2018-05-10 06:00:00+02:00,71.92,64.91435401666338,71.54
2018-05-10 07:00:00+02:00,79.08,68.1145583814751,75.65
2018-05-10 08:00:00+02:00,80.0,69.98658844411806,76.76
2018-05-10 09:00:00+02:00,79.47,70.11133471942742,77.06
2018-05-10 10:00:00+02:00,76.39,69.14715692033406,77.01
2018-05-10 11:00:00+02:00,75.0,68.27266723025356,77.47
2018-05-10 12:00:00+02:00,74.9,67.18533161751493,77.61
2018-05-10 13:00:00+02:00,74.9,66.56547746144578,77.1
2018-05-10 14:00:00+02:00,72.89,65.25804852221704,76.72
2018-05-10 15:00:00+02:00,69.95,63.20527847222658,76.03
2018-05-10 16:00:00+02:00,69.25,62.52829643076892,75.7
2018-05-10 17:00:00+02:00,75.0,62.86835558623223,75.57
2018-05-10 18:00:00+02:00,78.09,63.96955851120472,76.76
2018-05-10 19:00:00+02:00,79.91,66.74569875543565,78.34
2018-05-10 20:00:00+02:00,79.9,70.84856701737719,79.33
2018-05-10 21:00:00+02:00,76.89,74.8699044646158,77.25
2018-05-10 22:00:00+02:00,74.14,75.16114611702955,75.7
2018-05-10 23:00:00+02:00,68.67,72.7689820271884,74.8
2018-05-11 00:00:00+02:00,50.77,67.0547642182763,72.16
2018-05-11 01:00:00+02:00,46.61,62.03163524896906,69.8
2018-05-11 02:00:00+02:00,44.56,58.18078585463413,64.4
2018-05-11 03:00:00+02:00,41.92,56.607532522660286,63.25
2018-05-11 04:00:00+02:00,41.07,55.599230175365996,63.19
2018-05-11 05:00:00+02:00,46.17,55.15072603348955,61.74
2018-05-11 06:00:00+02:00,54.22,57.22702894583687,71.92
2018-05-11 07:00:00+02:00,67.64,59.499428720095764,79.08
2018-05-11 08:00:00+02:00,69.0,60.505836657920504,80.0
2018-05-11 09:00:00+02:00,70.02,60.234072141368806,79.47
2018-05-11 10:00:00+02:00,68.68,58.79650407608504,76.39
2018-05-11 11:00:00+02:00,68.31,57.847359461566505,75.0
2018-05-11 12:00:00+02:00,66.07,56.84476016108756,74.9
2018-05-11 13:00:00+02:00,67.2,56.30357410687171,74.9
2018-05-11 14:00:00+02:00,66.0,55.06975729408931,72.89
2018-05-11 15:00:00+02:00,64.62,53.14332099686033,69.95
2018-05-11 16:00:00+02:00,63.8,52.57531726474298,69.25
2018-05-11 17:00:00+02:00,67.2,53.31440189966426,75.0
2018-05-11 18:00:00+02:00,70.0,53.91102873855667,78.09
2018-05-11 19:00:00+02:00,72.43,56.031746854863336,79.91
2018-05-11 20:00:00+02:00,69.21,59.452044232849744,79.9
2018-05-11 21:00:00+02:00,64.18,62.927656739238415,76.89
2018-05-11 22:00:00+02:00,62.03,63.593243397366976,74.14
2018-05-11 23:00:00+02:00,54.84,61.83262178101582,68.67
2018-05-12 00:00:00+02:00,63.75,51.33877503839623,50.77
2018-05-12 01:00:00+02:00,58.46,46.88626213587016,46.61
2018-05-12 02:00:00+02:00,55.53,42.76542390321694,44.56
2018-05-12 03:00:00+02:00,53.31,40.63128761998203,41.92
2018-05-12 04:00:00+02:00,52.0,39.50762151387801,41.07
2018-05-12 05:00:00+02:00,55.0,39.46359597712887,46.17
2018-05-12 06:00:00+02:00,58.46,41.52457634583772,54.22
2018-05-12 07:00:00+02:00,67.03,44.11980017467872,67.64
2018-05-12 08:00:00+02:00,68.01,43.938946402750396,69.0
2018-05-12 09:00:00+02:00,68.07,43.35404433534972,70.02
2018-05-12 10:00:00+02:00,68.0,41.5420764451122,68.68
2018-05-12 11:00:00+02:00,67.18,40.25361921665064,68.31
2018-05-12 12:00:00+02:00,66.58,38.62067819689414,66.07
2018-05-12 13:00:00+02:00,66.1,37.7031886314041,67.2
2018-05-12 14:00:00+02:00,65.55,35.66949998342913,66.0
2018-05-12 15:00:00+02:00,65.38,33.13783573762757,64.62
2018-05-12 16:00:00+02:00,65.64,31.99186285740523,63.8
2018-05-12 17:00:00+02:00,67.03,32.55755983215424,67.2
2018-05-12 18:00:00+02:00,68.09,32.88063424671668,70.0
2018-05-12 19:00:00+02:00,65.91,34.67130039998613,72.43
2018-05-12 20:00:00+02:00,65.58,37.30172517697226,69.21
2018-05-12 21:00:00+02:00,65.04,40.23075939639056,64.18
2018-05-12 22:00:00+02:00,64.33,40.65594183907383,62.03
2018-05-12 23:00:00+02:00,61.94,37.9458107438638,54.84
2018-05-13 00:00:00+02:00,36.0,60.356907783394,63.75
2018-05-13 01:00:00+02:00,34.76,55.66019409806628,58.46
2018-05-13 02:00:00+02:00,34.5,52.1552694518987,55.53
2018-05-13 03:00:00+02:00,33.49,50.25295465445121,53.31
2018-05-13 04:00:00+02:00,34.05,49.32227235304815,52.0
2018-05-13 05:00:00+02:00,34.05,49.68532120679423,55.0
2018-05-13 06:00:00+02:00,34.27,51.72171299339953,58.46
2018-05-13 07:00:00+02:00,31.77,54.86006061558813,67.03
2018-05-13 08:00:00+02:00,34.05,54.4780550395154,68.01
2018-05-13 09:00:00+02:00,34.5,54.067866489091024,68.07
2018-05-13 10:00:00+02:00,34.5,52.60387519345533,68.0
2018-05-13 11:00:00+02:00,34.76,51.56600516632254,67.18
2018-05-13 12:00:00+02:00,34.76,50.429217564732845,66.58
2018-05-13 13:00:00+02:00,34.61,50.07454337893723,66.1
2018-05-13 14:00:00+02:00,34.5,48.80326511204498,65.55
2018-05-13 15:00:00+02:00,22.45,47.00447288593912,65.38
2018-05-13 16:00:00+02:00,15.0,46.299305661378234,65.64
2018-05-13 17:00:00+02:00,15.0,47.244901270557776,67.03
2018-05-13 18:00:00+02:00,17.48,47.827901272302455,68.09
2018-05-13 19:00:00+02:00,34.05,49.345535887426024,65.91
2018-05-13 20:00:00+02:00,36.56,52.16321406176811,65.58
2018-05-13 21:00:00+02:00,55.16,55.362473851261356,65.04
2018-05-13 22:00:00+02:00,56.18,56.73093173513879,64.33
2018-05-13 23:00:00+02:00,55.02,54.70484310313813,61.94
2018-05-14 00:00:00+02:00,55.62,51.364119502256656,36.0
2018-05-14 01:00:00+02:00,50.97,49.12185793633566,34.76
2018-05-14 02:00:00+02:00,45.73,46.31154064251327,34.5
2018-05-14 03:00:00+02:00,44.15,44.915296554697484,33.49
2018-05-14 04:00:00+02:00,44.27,44.830615344242396,34.05
2018-05-14 05:00:00+02:00,45.79,45.92544110965385,34.05
2018-05-14 06:00:00+02:00,53.74,48.74259784668554,34.27
2018-05-14 07:00:00+02:00,54.92,52.37835617988193,31.77
2018-05-14 08:00:00+02:00,58.01,53.46595361811144,34.05
2018-05-14 09:00:00+02:00,55.83,53.64267370292853,34.5
2018-05-14 10:00:00+02:00,53.71,52.833100801356416,34.5
2018-05-14 11:00:00+02:00,52.62,52.277083058442265,34.76
2018-05-14 12:00:00+02:00,53.71,51.47619329563726,34.76
2018-05-14 13:00:00+02:00,53.59,51.21713185684083,34.61
2018-05-14 14:00:00+02:00,53.71,50.09375810815936,34.5
2018-05-14 15:00:00+02:00,52.62,47.40338414209196,22.45
2018-05-14 16:00:00+02:00,52.47,47.098532927210975,15.0
2018-05-14 17:00:00+02:00,52.49,48.84541590515302,15.0
2018-05-14 18:00:00+02:00,52.0,50.16549238677501,17.48
2018-05-14 19:00:00+02:00,51.47,53.43521737506089,34.05
2018-05-14 20:00:00+02:00,55.0,55.69636230568695,36.56
2018-05-14 21:00:00+02:00,57.35,60.67113855748309,55.16
2018-05-14 22:00:00+02:00,55.5,61.039345619738434,56.18
2018-05-14 23:00:00+02:00,51.84,59.0162600742647,55.02
2018-05-15 00:00:00+02:00,50.12,48.32761625735219,55.62
2018-05-15 01:00:00+02:00,45.88,45.098630935357704,50.97
2018-05-15 02:00:00+02:00,40.0,41.76349031257332,45.73
2018-05-15 03:00:00+02:00,36.65,40.07674534636121,44.15
2018-05-15 04:00:00+02:00,36.6,39.561134229829335,44.27
2018-05-15 05:00:00+02:00,39.98,40.20019897188233,45.79
2018-05-15 06:00:00+02:00,47.5,42.95304989541137,53.74
2018-05-15 07:00:00+02:00,54.6,45.53385373612579,54.92
2018-05-15 08:00:00+02:00,58.6,46.528384205685725,58.01
2018-05-15 09:00:00+02:00,57.01,45.99100743245288,55.83
2018-05-15 10:00:00+02:00,55.0,44.902448396851874,53.71
2018-05-15 11:00:00+02:00,54.92,44.1228335029057,52.62
2018-05-15 12:00:00+02:00,55.0,43.270895957589985,53.71
2018-05-15 13:00:00+02:00,53.87,42.64298333212494,53.59
2018-05-15 14:00:00+02:00,52.47,41.380759814479404,53.71
2018-05-15 15:00:00+02:00,51.37,38.52090389694082,52.62
2018-05-15 16:00:00+02:00,50.63,37.89120946117508,52.47
2018-05-15 17:00:00+02:00,50.0,39.25718028586595,52.49
2018-05-15 18:00:00+02:00,47.9,40.33401192774244,52.0
2018-05-15 19:00:00+02:00,50.0,43.19309750856728,51.47
2018-05-15 20:00:00+02:00,52.0,45.60127457029728,55.0
2018-05-15 21:00:00+02:00,56.16,49.979039127687194,57.35
2018-05-15 22:00:00+02:00,52.49,50.01040044782508,55.5
2018-05-15 23:00:00+02:00,47.76,47.87205142437238,51.84
2018-05-16 00:00:00+02:00,46.76,44.96550011315063,50.12
2018-05-16 01:00:00+02:00,40.0,41.805814731179154,45.88
2018-05-16 02:00:00+02:00,38.0,38.401665536895386,40.0
2018-05-16 03:00:00+02:00,36.87,36.65363271659119,36.65
2018-05-16 04:00:00+02:00,38.0,36.07295569547101,36.6
2018-05-16 05:00:00+02:00,39.9,36.566136092114064,39.98
2018-05-16 06:00:00+02:00,46.78,39.11821512697488,47.5
2018-05-16 07:00:00+02:00,55.01,41.23732758025509,54.6
2018-05-16 08:00:00+02:00,57.67,41.76893185987273,58.6
2018-05-16 09:00:00+02:00,57.12,40.52176785767146,57.01
2018-05-16 10:00:00+02:00,55.55,39.1376265224458,55.0
2018-05-16 11:00:00+02:00,56.23,38.32001006652782,54.92
2018-05-16 12:00:00+02:00,56.97,37.433107222547136,55.0
2018-05-16 13:00:00+02:00,56.97,36.71448692633952,53.87
2018-05-16 14:00:00+02:00,56.23,35.62490345000178,52.47
2018-05-16 15:00:00+02:00,56.4,33.03730839970087,51.37
2018-05-16 16:00:00+02:00,56.4,32.303848808781254,50.63
2018-05-16 17:00:00+02:00,56.35,33.484661308418005,50.0
2018-05-16 18:00:00+02:00,55.23,34.3079601974924,47.9
2018-05-16 19:00:00+02:00,54.5,37.15411231566519,50.0
2018-05-16 20:00:00+02:00,56.4,39.24418536235447,52.0
2018-05-16 21:00:00+02:00,57.57,43.43529068392228,56.16
2018-05-16 22:00:00+02:00,55.72,43.142262933551336,52.49
2018-05-16 23:00:00+02:00,49.01,41.45422338958788,47.76
2018-05-17 00:00:00+02:00,48.02,46.49384941121521,46.76
2018-05-17 01:00:00+02:00,46.0,42.553812354498966,40.0
2018-05-17 02:00:00+02:00,44.44,39.41598689818224,38.0
2018-05-17 03:00:00+02:00,44.44,37.746179212877806,36.87
2018-05-17 04:00:00+02:00,44.88,37.50268561395977,38.0
2018-05-17 05:00:00+02:00,47.49,38.3238934919734,39.9
2018-05-17 06:00:00+02:00,50.79,41.48653261039802,46.78
2018-05-17 07:00:00+02:00,56.05,44.173394907668936,55.01
2018-05-17 08:00:00+02:00,57.03,44.62753588297626,57.67
2018-05-17 09:00:00+02:00,57.72,43.45164026819283,57.12
2018-05-17 10:00:00+02:00,56.97,42.107841518327774,55.55
2018-05-17 11:00:00+02:00,57.49,41.42996393686868,56.23
2018-05-17 12:00:00+02:00,58.45,40.428352293533976,56.97
2018-05-17 13:00:00+02:00,58.37,39.363188713299785,56.97
2018-05-17 14:00:00+02:00,57.46,37.81792989897247,56.23
2018-05-17 15:00:00+02:00,57.03,35.02998546910737,56.4
2018-05-17 16:00:00+02:00,57.12,33.797379018465485,56.4
2018-05-17 17:00:00+02:00,56.97,34.50733013427805,56.35
2018-05-17 18:00:00+02:00,56.69,35.10819061006488,55.23
2018-05-17 19:00:00+02:00,56.05,37.77119782297375,54.5
2018-05-17 20:00:00+02:00,56.69,40.28260162318545,56.4
2018-05-17 21:00:00+02:00,58.22,44.30335796093343,57.57
2018-05-17 22:00:00+02:00,56.79,44.02132002718169,55.72
2018-05-17 23:00:00+02:00,55.0,41.89742261481344,49.01
2018-05-18 00:00:00+02:00,55.11,52.43876317832138,48.02
2018-05-18 01:00:00+02:00,51.9,48.52117451868621,46.0
2018-05-18 02:00:00+02:00,49.84,45.32384101790584,44.44
2018-05-18 03:00:00+02:00,49.1,43.630347868100564,44.44
2018-05-18 04:00:00+02:00,49.93,43.28043379275101,44.88
2018-05-18 05:00:00+02:00,53.04,44.17612350446234,47.49
2018-05-18 06:00:00+02:00,57.06,47.21028801333615,50.79
2018-05-18 07:00:00+02:00,59.01,50.120410758546335,56.05
2018-05-18 08:00:00+02:00,59.69,50.47659481891102,57.03
2018-05-18 09:00:00+02:00,60.0,49.49756329645617,57.72
2018-05-18 10:00:00+02:00,59.63,48.19657091856859,56.97
2018-05-18 11:00:00+02:00,59.45,47.740600930992656,57.49
2018-05-18 12:00:00+02:00,59.45,47.02690110303831,58.45
2018-05-18 13:00:00+02:00,59.35,46.13969085605447,58.37
2018-05-18 14:00:00+02:00,59.01,44.83879113929998,57.46
2018-05-18 15:00:00+02:00,58.89,42.50325497813077,57.03
2018-05-18 16:00:00+02:00,59.21,41.526315307230156,57.12
2018-05-18 17:00:00+02:00,59.01,42.375884575018986,56.97
2018-05-18 18:00:00+02:00,59.01,43.28165433421786,56.69
2018-05-18 19:00:00+02:00,58.89,46.038815573200615,56.05
2018-05-18 20:00:00+02:00,59.45,48.917717585081334,56.69
2018-05-18 21:00:00+02:00,60.1,53.101281270505396,58.22
2018-05-18 22:00:00+02:00,59.52,53.062362029184364,56.79
2018-05-18 23:00:00+02:00,58.0,50.72283046114825,55.0
2018-05-19 00:00:00+02:00,61.3,56.19454506980314,55.11
2018-05-19 01:00:00+02:00,60.01,52.63038910562967,51.9
2018-05-19 02:00:00+02:00,59.63,49.83423205475059,49.84
2018-05-19 03:00:00+02:00,59.63,48.27054658625242,49.1
2018-05-19 04:00:00+02:00,59.59,47.91700095538514,49.93
2018-05-19 05:00:00+02:00,60.5,48.771921025620436,53.04
2018-05-19 06:00:00+02:00,60.01,51.515046855806794,57.06
2018-05-19 07:00:00+02:00,60.01,54.01291154264031,59.01
2018-05-19 08:00:00+02:00,59.63,54.27542571548987,59.69
2018-05-19 09:00:00+02:00,61.52,53.220912948644,60.0
2018-05-19 10:00:00+02:00,61.7,51.76236149688134,59.63
2018-05-19 11:00:00+02:00,61.42,51.21756510133181,59.45
2018-05-19 12:00:00+02:00,61.3,50.616727408352595,59.45
2018-05-19 13:00:00+02:00,61.3,49.89773561928315,59.35
2018-05-19 14:00:00+02:00,61.18,48.88915030188784,59.01
2018-05-19 15:00:00+02:00,59.63,46.96450935085723,58.89
2018-05-19 16:00:00+02:00,58.65,46.10668061843495,59.21
2018-05-19 17:00:00+02:00,58.47,46.842334696678584,59.01
2018-05-19 18:00:00+02:00,58.6,47.75213767302821,59.01
2018-05-19 19:00:00+02:00,59.56,50.247086457711426,58.89
2018-05-19 20:00:00+02:00,60.5,53.000649495569334,59.45
2018-05-19 21:00:00+02:00,61.98,57.00100336116104,60.1
2018-05-19 22:00:00+02:00,61.71,57.36890129447459,59.52
2018-05-19 23:00:00+02:00,61.6,55.575455992970305,58.0
2018-05-20 00:00:00+02:00,60.5,59.61420339126476,61.3
2018-05-20 01:00:00+02:00,60.14,55.454435993631705,60.01
2018-05-20 02:00:00+02:00,59.97,52.3482934345473,59.63
2018-05-20 03:00:00+02:00,59.63,50.61700075928942,59.63
2018-05-20 04:00:00+02:00,59.45,50.21548485579435,59.59
2018-05-20 05:00:00+02:00,59.21,51.213532308003565,60.5
2018-05-20 06:00:00+02:00,57.67,53.9198073475873,60.01
2018-05-20 07:00:00+02:00,54.98,56.748963701602065,60.01
2018-05-20 08:00:00+02:00,56.35,57.43298128703498,59.63
2018-05-20 09:00:00+02:00,59.21,56.92936830437061,61.52
2018-05-20 10:00:00+02:00,59.63,55.57493265908433,61.7
2018-05-20 11:00:00+02:00,59.97,54.98644362444046,61.42
2018-05-20 12:00:00+02:00,59.97,54.36396285113102,61.3
2018-05-20 13:00:00+02:00,60.0,53.55432650602429,61.3
2018-05-20 14:00:00+02:00,60.0,52.332354884358615,61.18
2018-05-20 15:00:00+02:00,59.21,50.090873102209365,59.63
2018-05-20 16:00:00+02:00,57.33,48.99834487177837,58.65
2018-05-20 17:00:00+02:00,56.04,49.563390293816816,58.47
2018-05-20 18:00:00+02:00,55.5,50.465477841060114,58.6
2018-05-20 19:00:00+02:00,57.63,52.997905275309314,59.56
2018-05-20 20:00:00+02:00,59.45,55.90418454476117,60.5
2018-05-20 21:00:00+02:00,62.98,59.991470657952526,61.98
2018-05-20 22:00:00+02:00,63.01,60.46888906831162,61.71
2018-05-20 23:00:00+02:00,62.07,58.496916059083375,61.6
2018-05-21 00:00:00+02:00,59.63,60.59776524686078,60.5
2018-05-21 01:00:00+02:00,59.63,57.12066680944602,60.14
2018-05-21 02:00:00+02:00,59.45,54.28252595038353,59.97
2018-05-21 03:00:00+02:00,59.45,52.52057571376144,59.63
2018-05-21 04:00:00+02:00,59.63,51.95019771360876,59.45
2018-05-21 05:00:00+02:00,60.0,52.65209651017783,59.21
2018-05-21 06:00:00+02:00,61.8,54.83223134193752,57.67
2018-05-21 07:00:00+02:00,62.25,57.25958425182602,54.98
2018-05-21 08:00:00+02:00,64.09,58.29730774850925,56.35
2018-05-21 09:00:00+02:00,65.0,57.93234583789619,59.21
2018-05-21 10:00:00+02:00,64.62,56.2945634141734,59.63
2018-05-21 11:00:00+02:00,64.61,55.52828741777645,59.97
2018-05-21 12:00:00+02:00,64.62,54.90150634431145,59.97
2018-05-21 13:00:00+02:00,64.39,54.23456662307734,60.0
2018-05-21 14:00:00+02:00,64.09,53.29271825529377,60.0
2018-05-21 15:00:00+02:00,63.26,51.365675891752325,59.21
2018-05-21 16:00:00+02:00,63.0,50.28405704926675,57.33
2018-05-21 17:00:00+02:00,62.8,50.857700001855314,56.04
2018-05-21 18:00:00+02:00,61.3,51.83873682303126,55.5
2018-05-21 19:00:00+02:00,62.3,54.41028811942429,57.63
2018-05-21 20:00:00+02:00,64.01,57.121062486338595,59.45
2018-05-21 21:00:00+02:00,66.0,61.12846545248667,62.98
2018-05-21 22:00:00+02:00,65.0,61.69271312604114,63.01
2018-05-21 23:00:00+02:00,63.5,60.23847267984802,62.07
2018-05-22 00:00:00+02:00,65.1,61.57161500590663,59.63
2018-05-22 01:00:00+02:00,65.0,58.11383570971534,59.63
2018-05-22 02:00:00+02:00,64.62,55.01045326690836,59.45
2018-05-22 03:00:00+02:00,64.2,53.15392709699363,59.45
2018-05-22 04:00:00+02:00,64.01,52.65701721433043,59.63
2018-05-22 05:00:00+02:00,64.3,53.54487755878804,60.0
2018-05-22 06:00:00+02:00,64.62,56.0953033738295,61.8
2018-05-22 07:00:00+02:00,63.56,58.77773539035376,62.25
2018-05-22 08:00:00+02:00,63.36,60.31263735736739,64.09
2018-05-22 09:00:00+02:00,64.01,60.20901333781072,65.0
2018-05-22 10:00:00+02:00,63.0,58.74928519484396,64.62
2018-05-22 11:00:00+02:00,62.47,57.998460838582886,64.61
2018-05-22 12:00:00+02:00,62.69,57.258518390815965,64.62
2018-05-22 13:00:00+02:00,63.16,56.34232037997258,64.39
2018-05-22 14:00:00+02:00,62.7,55.0400803765783,64.09
2018-05-22 15:00:00+02:00,62.47,52.70426837234435,63.26
2018-05-22 16:00:00+02:00,62.47,51.223151112037954,63.0
2018-05-22 17:00:00+02:00,62.47,51.36491907215827,62.8
2018-05-22 18:00:00+02:00,62.26,51.97721009926972,61.3
2018-05-22 19:00:00+02:00,62.47,54.52982437935415,62.3
2018-05-22 20:00:00+02:00,63.16,57.337273743924946,64.01
2018-05-22 21:00:00+02:00,64.69,61.321807521901235,66.0
2018-05-22 22:00:00+02:00,63.56,61.83411528409429,65.0
2018-05-22 23:00:00+02:00,62.29,60.29781263013977,63.5
2018-05-23 00:00:00+02:00,64.21,60.54381749469793,65.1
2018-05-23 01:00:00+02:00,64.22,56.99500314515596,65.0
2018-05-23 02:00:00+02:00,63.69,53.729149389912884,64.62
2018-05-23 03:00:00+02:00,63.5,51.64949522735746,64.2
2018-05-23 04:00:00+02:00,63.79,50.94072766482718,64.01
2018-05-23 05:00:00+02:00,64.22,51.64115661583097,64.3
2018-05-23 06:00:00+02:00,65.0,53.94840147605397,64.62
2018-05-23 07:00:00+02:00,64.64,56.39692324677553,63.56
2018-05-23 08:00:00+02:00,65.99,58.00173755100801,63.36
2018-05-23 09:00:00+02:00,66.01,58.03569974762859,64.01
2018-05-23 10:00:00+02:00,65.88,56.47558388701239,63.0
2018-05-23 11:00:00+02:00,65.59,55.60436526602101,62.47
2018-05-23 12:00:00+02:00,65.89,54.82435386177921,62.69
2018-05-23 13:00:00+02:00,65.88,53.84804992520059,63.16
2018-05-23 14:00:00+02:00,64.89,52.3997540552341,62.7
2018-05-23 15:00:00+02:00,64.49,50.06310708649212,62.47
2018-05-23 16:00:00+02:00,64.79,48.43356227046304,62.47
2018-05-23 17:00:00+02:00,64.49,48.327991507557925,62.47
2018-05-23 18:00:00+02:00,64.22,48.767408088095216,62.26
2018-05-23 19:00:00+02:00,64.63,51.0870834430471,62.47
2018-05-23 20:00:00+02:00,65.03,53.80789882255393,63.16
2018-05-23 21:00:00+02:00,66.64,57.67402626694875,64.69
2018-05-23 22:00:00+02:00,65.1,58.16268595794275,63.56
2018-05-23 23:00:00+02:00,65.0,56.689063665676045,62.29
2018-05-24 00:00:00+02:00,66.45,63.49803297151966,64.21
2018-05-24 01:00:00+02:00,65.96,60.01197461928854,64.22
2018-05-24 02:00:00+02:00,64.97,56.715330804632494,63.69
2018-05-24 03:00:00+02:00,64.64,54.59567431268652,63.5
2018-05-24 04:00:00+02:00,64.63,53.84540929580499,63.79
2018-05-24 05:00:00+02:00,64.65,54.475417876584,64.22
2018-05-24 06:00:00+02:00,65.0,56.71437109600785,65.0
2018-05-24 07:00:00+02:00,64.97,59.096873195828465,64.64
2018-05-24 08:00:00+02:00,65.01,60.96458973337092,65.99
2018-05-24 09:00:00+02:00,65.96,61.09355612731628,66.01
2018-05-24 10:00:00+02:00,65.0,59.70980536152928,65.88
2018-05-24 11:00:00+02:00,64.65,58.824689811259105,65.59
2018-05-24 12:00:00+02:00,64.63,58.125959708335095,65.89
2018-05-24 13:00:00+02:00,64.52,57.18805574428862,65.88
2018-05-24 14:00:00+02:00,63.47,55.74021567943776,64.89
2018-05-24 15:00:00+02:00,62.03,53.56966759716654,64.49
2018-05-24 16:00:00+02:00,60.34,51.9942509198146,64.79
2018-05-24 17:00:00+02:00,60.68,51.751072070855365,64.49
2018-05-24 18:00:00+02:00,61.36,52.17501040785763,64.22
2018-05-24 19:00:00+02:00,63.34,54.43715481957552,64.63
2018-05-24 20:00:00+02:00,64.45,57.16678461090334,65.03
2018-05-24 21:00:00+02:00,64.99,61.09105633107501,66.64
2018-05-24 22:00:00+02:00,64.45,61.65701376238158,65.1
2018-05-24 23:00:00+02:00,64.01,60.451547096597736,65.0
2018-05-25 00:00:00+02:00,64.63,62.530695805086985,66.45
2018-05-25 01:00:00+02:00,64.49,58.84719945518266,65.96
2018-05-25 02:00:00+02:00,63.49,55.247890787283424,64.97
2018-05-25 03:00:00+02:00,63.47,52.829898465700815,64.64
2018-05-25 04:00:00+02:00,63.47,51.74195627642006,64.63
2018-05-25 05:00:00+02:00,64.21,52.0148857700801,64.65
2018-05-25 06:00:00+02:00,64.84,53.91903763882525,65.0
2018-05-25 07:00:00+02:00,64.79,56.05550070741564,64.97
2018-05-25 08:00:00+02:00,65.88,57.795392850733144,65.01
2018-05-25 09:00:00+02:00,66.71,58.014419771721215,65.96
2018-05-25 10:00:00+02:00,66.7,56.52383309350237,65.0
2018-05-25 11:00:00+02:00,65.96,55.5945532923941,64.65
2018-05-25 12:00:00+02:00,65.52,54.89586014944306,64.63
2018-05-25 13:00:00+02:00,65.0,53.99820404234851,64.52
2018-05-25 14:00:00+02:00,64.45,52.5754824820402,63.47
2018-05-25 15:00:00+02:00,63.43,50.51780717844822,62.03
2018-05-25 16:00:00+02:00,62.95,48.99105947901044,60.34
2018-05-25 17:00:00+02:00,62.03,48.93518244684543,60.68
2018-05-25 18:00:00+02:00,63.43,49.46703411144191,61.36
2018-05-25 19:00:00+02:00,64.49,51.79264159344817,63.34
2018-05-25 20:00:00+02:00,64.99,54.48269705285883,64.45
2018-05-25 21:00:00+02:00,67.05,58.27735398423776,64.99
2018-05-25 22:00:00+02:00,66.1,58.98584004182141,64.45
2018-05-25 23:00:00+02:00,65.66,57.87478559370974,64.01
2018-05-26 00:00:00+02:00,64.97,64.9028307381038,64.63
2018-05-26 01:00:00+02:00,63.65,61.914230228590895,64.49
2018-05-26 02:00:00+02:00,60.9,58.6645239258969,63.49
2018-05-26 03:00:00+02:00,60.9,56.431896505196484,63.47
2018-05-26 04:00:00+02:00,60.59,55.22889419402638,63.47
2018-05-26 05:00:00+02:00,60.6,55.28815799046662,64.21
2018-05-26 06:00:00+02:00,59.41,56.76605155224439,64.84
2018-05-26 07:00:00+02:00,57.99,58.49556944995228,64.79
2018-05-26 08:00:00+02:00,61.88,60.20196131979737,65.88
2018-05-26 09:00:00+02:00,64.16,60.472740205579086,66.71
2018-05-26 10:00:00+02:00,64.5,58.979532372475994,66.7
2018-05-26 11:00:00+02:00,64.45,57.87846454640003,65.96
2018-05-26 12:00:00+02:00,63.99,57.23203297696296,65.52
2018-05-26 13:00:00+02:00,63.47,56.51481889986803,65.0
2018-05-26 14:00:00+02:00,60.71,55.41901028126305,64.45
2018-05-26 15:00:00+02:00,55.0,53.76128369210764,63.43
2018-05-26 16:00:00+02:00,51.2,52.55399108247421,62.95
2018-05-26 17:00:00+02:00,51.2,52.527543455678526,62.03
2018-05-26 18:00:00+02:00,53.08,53.319722045234364,63.43
2018-05-26 19:00:00+02:00,60.99,55.48215569261075,64.49
2018-05-26 20:00:00+02:00,64.45,57.99632232893999,64.99
2018-05-26 21:00:00+02:00,66.26,61.72958302240356,67.05
2018-05-26 22:00:00+02:00,66.29,62.527413263171205,66.1
2018-05-26 23:00:00+02:00,66.1,62.0071676213108,65.66
2018-05-27 00:00:00+02:00,64.97,65.09450401784295,64.97
2018-05-27 01:00:00+02:00,64.45,62.022007016159705,63.65
2018-05-27 02:00:00+02:00,63.47,58.60291418378934,60.9
2018-05-27 03:00:00+02:00,63.19,56.63056412460364,60.9
2018-05-27 04:00:00+02:00,61.85,55.65780847579552,60.59
2018-05-27 05:00:00+02:00,60.0,56.10962025552112,60.6
2018-05-27 06:00:00+02:00,59.0,57.95864788395167,59.41
2018-05-27 07:00:00+02:00,55.43,60.26900218676984,57.99
2018-05-27 08:00:00+02:00,59.43,62.91601425454173,61.88
2018-05-27 09:00:00+02:00,62.21,63.57539584053534,64.16
2018-05-27 10:00:00+02:00,63.47,62.38140445670705,64.5
2018-05-27 11:00:00+02:00,64.21,61.4568873478414,64.45
2018-05-27 12:00:00+02:00,64.45,60.81761646703616,63.99
2018-05-27 13:00:00+02:00,64.45,60.02938910407571,63.47
2018-05-27 14:00:00+02:00,63.43,58.5631272067076,60.71
2018-05-27 15:00:00+02:00,58.0,56.35025318682353,55.0
2018-05-27 16:00:00+02:00,52.0,54.935329918752615,51.2
2018-05-27 17:00:00+02:00,51.15,54.93242708423825,51.2
2018-05-27 18:00:00+02:00,50.22,55.69292360281902,53.08
2018-05-27 19:00:00+02:00,51.17,58.24672838750054,60.99
2018-05-27 20:00:00+02:00,55.43,60.49146912514102,64.45
2018-05-27 21:00:00+02:00,64.21,64.11643773842808,66.26
2018-05-27 22:00:00+02:00,64.45,65.0828449063612,66.29
2018-05-27 23:00:00+02:00,61.85,64.55634774574366,66.1
2018-05-28 00:00:00+02:00,62.0,60.941586320041445,64.97
2018-05-28 01:00:00+02:00,59.01,57.92593912992814,64.45
2018-05-28 02:00:00+02:00,51.17,54.29014203987347,63.47
2018-05-28 03:00:00+02:00,50.22,51.97567652321146,63.19
2018-05-28 04:00:00+02:00,50.22,50.50523252786819,61.85
2018-05-28 05:00:00+02:00,51.17,50.44817770192707,60.0
2018-05-28 06:00:00+02:00,59.9,51.914025146662276,59.0
2018-05-28 07:00:00+02:00,63.47,53.66674724894714,55.43
2018-05-28 08:00:00+02:00,64.64,56.67160375199598,59.43
2018-05-28 09:00:00+02:00,66.1,57.25379994452054,62.21
2018-05-28 10:00:00+02:00,66.19,55.92947143775971,63.47
2018-05-28 11:00:00+02:00,66.29,54.81284656968409,64.21
2018-05-28 12:00:00+02:00,66.69,54.02590745974739,64.45
2018-05-28 13:00:00+02:00,65.9,53.19917871054232,64.45
2018-05-28 14:00:00+02:00,64.63,51.71832283664885,63.43
2018-05-28 15:00:00+02:00,64.45,49.23356896612782,58.0
2018-05-28 16:00:00+02:00,63.65,47.728996465308455,52.0
2018-05-28 17:00:00+02:00,63.19,48.08672448614977,51.15
2018-05-28 18:00:00+02:00,61.88,48.83967661740526,50.22
2018-05-28 19:00:00+02:00,64.21,51.40318626678007,51.17
2018-05-28 20:00:00+02:00,65.2,53.927415422118045,55.43
2018-05-28 21:00:00+02:00,67.13,57.78385686650085,64.21
2018-05-28 22:00:00+02:00,66.29,58.18160928251415,64.45
2018-05-28 23:00:00+02:00,65.2,57.592246693757495,61.85
2018-05-29 00:00:00+02:00,65.9,64.86534383248596,62.0
2018-05-29 01:00:00+02:00,64.97,62.293773643816436,59.01
2018-05-29 02:00:00+02:00,64.53,58.71655936094451,51.17
2018-05-29 03:00:00+02:00,64.5,57.20573664400733,50.22
2018-05-29 04:00:00+02:00,64.93,55.93668232009683,50.22
2018-05-29 05:00:00+02:00,65.15,55.82613197552374,51.17
2018-05-29 06:00:00+02:00,66.13,57.714257756198265,59.9
2018-05-29 07:00:00+02:00,66.26,58.78325089029515,63.47
2018-05-29 08:00:00+02:00,66.22,61.31638287800687,64.64
2018-05-29 09:00:00+02:00,66.47,62.0646169907198,66.1
2018-05-29 10:00:00+02:00,66.26,60.752542197712486,66.19
2018-05-29 11:00:00+02:00,66.13,59.550372137659096,66.29
2018-05-29 12:00:00+02:00,66.26,58.75254428105184,66.69
2018-05-29 13:00:00+02:00,66.13,57.91110431358259,65.9
2018-05-29 14:00:00+02:00,65.71,56.61942818051275,64.63
2018-05-29 15:00:00+02:00,64.97,54.583609316752884,64.45
2018-05-29 16:00:00+02:00,64.5,53.22570026098843,63.65
2018-05-29 17:00:00+02:00,63.57,53.67704844440792,63.19
2018-05-29 18:00:00+02:00,63.29,54.47617433777475,61.88
2018-05-29 19:00:00+02:00,64.79,57.29991963412146,64.21
2018-05-29 20:00:00+02:00,66.0,59.72043111095223,65.2
2018-05-29 21:00:00+02:00,66.5,63.48714849403592,67.13
2018-05-29 22:00:00+02:00,66.1,63.961242125537936,66.29
2018-05-29 23:00:00+02:00,65.81,63.584302764912785,65.2
2018-05-30 00:00:00+02:00,64.97,65.49920617184225,65.9
2018-05-30 01:00:00+02:00,64.29,62.947090559333205,64.97
2018-05-30 02:00:00+02:00,61.79,59.46559046114859,64.53
2018-05-30 03:00:00+02:00,60.0,57.76528759249267,64.5
2018-05-30 04:00:00+02:00,59.41,56.449740884758555,64.93
2018-05-30 05:00:00+02:00,61.79,56.16356885072291,65.15
2018-05-30 06:00:00+02:00,63.85,57.87654182372883,66.13
2018-05-30 07:00:00+02:00,65.94,58.88538089218391,66.26
2018-05-30 08:00:00+02:00,66.87,61.22488455040615,66.22
2018-05-30 09:00:00+02:00,67.67,62.10949382584149,66.47
2018-05-30 10:00:00+02:00,66.95,60.92398506208505,66.26
2018-05-30 11:00:00+02:00,67.0,59.69235071865715,66.13
2018-05-30 12:00:00+02:00,67.16,58.83575474517787,66.26
2018-05-30 13:00:00+02:00,66.79,57.92593903703754,66.13
2018-05-30 14:00:00+02:00,66.26,56.6001662019648,65.71
2018-05-30 15:00:00+02:00,65.95,54.55833700050772,64.97
2018-05-30 16:00:00+02:00,65.69,53.120055590291514,64.5
2018-05-30 17:00:00+02:00,64.97,53.31192327752586,63.57
2018-05-30 18:00:00+02:00,65.15,54.07322717818144,63.29
2018-05-30 19:00:00+02:00,65.79,56.83473480140853,64.79
2018-05-30 20:00:00+02:00,66.26,59.22348366227656,66.0
2018-05-30 21:00:00+02:00,66.81,62.76188009323602,66.5
2018-05-30 22:00:00+02:00,66.1,63.399123925474576,66.1
2018-05-30 23:00:00+02:00,65.15,63.023970447614374,65.81
2018-05-31 00:00:00+02:00,63.77,64.46060022798103,64.97
2018-05-31 01:00:00+02:00,54.95,61.65326375059556,64.29
2018-05-31 02:00:00+02:00,55.85,57.77113037284849,61.79
2018-05-31 03:00:00+02:00,55.43,55.76536330845128,60.0
2018-05-31 04:00:00+02:00,55.43,54.52890412000348,59.41
2018-05-31 05:00:00+02:00,57.8,54.63096933230972,61.79
2018-05-31 06:00:00+02:00,63.24,56.48293960421722,63.85
2018-05-31 07:00:00+02:00,63.82,57.98300695827449,65.94
2018-05-31 08:00:00+02:00,64.97,60.423438530894074,66.87
2018-05-31 09:00:00+02:00,64.63,61.562521053615654,67.67
2018-05-31 10:00:00+02:00,63.99,60.55364662060297,66.95
2018-05-31 11:00:00+02:00,64.01,59.49530519848054,67.0
2018-05-31 12:00:00+02:00,64.6,58.61534067174981,67.16
2018-05-31 13:00:00+02:00,64.67,57.519891884286814,66.79
2018-05-31 14:00:00+02:00,63.82,55.9278813261172,66.26
2018-05-31 15:00:00+02:00,63.47,53.563341086158914,65.95
2018-05-31 16:00:00+02:00,63.29,51.659114042744015,65.69
2018-05-31 17:00:00+02:00,63.01,51.28360708705365,64.97
2018-05-31 18:00:00+02:00,63.01,51.74310627832139,65.15
2018-05-31 19:00:00+02:00,63.82,54.144416355738564,65.79
2018-05-31 20:00:00+02:00,65.54,56.452706268152745,66.26
2018-05-31 21:00:00+02:00,67.0,59.91553039523005,66.81
2018-05-31 22:00:00+02:00,66.69,60.65377085320958,66.1
2018-05-31 23:00:00+02:00,64.97,60.20790315253443,65.15
2018-06-01 00:00:00+02:00,57.56,64.3676411939805,63.77
2018-06-01 01:00:00+02:00,51.99,61.06205983188748,54.95
2018-06-01 02:00:00+02:00,44.19,57.983727023415,55.85
2018-06-01 03:00:00+02:00,40.01,55.68233773638916,55.43
2018-06-01 04:00:00+02:00,30.75,54.26004301263887,55.43
2018-06-01 05:00:00+02:00,30.5,54.299246903275765,57.8
2018-06-01 06:00:00+02:00,30.5,56.125111235056316,63.24
2018-06-01 07:00:00+02:00,36.98,57.11663737870376,63.82
2018-06-01 08:00:00+02:00,43.01,59.380143933718635,64.97
2018-06-01 09:00:00+02:00,48.19,60.4244242084071,64.63
2018-06-01 10:00:00+02:00,55.01,59.53599002368327,63.99
2018-06-01 11:00:00+02:00,56.64,58.555812624764364,64.01
2018-06-01 12:00:00+02:00,55.38,57.75690590792361,64.6
2018-06-01 13:00:00+02:00,52.07,56.71815213864143,64.67
2018-06-01 14:00:00+02:00,48.19,55.20268679517984,63.82
2018-06-01 15:00:00+02:00,42.75,53.08746146523215,63.47
2018-06-01 16:00:00+02:00,37.99,51.33287321415491,63.29
2018-06-01 17:00:00+02:00,44.22,50.991701704068355,63.01
2018-06-01 18:00:00+02:00,49.98,51.56781094599584,63.01
2018-06-01 19:00:00+02:00,48.71,54.03737529239053,63.82
2018-06-01 20:00:00+02:00,50.0,56.573367838859404,65.54
2018-06-01 21:00:00+02:00,50.0,60.04660883864152,67.0
2018-06-01 22:00:00+02:00,48.69,60.94331996857992,66.69
2018-06-01 23:00:00+02:00,46.95,60.61493302055668,64.97
2018-06-02 00:00:00+02:00,45.5,45.92873702311194,57.56
2018-06-02 01:00:00+02:00,44.35,43.145860620118356,51.99
2018-06-02 02:00:00+02:00,43.53,40.09004735054418,44.19
2018-06-02 03:00:00+02:00,42.06,38.076375192352245,40.01
2018-06-02 04:00:00+02:00,42.05,35.99244545766328,30.75
2018-06-02 05:00:00+02:00,43.03,36.36755972128441,30.5
2018-06-02 06:00:00+02:00,44.69,37.67339980246843,30.5
2018-06-02 07:00:00+02:00,56.77,38.71214737144784,36.98
2018-06-02 08:00:00+02:00,62.51,40.33047748929998,43.01
2018-06-02 09:00:00+02:00,62.09,40.96889541057137,48.19
2018-06-02 10:00:00+02:00,60.07,40.02483040157229,55.01
2018-06-02 11:00:00+02:00,58.75,38.205321818127516,56.64
2018-06-02 12:00:00+02:00,55.06,36.71634518231705,55.38
2018-06-02 13:00:00+02:00,54.1,35.20468416036905,52.07
2018-06-02 14:00:00+02:00,52.91,33.50057449978192,48.19
2018-06-02 15:00:00+02:00,51.62,31.249590217846322,42.75
2018-06-02 16:00:00+02:00,53.75,29.477927118031133,37.99
2018-06-02 17:00:00+02:00,60.21,29.922360624035917,44.22
2018-06-02 18:00:00+02:00,62.48,30.30066047395953,49.98
2018-06-02 19:00:00+02:00,62.36,31.69350064269737,48.71
2018-06-02 20:00:00+02:00,62.09,34.041078522489954,50.0
2018-06-02 21:00:00+02:00,61.87,36.9108773257259,50.0
2018-06-02 22:00:00+02:00,58.99,37.57213881265085,48.69
2018-06-02 23:00:00+02:00,50.16,37.198729534286954,46.95
2018-06-03 00:00:00+02:00,40.25,49.91183118970096,45.5
2018-06-03 01:00:00+02:00,38.1,47.03616132829342,44.35
2018-06-03 02:00:00+02:00,37.39,43.80256737887581,43.53
2018-06-03 03:00:00+02:00,36.61,41.556331348459516,42.06
2018-06-03 04:00:00+02:00,36.91,39.74848922471414,42.05
2018-06-03 05:00:00+02:00,38.76,40.281751733659725,43.03
2018-06-03 06:00:00+02:00,39.96,42.0072371560909,44.69
2018-06-03 07:00:00+02:00,52.39,44.509843335071075,56.77
2018-06-03 08:00:00+02:00,59.95,46.14241903567826,62.51
2018-06-03 09:00:00+02:00,59.39,46.65013134007705,62.09
2018-06-03 10:00:00+02:00,59.24,45.9228671959882,60.07
2018-06-03 11:00:00+02:00,55.03,44.523242670293214,58.75
2018-06-03 12:00:00+02:00,52.39,43.03185264395423,55.06
2018-06-03 13:00:00+02:00,50.07,41.824388405877,54.1
2018-06-03 14:00:00+02:00,48.98,40.073565322205866,52.91
2018-06-03 15:00:00+02:00,48.76,37.653359791726274,51.62
2018-06-03 16:00:00+02:00,49.42,35.87800602918184,53.75
2018-06-03 17:00:00+02:00,53.99,36.238899968366816,60.21
2018-06-03 18:00:00+02:00,59.14,36.090857748548636,62.48
2018-06-03 19:00:00+02:00,64.63,37.12299435488723,62.36
2018-06-03 20:00:00+02:00,59.9,39.374559600955315,62.09
2018-06-03 21:00:00+02:00,56.58,42.3630814590834,61.87
2018-06-03 22:00:00+02:00,52.39,43.10942950111929,58.99
2018-06-03 23:00:00+02:00,48.01,42.96090950962515,50.16
2018-06-04 00:00:00+02:00,37.0,47.14546435233196,40.25
2018-06-04 01:00:00+02:00,29.41,45.06650647478804,38.1
2018-06-04 02:00:00+02:00,30.0,42.05767980179713,37.39
2018-06-04 03:00:00+02:00,29.06,39.69539994132692,36.61
2018-06-04 04:00:00+02:00,29.0,37.8395644339939,36.91
2018-06-04 05:00:00+02:00,31.88,38.1792457834927,38.76
2018-06-04 06:00:00+02:00,43.18,39.58141906327094,39.96
2018-06-04 07:00:00+02:00,45.2,42.80899967759296,52.39
2018-06-04 08:00:00+02:00,48.24,44.03297110235389,59.95
2018-06-04 09:00:00+02:00,48.09,43.80267651711457,59.39
2018-06-04 10:00:00+02:00,44.61,43.13053287377535,59.24
2018-06-04 11:00:00+02:00,43.25,41.4982148555887,55.03
2018-06-04 12:00:00+02:00,40.86,40.23494598451973,52.39
2018-06-04 13:00:00+02:00,35.2,39.22723278503966,50.07
2018-06-04 14:00:00+02:00,31.7,37.88003249212262,48.98
2018-06-04 15:00:00+02:00,28.63,35.910177233239416,48.76
2018-06-04 16:00:00+02:00,28.65,34.49794911963916,49.42
2018-06-04 17:00:00+02:00,31.68,35.34192660526354,53.99
2018-06-04 18:00:00+02:00,38.76,35.5843755872956,59.14
2018-06-04 19:00:00+02:00,42.17,36.756557056072864,64.63
2018-06-04 20:00:00+02:00,42.99,38.14283910993073,59.9
2018-06-04 21:00:00+02:00,45.01,41.143489780833576,56.58
2018-06-04 22:00:00+02:00,41.69,42.01062712881426,52.39
2018-06-04 23:00:00+02:00,41.0,41.56505540826324,48.01
2018-06-05 00:00:00+02:00,49.44,39.311043655902374,37.0
2018-06-05 01:00:00+02:00,47.89,37.59446834126042,29.41
2018-06-05 02:00:00+02:00,44.08,35.40261156352074,30.0
2018-06-05 03:00:00+02:00,42.74,32.916631313893355,29.06
2018-06-05 04:00:00+02:00,42.68,31.07193337022043,29.0
2018-06-05 05:00:00+02:00,44.01,31.487871733375634,31.88
2018-06-05 06:00:00+02:00,45.99,33.55687986827018,43.18
2018-06-05 07:00:00+02:00,45.0,35.92620954295618,45.2
2018-06-05 08:00:00+02:00,45.0,37.36352639125421,48.24
2018-06-05 09:00:00+02:00,49.1,37.04481242533845,48.09
2018-06-05 10:00:00+02:00,47.89,36.11953877298843,44.61
2018-06-05 11:00:00+02:00,48.5,34.71042422365287,43.25
2018-06-05 12:00:00+02:00,48.53,33.31622057987038,40.86
2018-06-05 13:00:00+02:00,49.44,31.935578373490344,35.2
2018-06-05 14:00:00+02:00,49.1,30.682479690074114,31.7
2018-06-05 15:00:00+02:00,48.22,28.70469919156794,28.63
2018-06-05 16:00:00+02:00,45.99,27.387851906779996,28.65
2018-06-05 17:00:00+02:00,45.64,28.18759302980778,31.68
2018-06-05 18:00:00+02:00,46.52,28.73684088587523,38.76
2018-06-05 19:00:00+02:00,46.64,29.518021620489005,42.17
2018-06-05 20:00:00+02:00,50.23,30.66769614142297,42.99
2018-06-05 21:00:00+02:00,53.89,33.71302809939364,45.01
2018-06-05 22:00:00+02:00,53.78,34.44301842897617,41.69
2018-06-05 23:00:00+02:00,52.14,34.16279038760241,41.0
2018-06-06 00:00:00+02:00,62.03,51.8895883255776,49.44
2018-06-06 01:00:00+02:00,61.33,49.821908308398555,47.89
2018-06-06 02:00:00+02:00,58.02,47.858646578330145,44.08
2018-06-06 03:00:00+02:00,56.64,46.08953689131275,42.74
2018-06-06 04:00:00+02:00,56.64,44.85034553746104,42.68
2018-06-06 05:00:00+02:00,57.52,45.74229051291412,44.01
2018-06-06 06:00:00+02:00,62.21,48.26782696147348,45.99
2018-06-06 07:00:00+02:00,64.93,50.89623954231622,45.0
2018-06-06 08:00:00+02:00,65.35,53.00467808820274,45.0
2018-06-06 09:00:00+02:00,65.65,53.70486188856205,49.1
2018-06-06 10:00:00+02:00,65.11,52.89105861698347,47.89
2018-06-06 11:00:00+02:00,65.0,52.06408554882789,48.5
2018-06-06 12:00:00+02:00,65.19,51.01462329980678,48.53
2018-06-06 13:00:00+02:00,65.0,50.04003319286249,49.44
2018-06-06 14:00:00+02:00,64.13,48.97230389604995,49.1
2018-06-06 15:00:00+02:00,62.86,47.26299939994094,48.22
2018-06-06 16:00:00+02:00,62.8,46.016463137656544,45.99
2018-06-06 17:00:00+02:00,62.79,47.00897720112755,45.64
2018-06-06 18:00:00+02:00,61.25,47.90894903105542,46.52
2018-06-06 19:00:00+02:00,63.31,48.852328522101146,46.64
2018-06-06 20:00:00+02:00,62.79,50.50918739907591,50.23
2018-06-06 21:00:00+02:00,64.4,53.69688267153713,53.89
2018-06-06 22:00:00+02:00,63.35,54.595428416596846,53.78
2018-06-06 23:00:00+02:00,62.0,54.72013382989207,52.14
2018-06-07 00:00:00+02:00,61.03,62.64156042727902,62.03
2018-06-07 01:00:00+02:00,58.01,59.79830200081907,61.33
2018-06-07 02:00:00+02:00,56.08,57.43443581254236,58.02
2018-06-07 03:00:00+02:00,55.0,55.68181194397745,56.64
2018-06-07 04:00:00+02:00,54.43,54.390628454776156,56.64
2018-06-07 05:00:00+02:00,56.9,55.0065763743529,57.52
2018-06-07 06:00:00+02:00,60.15,57.5053003456294,62.21
2018-06-07 07:00:00+02:00,59.4,59.75524480631001,64.93
2018-06-07 08:00:00+02:00,61.4,61.48549042610049,65.35
2018-06-07 09:00:00+02:00,62.0,62.115014310763655,65.65
2018-06-07 10:00:00+02:00,62.0,61.266246150570865,65.11
2018-06-07 11:00:00+02:00,62.41,60.44954877698156,65.0
2018-06-07 12:00:00+02:00,63.01,59.4775163066432,65.19
2018-06-07 13:00:00+02:00,63.09,58.56196488088105,65.0
2018-06-07 14:00:00+02:00,62.64,57.60429002013191,64.13
2018-06-07 15:00:00+02:00,62.18,56.13979809318618,62.86
2018-06-07 16:00:00+02:00,61.9,55.228841616255934,62.8
2018-06-07 17:00:00+02:00,61.7,56.32208028607702,62.79
2018-06-07 18:00:00+02:00,61.4,57.342199970995495,61.25
2018-06-07 19:00:00+02:00,61.25,58.771824726960936,63.31
2018-06-07 20:00:00+02:00,61.86,60.27938195632737,62.79
2018-06-07 21:00:00+02:00,62.0,63.50756044818931,64.4
2018-06-07 22:00:00+02:00,61.4,64.32243400266032,63.35
2018-06-07 23:00:00+02:00,60.55,64.3794695037268,62.0
2018-06-08 00:00:00+02:00,66.3,61.012679721126275,61.03
2018-06-08 01:00:00+02:00,63.9,58.185441933878764,58.01
2018-06-08 02:00:00+02:00,62.21,55.78675797330839,56.08
2018-06-08 03:00:00+02:00,61.15,53.9712929966229,55.0
2018-06-08 04:00:00+02:00,60.02,52.630447815424404,54.43
2018-06-08 05:00:00+02:00,62.14,53.32526323459644,56.9
2018-06-08 06:00:00+02:00,64.55,55.74566753894983,60.15
2018-06-08 07:00:00+02:00,65.67,57.692495154743966,59.4
2018-06-08 08:00:00+02:00,68.01,59.69490166552996,61.4
2018-06-08 09:00:00+02:00,70.0,60.30934886604688,62.0
2018-06-08 10:00:00+02:00,70.26,59.4569021789288,62.0
2018-06-08 11:00:00+02:00,70.41,58.52888494843736,62.41
2018-06-08 12:00:00+02:00,70.66,57.370902285175454,63.01
2018-06-08 13:00:00+02:00,70.69,56.12241199354415,63.09
2018-06-08 14:00:00+02:00,70.49,54.761603413383426,62.64
2018-06-08 15:00:00+02:00,70.23,52.913292236274046,62.18
2018-06-08 16:00:00+02:00,70.0,51.50935795523412,61.9
2018-06-08 17:00:00+02:00,71.71,51.95840865897965,61.7
2018-06-08 18:00:00+02:00,74.02,52.50670096688774,61.4
2018-06-08 19:00:00+02:00,74.0,53.5250121533854,61.25
2018-06-08 20:00:00+02:00,73.79,54.79168358711849,61.86
2018-06-08 21:00:00+02:00,74.82,57.63243959477857,62.0
2018-06-08 22:00:00+02:00,71.61,58.441651482497036,61.4
2018-06-08 23:00:00+02:00,67.5,58.42143995296259,60.55
2018-06-09 00:00:00+02:00,71.39,69.3408821426281,66.3
2018-06-09 01:00:00+02:00,69.9,66.48156586638102,63.9
2018-06-09 02:00:00+02:00,67.15,64.5052470658032,62.21
2018-06-09 03:00:00+02:00,64.52,63.051858052908855,61.15
2018-06-09 04:00:00+02:00,61.69,61.82800379479637,60.02
2018-06-09 05:00:00+02:00,62.99,62.61176267728346,62.14
2018-06-09 06:00:00+02:00,68.98,64.74608243835394,64.55
2018-06-09 07:00:00+02:00,73.78,66.27426214433176,65.67
2018-06-09 08:00:00+02:00,74.95,68.01764592458574,68.01
2018-06-09 09:00:00+02:00,75.57,68.42477156532149,70.0
2018-06-09 10:00:00+02:00,74.36,67.32880273343757,70.26
2018-06-09 11:00:00+02:00,73.4,66.25560302632982,70.41
2018-06-09 12:00:00+02:00,72.01,65.04147881907514,70.66
2018-06-09 13:00:00+02:00,72.3,63.78942273271771,70.69
2018-06-09 14:00:00+02:00,72.01,62.573974152584746,70.49
2018-06-09 15:00:00+02:00,71.8,61.09139747460409,70.23
2018-06-09 16:00:00+02:00,71.42,60.08061719623532,70.0
2018-06-09 17:00:00+02:00,73.73,60.993264169080675,71.71
2018-06-09 18:00:00+02:00,73.89,62.021669687676656,74.02
2018-06-09 19:00:00+02:00,74.03,63.07121372867114,74.0
2018-06-09 20:00:00+02:00,74.3,64.3956422701681,73.79
2018-06-09 21:00:00+02:00,72.3,67.21978196629023,74.82
2018-06-09 22:00:00+02:00,70.39,67.8461301231962,71.61
2018-06-09 23:00:00+02:00,68.14,68.30565000970087,67.5
2018-06-10 00:00:00+02:00,74.9,69.83544817633835,71.39
2018-06-10 01:00:00+02:00,74.62,66.50328199936631,69.9
2018-06-10 02:00:00+02:00,73.43,63.824238532197164,67.15
2018-06-10 03:00:00+02:00,71.01,61.87401852994841,64.52
2018-06-10 04:00:00+02:00,69.4,60.35513554114851,61.69
2018-06-10 05:00:00+02:00,65.67,61.238518298967186,62.99
2018-06-10 06:00:00+02:00,63.8,63.757964795365496,68.98
2018-06-10 07:00:00+02:00,66.08,65.50767026316005,73.78
2018-06-10 08:00:00+02:00,68.0,67.18915855604145,74.95
2018-06-10 09:00:00+02:00,74.14,67.86444751650463,75.57
2018-06-10 10:00:00+02:00,74.39,66.90738496073305,74.36
2018-06-10 11:00:00+02:00,73.58,65.92435125169342,73.4
2018-06-10 12:00:00+02:00,71.99,64.69945661263307,72.01
2018-06-10 13:00:00+02:00,69.68,63.51520259040459,72.3
2018-06-10 14:00:00+02:00,61.89,62.03555713029354,72.01
2018-06-10 15:00:00+02:00,57.51,60.17862384449737,71.8
2018-06-10 16:00:00+02:00,54.94,58.61318048469501,71.42
2018-06-10 17:00:00+02:00,59.93,59.042990613642154,73.73
2018-06-10 18:00:00+02:00,70.0,59.35863994920813,73.89
2018-06-10 19:00:00+02:00,74.75,60.02261915395309,74.03
2018-06-10 20:00:00+02:00,75.78,61.12479661252116,74.3
2018-06-10 21:00:00+02:00,70.0,63.5313399601752,72.3
2018-06-10 22:00:00+02:00,61.95,64.25245799799393,70.39
2018-06-10 23:00:00+02:00,61.84,64.3476844842294,68.14
2018-06-11 00:00:00+02:00,51.0,63.770972681657966,74.9
2018-06-11 01:00:00+02:00,47.64,60.07299366839163,74.62
2018-06-11 02:00:00+02:00,44.82,57.0090915275463,73.43
2018-06-11 03:00:00+02:00,43.53,54.644462285847816,71.01
2018-06-11 04:00:00+02:00,43.93,52.912966183588544,69.4
2018-06-11 05:00:00+02:00,48.18,53.19061472943273,65.67
2018-06-11 06:00:00+02:00,52.3,55.47710880472798,63.8
2018-06-11 07:00:00+02:00,64.43,57.43277324479786,66.08
2018-06-11 08:00:00+02:00,67.32,58.91127922848401,68.0
2018-06-11 09:00:00+02:00,68.25,59.804945875163305,74.14
2018-06-11 10:00:00+02:00,65.44,58.293093501204694,74.39
2018-06-11 11:00:00+02:00,63.86,56.955225754185534,73.58
2018-06-11 12:00:00+02:00,60.73,55.44407094105131,71.99
2018-06-11 13:00:00+02:00,62.41,53.96429328703816,69.68
2018-06-11 14:00:00+02:00,63.14,51.8158892621901,61.89
2018-06-11 15:00:00+02:00,64.0,50.02495721292606,57.51
2018-06-11 16:00:00+02:00,65.2,48.40321144311518,54.94
2018-06-11 17:00:00+02:00,67.64,49.09940510202249,59.93
2018-06-11 18:00:00+02:00,69.87,49.66718714747162,70.0
2018-06-11 19:00:00+02:00,71.61,49.64421946021815,74.75
2018-06-11 20:00:00+02:00,67.2,50.10102569010292,75.78
2018-06-11 21:00:00+02:00,59.9,51.54729035598734,70.0
2018-06-11 22:00:00+02:00,55.22,51.938227990762826,61.95
2018-06-11 23:00:00+02:00,52.07,52.43089730111292,61.84
2018-06-12 00:00:00+02:00,56.7,53.206903366605836,51.0
2018-06-12 01:00:00+02:00,52.84,50.355285548216166,47.64
2018-06-12 02:00:00+02:00,49.08,47.1867101628419,44.82
2018-06-12 03:00:00+02:00,48.68,44.662676227591135,43.53
2018-06-12 04:00:00+02:00,48.68,42.75793214680066,43.93
2018-06-12 05:00:00+02:00,48.88,42.904275975251934,48.18
2018-06-12 06:00:00+02:00,54.04,44.70853275891833,52.3
2018-06-12 07:00:00+02:00,64.04,47.03313363378534,64.43
2018-06-12 08:00:00+02:00,64.33,47.49917926990366,67.32
2018-06-12 09:00:00+02:00,65.75,47.89384295493046,68.25
2018-06-12 10:00:00+02:00,67.09,45.96472475876457,65.44
2018-06-12 11:00:00+02:00,67.07,44.44742014900132,63.86
2018-06-12 12:00:00+02:00,66.11,42.59611944326792,60.73
2018-06-12 13:00:00+02:00,65.23,41.30988478073693,62.41
2018-06-12 14:00:00+02:00,64.23,38.99413220462392,63.14
2018-06-12 15:00:00+02:00,60.85,37.026439533596765,64.0
2018-06-12 16:00:00+02:00,62.48,35.2804029026406,65.2
2018-06-12 17:00:00+02:00,66.58,35.76648432253771,67.64
2018-06-12 18:00:00+02:00,67.83,36.20994117632154,69.87
2018-06-12 19:00:00+02:00,66.1,36.085867434361056,71.61
2018-06-12 20:00:00+02:00,65.01,35.86774813608108,67.2
2018-06-12 21:00:00+02:00,65.23,36.819967025456066,59.9
2018-06-12 22:00:00+02:00,65.23,37.38256127461285,55.22
2018-06-12 23:00:00+02:00,64.18,38.202295919588444,52.07
2018-06-13 00:00:00+02:00,50.38,66.2794419935355,56.7
2018-06-13 01:00:00+02:00,51.0,63.62041754583457,52.84
2018-06-13 02:00:00+02:00,50.0,61.03085332821779,49.08
2018-06-13 03:00:00+02:00,48.0,59.34903697403955,48.68
2018-06-13 04:00:00+02:00,48.0,58.08375364360755,48.68
2018-06-13 05:00:00+02:00,49.65,58.729912515679125,48.88
2018-06-13 06:00:00+02:00,51.94,61.47491832464349,54.04
2018-06-13 07:00:00+02:00,54.05,64.87031049531376,64.04
2018-06-13 08:00:00+02:00,55.77,65.37840300390403,64.33
2018-06-13 09:00:00+02:00,55.2,66.47905327236778,65.75
2018-06-13 10:00:00+02:00,54.94,65.40068081908359,67.09
2018-06-13 11:00:00+02:00,55.0,64.38065833240026,67.07
2018-06-13 12:00:00+02:00,53.29,63.06795536693178,66.11
2018-06-13 13:00:00+02:00,54.05,62.31002183106248,65.23
2018-06-13 14:00:00+02:00,55.0,60.61583084214876,64.23
2018-06-13 15:00:00+02:00,53.85,58.94176340455755,60.85
2018-06-13 16:00:00+02:00,53.01,58.07728332288426,62.48
2018-06-13 17:00:00+02:00,52.7,59.09425111150771,66.58
2018-06-13 18:00:00+02:00,52.7,59.76171692726558,67.83
2018-06-13 19:00:00+02:00,54.94,59.871708090790854,66.1
2018-06-13 20:00:00+02:00,53.73,60.17003462491369,65.01
2018-06-13 21:00:00+02:00,55.09,61.62796324449754,65.23
2018-06-13 22:00:00+02:00,54.53,62.70568970412234,65.23
2018-06-13 23:00:00+02:00,51.71,63.78568788444289,64.18
2018-06-14 00:00:00+02:00,57.26,52.56756960875497,50.38
2018-06-14 01:00:00+02:00,57.05,51.12867588065094,51.0
2018-06-14 02:00:00+02:00,55.09,48.20622586673966,50.0
2018-06-14 03:00:00+02:00,54.98,45.96521883199338,48.0
2018-06-14 04:00:00+02:00,54.87,44.38763187329326,48.0
2018-06-14 05:00:00+02:00,55.09,44.56664102071648,49.65
2018-06-14 06:00:00+02:00,57.39,46.71511795513615,51.94
2018-06-14 07:00:00+02:00,54.98,49.55705234704883,54.05
2018-06-14 08:00:00+02:00,56.65,49.8111825851165,55.77
2018-06-14 09:00:00+02:00,58.75,50.2479877845408,55.2
2018-06-14 10:00:00+02:00,58.54,48.95283027783939,54.94
2018-06-14 11:00:00+02:00,58.5,47.605259700630896,55.0
2018-06-14 12:00:00+02:00,59.51,45.8441142373516,53.29
2018-06-14 13:00:00+02:00,59.29,44.9580611575184,54.05
2018-06-14 14:00:00+02:00,58.75,43.13916911638533,55.0
2018-06-14 15:00:00+02:00,59.67,41.098607995771594,53.85
2018-06-14 16:00:00+02:00,59.67,40.01506476768838,53.01
2018-06-14 17:00:00+02:00,59.67,40.781161845464084,52.7
2018-06-14 18:00:00+02:00,58.7,41.38082306735614,52.7
2018-06-14 19:00:00+02:00,57.02,41.623439503416876,54.94
2018-06-14 20:00:00+02:00,58.7,41.51270390357639,53.73
2018-06-14 21:00:00+02:00,60.11,42.92038146261672,55.09
2018-06-14 22:00:00+02:00,59.67,43.705805577701426,54.53
2018-06-14 23:00:00+02:00,58.24,44.52457505168974,51.71
2018-06-15 00:00:00+02:00,56.89,59.89877201481013,57.26
2018-06-15 01:00:00+02:00,57.38,58.481973582448596,57.05
2018-06-15 02:00:00+02:00,56.47,55.83607039991293,55.09
2018-06-15 03:00:00+02:00,55.19,54.060935822600165,54.98
2018-06-15 04:00:00+02:00,55.2,52.84309809717603,54.87
2018-06-15 05:00:00+02:00,56.89,53.33059096906864,55.09
2018-06-15 06:00:00+02:00,56.74,55.929890279286646,57.39
2018-06-15 07:00:00+02:00,59.92,58.77361619073478,54.98
2018-06-15 08:00:00+02:00,61.9,60.01028198298321,56.65
2018-06-15 09:00:00+02:00,61.76,60.95463127232336,58.75
2018-06-15 10:00:00+02:00,60.67,60.01340502303956,58.54
2018-06-15 11:00:00+02:00,60.46,59.036565111037774,58.5
2018-06-15 12:00:00+02:00,60.89,57.71222736284308,59.51
2018-06-15 13:00:00+02:00,60.54,56.921040827145234,59.29
2018-06-15 14:00:00+02:00,59.5,55.354310866289836,58.75
2018-06-15 15:00:00+02:00,57.51,53.63456309322435,59.67
2018-06-15 16:00:00+02:00,56.23,52.541024302528946,59.67
2018-06-15 17:00:00+02:00,56.69,53.24539294573541,59.67
2018-06-15 18:00:00+02:00,56.23,53.859441009320996,58.7
2018-06-15 19:00:00+02:00,56.35,54.16373829125127,57.02
2018-06-15 20:00:00+02:00,56.1,54.4740850752944,58.7
2018-06-15 21:00:00+02:00,56.49,55.88376521809377,60.11
2018-06-15 22:00:00+02:00,56.53,56.70500601913177,59.67
2018-06-15 23:00:00+02:00,53.12,57.52499169794649,58.24
2018-06-16 00:00:00+02:00,51.84,54.7075119800286,56.89
2018-06-16 01:00:00+02:00,51.22,53.48465697401709,57.38
2018-06-16 02:00:00+02:00,51.4,50.65950329616003,56.47
2018-06-16 03:00:00+02:00,51.1,48.57295863553428,55.19
2018-06-16 04:00:00+02:00,51.6,47.200569805322324,55.2
2018-06-16 05:00:00+02:00,51.4,47.48500414315519,56.89
2018-06-16 06:00:00+02:00,54.0,49.5435879354508,56.74
2018-06-16 07:00:00+02:00,51.63,52.41783547692956,59.92
2018-06-16 08:00:00+02:00,52.06,53.512338753549855,61.9
2018-06-16 09:00:00+02:00,52.19,54.10389564274129,61.76
2018-06-16 10:00:00+02:00,54.02,53.02594931814485,60.67
2018-06-16 11:00:00+02:00,55.0,51.93166434294623,60.46
2018-06-16 12:00:00+02:00,55.0,50.49452627832399,60.89
2018-06-16 13:00:00+02:00,55.0,49.392492382565834,60.54
2018-06-16 14:00:00+02:00,57.0,47.61512102460381,59.5
2018-06-16 15:00:00+02:00,52.11,45.620903388272524,57.51
2018-06-16 16:00:00+02:00,51.7,44.32273614492874,56.23
2018-06-16 17:00:00+02:00,51.2,44.81793339356158,56.69
2018-06-16 18:00:00+02:00,51.39,45.156996208622296,56.23
2018-06-16 19:00:00+02:00,51.18,45.32721928459247,56.35
2018-06-16 20:00:00+02:00,52.0,45.40927083680074,56.1
2018-06-16 21:00:00+02:00,56.9,46.57428753681954,56.49
2018-06-16 22:00:00+02:00,54.9,47.209886463559954,56.53
2018-06-16 23:00:00+02:00,52.15,47.69870376674141,53.12
2018-06-17 00:00:00+02:00,47.4,53.85005125880534,51.84
2018-06-17 01:00:00+02:00,48.0,52.9074425349048,51.22
2018-06-17 02:00:00+02:00,44.1,50.25799296247679,51.4
2018-06-17 03:00:00+02:00,43.49,47.976088658643334,51.1
2018-06-17 04:00:00+02:00,42.74,46.447467455721046,51.6
2018-06-17 05:00:00+02:00,42.61,46.3546285547526,51.4
2018-06-17 06:00:00+02:00,41.98,48.297515461915175,54.0
2018-06-17 07:00:00+02:00,41.98,50.51038850265809,51.63
2018-06-17 08:00:00+02:00,42.99,51.79604772111001,52.06
2018-06-17 09:00:00+02:00,44.1,52.31825962872224,52.19
2018-06-17 10:00:00+02:00,44.1,51.445041596874304,54.02
2018-06-17 11:00:00+02:00,44.76,50.2669882569763,55.0
2018-06-17 12:00:00+02:00,46.89,48.78667741028686,55.0
2018-06-17 13:00:00+02:00,50.0,47.729029739700934,55.0
2018-06-17 14:00:00+02:00,47.5,46.31429934537364,57.0
2018-06-17 15:00:00+02:00,44.1,43.96719615681626,52.11
2018-06-17 16:00:00+02:00,41.78,43.17923302343458,51.7
2018-06-17 17:00:00+02:00,41.58,43.81996856481066,51.2
2018-06-17 18:00:00+02:00,41.58,44.517019639786966,51.39
2018-06-17 19:00:00+02:00,41.88,44.980010150074655,51.18
2018-06-17 20:00:00+02:00,43.99,45.45243733791318,52.0
2018-06-17 21:00:00+02:00,50.4,47.14784746582002,56.9
2018-06-17 22:00:00+02:00,53.07,47.48358940062951,54.9
2018-06-17 23:00:00+02:00,45.5,48.00780155392464,52.15
2018-06-18 00:00:00+02:00,55.23,47.43613316256538,47.4
2018-06-18 01:00:00+02:00,54.38,47.22494499636138,48.0
2018-06-18 02:00:00+02:00,53.13,44.563259449902645,44.1
2018-06-18 03:00:00+02:00,46.89,42.72374125341714,43.49
2018-06-18 04:00:00+02:00,46.89,41.39147220908623,42.74
2018-06-18 05:00:00+02:00,52.0,41.49752719022079,42.61
2018-06-18 06:00:00+02:00,54.97,43.50666402832449,41.98
2018-06-18 07:00:00+02:00,55.73,46.02151964991521,41.98
2018-06-18 08:00:00+02:00,55.48,47.752411966160274,42.99
2018-06-18 09:00:00+02:00,55.48,48.610042271164225,44.1
2018-06-18 10:00:00+02:00,55.13,47.97139548377448,44.1
2018-06-18 11:00:00+02:00,55.7,47.025566232609854,44.76
2018-06-18 12:00:00+02:00,57.47,45.78852449996787,46.89
2018-06-18 13:00:00+02:00,57.47,44.81110252578267,50.0
2018-06-18 14:00:00+02:00,56.87,42.91142411499646,47.5
2018-06-18 15:00:00+02:00,56.66,40.43116865706861,44.1
2018-06-18 16:00:00+02:00,55.7,39.46909967320596,41.78
2018-06-18 17:00:00+02:00,55.7,40.00027982755469,41.58
2018-06-18 18:00:00+02:00,55.73,40.52787725004544,41.58
2018-06-18 19:00:00+02:00,55.23,40.840649776530576,41.88
2018-06-18 20:00:00+02:00,56.4,41.27869333022525,43.99
2018-06-18 21:00:00+02:00,57.34,43.07947906082687,50.4
2018-06-18 22:00:00+02:00,55.0,43.10535175982502,53.07
2018-06-18 23:00:00+02:00,51.42,43.042628626944875,45.5
2018-06-19 00:00:00+02:00,50.86,54.28134980467029,55.23
2018-06-19 01:00:00+02:00,46.89,53.41207246833977,54.38
2018-06-19 02:00:00+02:00,42.99,50.79479536613502,53.13
2018-06-19 03:00:00+02:00,42.61,48.361311462779426,46.89
2018-06-19 04:00:00+02:00,42.6,47.32190356310898,46.89
2018-06-19 05:00:00+02:00,43.69,47.60551934103666,52.0
2018-06-19 06:00:00+02:00,49.57,49.10482476408897,54.97
2018-06-19 07:00:00+02:00,51.75,51.15995200555432,55.73
2018-06-19 08:00:00+02:00,53.42,52.670975039995014,55.48
2018-06-19 09:00:00+02:00,54.89,53.477976668253206,55.48
2018-06-19 10:00:00+02:00,56.66,52.84158061009311,55.13
2018-06-19 11:00:00+02:00,58.02,51.95315128397712,55.7
2018-06-19 12:00:00+02:00,59.29,50.850888226300924,57.47
2018-06-19 13:00:00+02:00,60.3,49.77035147473774,57.47
2018-06-19 14:00:00+02:00,59.69,48.001081998874085,56.87
2018-06-19 15:00:00+02:00,59.77,45.78090352947487,56.66
2018-06-19 16:00:00+02:00,59.98,44.855511224848776,55.7
2018-06-19 17:00:00+02:00,60.0,45.58407965687977,55.7
2018-06-19 18:00:00+02:00,59.52,46.396342508723606,55.73
2018-06-19 19:00:00+02:00,59.01,46.98114813212478,55.23
2018-06-19 20:00:00+02:00,59.52,47.840208630062556,56.4
2018-06-19 21:00:00+02:00,60.78,49.78473198054155,57.34
2018-06-19 22:00:00+02:00,59.69,49.89684204281962,55.0
2018-06-19 23:00:00+02:00,58.43,49.5896514486876,51.42
2018-06-20 00:00:00+02:00,61.3,61.231306669783635,50.86
2018-06-20 01:00:00+02:00,61.14,60.649585570334295,46.89
2018-06-20 02:00:00+02:00,60.17,58.54490140438655,42.99
2018-06-20 03:00:00+02:00,60.03,56.81944773230273,42.61
2018-06-20 04:00:00+02:00,60.13,56.16926536651932,42.6
2018-06-20 05:00:00+02:00,60.5,56.90118730960542,43.69
2018-06-20 06:00:00+02:00,61.89,59.18804202083267,49.57
2018-06-20 07:00:00+02:00,62.22,61.393777921433085,51.75
2018-06-20 08:00:00+02:00,62.83,63.348684336028136,53.42
2018-06-20 09:00:00+02:00,62.59,64.64678685845627,54.89
2018-06-20 10:00:00+02:00,62.23,64.57448493559431,56.66
2018-06-20 11:00:00+02:00,62.0,64.04512464774302,58.02
2018-06-20 12:00:00+02:00,62.41,63.24973945511333,59.29
2018-06-20 13:00:00+02:00,62.16,62.378386033789894,60.3
2018-06-20 14:00:00+02:00,61.87,60.69792451781253,59.69
2018-06-20 15:00:00+02:00,61.92,58.681110365110406,59.77
2018-06-20 16:00:00+02:00,61.74,57.73193627388782,59.98
2018-06-20 17:00:00+02:00,61.74,58.32478603173005,60.0
2018-06-20 18:00:00+02:00,61.39,59.081089410085454,59.52
2018-06-20 19:00:00+02:00,61.14,59.67854916735767,59.01
2018-06-20 20:00:00+02:00,61.39,60.61023707327429,59.52
2018-06-20 21:00:00+02:00,61.99,62.561857735967855,60.78
2018-06-20 22:00:00+02:00,61.46,62.697142103569455,59.69
2018-06-20 23:00:00+02:00,59.7,62.35017432134806,58.43
2018-06-21 00:00:00+02:00,60.17,62.511431046740476,61.3
2018-06-21 01:00:00+02:00,60.0,61.76507565276043,61.14
2018-06-21 02:00:00+02:00,60.0,59.45840472052055,60.17
2018-06-21 03:00:00+02:00,59.92,57.44623953782716,60.03
2018-06-21 04:00:00+02:00,59.67,56.34470315002855,60.13
2018-06-21 05:00:00+02:00,59.67,56.554872294451684,60.5
2018-06-21 06:00:00+02:00,60.09,58.350765737867086,61.89
2018-06-21 07:00:00+02:00,60.49,60.03675989058832,62.22
2018-06-21 08:00:00+02:00,61.14,61.62094668039855,62.83
2018-06-21 09:00:00+02:00,61.97,62.536021354537844,62.59
2018-06-21 10:00:00+02:00,61.39,62.248543208710224,62.23
2018-06-21 11:00:00+02:00,61.5,61.51582268509835,62.0
2018-06-21 12:00:00+02:00,61.99,60.60181394038152,62.41
2018-06-21 13:00:00+02:00,61.97,59.55129153393335,62.16
2018-06-21 14:00:00+02:00,61.83,57.858412797212466,61.87
2018-06-21 15:00:00+02:00,61.83,55.88775648118369,61.92
2018-06-21 16:00:00+02:00,61.99,54.861655529817746,61.74
2018-06-21 17:00:00+02:00,61.83,55.389149350719045,61.74
2018-06-21 18:00:00+02:00,61.0,56.170502840487586,61.39
2018-06-21 19:00:00+02:00,60.8,56.867587444924176,61.14
2018-06-21 20:00:00+02:00,60.69,57.88209751410638,61.39
2018-06-21 21:00:00+02:00,61.39,59.8143093112719,61.99
2018-06-21 22:00:00+02:00,60.69,59.99693493553917,61.46
2018-06-21 23:00:00+02:00,58.68,59.57758086896223,59.7
2018-06-22 00:00:00+02:00,59.92,61.323232281360696,60.17
2018-06-22 01:00:00+02:00,59.12,60.78239815172346,60.0
2018-06-22 02:00:00+02:00,58.19,58.68965912283668,60.0
2018-06-22 03:00:00+02:00,55.3,56.76525197592318,59.92
2018-06-22 04:00:00+02:00,55.01,55.72524659492841,59.67
2018-06-22 05:00:00+02:00,55.3,56.032758282419536,59.67
2018-06-22 06:00:00+02:00,58.68,57.941238024247944,60.09
2018-06-22 07:00:00+02:00,60.1,59.85039924832799,60.49
2018-06-22 08:00:00+02:00,60.89,61.67260167108766,61.14
2018-06-22 09:00:00+02:00,60.89,62.83507513108136,61.97
2018-06-22 10:00:00+02:00,61.14,62.65771838344191,61.39
2018-06-22 11:00:00+02:00,61.49,62.080544434916625,61.5
2018-06-22 12:00:00+02:00,62.01,61.21596818545281,61.99
2018-06-22 13:00:00+02:00,61.5,60.061965982158945,61.97
2018-06-22 14:00:00+02:00,60.92,58.26755908731163,61.83
2018-06-22 15:00:00+02:00,60.77,56.1336997480227,61.83
2018-06-22 16:00:00+02:00,60.92,54.79304973645589,61.99
2018-06-22 17:00:00+02:00,60.65,54.871357683285005,61.83
2018-06-22 18:00:00+02:00,60.27,55.26117239504734,61.0
2018-06-22 19:00:00+02:00,60.27,55.716368502996346,60.8
2018-06-22 20:00:00+02:00,60.41,56.43867744679702,60.69
2018-06-22 21:00:00+02:00,60.3,58.11149965031153,61.39
2018-06-22 22:00:00+02:00,60.23,58.11544613846581,60.69
2018-06-22 23:00:00+02:00,59.69,57.49681043761917,58.68
2018-06-23 00:00:00+02:00,52.35,62.22578844197168,59.92
2018-06-23 01:00:00+02:00,51.15,61.961244742803665,59.12
2018-06-23 02:00:00+02:00,51.02,60.22012431259567,58.19
2018-06-23 03:00:00+02:00,51.43,58.26908785001124,55.3
2018-06-23 04:00:00+02:00,51.5,57.43051287092629,55.01
2018-06-23 05:00:00+02:00,52.0,57.60961417986847,55.3
2018-06-23 06:00:00+02:00,51.02,59.41820572041874,58.68
2018-06-23 07:00:00+02:00,51.2,60.79527653292265,60.1
2018-06-23 08:00:00+02:00,55.0,62.141391909668094,60.89
2018-06-23 09:00:00+02:00,58.57,62.86881801103968,60.89
2018-06-23 10:00:00+02:00,60.1,62.48236732087987,61.14
2018-06-23 11:00:00+02:00,60.17,61.70107295431869,61.49
2018-06-23 12:00:00+02:00,60.17,60.721651963151366,62.01
2018-06-23 13:00:00+02:00,60.4,59.43343792222563,61.5
2018-06-23 14:00:00+02:00,60.1,57.73474442748726,60.92
2018-06-23 15:00:00+02:00,60.1,55.86375475334919,60.77
2018-06-23 16:00:00+02:00,59.19,54.80663204938055,60.92
2018-06-23 17:00:00+02:00,59.09,55.129256412821036,60.65
2018-06-23 18:00:00+02:00,59.19,55.94409855113476,60.27
2018-06-23 19:00:00+02:00,59.69,56.892522737391246,60.27
2018-06-23 20:00:00+02:00,59.09,57.97931647742124,60.41
2018-06-23 21:00:00+02:00,59.98,59.755781629879905,60.3
2018-06-23 22:00:00+02:00,60.1,59.96178199935323,60.23
2018-06-23 23:00:00+02:00,59.03,59.205053469741536,59.69
2018-06-24 00:00:00+02:00,60.17,60.897202603037144,52.35
2018-06-24 01:00:00+02:00,60.0,61.24763449646248,51.15
2018-06-24 02:00:00+02:00,59.12,59.62255981950471,51.02
2018-06-24 03:00:00+02:00,58.68,57.588518639103334,51.43
2018-06-24 04:00:00+02:00,58.68,56.47075870625239,51.5
2018-06-24 05:00:00+02:00,59.09,56.52154310247425,52.0
2018-06-24 06:00:00+02:00,58.68,58.10861394452834,51.02
2018-06-24 07:00:00+02:00,56.0,59.785785306502646,51.2
2018-06-24 08:00:00+02:00,58.18,61.6916244205706,55.0
2018-06-24 09:00:00+02:00,58.68,62.73784142589264,58.57
2018-06-24 10:00:00+02:00,59.19,62.48845256583266,60.1
2018-06-24 11:00:00+02:00,59.09,61.77673372162344,60.17
2018-06-24 12:00:00+02:00,59.69,60.91806706724294,60.17
2018-06-24 13:00:00+02:00,60.1,59.767795403968556,60.4
2018-06-24 14:00:00+02:00,60.1,58.0907127276186,60.1
2018-06-24 15:00:00+02:00,59.96,56.206071475666356,60.1
2018-06-24 16:00:00+02:00,59.19,54.8786258206659,59.19
2018-06-24 17:00:00+02:00,58.45,54.97016520599793,59.09
2018-06-24 18:00:00+02:00,58.43,55.55169028080492,59.19
2018-06-24 19:00:00+02:00,58.99,56.3393291293213,59.69
2018-06-24 20:00:00+02:00,60.09,57.23648770825939,59.09
2018-06-24 21:00:00+02:00,60.41,59.13408448879323,59.98
2018-06-24 22:00:00+02:00,61.14,59.59266828811162,60.1
2018-06-24 23:00:00+02:00,60.41,59.133189709700815,59.03
2018-06-25 00:00:00+02:00,60.89,62.12015612006968,60.17
2018-06-25 01:00:00+02:00,59.46,62.77198879140712,60.0
2018-06-25 02:00:00+02:00,56.4,61.720163817844515,59.12
2018-06-25 03:00:00+02:00,53.0,60.24358900126544,58.68
2018-06-25 04:00:00+02:00,52.87,59.53990445965309,58.68
2018-06-25 05:00:00+02:00,54.9,59.86154628299247,59.09
2018-06-25 06:00:00+02:00,58.89,61.41374935299237,58.68
2018-06-25 07:00:00+02:00,61.68,62.885525598676175,56.0
2018-06-25 08:00:00+02:00,63.43,65.16634069824826,58.18
2018-06-25 09:00:00+02:00,64.36,66.06684550043113,58.68
2018-06-25 10:00:00+02:00,64.24,65.80090255625781,59.19
2018-06-25 11:00:00+02:00,63.94,64.94979131116571,59.09
2018-06-25 12:00:00+02:00,64.36,64.04695210901868,59.69
2018-06-25 13:00:00+02:00,64.36,62.78318443412286,60.1
2018-06-25 14:00:00+02:00,64.01,61.017785257040345,60.1
2018-06-25 15:00:00+02:00,63.9,59.10790230582535,59.96
2018-06-25 16:00:00+02:00,63.8,57.69860885987924,59.19
2018-06-25 17:00:00+02:00,63.68,57.73400073524453,58.45
2018-06-25 18:00:00+02:00,63.17,58.46950922719992,58.43
2018-06-25 19:00:00+02:00,63.05,59.4480697137099,58.99
2018-06-25 20:00:00+02:00,63.05,60.45417133837697,60.09
2018-06-25 21:00:00+02:00,63.36,62.12126762213113,60.41
2018-06-25 22:00:00+02:00,62.93,62.55917003058423,61.14
2018-06-25 23:00:00+02:00,62.45,61.79286486545269,60.41
2018-06-26 00:00:00+02:00,62.9,64.10491151372635,60.89
2018-06-26 01:00:00+02:00,61.3,64.44292819191,59.46
2018-06-26 02:00:00+02:00,60.17,63.034133688744674,56.4
2018-06-26 03:00:00+02:00,59.89,61.24367276630262,53.0
2018-06-26 04:00:00+02:00,60.17,60.508054690129555,52.87
2018-06-26 05:00:00+02:00,61.02,60.845592168216356,54.9
2018-06-26 06:00:00+02:00,61.24,62.56408542123571,58.89
2018-06-26 07:00:00+02:00,63.17,64.22316319279898,61.68
2018-06-26 08:00:00+02:00,63.69,66.65268287716815,63.43
2018-06-26 09:00:00+02:00,64.17,67.99818869567859,64.36
2018-06-26 10:00:00+02:00,63.87,68.15008082512783,64.24
2018-06-26 11:00:00+02:00,63.87,67.71046490875766,63.94
2018-06-26 12:00:00+02:00,64.2,67.179999642702,64.36
2018-06-26 13:00:00+02:00,64.1,66.16944570642322,64.36
2018-06-26 14:00:00+02:00,63.87,64.57765693522,64.01
2018-06-26 15:00:00+02:00,63.45,62.73518817519517,63.9
2018-06-26 16:00:00+02:00,63.02,61.21140884629813,63.8
2018-06-26 17:00:00+02:00,62.99,60.943678529943796,63.68
2018-06-26 18:00:00+02:00,62.66,61.296470682629916,63.17
2018-06-26 19:00:00+02:00,62.59,61.966300620339204,63.05
2018-06-26 20:00:00+02:00,63.17,62.743958524258865,63.05
2018-06-26 21:00:00+02:00,63.87,64.30043921088061,63.36
2018-06-26 22:00:00+02:00,63.68,64.80884688471048,62.93
2018-06-26 23:00:00+02:00,61.14,64.27525627234661,62.45
2018-06-27 00:00:00+02:00,62.32,62.951216557618714,62.9
2018-06-27 01:00:00+02:00,61.33,63.24314265823959,61.3
2018-06-27 02:00:00+02:00,60.89,62.02502175348077,60.17
2018-06-27 03:00:00+02:00,60.17,60.30727929019672,59.89
2018-06-27 04:00:00+02:00,60.17,59.42053872735345,60.17
2018-06-27 05:00:00+02:00,60.96,59.51605563901986,61.02
2018-06-27 06:00:00+02:00,60.96,60.79255715049486,61.24
2018-06-27 07:00:00+02:00,62.41,62.269475821227985,63.17
2018-06-27 08:00:00+02:00,63.45,64.18733322261257,63.69
2018-06-27 09:00:00+02:00,63.45,65.26017956845216,64.17
2018-06-27 10:00:00+02:00,63.49,65.1253268280355,63.87
2018-06-27 11:00:00+02:00,63.75,64.4631259495969,63.87
2018-06-27 12:00:00+02:00,64.3,63.71196165625965,64.2
2018-06-27 13:00:00+02:00,64.24,62.48660163496416,64.1
2018-06-27 14:00:00+02:00,63.8,60.762667317687466,63.87
2018-06-27 15:00:00+02:00,63.49,58.81482544586644,63.45
2018-06-27 16:00:00+02:00,63.6,57.201011122863385,63.02
2018-06-27 17:00:00+02:00,63.49,56.83992499834827,62.99
2018-06-27 18:00:00+02:00,63.01,57.13064535953018,62.66
2018-06-27 19:00:00+02:00,63.01,57.838381587899235,62.59
2018-06-27 20:00:00+02:00,62.62,58.716346072317805,63.17
2018-06-27 21:00:00+02:00,62.45,60.26181722522117,63.87
2018-06-27 22:00:00+02:00,63.11,60.80936450134729,63.68
2018-06-27 23:00:00+02:00,61.0,60.37465703734332,61.14
2018-06-28 00:00:00+02:00,61.42,62.69428026797281,62.32
2018-06-28 01:00:00+02:00,60.17,62.984820881019914,61.33
2018-06-28 02:00:00+02:00,59.73,62.205698223344925,60.89
2018-06-28 03:00:00+02:00,58.49,60.83601887206309,60.17
2018-06-28 04:00:00+02:00,58.18,60.25305424475467,60.17
2018-06-28 05:00:00+02:00,58.68,60.572860590155194,60.96
2018-06-28 06:00:00+02:00,59.19,61.77715186026382,60.96
2018-06-28 07:00:00+02:00,60.0,63.340053539647656,62.41
2018-06-28 08:00:00+02:00,62.32,65.11497495775734,63.45
2018-06-28 09:00:00+02:00,63.17,66.03259954964098,63.45
2018-06-28 10:00:00+02:00,63.36,65.8645760157374,63.49
2018-06-28 11:00:00+02:00,63.5,65.13725096908044,63.75
2018-06-28 12:00:00+02:00,63.9,64.30579554048232,64.3
2018-06-28 13:00:00+02:00,63.5,62.950290007312894,64.24
2018-06-28 14:00:00+02:00,63.29,61.146786578263935,63.8
2018-06-28 15:00:00+02:00,63.17,59.20509744031889,63.49
2018-06-28 16:00:00+02:00,63.17,57.62624861482561,63.6
2018-06-28 17:00:00+02:00,63.09,57.1986209604556,63.49
2018-06-28 18:00:00+02:00,62.8,57.51422337183327,63.01
2018-06-28 19:00:00+02:00,62.3,58.38940171563874,63.01
2018-06-28 20:00:00+02:00,62.01,59.34210393381769,62.62
2018-06-28 21:00:00+02:00,62.93,60.83577185146588,62.45
2018-06-28 22:00:00+02:00,62.99,61.44192682629701,63.11
2018-06-28 23:00:00+02:00,61.14,60.610650282314474,61.0
2018-06-29 00:00:00+02:00,61.89,62.94928627399465,61.42
2018-06-29 01:00:00+02:00,60.43,63.04648032789001,60.17
2018-06-29 02:00:00+02:00,59.98,61.995780408645516,59.73
2018-06-29 03:00:00+02:00,59.18,60.117307780117535,58.49
2018-06-29 04:00:00+02:00,59.01,59.04115191234821,58.18
2018-06-29 05:00:00+02:00,60.13,58.94190523465395,58.68
2018-06-29 06:00:00+02:00,61.14,59.84469200098704,59.19
2018-06-29 07:00:00+02:00,61.76,61.32136053104785,60.0
2018-06-29 08:00:00+02:00,63.17,63.24263597241184,62.32
2018-06-29 09:00:00+02:00,63.17,64.23704516288036,63.17
2018-06-29 10:00:00+02:00,63.19,64.24683217761064,63.36
2018-06-29 11:00:00+02:00,63.17,63.72909808558186,63.5
2018-06-29 12:00:00+02:00,63.19,63.08965734601745,63.9
2018-06-29 13:00:00+02:00,63.17,61.888188969724915,63.5
2018-06-29 14:00:00+02:00,62.64,60.29232746379172,63.29
2018-06-29 15:00:00+02:00,62.01,58.47365224987781,63.17
2018-06-29 16:00:00+02:00,62.01,56.92764673054647,63.17
2018-06-29 17:00:00+02:00,62.01,56.414154324128944,63.09
2018-06-29 18:00:00+02:00,62.0,56.59615272618685,62.8
2018-06-29 19:00:00+02:00,61.14,57.306692766681074,62.3
2018-06-29 20:00:00+02:00,61.89,58.217922931537814,62.01
2018-06-29 21:00:00+02:00,62.0,59.851151318521715,62.93
2018-06-29 22:00:00+02:00,62.52,60.61561175012509,62.99
2018-06-29 23:00:00+02:00,61.89,59.97039132814478,61.14
2018-06-30 00:00:00+02:00,62.81,63.449045481298924,61.89
2018-06-30 01:00:00+02:00,61.69,63.66346590485739,60.43
2018-06-30 02:00:00+02:00,60.89,63.26509755622806,59.98
2018-06-30 03:00:00+02:00,60.43,61.993748912331725,59.18
2018-06-30 04:00:00+02:00,59.19,61.452866870595614,59.01
2018-06-30 05:00:00+02:00,58.68,61.83928191275686,60.13
2018-06-30 06:00:00+02:00,57.89,62.91803098195559,61.14
2018-06-30 07:00:00+02:00,56.82,64.4219344975715,61.76
2018-06-30 08:00:00+02:00,56.69,66.38949735361844,63.17
2018-06-30 09:00:00+02:00,57.89,67.27251102387835,63.17
2018-06-30 10:00:00+02:00,57.89,67.27121197894999,63.19
2018-06-30 11:00:00+02:00,57.89,66.69022628280104,63.17
2018-06-30 12:00:00+02:00,58.0,65.95451361500857,63.19
2018-06-30 13:00:00+02:00,57.89,64.66414718952944,63.17
2018-06-30 14:00:00+02:00,57.89,62.942645992971386,62.64
2018-06-30 15:00:00+02:00,55.58,61.06529776023905,62.01
2018-06-30 16:00:00+02:00,54.15,59.52747909913719,62.01
2018-06-30 17:00:00+02:00,54.5,58.92116780730525,62.01
2018-06-30 18:00:00+02:00,56.96,59.09026265349343,62.0
2018-06-30 19:00:00+02:00,58.34,59.78425010361974,61.14
2018-06-30 20:00:00+02:00,61.01,60.90576693352531,61.89
2018-06-30 21:00:00+02:00,61.89,62.4081804647828,62.0
2018-06-30 22:00:00+02:00,62.64,63.18457585509972,62.52
2018-06-30 23:00:00+02:00,62.96,62.27402050178312,61.89
2018-07-01 00:00:00+02:00,42.16,64.60388675712242,62.81
2018-07-01 01:00:00+02:00,15.98,64.84534914847328,61.69
2018-07-01 02:00:00+02:00,15.99,64.40769403461782,60.89
2018-07-01 03:00:00+02:00,15.51,63.08143737791833,60.43
2018-07-01 04:00:00+02:00,15.68,62.264766959983305,59.19
2018-07-01 05:00:00+02:00,16.99,62.54047434376004,58.68
2018-07-01 06:00:00+02:00,19.72,63.61252821696059,57.89
2018-07-01 07:00:00+02:00,22.77,65.26370176792913,56.82
2018-07-01 08:00:00+02:00,30.89,67.5704624764123,56.69
2018-07-01 09:00:00+02:00,43.01,69.04916151904051,57.89
2018-07-01 10:00:00+02:00,49.67,69.43456134637049,57.89
2018-07-01 11:00:00+02:00,53.02,69.29047993911395,57.89
2018-07-01 12:00:00+02:00,53.04,68.9431508795278,58.0
2018-07-01 13:00:00+02:00,54.07,68.02421307792837,57.89
2018-07-01 14:00:00+02:00,53.99,66.6424524783607,57.89
2018-07-01 15:00:00+02:00,49.41,64.79394894992399,55.58
2018-07-01 16:00:00+02:00,48.69,63.41897653436004,54.15
2018-07-01 17:00:00+02:00,54.19,62.97266456036837,54.5
2018-07-01 18:00:00+02:00,61.27,63.26643083761334,56.96
2018-07-01 19:00:00+02:00,70.0,63.76991493126986,58.34
2018-07-01 20:00:00+02:00,72.21,64.8805987854344,61.01
2018-07-01 21:00:00+02:00,77.71,66.23629353830337,61.89
2018-07-01 22:00:00+02:00,72.05,67.16411949567485,62.64
2018-07-01 23:00:00+02:00,66.0,66.538106514346,62.96
2018-07-02 00:00:00+02:00,48.25,66.57946042476503,42.16
2018-07-02 01:00:00+02:00,44.69,66.59083940427735,15.98
2018-07-02 02:00:00+02:00,43.03,69.1657476810781,15.99
2018-07-02 03:00:00+02:00,42.37,68.77404291955325,15.51
2018-07-02 04:00:00+02:00,42.37,68.58588024921566,15.68
2018-07-02 05:00:00+02:00,43.03,69.38083820713133,16.99
2018-07-02 06:00:00+02:00,47.18,70.86533294400546,19.72
2018-07-02 07:00:00+02:00,59.21,72.71574189258295,22.77
2018-07-02 08:00:00+02:00,62.62,75.55878851092304,30.89
2018-07-02 09:00:00+02:00,63.9,77.58215234719088,43.01
2018-07-02 10:00:00+02:00,62.62,77.63100049604911,49.67
2018-07-02 11:00:00+02:00,61.43,77.20788155820595,53.02
2018-07-02 12:00:00+02:00,59.83,76.58796008595685,53.04
2018-07-02 13:00:00+02:00,58.1,75.85780362280612,54.07
2018-07-02 14:00:00+02:00,53.46,74.55662016745993,53.99
2018-07-02 15:00:00+02:00,52.5,72.5227425453902,49.41
2018-07-02 16:00:00+02:00,55.55,71.7057656888227,48.69
2018-07-02 17:00:00+02:00,60.19,72.12266587759451,54.19
2018-07-02 18:00:00+02:00,65.13,72.96659331994309,61.27
2018-07-02 19:00:00+02:00,65.62,74.07573427095456,70.0
2018-07-02 20:00:00+02:00,66.35,75.02349848532324,72.21
2018-07-02 21:00:00+02:00,66.19,76.97010830394913,77.71
2018-07-02 22:00:00+02:00,63.87,77.24519931313492,72.05
2018-07-02 23:00:00+02:00,61.28,77.54137899021411,66.0
2018-07-03 00:00:00+02:00,41.83,60.29688414723698,48.25
2018-07-03 01:00:00+02:00,39.8,61.2656262123372,44.69
2018-07-03 02:00:00+02:00,37.81,63.45777798890503,43.03
2018-07-03 03:00:00+02:00,37.61,62.98384793448324,42.37
2018-07-03 04:00:00+02:00,37.54,62.455637663454254,42.37
2018-07-03 05:00:00+02:00,39.9,62.84259486132826,43.03
2018-07-03 06:00:00+02:00,46.69,64.25938280699818,47.18
2018-07-03 07:00:00+02:00,55.85,66.54566525607123,59.21
2018-07-03 08:00:00+02:00,61.79,68.36507509358412,62.62
2018-07-03 09:00:00+02:00,60.0,69.96719747670927,63.9
2018-07-03 10:00:00+02:00,56.69,69.77810840051983,62.62
2018-07-03 11:00:00+02:00,56.51,69.24090370639442,61.43
2018-07-03 12:00:00+02:00,51.51,68.45104743139332,59.83
2018-07-03 13:00:00+02:00,51.17,67.55127746585158,58.1
2018-07-03 14:00:00+02:00,50.75,65.87841117648492,53.46
2018-07-03 15:00:00+02:00,50.6,64.05376738311853,52.5
2018-07-03 16:00:00+02:00,50.75,63.31106734265492,55.55
2018-07-03 17:00:00+02:00,53.7,63.547195406952724,60.19
2018-07-03 18:00:00+02:00,60.95,64.12644546274866,65.13
2018-07-03 19:00:00+02:00,64.34,64.54612706511796,65.62
2018-07-03 20:00:00+02:00,64.63,65.24420833781132,66.35
2018-07-03 21:00:00+02:00,61.95,66.81919243977492,66.19
2018-07-03 22:00:00+02:00,52.83,66.90827824426731,63.87
2018-07-03 23:00:00+02:00,47.11,66.71977902923145,61.28
2018-07-04 00:00:00+02:00,42.68,44.722523549496415,41.83
2018-07-04 01:00:00+02:00,35.8,46.37712231475273,39.8
2018-07-04 02:00:00+02:00,34.32,47.96450571966729,37.81
2018-07-04 03:00:00+02:00,32.01,47.22497904933826,37.61
2018-07-04 04:00:00+02:00,31.7,46.142151249826625,37.54
2018-07-04 05:00:00+02:00,31.68,46.125332969622356,39.9
2018-07-04 06:00:00+02:00,33.1,47.40822993715778,46.69
2018-07-04 07:00:00+02:00,34.32,49.507102023150026,55.85
2018-07-04 08:00:00+02:00,34.21,50.86972600136432,61.79
2018-07-04 09:00:00+02:00,42.4,51.63196178568782,60.0
2018-07-04 10:00:00+02:00,47.43,51.286128483780594,56.69
2018-07-04 11:00:00+02:00,49.09,50.938186126103616,56.51
2018-07-04 12:00:00+02:00,47.79,49.65619556744649,51.51
2018-07-04 13:00:00+02:00,45.68,48.94645015831745,51.17
2018-07-04 14:00:00+02:00,44.99,47.1262502007719,50.75
2018-07-04 15:00:00+02:00,41.12,45.01246073068554,50.6
2018-07-04 16:00:00+02:00,37.68,43.761623975764444,50.75
2018-07-04 17:00:00+02:00,36.69,43.61023643254612,53.7
2018-07-04 18:00:00+02:00,41.43,43.926474964845646,60.95
2018-07-04 19:00:00+02:00,42.83,43.394740721225524,64.34
2018-07-04 20:00:00+02:00,49.77,43.087372894996754,64.63
2018-07-04 21:00:00+02:00,55.16,43.64445355520713,61.95
2018-07-04 22:00:00+02:00,51.8,42.69335520265081,52.83
2018-07-04 23:00:00+02:00,50.07,42.55904327064645,47.11
2018-07-05 00:00:00+02:00,55.84,48.08415278968208,42.68
2018-07-05 01:00:00+02:00,55.33,49.666652391776076,35.8
2018-07-05 02:00:00+02:00,54.6,52.1492437848899,34.32
2018-07-05 03:00:00+02:00,54.78,52.04499513618205,32.01
2018-07-05 04:00:00+02:00,54.88,51.62485404300061,31.7
2018-07-05 05:00:00+02:00,55.15,51.99302903192459,31.68
2018-07-05 06:00:00+02:00,55.75,53.704052837965065,33.1
2018-07-05 07:00:00+02:00,57.0,56.13316700431747,34.32
2018-07-05 08:00:00+02:00,57.05,57.85361713365106,34.21
2018-07-05 09:00:00+02:00,57.25,59.78059822049606,42.4
2018-07-05 10:00:00+02:00,57.19,59.72950141901973,47.43
2018-07-05 11:00:00+02:00,57.25,59.47173503094318,49.09
2018-07-05 12:00:00+02:00,57.75,58.38650083747752,47.79
2018-07-05 13:00:00+02:00,57.09,57.94995833120575,45.68
2018-07-05 14:00:00+02:00,56.95,56.755753123333484,44.99
2018-07-05 15:00:00+02:00,56.15,54.847885109522714,41.12
2018-07-05 16:00:00+02:00,56.47,53.98114516130665,37.68
2018-07-05 17:00:00+02:00,56.47,54.396548044664875,36.69
2018-07-05 18:00:00+02:00,56.47,55.63734612423908,41.43
2018-07-05 19:00:00+02:00,56.95,55.4083992969983,42.83
2018-07-05 20:00:00+02:00,57.05,56.01461251451172,49.77
2018-07-05 21:00:00+02:00,58.05,56.89152232122747,55.16
2018-07-05 22:00:00+02:00,56.95,55.80103590940302,51.8
2018-07-05 23:00:00+02:00,56.01,55.87603274704824,50.07
2018-07-06 00:00:00+02:00,61.03,54.73881361445695,55.84
2018-07-06 01:00:00+02:00,60.96,55.518988506253095,55.33
2018-07-06 02:00:00+02:00,59.47,57.82416450322004,54.6
2018-07-06 03:00:00+02:00,56.64,57.970881147514184,54.78
2018-07-06 04:00:00+02:00,56.64,57.495080036991965,54.88
2018-07-06 05:00:00+02:00,56.0,57.6356368109632,55.15
2018-07-06 06:00:00+02:00,58.21,59.014556729912805,55.75
2018-07-06 07:00:00+02:00,60.96,61.145004459726565,57.0
2018-07-06 08:00:00+02:00,64.06,62.50551700217391,57.05
2018-07-06 09:00:00+02:00,65.2,64.11803319711629,57.25
2018-07-06 10:00:00+02:00,64.6,63.930006133812064,57.19
2018-07-06 11:00:00+02:00,64.6,63.47654046533683,57.25
2018-07-06 12:00:00+02:00,64.67,62.31928127585763,57.75
2018-07-06 13:00:00+02:00,63.73,61.628496890804755,57.09
2018-07-06 14:00:00+02:00,63.02,60.49530930480219,56.95
2018-07-06 15:00:00+02:00,62.99,58.635015978515824,56.15
2018-07-06 16:00:00+02:00,64.0,57.87970881251916,56.47
2018-07-06 17:00:00+02:00,64.29,58.31866942283217,56.47
2018-07-06 18:00:00+02:00,64.6,59.68013563460472,56.47
2018-07-06 19:00:00+02:00,65.51,59.81900150411566,56.95
2018-07-06 20:00:00+02:00,65.57,60.53815814986688,57.05
2018-07-06 21:00:00+02:00,65.96,61.624837614560924,58.05
2018-07-06 22:00:00+02:00,65.77,60.63430431381777,56.95
2018-07-06 23:00:00+02:00,64.6,60.6294224722064,56.01
2018-07-07 00:00:00+02:00,61.81,63.88721374823372,61.03
2018-07-07 01:00:00+02:00,60.55,64.07228208439564,60.96
2018-07-07 02:00:00+02:00,61.21,66.35268318051092,59.47
2018-07-07 03:00:00+02:00,61.14,67.0152824526102,56.64
2018-07-07 04:00:00+02:00,61.1,67.33814739088147,56.64
2018-07-07 05:00:00+02:00,61.14,67.81387674438089,56.0
2018-07-07 06:00:00+02:00,60.55,69.65856880983226,58.21
2018-07-07 07:00:00+02:00,60.0,72.00856878209275,60.96
2018-07-07 08:00:00+02:00,60.02,73.53905776551554,64.06
2018-07-07 09:00:00+02:00,61.1,74.96331954245045,65.2
2018-07-07 10:00:00+02:00,61.21,74.68296063130714,64.6
2018-07-07 11:00:00+02:00,61.14,74.18885339941842,64.6
2018-07-07 12:00:00+02:00,61.1,72.95103583944352,64.67
2018-07-07 13:00:00+02:00,61.21,71.9895367537297,63.73
2018-07-07 14:00:00+02:00,61.12,70.79260568977539,63.02
2018-07-07 15:00:00+02:00,60.5,68.97052153947402,62.99
2018-07-07 16:00:00+02:00,60.0,68.19709720376734,64.0
2018-07-07 17:00:00+02:00,59.51,68.50854308896578,64.29
2018-07-07 18:00:00+02:00,59.51,69.9088473160042,64.6
2018-07-07 19:00:00+02:00,59.51,70.34807636498685,65.51
2018-07-07 20:00:00+02:00,60.22,71.11398180255493,65.57
2018-07-07 21:00:00+02:00,61.14,72.30062343136088,65.96
2018-07-07 22:00:00+02:00,61.4,71.44788798057421,65.77
2018-07-07 23:00:00+02:00,60.29,71.30375362341718,64.6
2018-07-08 00:00:00+02:00,62.21,59.470199495198415,61.81
2018-07-08 01:00:00+02:00,58.96,59.65060988594394,60.55
2018-07-08 02:00:00+02:00,55.85,61.50764162487182,61.21
2018-07-08 03:00:00+02:00,54.57,61.60843645970859,61.14
2018-07-08 04:00:00+02:00,53.49,61.31391700661166,61.1
2018-07-08 05:00:00+02:00,53.49,61.23766730953213,61.14
2018-07-08 06:00:00+02:00,57.99,62.47296993021463,60.55
2018-07-08 07:00:00+02:00,64.45,64.46905554715543,60.0
2018-07-08 08:00:00+02:00,66.8,65.99298956665608,60.02
2018-07-08 09:00:00+02:00,70.44,67.49379200222457,61.1
2018-07-08 10:00:00+02:00,69.0,67.31653799354598,61.21
2018-07-08 11:00:00+02:00,67.94,66.8777158309384,61.14
2018-07-08 12:00:00+02:00,67.0,65.768601084972,61.1
2018-07-08 13:00:00+02:00,67.01,64.833405625119,61.21
2018-07-08 14:00:00+02:00,66.3,63.60183621886154,61.12
2018-07-08 15:00:00+02:00,66.99,61.70920773745717,60.5
2018-07-08 16:00:00+02:00,67.19,60.69680009034464,60.0
2018-07-08 17:00:00+02:00,69.0,60.677890186691315,59.51
2018-07-08 18:00:00+02:00,68.64,61.6925756190579,59.51
2018-07-08 19:00:00+02:00,68.0,61.881941217001824,59.51
2018-07-08 20:00:00+02:00,67.33,62.38238562443914,60.22
2018-07-08 21:00:00+02:00,67.99,63.321391276789,61.14
2018-07-08 22:00:00+02:00,66.91,62.49299858741317,61.4
2018-07-08 23:00:00+02:00,62.21,62.090297103846964,60.29
2018-07-09 00:00:00+02:00,67.0,61.831536745286314,62.21
2018-07-09 01:00:00+02:00,60.91,61.33334729496128,58.96
2018-07-09 02:00:00+02:00,57.95,62.95514882261829,55.85
2018-07-09 03:00:00+02:00,56.33,63.39017398085407,54.57
2018-07-09 04:00:00+02:00,55.69,63.2698268539584,53.49
2018-07-09 05:00:00+02:00,55.88,63.39440061908579,53.49
2018-07-09 06:00:00+02:00,66.98,65.05050231888072,57.99
2018-07-09 07:00:00+02:00,71.14,67.32815812001468,64.45
2018-07-09 08:00:00+02:00,72.66,68.70793921159478,66.8
2018-07-09 09:00:00+02:00,74.42,70.46196094536026,70.44
2018-07-09 10:00:00+02:00,72.68,70.1777328783434,69.0
2018-07-09 11:00:00+02:00,71.3,69.9424471624184,67.94
2018-07-09 12:00:00+02:00,71.14,69.06429920282729,67.0
2018-07-09 13:00:00+02:00,70.97,68.33260305801717,67.01
2018-07-09 14:00:00+02:00,70.97,67.16319583056017,66.3
2018-07-09 15:00:00+02:00,71.08,65.48481426659227,66.99
2018-07-09 16:00:00+02:00,71.39,64.35818779392955,67.19
2018-07-09 17:00:00+02:00,71.39,64.31298333264672,69.0
2018-07-09 18:00:00+02:00,70.67,64.94032942517912,68.64
2018-07-09 19:00:00+02:00,71.14,64.98370681476538,68.0
2018-07-09 20:00:00+02:00,72.01,65.24709453091533,67.33
2018-07-09 21:00:00+02:00,71.68,66.01232629503448,67.99
2018-07-09 22:00:00+02:00,69.72,64.92054950767789,66.91
2018-07-09 23:00:00+02:00,68.14,64.20958617812802,62.21
2018-07-10 00:00:00+02:00,57.87,68.56727556700174,67.0
2018-07-10 01:00:00+02:00,54.6,67.51975408482447,60.91
2018-07-10 02:00:00+02:00,53.0,69.43616533609871,57.95
2018-07-10 03:00:00+02:00,50.4,70.3388889235772,56.33
2018-07-10 04:00:00+02:00,46.5,70.5620704774977,55.69
2018-07-10 05:00:00+02:00,46.0,70.87680564956612,55.88
2018-07-10 06:00:00+02:00,49.97,73.39768328249185,66.98
2018-07-10 07:00:00+02:00,53.5,75.09061564617888,71.14
2018-07-10 08:00:00+02:00,54.2,76.19812013762325,72.66
2018-07-10 09:00:00+02:00,55.98,77.81999081241986,74.42
2018-07-10 10:00:00+02:00,55.09,77.28079949539344,72.68
2018-07-10 11:00:00+02:00,55.13,76.91706286007067,71.3
2018-07-10 12:00:00+02:00,54.06,76.05579748255472,71.14
2018-07-10 13:00:00+02:00,50.9,75.19296648465723,70.97
2018-07-10 14:00:00+02:00,49.91,73.96845684164211,70.97
2018-07-10 15:00:00+02:00,49.05,72.28231007255867,71.08
2018-07-10 16:00:00+02:00,50.21,71.1179611184088,71.39
2018-07-10 17:00:00+02:00,55.48,70.99935158082884,71.39
2018-07-10 18:00:00+02:00,63.01,71.61164934379536,70.67
2018-07-10 19:00:00+02:00,72.2,71.9780960645508,71.14
2018-07-10 20:00:00+02:00,77.07,72.5138005037441,72.01
2018-07-10 21:00:00+02:00,71.47,73.42879433723236,71.68
2018-07-10 22:00:00+02:00,69.11,72.67630142463142,69.72
2018-07-10 23:00:00+02:00,64.02,72.08965963386278,68.14
2018-07-11 00:00:00+02:00,44.65,63.952924213974995,57.87
2018-07-11 01:00:00+02:00,43.6,63.398850424682486,54.6
2018-07-11 02:00:00+02:00,41.59,64.99082023522944,53.0
2018-07-11 03:00:00+02:00,40.64,65.56002276688518,50.4
2018-07-11 04:00:00+02:00,39.37,65.48619548809387,46.5
2018-07-11 05:00:00+02:00,43.77,65.95760501979744,46.0
2018-07-11 06:00:00+02:00,50.79,68.67311394989463,49.97
2018-07-11 07:00:00+02:00,61.99,70.5186145973454,53.5
2018-07-11 08:00:00+02:00,64.18,71.60512802637287,54.2
2018-07-11 09:00:00+02:00,63.01,73.42076952648735,55.98
2018-07-11 10:00:00+02:00,61.56,73.01160507466354,55.09
2018-07-11 11:00:00+02:00,61.06,72.8449820149373,55.13
2018-07-11 12:00:00+02:00,60.0,72.05067695369215,54.06
2018-07-11 13:00:00+02:00,62.1,71.1020331500332,50.9
2018-07-11 14:00:00+02:00,62.94,70.1421135678697,49.91
2018-07-11 15:00:00+02:00,65.61,68.57919161406059,49.05
2018-07-11 16:00:00+02:00,67.7,67.59093177470282,50.21
2018-07-11 17:00:00+02:00,70.99,67.77322731736032,55.48
2018-07-11 18:00:00+02:00,73.57,68.55845559920402,63.01
2018-07-11 19:00:00+02:00,73.09,69.10698779861987,72.2
2018-07-11 20:00:00+02:00,73.9,69.2999555561867,77.07
2018-07-11 21:00:00+02:00,73.0,69.30011833457912,71.47
2018-07-11 22:00:00+02:00,70.03,68.8972796087715,69.11
2018-07-11 23:00:00+02:00,68.4,68.41145143899656,64.02
2018-07-12 00:00:00+02:00,64.23,67.00127015132477,44.65
2018-07-12 01:00:00+02:00,63.0,68.22372094761698,43.6
2018-07-12 02:00:00+02:00,56.7,70.09748255446198,41.59
2018-07-12 03:00:00+02:00,54.1,71.22580636387138,40.64
2018-07-12 04:00:00+02:00,51.72,71.50590086164668,39.37
2018-07-12 05:00:00+02:00,53.31,72.62292816520522,43.77
2018-07-12 06:00:00+02:00,60.0,75.53547797135641,50.79
2018-07-12 07:00:00+02:00,63.89,77.84907842257005,61.99
2018-07-12 08:00:00+02:00,64.62,78.27521012227108,64.18
2018-07-12 09:00:00+02:00,64.23,79.716513225888,63.01
2018-07-12 10:00:00+02:00,64.07,79.51596313374407,61.56
2018-07-12 11:00:00+02:00,63.71,79.56326208170825,61.06
2018-07-12 12:00:00+02:00,62.24,78.9642755406932,60.0
2018-07-12 13:00:00+02:00,63.0,78.51250785645759,62.1
2018-07-12 14:00:00+02:00,62.12,77.72213640903941,62.94
2018-07-12 15:00:00+02:00,60.22,76.61975900089098,65.61
2018-07-12 16:00:00+02:00,59.87,75.81914443421748,67.7
2018-07-12 17:00:00+02:00,63.0,76.26379758749906,70.99
2018-07-12 18:00:00+02:00,64.21,77.19784264354998,73.57
2018-07-12 19:00:00+02:00,64.41,77.74815713501417,73.09
2018-07-12 20:00:00+02:00,64.8,78.2835926355047,73.9
2018-07-12 21:00:00+02:00,64.3,78.37122484999944,73.0
2018-07-12 22:00:00+02:00,64.01,78.04066720349641,70.03
2018-07-12 23:00:00+02:00,62.19,77.65134662623281,68.4
2018-07-13 00:00:00+02:00,61.86,59.97275889443517,64.23
2018-07-13 01:00:00+02:00,60.26,60.77360398063153,63.0
2018-07-13 02:00:00+02:00,57.93,61.92310844847553,56.7
2018-07-13 03:00:00+02:00,56.21,63.584395549020655,54.1
2018-07-13 04:00:00+02:00,56.01,64.3261075094273,51.72
2018-07-13 05:00:00+02:00,57.93,66.09487207725059,53.31
2018-07-13 06:00:00+02:00,61.54,69.63425167365895,60.0
2018-07-13 07:00:00+02:00,63.01,71.87842207974639,63.89
2018-07-13 08:00:00+02:00,65.0,71.96398739197318,64.62
2018-07-13 09:00:00+02:00,66.09,72.89085629012112,64.23
2018-07-13 10:00:00+02:00,65.89,72.4589958780517,64.07
2018-07-13 11:00:00+02:00,66.0,72.0585560283771,63.71
2018-07-13 12:00:00+02:00,66.69,70.94950539515358,62.24
2018-07-13 13:00:00+02:00,66.69,70.2065546561302,63.0
2018-07-13 14:00:00+02:00,65.17,68.85134549280936,62.12
2018-07-13 15:00:00+02:00,65.02,67.25338660272877,60.22
2018-07-13 16:00:00+02:00,64.94,66.15513335080286,59.87
2018-07-13 17:00:00+02:00,64.94,66.47144645973687,63.0
2018-07-13 18:00:00+02:00,63.99,66.90473278284504,64.21
2018-07-13 19:00:00+02:00,63.8,67.12492948987753,64.41
2018-07-13 20:00:00+02:00,64.5,67.41177318967776,64.8
2018-07-13 21:00:00+02:00,65.22,67.07678101052021,64.3
2018-07-13 22:00:00+02:00,65.17,66.38387898892545,64.01
2018-07-13 23:00:00+02:00,63.91,65.3455927927656,62.19
2018-07-14 00:00:00+02:00,64.39,62.26770395122477,61.86
2018-07-14 01:00:00+02:00,63.43,62.93636615726362,60.26
2018-07-14 02:00:00+02:00,62.86,64.001242524718,57.93
2018-07-14 03:00:00+02:00,62.24,65.29363129957106,56.21
2018-07-14 04:00:00+02:00,62.14,65.71760659198716,56.01
2018-07-14 05:00:00+02:00,62.0,67.01580694367709,57.93
2018-07-14 06:00:00+02:00,61.15,70.00691576973185,61.54
2018-07-14 07:00:00+02:00,61.18,71.83264609343398,63.01
2018-07-14 08:00:00+02:00,62.14,72.08805020614636,65.0
2018-07-14 09:00:00+02:00,62.76,72.96214416943937,66.09
2018-07-14 10:00:00+02:00,63.69,72.65977033553037,65.89
2018-07-14 11:00:00+02:00,63.81,72.47411201228418,66.0
2018-07-14 12:00:00+02:00,63.81,71.7129899749394,66.69
2018-07-14 13:00:00+02:00,63.04,71.12571682320679,66.69
2018-07-14 14:00:00+02:00,62.7,69.9253467939751,65.17
2018-07-14 15:00:00+02:00,61.81,68.65667498173707,65.02
2018-07-14 16:00:00+02:00,60.01,67.70515190224907,64.94
2018-07-14 17:00:00+02:00,59.0,68.00791223474792,64.94
2018-07-14 18:00:00+02:00,58.43,68.42317808238803,63.99
2018-07-14 19:00:00+02:00,59.96,68.74974680618945,63.8
2018-07-14 20:00:00+02:00,62.14,69.14549444680664,64.5
2018-07-14 21:00:00+02:00,63.13,69.01831042059389,65.22
2018-07-14 22:00:00+02:00,63.86,68.47367997696438,65.17
2018-07-14 23:00:00+02:00,63.23,67.58022977464941,63.91
2018-07-15 00:00:00+02:00,63.69,61.345252136448046,64.39
2018-07-15 01:00:00+02:00,62.21,61.45273518180005,63.43
2018-07-15 02:00:00+02:00,61.15,62.42921462649597,62.86
2018-07-15 03:00:00+02:00,60.95,64.0406827515835,62.24
2018-07-15 04:00:00+02:00,58.0,65.13523389645381,62.14
2018-07-15 05:00:00+02:00,58.43,66.96656810306362,62.0
2018-07-15 06:00:00+02:00,58.07,70.29290751783104,61.15
2018-07-15 07:00:00+02:00,57.75,72.64975074543564,61.18
2018-07-15 08:00:00+02:00,61.0,73.25326155976614,62.14
2018-07-15 09:00:00+02:00,62.16,73.99455523142137,62.76
2018-07-15 10:00:00+02:00,62.45,73.6819316532386,63.69
2018-07-15 11:00:00+02:00,63.04,73.23135959097931,63.81
2018-07-15 12:00:00+02:00,63.01,72.27473048357936,63.81
2018-07-15 13:00:00+02:00,63.0,71.36052640818107,63.04
2018-07-15 14:00:00+02:00,62.14,70.0004259844867,62.7
2018-07-15 15:00:00+02:00,58.0,68.50713864770258,61.81
2018-07-15 16:00:00+02:00,54.83,67.2754547879503,60.01
2018-07-15 17:00:00+02:00,52.0,67.42173696422549,59.0
2018-07-15 18:00:00+02:00,51.72,67.79073266685612,58.43
2018-07-15 19:00:00+02:00,54.25,68.31892819695551,59.96
2018-07-15 20:00:00+02:00,56.05,68.79597138297393,62.14
2018-07-15 21:00:00+02:00,59.01,68.51380236613964,63.13
2018-07-15 22:00:00+02:00,62.86,67.82875293949601,63.86
2018-07-15 23:00:00+02:00,59.01,66.51531184861055,63.23
2018-07-16 00:00:00+02:00,60.0,57.729091416715875,63.69
2018-07-16 01:00:00+02:00,52.84,57.63792084838781,62.21
2018-07-16 02:00:00+02:00,50.35,58.55730781962356,61.15
2018-07-16 03:00:00+02:00,50.0,59.92736105263387,60.95
2018-07-16 04:00:00+02:00,49.83,60.40896203880014,58.0
2018-07-16 05:00:00+02:00,50.0,61.97651128309733,58.43
2018-07-16 06:00:00+02:00,53.05,64.67504815704818,58.07
2018-07-16 07:00:00+02:00,58.09,66.7643989875314,57.75
2018-07-16 08:00:00+02:00,62.16,67.68335358068839,61.0
2018-07-16 09:00:00+02:00,62.75,68.27076677258053,62.16
2018-07-16 10:00:00+02:00,62.86,68.00775942503238,62.45
2018-07-16 11:00:00+02:00,63.0,67.70625580717136,63.04
2018-07-16 12:00:00+02:00,63.6,66.8876525025598,63.01
2018-07-16 13:00:00+02:00,63.9,66.13836230441471,63.0
2018-07-16 14:00:00+02:00,63.78,64.90732092545456,62.14
2018-07-16 15:00:00+02:00,63.31,63.26508422572827,58.0
2018-07-16 16:00:00+02:00,64.0,62.17413907204883,54.83
2018-07-16 17:00:00+02:00,64.39,62.28425413475905,52.0
2018-07-16 18:00:00+02:00,64.0,62.84951280021121,51.72
2018-07-16 19:00:00+02:00,64.0,63.54249168414322,54.25
2018-07-16 20:00:00+02:00,64.5,63.86337345313797,56.05
2018-07-16 21:00:00+02:00,66.3,63.67996663199352,59.01
2018-07-16 22:00:00+02:00,66.3,63.08544628104082,62.86
2018-07-16 23:00:00+02:00,64.56,61.45533330625108,59.01
2018-07-17 00:00:00+02:00,63.03,63.38887177262433,60.0
2018-07-17 01:00:00+02:00,61.15,62.40628306405198,52.84
2018-07-17 02:00:00+02:00,57.46,63.64373025199148,50.35
2018-07-17 03:00:00+02:00,56.85,65.54242495494924,50.0
2018-07-17 04:00:00+02:00,56.0,66.65482433760143,49.83
2018-07-17 05:00:00+02:00,56.85,68.76766548468608,50.0
2018-07-17 06:00:00+02:00,61.15,72.19282717795743,53.05
2018-07-17 07:00:00+02:00,62.86,75.01629931840738,58.09
2018-07-17 08:00:00+02:00,64.59,76.30273265599583,62.16
2018-07-17 09:00:00+02:00,65.36,76.73688752995139,62.75
2018-07-17 10:00:00+02:00,65.69,76.54571313534973,62.86
2018-07-17 11:00:00+02:00,65.69,76.26179755924537,63.0
2018-07-17 12:00:00+02:00,66.76,75.50437181932804,63.6
2018-07-17 13:00:00+02:00,66.94,74.6711909770371,63.9
2018-07-17 14:00:00+02:00,66.01,73.37768709535241,63.78
2018-07-17 15:00:00+02:00,65.67,71.69217296160693,63.31
2018-07-17 16:00:00+02:00,65.36,70.64524976008265,64.0
2018-07-17 17:00:00+02:00,65.0,70.65863342939969,64.39
2018-07-17 18:00:00+02:00,64.46,71.19338515733199,64.0
2018-07-17 19:00:00+02:00,63.9,72.08306495484301,64.0
2018-07-17 20:00:00+02:00,64.02,72.6916406286335,64.5
2018-07-17 21:00:00+02:00,64.46,72.84200210012402,66.3
2018-07-17 22:00:00+02:00,63.97,72.26160078449735,66.3
2018-07-17 23:00:00+02:00,60.57,70.38058818079294,64.56
2018-07-18 00:00:00+02:00,60.62,59.565100753696704,63.03
2018-07-18 01:00:00+02:00,56.85,58.58609822317764,61.15
2018-07-18 02:00:00+02:00,55.0,59.319342694924025,57.46
2018-07-18 03:00:00+02:00,54.65,60.95839041827539,56.85
2018-07-18 04:00:00+02:00,54.65,61.55009795498921,56.0
2018-07-18 05:00:00+02:00,55.53,63.08867851752805,56.85
2018-07-18 06:00:00+02:00,61.15,66.10731289298802,61.15
2018-07-18 07:00:00+02:00,64.0,68.27981867221047,62.86
2018-07-18 08:00:00+02:00,65.52,69.34660695708585,64.59
2018-07-18 09:00:00+02:00,66.69,69.63308359332092,65.36
2018-07-18 10:00:00+02:00,66.69,69.33108048508358,65.69
2018-07-18 11:00:00+02:00,66.69,68.92976586686183,65.69
2018-07-18 12:00:00+02:00,66.69,68.21771201555049,66.76
2018-07-18 13:00:00+02:00,66.76,67.26348945666633,66.94
2018-07-18 14:00:00+02:00,66.07,65.84680046335869,66.01
2018-07-18 15:00:00+02:00,65.61,64.17311666679409,65.67
2018-07-18 16:00:00+02:00,65.61,62.99561151052967,65.36
2018-07-18 17:00:00+02:00,65.67,62.812562876446805,65.0
2018-07-18 18:00:00+02:00,65.2,63.15649111476667,64.46
2018-07-18 19:00:00+02:00,64.69,63.83138226096208,63.9
2018-07-18 20:00:00+02:00,65.32,64.35158292030759,64.02
2018-07-18 21:00:00+02:00,66.1,64.46665263035862,64.46
2018-07-18 22:00:00+02:00,65.69,63.813630973791085,63.97
2018-07-18 23:00:00+02:00,65.36,61.97101507684903,60.57
2018-07-19 00:00:00+02:00,64.46,64.1808290861057,60.62
2018-07-19 01:00:00+02:00,63.18,62.92680040002769,56.85
2018-07-19 02:00:00+02:00,62.0,63.75788213583304,55.0
2018-07-19 03:00:00+02:00,59.4,65.58632655037991,54.65
2018-07-19 04:00:00+02:00,59.4,66.43990283938172,54.65
2018-07-19 05:00:00+02:00,61.15,68.11987317345115,55.53
2018-07-19 06:00:00+02:00,63.9,71.56411993297274,61.15
2018-07-19 07:00:00+02:00,64.46,73.77428427564946,64.0
2018-07-19 08:00:00+02:00,65.9,75.03800042831246,65.52
2018-07-19 09:00:00+02:00,67.02,75.6623872046524,66.69
2018-07-19 10:00:00+02:00,66.89,75.68674966813528,66.69
2018-07-19 11:00:00+02:00,66.69,75.70755172638415,66.69
2018-07-19 12:00:00+02:00,67.02,75.46091012851278,66.69
2018-07-19 13:00:00+02:00,66.69,74.96928387221767,66.76
2018-07-19 14:00:00+02:00,65.69,73.93580811529753,66.07
2018-07-19 15:00:00+02:00,65.59,72.65768368817473,65.61
2018-07-19 16:00:00+02:00,65.21,71.76850172971699,65.61
2018-07-19 17:00:00+02:00,64.69,71.71459962751881,65.67
2018-07-19 18:00:00+02:00,64.14,72.08895968937294,65.2
2018-07-19 19:00:00+02:00,63.9,72.77126023217743,64.69
2018-07-19 20:00:00+02:00,64.07,73.37544733157436,65.32
2018-07-19 21:00:00+02:00,64.39,73.47693843341584,66.1
2018-07-19 22:00:00+02:00,64.33,72.7052148126815,65.69
2018-07-19 23:00:00+02:00,63.68,70.6180952755529,65.36
2018-07-20 00:00:00+02:00,62.21,62.58709251973923,64.46
2018-07-20 01:00:00+02:00,58.0,61.44400061670359,63.18
2018-07-20 02:00:00+02:00,56.85,62.16968005027477,62.0
2018-07-20 03:00:00+02:00,55.99,63.74214259616719,59.4
2018-07-20 04:00:00+02:00,55.68,64.76092620331394,59.4
2018-07-20 05:00:00+02:00,56.85,66.36194928805956,61.15
2018-07-20 06:00:00+02:00,61.36,69.51197197634629,63.9
2018-07-20 07:00:00+02:00,63.01,71.37335709848965,64.46
2018-07-20 08:00:00+02:00,64.46,72.5078797453164,65.9
2018-07-20 09:00:00+02:00,65.67,72.89395447172022,67.02
2018-07-20 10:00:00+02:00,65.96,72.5703663682753,66.89
2018-07-20 11:00:00+02:00,65.96,72.27402430787781,66.69
2018-07-20 12:00:00+02:00,66.49,71.78557501510288,67.02
2018-07-20 13:00:00+02:00,66.3,70.9703726300151,66.69
2018-07-20 14:00:00+02:00,64.81,69.65329922323771,65.69
2018-07-20 15:00:00+02:00,63.9,68.23389301106018,65.59
2018-07-20 16:00:00+02:00,62.5,67.10275065141204,65.21
2018-07-20 17:00:00+02:00,61.17,66.82027356324657,64.69
2018-07-20 18:00:00+02:00,58.5,67.06332764017779,64.14
2018-07-20 19:00:00+02:00,58.95,67.70944976616288,63.9
2018-07-20 20:00:00+02:00,60.99,68.37633763189405,64.07
2018-07-20 21:00:00+02:00,62.5,68.61476831788627,64.39
2018-07-20 22:00:00+02:00,63.0,68.01228799771194,64.33
2018-07-20 23:00:00+02:00,62.12,66.1817915395068,63.68
2018-07-21 00:00:00+02:00,62.14,60.891960746955164,62.21
2018-07-21 01:00:00+02:00,60.0,59.49838594627756,58.0
2018-07-21 02:00:00+02:00,57.93,60.30015567871948,56.85
2018-07-21 03:00:00+02:00,58.01,61.85385435013329,55.99
2018-07-21 04:00:00+02:00,58.01,62.99856563250175,55.68
2018-07-21 05:00:00+02:00,58.68,64.71970176382214,56.85
2018-07-21 06:00:00+02:00,60.0,68.0529978483774,61.36
2018-07-21 07:00:00+02:00,60.01,69.79653366741356,63.01
2018-07-21 08:00:00+02:00,61.15,70.94627403283144,64.46
2018-07-21 09:00:00+02:00,62.76,71.34231915792277,65.67
2018-07-21 10:00:00+02:00,63.86,70.95848058107524,65.96
2018-07-21 11:00:00+02:00,63.9,70.584885797977,65.96
2018-07-21 12:00:00+02:00,64.21,70.11026090824133,66.49
2018-07-21 13:00:00+02:00,64.21,69.2257101858357,66.3
2018-07-21 14:00:00+02:00,64.14,67.80248500172829,64.81
2018-07-21 15:00:00+02:00,63.01,66.40931386429399,63.9
2018-07-21 16:00:00+02:00,62.14,65.20008781450503,62.5
2018-07-21 17:00:00+02:00,60.89,64.83566181107093,61.17
2018-07-21 18:00:00+02:00,59.58,64.91231507856838,58.5
2018-07-21 19:00:00+02:00,60.89,65.7830432140816,58.95
2018-07-21 20:00:00+02:00,62.21,66.61387546131775,60.99
2018-07-21 21:00:00+02:00,63.19,66.85731662391927,62.5
2018-07-21 22:00:00+02:00,64.14,66.22971502904974,63.0
2018-07-21 23:00:00+02:00,63.5,64.37209716962995,62.12
2018-07-22 00:00:00+02:00,64.14,62.04939723373215,62.14
2018-07-22 01:00:00+02:00,62.91,60.329410429406984,60.0
2018-07-22 02:00:00+02:00,61.66,60.82200419448819,57.93
2018-07-22 03:00:00+02:00,59.41,62.4469631981511,58.01
2018-07-22 04:00:00+02:00,57.93,63.681060224956234,58.01
2018-07-22 05:00:00+02:00,57.56,65.53082202142173,58.68
2018-07-22 06:00:00+02:00,56.7,68.95860604085783,60.0
2018-07-22 07:00:00+02:00,54.6,70.9381338628541,60.01
2018-07-22 08:00:00+02:00,57.09,72.49590329025361,61.15
2018-07-22 09:00:00+02:00,57.81,73.29071240116157,62.76
2018-07-22 10:00:00+02:00,57.5,73.23816016353379,63.86
2018-07-22 11:00:00+02:00,58.07,73.08386998298872,63.9
2018-07-22 12:00:00+02:00,61.0,72.9435341182934,64.21
2018-07-22 13:00:00+02:00,62.21,72.365491988604,64.21
2018-07-22 14:00:00+02:00,62.21,71.24912834448638,64.14
2018-07-22 15:00:00+02:00,61.15,69.99296835850606,63.01
2018-07-22 16:00:00+02:00,60.16,68.95700909555383,62.14
2018-07-22 17:00:00+02:00,58.5,68.60514395275482,60.89
2018-07-22 18:00:00+02:00,57.09,68.68706142211018,59.58
2018-07-22 19:00:00+02:00,57.46,69.7140611892664,60.89
2018-07-22 20:00:00+02:00,58.43,70.510719689518,62.21
2018-07-22 21:00:00+02:00,62.14,70.6670329652785,63.19
2018-07-22 22:00:00+02:00,64.14,69.96014846235673,64.14
2018-07-22 23:00:00+02:00,62.14,67.84254509424886,63.5
2018-07-23 00:00:00+02:00,62.14,60.84994951281821,64.14
2018-07-23 01:00:00+02:00,58.14,58.84585323058992,62.91
2018-07-23 02:00:00+02:00,55.51,59.00900284174615,61.66
2018-07-23 03:00:00+02:00,54.48,60.53630269400766,59.41
2018-07-23 04:00:00+02:00,53.93,62.212083491344714,57.93
2018-07-23 05:00:00+02:00,54.48,64.57881709554981,57.56
2018-07-23 06:00:00+02:00,58.18,68.28576722200846,56.7
2018-07-23 07:00:00+02:00,62.76,70.59176256635399,54.6
2018-07-23 08:00:00+02:00,65.59,72.7877938303294,57.09
2018-07-23 09:00:00+02:00,66.8,73.47484027582531,57.81
2018-07-23 10:00:00+02:00,66.79,73.15856444922899,57.5
2018-07-23 11:00:00+02:00,66.41,72.73861434876035,58.07
2018-07-23 12:00:00+02:00,67.0,72.43739645155961,61.0
2018-07-23 13:00:00+02:00,66.9,71.33605435501764,62.21
2018-07-23 14:00:00+02:00,66.3,69.71570156637152,62.21
2018-07-23 15:00:00+02:00,65.41,67.99019014567114,61.15
2018-07-23 16:00:00+02:00,65.4,66.62149468588649,60.16
2018-07-23 17:00:00+02:00,65.4,65.89969703326003,58.5
2018-07-23 18:00:00+02:00,65.36,65.80489400213064,57.09
2018-07-23 19:00:00+02:00,64.39,66.9327834533687,57.46
2018-07-23 20:00:00+02:00,65.41,67.95141557849608,58.43
2018-07-23 21:00:00+02:00,66.24,68.58833013974608,62.14
2018-07-23 22:00:00+02:00,66.01,67.96673755862942,64.14
2018-07-23 23:00:00+02:00,65.36,65.73448093034271,62.14
2018-07-24 00:00:00+02:00,64.75,64.3426123158779,62.14
2018-07-24 01:00:00+02:00,63.18,62.48353390527306,58.14
2018-07-24 02:00:00+02:00,61.17,62.88970976536832,55.51
2018-07-24 03:00:00+02:00,58.68,64.47613879243474,54.48
2018-07-24 04:00:00+02:00,58.4,65.89570531714838,53.93
2018-07-24 05:00:00+02:00,59.88,67.8304262273551,54.48
2018-07-24 06:00:00+02:00,62.21,71.1768286871305,58.18
2018-07-24 07:00:00+02:00,63.68,73.25546855465916,62.76
2018-07-24 08:00:00+02:00,65.99,74.98014538524984,65.59
2018-07-24 09:00:00+02:00,67.07,75.53800307249773,66.8
2018-07-24 10:00:00+02:00,67.81,75.26818300020824,66.79
2018-07-24 11:00:00+02:00,67.98,74.99755599668322,66.41
2018-07-24 12:00:00+02:00,68.81,74.96898581611812,67.0
2018-07-24 13:00:00+02:00,68.81,74.16195141318059,66.9
2018-07-24 14:00:00+02:00,67.98,72.85897335400185,66.3
2018-07-24 15:00:00+02:00,67.35,71.42455796444386,65.41
2018-07-24 16:00:00+02:00,67.01,70.38593004302595,65.4
2018-07-24 17:00:00+02:00,67.0,69.89957334108078,65.4
2018-07-24 18:00:00+02:00,65.67,69.98925695438295,65.36
2018-07-24 19:00:00+02:00,65.51,71.05153030246795,64.39
2018-07-24 20:00:00+02:00,64.22,72.28804195530064,65.41
2018-07-24 21:00:00+02:00,65.36,73.01074741584884,66.24
2018-07-24 22:00:00+02:00,65.01,72.53831888165367,66.01
2018-07-24 23:00:00+02:00,63.3,70.5752485266754,65.36
2018-07-25 00:00:00+02:00,63.75,62.13966400982876,64.75
2018-07-25 01:00:00+02:00,62.21,60.12452878017546,63.18
2018-07-25 02:00:00+02:00,60.0,60.17477212513831,61.17
2018-07-25 03:00:00+02:00,57.93,61.50128008708375,58.68
2018-07-25 04:00:00+02:00,57.43,63.036292916615835,58.4
2018-07-25 05:00:00+02:00,58.43,65.03543918190411,59.88
2018-07-25 06:00:00+02:00,62.46,68.28773487004084,62.21
2018-07-25 07:00:00+02:00,63.9,70.33755106830415,63.68
2018-07-25 08:00:00+02:00,65.33,72.10111119893573,65.99
2018-07-25 09:00:00+02:00,66.39,72.58564881790414,67.07
2018-07-25 10:00:00+02:00,67.0,72.26503787227885,67.81
2018-07-25 11:00:00+02:00,67.0,71.84141323096772,67.98
2018-07-25 12:00:00+02:00,68.69,71.71864781937484,68.81
2018-07-25 13:00:00+02:00,68.02,70.76579218137971,68.81
2018-07-25 14:00:00+02:00,67.81,69.27024471947206,67.98
2018-07-25 15:00:00+02:00,67.0,67.67948249522439,67.35
2018-07-25 16:00:00+02:00,67.0,66.4363897221957,67.01
2018-07-25 17:00:00+02:00,67.0,65.7191048203766,67.0
2018-07-25 18:00:00+02:00,65.8,65.42646007553302,65.67
2018-07-25 19:00:00+02:00,66.9,66.27036009830992,65.51
2018-07-25 20:00:00+02:00,65.67,67.18069557047639,64.22
2018-07-25 21:00:00+02:00,66.66,67.93419208397286,65.36
2018-07-25 22:00:00+02:00,66.39,67.2577389099539,65.01
2018-07-25 23:00:00+02:00,65.39,65.18789560146206,63.3
2018-07-26 00:00:00+02:00,65.67,64.10032569915464,63.75
2018-07-26 01:00:00+02:00,64.23,61.70665423108023,62.21
2018-07-26 02:00:00+02:00,63.5,61.21744414717358,60.0
2018-07-26 03:00:00+02:00,62.21,62.37633408732429,57.93
2018-07-26 04:00:00+02:00,62.21,64.32623988702046,57.43
2018-07-26 05:00:00+02:00,63.18,66.93573686677706,58.43
2018-07-26 06:00:00+02:00,64.39,70.92868217791715,62.46
2018-07-26 07:00:00+02:00,65.01,73.38100211743524,63.9
2018-07-26 08:00:00+02:00,66.09,75.57340499689663,65.33
2018-07-26 09:00:00+02:00,67.09,76.34449381836146,66.39
2018-07-26 10:00:00+02:00,68.0,76.09731323020853,67.0
2018-07-26 11:00:00+02:00,68.09,75.54940322975439,67.0
2018-07-26 12:00:00+02:00,68.98,75.45102625149171,68.69
2018-07-26 13:00:00+02:00,68.99,74.21536814685768,68.02
2018-07-26 14:00:00+02:00,68.0,72.61600952423942,67.81
2018-07-26 15:00:00+02:00,67.22,70.82386165894349,67.0
2018-07-26 16:00:00+02:00,67.0,69.49061040028745,67.0
2018-07-26 17:00:00+02:00,67.09,68.6117369648692,67.0
2018-07-26 18:00:00+02:00,67.19,68.07721182840135,65.8
2018-07-26 19:00:00+02:00,69.3,69.04116117670263,66.9
2018-07-26 20:00:00+02:00,66.3,69.86259223606379,65.67
2018-07-26 21:00:00+02:00,65.36,70.97281223572865,66.66
2018-07-26 22:00:00+02:00,65.7,70.40782502425616,66.39
2018-07-26 23:00:00+02:00,63.64,68.26781538594489,65.39
2018-07-27 00:00:00+02:00,65.5,62.32441388726289,65.67
2018-07-27 01:00:00+02:00,64.21,59.86713023511623,64.23
2018-07-27 02:00:00+02:00,63.19,59.2862988020578,63.5
2018-07-27 03:00:00+02:00,62.21,60.100513767591686,62.21
2018-07-27 04:00:00+02:00,62.39,61.66635671996429,62.21
2018-07-27 05:00:00+02:00,63.43,63.745618719150485,63.18
2018-07-27 06:00:00+02:00,65.41,67.04642689870434,64.39
2018-07-27 07:00:00+02:00,65.67,69.06665809006029,65.01
2018-07-27 08:00:00+02:00,66.84,70.94255555255204,66.09
2018-07-27 09:00:00+02:00,68.09,71.66698048177985,67.09
2018-07-27 10:00:00+02:00,68.41,71.53515706686308,68.0
2018-07-27 11:00:00+02:00,68.36,71.11801530837815,68.09
2018-07-27 12:00:00+02:00,68.86,71.24977526672566,68.98
2018-07-27 13:00:00+02:00,67.61,70.3141366222999,68.99
2018-07-27 14:00:00+02:00,66.03,68.95105990591459,68.0
2018-07-27 15:00:00+02:00,64.88,67.45167767523304,67.22
2018-07-27 16:00:00+02:00,64.23,66.3282224851621,67.0
2018-07-27 17:00:00+02:00,63.9,65.58482660725797,67.09
2018-07-27 18:00:00+02:00,63.12,65.09891093600645,67.19
2018-07-27 19:00:00+02:00,62.46,66.01605956651464,69.3
2018-07-27 20:00:00+02:00,62.21,66.20236663262979,66.3
2018-07-27 21:00:00+02:00,62.21,67.10071049075684,65.36
2018-07-27 22:00:00+02:00,62.14,66.50361697679003,65.7
2018-07-27 23:00:00+02:00,58.21,64.16516550951438,63.64
2018-07-28 00:00:00+02:00,64.0,57.44813046259658,65.5
2018-07-28 01:00:00+02:00,63.9,54.94677720436994,64.21
2018-07-28 02:00:00+02:00,63.2,54.30805847347852,63.19
2018-07-28 03:00:00+02:00,62.21,55.055039155185625,62.21
2018-07-28 04:00:00+02:00,62.21,56.65491837389291,62.39
2018-07-28 05:00:00+02:00,62.21,58.718977760069514,63.43
2018-07-28 06:00:00+02:00,62.8,61.88911915993567,65.41
2018-07-28 07:00:00+02:00,62.5,63.69861639241951,65.67
2018-07-28 08:00:00+02:00,63.1,65.42891642256976,66.84
2018-07-28 09:00:00+02:00,62.8,65.97953393605475,68.09
2018-07-28 10:00:00+02:00,64.01,65.51248507571972,68.41
2018-07-28 11:00:00+02:00,64.39,64.70575855068964,68.36
2018-07-28 12:00:00+02:00,64.71,64.42123617861247,68.86
2018-07-28 13:00:00+02:00,65.0,62.99825318238567,67.61
2018-07-28 14:00:00+02:00,64.39,61.21192846807127,66.03
2018-07-28 15:00:00+02:00,64.14,59.3537233499278,64.88
2018-07-28 16:00:00+02:00,63.06,57.87069468227976,64.23
2018-07-28 17:00:00+02:00,62.21,56.79710037838734,63.9
2018-07-28 18:00:00+02:00,62.14,55.983857535181045,63.12
2018-07-28 19:00:00+02:00,62.21,56.58269202733767,62.46
2018-07-28 20:00:00+02:00,63.9,56.72423991627152,62.21
2018-07-28 21:00:00+02:00,65.67,57.524671087078204,62.21
2018-07-28 22:00:00+02:00,65.86,57.04230204735598,62.14
2018-07-28 23:00:00+02:00,65.7,54.75356286007803,58.21
2018-07-29 00:00:00+02:00,66.21,65.3814754008287,64.0
2018-07-29 01:00:00+02:00,64.67,62.511855984498126,63.9
2018-07-29 02:00:00+02:00,62.21,61.4948645609269,63.2
2018-07-29 03:00:00+02:00,63.0,62.09872594761164,62.21
2018-07-29 04:00:00+02:00,62.0,64.0576124395278,62.21
2018-07-29 05:00:00+02:00,60.61,66.68592650959805,62.21
2018-07-29 06:00:00+02:00,58.81,70.52623001525465,62.8
2018-07-29 07:00:00+02:00,56.75,73.09952319453585,62.5
2018-07-29 08:00:00+02:00,56.79,75.61171993287536,63.1
2018-07-29 09:00:00+02:00,55.47,76.74526311486649,62.8
2018-07-29 10:00:00+02:00,57.99,76.9036818186662,64.01
2018-07-29 11:00:00+02:00,58.43,76.33633986160815,64.39
2018-07-29 12:00:00+02:00,58.91,76.22788401256203,64.71
2018-07-29 13:00:00+02:00,61.0,75.07587895382291,65.0
2018-07-29 14:00:00+02:00,61.11,73.39924089189938,64.39
2018-07-29 15:00:00+02:00,58.19,71.73372366963804,64.14
2018-07-29 16:00:00+02:00,54.25,70.32477832377876,63.06
2018-07-29 17:00:00+02:00,53.93,69.40786381851886,62.21
2018-07-29 18:00:00+02:00,52.15,68.82707761964637,62.14
2018-07-29 19:00:00+02:00,55.76,69.58747780233101,62.21
2018-07-29 20:00:00+02:00,57.43,70.23233507203177,63.9
2018-07-29 21:00:00+02:00,63.71,71.3947836020383,65.67
2018-07-29 22:00:00+02:00,65.4,71.24242140764231,65.86
2018-07-29 23:00:00+02:00,62.8,68.96091123416839,65.7
2018-07-30 00:00:00+02:00,62.21,62.78738920524676,66.21
2018-07-30 01:00:00+02:00,60.4,60.3433753771718,64.67
2018-07-30 02:00:00+02:00,57.85,59.56944794668605,62.21
2018-07-30 03:00:00+02:00,56.41,60.648464496610885,63.0
2018-07-30 04:00:00+02:00,56.03,62.406493295811416,62.0
2018-07-30 05:00:00+02:00,58.01,64.74841847160599,60.61
2018-07-30 06:00:00+02:00,63.18,68.16669994433114,58.81
2018-07-30 07:00:00+02:00,64.07,70.54049951026877,56.75
2018-07-30 08:00:00+02:00,65.7,73.01427636165009,56.79
2018-07-30 09:00:00+02:00,67.53,74.07558873576937,55.47
2018-07-30 10:00:00+02:00,67.8,74.69177221678996,57.99
2018-07-30 11:00:00+02:00,67.8,74.22463425155134,58.43
2018-07-30 12:00:00+02:00,67.98,74.27098047710379,58.91
2018-07-30 13:00:00+02:00,68.01,73.56996096262343,61.0
2018-07-30 14:00:00+02:00,67.55,72.03250168641205,61.11
2018-07-30 15:00:00+02:00,66.3,70.30801776147996,58.19
2018-07-30 16:00:00+02:00,65.86,68.94564027229775,54.25
2018-07-30 17:00:00+02:00,65.86,68.44187426729364,53.93
2018-07-30 18:00:00+02:00,65.35,67.86558871843187,52.15
2018-07-30 19:00:00+02:00,64.8,69.00320516829505,55.76
2018-07-30 20:00:00+02:00,65.67,69.4857037365835,57.43
2018-07-30 21:00:00+02:00,67.28,70.87577872211881,63.71
2018-07-30 22:00:00+02:00,66.92,70.39475122940927,65.4
2018-07-30 23:00:00+02:00,66.3,68.17791383420631,62.8
2018-07-31 00:00:00+02:00,65.67,66.02473994323607,62.21
2018-07-31 01:00:00+02:00,65.07,63.59664309340375,60.4
2018-07-31 02:00:00+02:00,63.9,62.498571908722674,57.85
2018-07-31 03:00:00+02:00,62.5,63.37937605774173,56.41
2018-07-31 04:00:00+02:00,62.21,65.08572515751362,56.03
2018-07-31 05:00:00+02:00,63.0,67.53421274870905,58.01
2018-07-31 06:00:00+02:00,64.5,71.10266076974982,63.18
2018-07-31 07:00:00+02:00,64.39,73.15849127187977,64.07
2018-07-31 08:00:00+02:00,65.77,75.59960763991215,65.7
2018-07-31 09:00:00+02:00,66.3,76.72767156009017,67.53
2018-07-31 10:00:00+02:00,67.08,77.1850731062826,67.8
2018-07-31 11:00:00+02:00,67.42,76.70592388762284,67.8
2018-07-31 12:00:00+02:00,67.97,76.68804141110063,67.98
2018-07-31 13:00:00+02:00,68.19,76.03384086274572,68.01
2018-07-31 14:00:00+02:00,67.97,74.56251608258407,67.55
2018-07-31 15:00:00+02:00,67.42,72.85824532725373,66.3
2018-07-31 16:00:00+02:00,66.9,71.63530813579658,65.86
2018-07-31 17:00:00+02:00,66.3,71.23383480313205,65.86
2018-07-31 18:00:00+02:00,65.67,70.76078389153253,65.35
2018-07-31 19:00:00+02:00,65.96,71.90408172573655,64.8
2018-07-31 20:00:00+02:00,65.32,72.70654383809566,65.67
2018-07-31 21:00:00+02:00,65.32,74.24107266207892,67.28
2018-07-31 22:00:00+02:00,64.14,73.8450131684226,66.92
2018-07-31 23:00:00+02:00,60.91,71.61549469059675,66.3
2018-08-01 00:00:00+02:00,66.69,60.47401664410775,65.67
2018-08-01 01:00:00+02:00,57.55,57.829905435783544,65.07
2018-08-01 02:00:00+02:00,53.01,56.05096521346232,63.9
2018-08-01 03:00:00+02:00,50.14,56.27810355943091,62.5
2018-08-01 04:00:00+02:00,49.54,57.7815251334333,62.21
2018-08-01 05:00:00+02:00,51.09,60.28298623699107,63.0
2018-08-01 06:00:00+02:00,60.0,63.966363239219476,64.5
2018-08-01 07:00:00+02:00,67.33,66.17542730195973,64.39
2018-08-01 08:00:00+02:00,70.62,68.88286390940573,65.77
2018-08-01 09:00:00+02:00,70.32,70.1225411788204,66.3
2018-08-01 10:00:00+02:00,70.62,70.59844832110123,67.08
2018-08-01 11:00:00+02:00,69.48,69.93917745430358,67.42
2018-08-01 12:00:00+02:00,69.46,69.57886703022419,67.97
2018-08-01 13:00:00+02:00,69.42,68.57335057493835,68.19
2018-08-01 14:00:00+02:00,68.92,66.69157557628296,67.97
2018-08-01 15:00:00+02:00,68.59,64.49535553973914,67.42
2018-08-01 16:00:00+02:00,67.09,62.747436361971445,66.9
2018-08-01 17:00:00+02:00,67.09,61.800200219979764,66.3
2018-08-01 18:00:00+02:00,68.71,60.86239603504675,65.67
2018-08-01 19:00:00+02:00,69.69,61.56176067663771,65.96
2018-08-01 20:00:00+02:00,70.88,62.006614926175054,65.32
2018-08-01 21:00:00+02:00,70.62,63.33088359402276,65.32
2018-08-01 22:00:00+02:00,68.92,62.806231342998565,64.14
2018-08-01 23:00:00+02:00,66.92,60.5306958590194,60.91
2018-08-02 00:00:00+02:00,62.09,67.00678787518291,66.69
2018-08-02 01:00:00+02:00,56.51,63.48096737658751,57.55
2018-08-02 02:00:00+02:00,51.0,62.24273308848625,53.01
2018-08-02 03:00:00+02:00,50.16,62.7392177231004,50.14
2018-08-02 04:00:00+02:00,50.16,64.38391377131629,49.54
2018-08-02 05:00:00+02:00,50.19,66.83415632818652,51.09
2018-08-02 06:00:00+02:00,56.07,70.79502164518676,60.0
2018-08-02 07:00:00+02:00,62.34,72.79802457667616,67.33
2018-08-02 08:00:00+02:00,67.66,74.90924128186633,70.62
2018-08-02 09:00:00+02:00,67.45,75.88442844590045,70.32
2018-08-02 10:00:00+02:00,67.18,76.59681098376608,70.62
2018-08-02 11:00:00+02:00,65.62,76.26624085793604,69.48
2018-08-02 12:00:00+02:00,64.84,76.43684933189199,69.46
2018-08-02 13:00:00+02:00,64.63,76.00593696867595,69.42
2018-08-02 14:00:00+02:00,62.62,74.73258894015335,68.92
2018-08-02 15:00:00+02:00,62.09,73.16187752954724,68.59
2018-08-02 16:00:00+02:00,63.0,71.81879250706648,67.09
2018-08-02 17:00:00+02:00,64.63,71.39034017172193,67.09
2018-08-02 18:00:00+02:00,71.19,71.01325017767148,68.71
2018-08-02 19:00:00+02:00,71.04,71.81952889742125,69.69
2018-08-02 20:00:00+02:00,71.04,72.44119237641598,70.88
2018-08-02 21:00:00+02:00,70.49,73.57681012759215,70.62
2018-08-02 22:00:00+02:00,69.42,73.03994176681502,68.92
2018-08-02 23:00:00+02:00,67.67,70.81053571733541,66.92
2018-08-03 00:00:00+02:00,41.84,67.49464433677862,62.09
2018-08-03 01:00:00+02:00,40.39,64.37137428573737,56.51
2018-08-03 02:00:00+02:00,40.14,63.1653522203179,51.0
2018-08-03 03:00:00+02:00,40.0,64.0844377602035,50.16
2018-08-03 04:00:00+02:00,40.39,65.88776195072127,50.16
2018-08-03 05:00:00+02:00,41.83,68.4053003337177,50.19
2018-08-03 06:00:00+02:00,47.24,72.84113986203467,56.07
2018-08-03 07:00:00+02:00,51.49,75.16580575773729,62.34
2018-08-03 08:00:00+02:00,55.03,77.26661336400988,67.66
2018-08-03 09:00:00+02:00,57.8,77.89754491956033,67.45
2018-08-03 10:00:00+02:00,53.51,78.61747851804766,67.18
2018-08-03 11:00:00+02:00,52.15,78.28124292679368,65.62
2018-08-03 12:00:00+02:00,51.0,78.47527758985733,64.84
2018-08-03 13:00:00+02:00,50.0,78.13451502997538,64.63
2018-08-03 14:00:00+02:00,48.39,76.76886017170987,62.62
2018-08-03 15:00:00+02:00,44.28,75.32216296657332,62.09
2018-08-03 16:00:00+02:00,43.59,74.08067553231814,63.0
2018-08-03 17:00:00+02:00,43.43,73.6398915987088,64.63
2018-08-03 18:00:00+02:00,48.21,73.689163840224,71.19
2018-08-03 19:00:00+02:00,56.84,73.89036888914084,71.04
2018-08-03 20:00:00+02:00,58.15,74.54094218899962,71.04
2018-08-03 21:00:00+02:00,52.65,75.6830221682861,70.49
2018-08-03 22:00:00+02:00,50.01,75.36808235414486,69.42
2018-08-03 23:00:00+02:00,43.53,73.39051640004546,67.67
2018-08-04 00:00:00+02:00,44.5,41.23596639288782,41.84
2018-08-04 01:00:00+02:00,39.55,39.82396620545715,40.39
2018-08-04 02:00:00+02:00,31.8,38.343551203427516,40.14
2018-08-04 03:00:00+02:00,31.48,38.625570752367175,40.0
2018-08-04 04:00:00+02:00,31.27,39.85800482730383,40.39
2018-08-04 05:00:00+02:00,30.1,41.83011947399366,41.83
2018-08-04 06:00:00+02:00,30.0,45.82885916639671,47.24
2018-08-04 07:00:00+02:00,30.1,47.605435393895874,51.49
2018-08-04 08:00:00+02:00,30.0,49.003234860016285,55.03
2018-08-04 09:00:00+02:00,31.77,49.006794676272875,57.8
2018-08-04 10:00:00+02:00,32.01,48.43330194079404,53.51
2018-08-04 11:00:00+02:00,32.28,47.69722361020337,52.15
2018-08-04 12:00:00+02:00,32.01,47.216255582542864,51.0
2018-08-04 13:00:00+02:00,31.8,46.25994749039091,50.0
2018-08-04 14:00:00+02:00,31.47,44.27329879784306,48.39
2018-08-04 15:00:00+02:00,25.52,41.97888634340273,44.28
2018-08-04 16:00:00+02:00,22.22,40.368742028858975,43.59
2018-08-04 17:00:00+02:00,23.17,39.3289083685404,43.43
2018-08-04 18:00:00+02:00,27.27,39.17610331336486,48.21
2018-08-04 19:00:00+02:00,37.19,39.169560597352906,56.84
2018-08-04 20:00:00+02:00,40.38,38.646419776389855,58.15
2018-08-04 21:00:00+02:00,50.0,38.591135471778905,52.65
2018-08-04 22:00:00+02:00,49.82,38.103474290670334,50.01
2018-08-04 23:00:00+02:00,44.44,35.922574394636534,43.53
2018-08-05 00:00:00+02:00,57.69,43.13972929429661,44.5
2018-08-05 01:00:00+02:00,56.95,41.59442365438693,39.55
2018-08-05 02:00:00+02:00,55.5,40.2018925824859,31.8
2018-08-05 03:00:00+02:00,55.5,41.29123787755883,31.48
2018-08-05 04:00:00+02:00,55.43,42.851532821393974,31.27
2018-08-05 05:00:00+02:00,55.6,45.06482455711359,30.1
2018-08-05 06:00:00+02:00,56.95,49.42023628928205,30.0
2018-08-05 07:00:00+02:00,57.69,51.90019298260535,30.1
2018-08-05 08:00:00+02:00,59.64,53.8615423023417,30.0
2018-08-05 09:00:00+02:00,59.64,54.67313003051606,31.77
2018-08-05 10:00:00+02:00,59.05,54.5470759209563,32.01
2018-08-05 11:00:00+02:00,58.58,54.29398678612029,32.28
2018-08-05 12:00:00+02:00,58.3,54.191107626326,32.01
2018-08-05 13:00:00+02:00,57.9,53.7009418086947,31.8
2018-08-05 14:00:00+02:00,57.69,52.20963674523062,31.47
2018-08-05 15:00:00+02:00,56.95,49.87217551578331,25.52
2018-08-05 16:00:00+02:00,55.9,48.79925574151502,22.22
2018-08-05 17:00:00+02:00,55.44,48.51714096980834,23.17
2018-08-05 18:00:00+02:00,53.04,49.037305417397114,27.27
2018-08-05 19:00:00+02:00,53.1,49.99469507762411,37.19
2018-08-05 20:00:00+02:00,56.0,49.4484715755614,40.38
2018-08-05 21:00:00+02:00,58.3,50.326563772002025,50.0
2018-08-05 22:00:00+02:00,57.05,49.56992547726374,49.82
2018-08-05 23:00:00+02:00,54.01,47.43036739940264,44.44
2018-08-06 00:00:00+02:00,62.8,53.840154046644415,57.69
2018-08-06 01:00:00+02:00,62.01,51.15344039465737,56.95
2018-08-06 02:00:00+02:00,61.55,49.54718680771815,55.5
2018-08-06 03:00:00+02:00,60.0,50.58297474530419,55.5
2018-08-06 04:00:00+02:00,58.12,52.201315912479274,55.43
2018-08-06 05:00:00+02:00,58.31,54.52588819428257,55.6
2018-08-06 06:00:00+02:00,60.09,58.96119267969931,56.95
2018-08-06 07:00:00+02:00,61.6,61.71047968918968,57.69
2018-08-06 08:00:00+02:00,63.06,64.0102070125744,59.64
2018-08-06 09:00:00+02:00,64.6,64.97412039974775,59.64
2018-08-06 10:00:00+02:00,64.67,65.11931168982115,59.05
2018-08-06 11:00:00+02:00,64.6,65.18738672181605,58.58
2018-08-06 12:00:00+02:00,64.6,65.43141951948856,58.3
2018-08-06 13:00:00+02:00,63.5,65.337029111881,57.9
2018-08-06 14:00:00+02:00,62.8,64.33173891311527,57.69
2018-08-06 15:00:00+02:00,61.55,62.40479170818187,56.95
2018-08-06 16:00:00+02:00,61.01,61.54825766943605,55.9
2018-08-06 17:00:00+02:00,61.01,61.535131532825346,55.44
2018-08-06 18:00:00+02:00,60.96,62.052769204792654,53.04
2018-08-06 19:00:00+02:00,61.9,63.32249924749386,53.1
2018-08-06 20:00:00+02:00,62.79,63.251453003195344,56.0
2018-08-06 21:00:00+02:00,63.5,64.0094785431469,58.3
2018-08-06 22:00:00+02:00,62.91,63.02727005485928,57.05
2018-08-06 23:00:00+02:00,61.9,60.54641831463644,54.01
2018-08-07 00:00:00+02:00,58.68,62.62846272077989,62.8
2018-08-07 01:00:00+02:00,56.93,59.65751168689046,62.01
2018-08-07 02:00:00+02:00,55.06,58.150022777769,61.55
2018-08-07 03:00:00+02:00,52.41,59.05402317794743,60.0
2018-08-07 04:00:00+02:00,52.0,60.74778686850698,58.12
2018-08-07 05:00:00+02:00,52.0,63.344182600345434,58.31
2018-08-07 06:00:00+02:00,52.02,67.87140318464253,60.09
2018-08-07 07:00:00+02:00,51.17,70.80475650383447,61.6
2018-08-07 08:00:00+02:00,52.27,73.13859006539244,63.06
2018-08-07 09:00:00+02:00,53.58,74.1368426525369,64.6
2018-08-07 10:00:00+02:00,57.6,74.07124024335658,64.67
2018-08-07 11:00:00+02:00,60.07,73.91116613826456,64.6
2018-08-07 12:00:00+02:00,60.95,73.89559719508136,64.6
2018-08-07 13:00:00+02:00,60.97,73.481300232147,63.5
2018-08-07 14:00:00+02:00,61.14,72.34538479878393,62.8
2018-08-07 15:00:00+02:00,60.95,70.25143419139317,61.55
2018-08-07 16:00:00+02:00,60.15,69.21236441895827,61.01
2018-08-07 17:00:00+02:00,60.95,69.08341785336825,61.01
2018-08-07 18:00:00+02:00,60.0,69.5380805545108,60.96
2018-08-07 19:00:00+02:00,60.03,70.89148045634401,61.9
2018-08-07 20:00:00+02:00,57.6,71.0681653513052,62.79
2018-08-07 21:00:00+02:00,61.4,71.94902344231669,63.5
2018-08-07 22:00:00+02:00,62.27,71.24326284293001,62.91
2018-08-07 23:00:00+02:00,61.4,68.97226768023621,61.9
2018-08-08 00:00:00+02:00,64.39,61.53620307577423,58.68
2018-08-08 01:00:00+02:00,62.21,58.92338257597673,56.93
2018-08-08 02:00:00+02:00,60.01,57.258973985462276,55.06
2018-08-08 03:00:00+02:00,58.79,57.76002633780092,52.41
2018-08-08 04:00:00+02:00,58.76,59.36292748146081,52.0
2018-08-08 05:00:00+02:00,60.0,61.70226361965945,52.0
2018-08-08 06:00:00+02:00,63.18,65.84314919099722,52.02
2018-08-08 07:00:00+02:00,64.14,68.6576136917684,51.17
2018-08-08 08:00:00+02:00,65.67,71.1365546317802,52.27
2018-08-08 09:00:00+02:00,67.61,72.28633704718487,53.58
2018-08-08 10:00:00+02:00,67.19,72.6104020823626,57.6
2018-08-08 11:00:00+02:00,67.06,72.42522791567949,60.07
2018-08-08 12:00:00+02:00,68.0,72.31312190042956,60.95
2018-08-08 13:00:00+02:00,68.01,71.8779763092332,60.97
2018-08-08 14:00:00+02:00,67.75,70.81463118394419,61.14
2018-08-08 15:00:00+02:00,66.41,68.76101023275237,60.95
2018-08-08 16:00:00+02:00,65.67,67.52213338795531,60.15
2018-08-08 17:00:00+02:00,64.14,67.33814629535844,60.95
2018-08-08 18:00:00+02:00,65.7,67.47743816484224,60.0
2018-08-08 19:00:00+02:00,65.67,68.685531160823,60.03
2018-08-08 20:00:00+02:00,66.41,68.63096783116035,57.6
2018-08-08 21:00:00+02:00,68.0,69.84667566535425,61.4
2018-08-08 22:00:00+02:00,68.01,68.95749130749564,62.27
2018-08-08 23:00:00+02:00,64.97,66.5247088834421,61.4
2018-08-09 00:00:00+02:00,69.9,65.5174959830096,64.39
2018-08-09 01:00:00+02:00,68.14,62.72746820476017,62.21
2018-08-09 02:00:00+02:00,65.62,60.9696325484924,60.01
2018-08-09 03:00:00+02:00,63.51,61.414507066059315,58.79
2018-08-09 04:00:00+02:00,61.51,63.134450424276295,58.76
2018-08-09 05:00:00+02:00,61.45,65.6684269761612,60.0
2018-08-09 06:00:00+02:00,64.1,69.959499243357,63.18
2018-08-09 07:00:00+02:00,65.55,72.77858194892687,64.14
2018-08-09 08:00:00+02:00,65.55,75.32772094494172,65.67
2018-08-09 09:00:00+02:00,69.67,76.55635645971668,67.61
2018-08-09 10:00:00+02:00,70.4,76.62729242795825,67.19
2018-08-09 11:00:00+02:00,70.67,76.34015014103592,67.06
2018-08-09 12:00:00+02:00,70.67,76.1671254460865,68.0
2018-08-09 13:00:00+02:00,71.14,75.56891525582445,68.01
2018-08-09 14:00:00+02:00,71.01,74.45164797527126,67.75
2018-08-09 15:00:00+02:00,70.0,72.34080446330331,66.41
2018-08-09 16:00:00+02:00,69.7,71.07472470834982,65.67
2018-08-09 17:00:00+02:00,69.9,70.76526394493422,64.14
2018-08-09 18:00:00+02:00,70.35,71.18808140572207,65.7
2018-08-09 19:00:00+02:00,72.3,72.26736931676899,65.67
2018-08-09 20:00:00+02:00,74.91,72.44051141070814,66.41
2018-08-09 21:00:00+02:00,76.04,73.71755728583602,68.0
2018-08-09 22:00:00+02:00,74.8,72.93012390720807,68.01
2018-08-09 23:00:00+02:00,73.73,70.60377089416062,64.97
2018-08-10 00:00:00+02:00,55.88,74.61055747958237,69.9
2018-08-10 01:00:00+02:00,53.98,71.68275425930979,68.14
2018-08-10 02:00:00+02:00,51.5,69.84163139527071,65.62
2018-08-10 03:00:00+02:00,50.39,70.19687557038743,63.51
2018-08-10 04:00:00+02:00,50.39,71.88580006324062,61.51
2018-08-10 05:00:00+02:00,53.4,74.62352782962776,61.45
2018-08-10 06:00:00+02:00,62.94,79.17265388938753,64.1
2018-08-10 07:00:00+02:00,73.67,82.2447431973033,65.55
2018-08-10 08:00:00+02:00,74.67,84.96086171857498,65.55
2018-08-10 09:00:00+02:00,74.04,86.94108182609448,69.67
2018-08-10 10:00:00+02:00,73.0,87.15083835446077,70.4
2018-08-10 11:00:00+02:00,72.88,87.0937895792803,70.67
2018-08-10 12:00:00+02:00,71.69,87.09905124917974,70.67
2018-08-10 13:00:00+02:00,71.69,86.7410914468102,71.14
2018-08-10 14:00:00+02:00,70.73,85.74501461281685,71.01
2018-08-10 15:00:00+02:00,70.53,83.72212299860885,70.0
2018-08-10 16:00:00+02:00,71.0,82.48576701433159,69.7
2018-08-10 17:00:00+02:00,74.9,82.15187042648859,69.9
2018-08-10 18:00:00+02:00,75.0,82.53698886391938,70.35
2018-08-10 19:00:00+02:00,76.34,83.69777750094863,72.3
2018-08-10 20:00:00+02:00,79.23,84.03762220859883,74.91
2018-08-10 21:00:00+02:00,78.31,85.1478577777275,76.04
2018-08-10 22:00:00+02:00,74.27,84.38127393688488,74.8
2018-08-10 23:00:00+02:00,71.69,82.12970682973865,73.73
2018-08-11 00:00:00+02:00,65.0,70.68740440955324,55.88
2018-08-11 01:00:00+02:00,62.76,68.9626210409583,53.98
2018-08-11 02:00:00+02:00,55.86,66.83949470012936,51.5
2018-08-11 03:00:00+02:00,53.34,66.8724097219973,50.39
2018-08-11 04:00:00+02:00,51.4,68.32125152373597,50.39
2018-08-11 05:00:00+02:00,50.98,71.02418252002327,53.4
2018-08-11 06:00:00+02:00,57.11,75.78841790115742,62.94
2018-08-11 07:00:00+02:00,67.0,78.91561268234608,73.67
2018-08-11 08:00:00+02:00,68.4,80.654482495587,74.67
2018-08-11 09:00:00+02:00,68.59,82.33169822271157,74.04
2018-08-11 10:00:00+02:00,67.71,82.57480807961389,73.0
2018-08-11 11:00:00+02:00,65.51,82.64000532047336,72.88
2018-08-11 12:00:00+02:00,64.82,82.63993120755309,71.69
2018-08-11 13:00:00+02:00,63.93,82.5413796494102,71.69
2018-08-11 14:00:00+02:00,62.64,81.69310481134286,70.73
2018-08-11 15:00:00+02:00,63.0,79.99344784240108,70.53
2018-08-11 16:00:00+02:00,63.92,78.91718914161143,71.0
2018-08-11 17:00:00+02:00,65.2,78.91050094917236,74.9
2018-08-11 18:00:00+02:00,68.25,78.9709183546615,75.0
2018-08-11 19:00:00+02:00,70.01,80.09947001512103,76.34
2018-08-11 20:00:00+02:00,69.07,80.5241558572918,79.23
2018-08-11 21:00:00+02:00,63.75,81.05547492505205,78.31
2018-08-11 22:00:00+02:00,59.63,79.86946793288942,74.27
2018-08-11 23:00:00+02:00,54.97,77.66826577991492,71.69
2018-08-12 00:00:00+02:00,54.1,53.405905849012164,65.0
2018-08-12 01:00:00+02:00,50.9,51.782166263044985,62.76
2018-08-12 02:00:00+02:00,49.0,49.07989380913099,55.86
2018-08-12 03:00:00+02:00,48.91,49.023931314308044,53.34
2018-08-12 04:00:00+02:00,48.57,50.15049310305806,51.4
2018-08-12 05:00:00+02:00,48.91,52.56204634484012,50.98
2018-08-12 06:00:00+02:00,49.47,57.34825019497285,57.11
2018-08-12 07:00:00+02:00,51.0,60.5451552730485,67.0
2018-08-12 08:00:00+02:00,59.41,61.2348568448217,68.4
2018-08-12 09:00:00+02:00,63.93,62.21122834499921,68.59
2018-08-12 10:00:00+02:00,64.12,61.88079481041597,67.71
2018-08-12 11:00:00+02:00,64.16,61.212298031137905,65.51
2018-08-12 12:00:00+02:00,64.18,60.6551426547259,64.82
2018-08-12 13:00:00+02:00,64.33,59.836902310912684,63.93
2018-08-12 14:00:00+02:00,64.23,58.26649705516226,62.64
2018-08-12 15:00:00+02:00,64.13,56.01811190717497,63.0
2018-08-12 16:00:00+02:00,64.15,54.192615498558254,63.92
2018-08-12 17:00:00+02:00,64.78,53.37688754449647,65.2
2018-08-12 18:00:00+02:00,66.58,52.862497204311644,68.25
2018-08-12 19:00:00+02:00,67.15,53.134989893538666,70.01
2018-08-12 20:00:00+02:00,67.75,52.7626610877303,69.07
2018-08-12 21:00:00+02:00,67.83,52.35940852432208,63.75
2018-08-12 22:00:00+02:00,67.17,50.92534344464178,59.63
2018-08-12 23:00:00+02:00,65.04,48.5651418765599,54.97
2018-08-13 00:00:00+02:00,64.14,63.9830388610397,54.1
2018-08-13 01:00:00+02:00,62.14,62.57973129276945,50.9
2018-08-13 02:00:00+02:00,59.46,60.391604259773146,49.0
2018-08-13 03:00:00+02:00,58.9,60.5368927797131,48.91
2018-08-13 04:00:00+02:00,58.0,61.72479459273041,48.57
2018-08-13 05:00:00+02:00,59.16,64.21697405468348,48.91
2018-08-13 06:00:00+02:00,62.14,68.94006134718089,49.47
2018-08-13 07:00:00+02:00,62.21,72.47438500070774,51.0
2018-08-13 08:00:00+02:00,64.44,74.15481712421494,59.41
2018-08-13 09:00:00+02:00,66.19,75.06856539186505,63.93
2018-08-13 10:00:00+02:00,65.7,74.73721450635752,64.12
2018-08-13 11:00:00+02:00,66.04,74.43532864901806,64.16
2018-08-13 12:00:00+02:00,67.3,74.33889234161121,64.18
2018-08-13 13:00:00+02:00,67.77,74.1135826988492,64.33
2018-08-13 14:00:00+02:00,67.02,73.22947059395986,64.23
2018-08-13 15:00:00+02:00,65.99,71.75135120257417,64.13
2018-08-13 16:00:00+02:00,65.19,70.66688406822436,64.15
2018-08-13 17:00:00+02:00,64.24,70.6101679255462,64.78
2018-08-13 18:00:00+02:00,63.06,70.97551837015385,66.58
2018-08-13 19:00:00+02:00,62.18,71.8848828312521,67.15
2018-08-13 20:00:00+02:00,62.89,72.32856659840303,67.75
2018-08-13 21:00:00+02:00,64.24,72.61692300494015,67.83
2018-08-13 22:00:00+02:00,64.18,71.86806241053041,67.17
2018-08-13 23:00:00+02:00,61.15,69.86992516216256,65.04
2018-08-14 00:00:00+02:00,62.14,60.11547259876227,64.14
2018-08-14 01:00:00+02:00,61.07,58.65564163538879,62.14
2018-08-14 02:00:00+02:00,54.61,56.54578762524646,59.46
2018-08-14 03:00:00+02:00,52.32,56.80759485209951,58.9
2018-08-14 04:00:00+02:00,51.85,58.05706315013615,58.0
2018-08-14 05:00:00+02:00,51.79,60.81272987938431,59.16
2018-08-14 06:00:00+02:00,58.03,65.71997421557792,62.14
2018-08-14 07:00:00+02:00,61.71,69.29406731700607,62.21
2018-08-14 08:00:00+02:00,64.07,71.43944879225124,64.44
2018-08-14 09:00:00+02:00,64.39,72.47052011074088,66.19
2018-08-14 10:00:00+02:00,64.03,72.03166803502525,65.7
2018-08-14 11:00:00+02:00,63.53,71.67425197277845,66.04
2018-08-14 12:00:00+02:00,64.03,71.4419749594452,67.3
2018-08-14 13:00:00+02:00,64.8,70.88356485282343,67.77
2018-08-14 14:00:00+02:00,64.56,69.59628612204493,67.02
2018-08-14 15:00:00+02:00,64.11,67.73814522810885,65.99
2018-08-14 16:00:00+02:00,63.9,66.20518862688263,65.19
2018-08-14 17:00:00+02:00,64.0,65.59623721956389,64.24
2018-08-14 18:00:00+02:00,63.29,65.4543879366575,63.06
2018-08-14 19:00:00+02:00,63.53,65.92385022899737,62.18
2018-08-14 20:00:00+02:00,63.53,66.17318492178605,62.89
2018-08-14 21:00:00+02:00,64.39,66.23515118801427,64.24
2018-08-14 22:00:00+02:00,63.9,65.22005463497868,64.18
2018-08-14 23:00:00+02:00,61.99,62.9646392081068,61.15
2018-08-15 00:00:00+02:00,59.01,61.113588847222864,62.14
2018-08-15 01:00:00+02:00,54.79,59.55192470066103,61.07
2018-08-15 02:00:00+02:00,50.81,57.0308024338144,54.61
2018-08-15 03:00:00+02:00,50.64,57.394425336030096,52.32
2018-08-15 04:00:00+02:00,50.3,58.69111646490924,51.85
2018-08-15 05:00:00+02:00,50.3,61.296704380250134,51.79
2018-08-15 06:00:00+02:00,50.69,66.46327490153807,58.03
2018-08-15 07:00:00+02:00,51.8,69.87469467906865,61.71
2018-08-15 08:00:00+02:00,51.79,71.94523726342771,64.07
2018-08-15 09:00:00+02:00,57.85,72.85314119977681,64.39
2018-08-15 10:00:00+02:00,59.07,72.46863696641896,64.03
2018-08-15 11:00:00+02:00,62.0,72.13107510512415,63.53
2018-08-15 12:00:00+02:00,63.51,72.0400773639152,64.03
2018-08-15 13:00:00+02:00,64.19,71.63726455873908,64.8
2018-08-15 14:00:00+02:00,64.39,70.45278767689794,64.56
2018-08-15 15:00:00+02:00,64.0,68.76326876669083,64.11
2018-08-15 16:00:00+02:00,64.04,67.37994244147725,63.9
2018-08-15 17:00:00+02:00,64.0,66.87837448977741,64.0
2018-08-15 18:00:00+02:00,62.21,66.78263742527423,63.29
2018-08-15 19:00:00+02:00,64.28,67.42490588126275,63.53
2018-08-15 20:00:00+02:00,65.0,67.81536998754524,63.53
2018-08-15 21:00:00+02:00,67.0,68.09053751996625,64.39
2018-08-15 22:00:00+02:00,67.75,67.16072692982806,63.9
2018-08-15 23:00:00+02:00,65.69,64.868617269422,61.99
2018-08-16 00:00:00+02:00,64.75,64.738447237772,59.01
2018-08-16 01:00:00+02:00,62.5,63.26336123722415,54.79
2018-08-16 02:00:00+02:00,60.66,61.03991158290435,50.81
2018-08-16 03:00:00+02:00,59.89,61.718770886617854,50.64
2018-08-16 04:00:00+02:00,58.7,63.16338911304805,50.3
2018-08-16 05:00:00+02:00,60.1,65.89795094680706,50.3
2018-08-16 06:00:00+02:00,63.58,71.07538493585182,50.69
2018-08-16 07:00:00+02:00,64.39,74.88403234233735,51.8
2018-08-16 08:00:00+02:00,64.94,77.2267335718197,51.79
2018-08-16 09:00:00+02:00,65.7,79.01654637098967,57.85
2018-08-16 10:00:00+02:00,65.8,78.69735802720096,59.07
2018-08-16 11:00:00+02:00,66.1,78.80658003751763,62.0
2018-08-16 12:00:00+02:00,66.51,78.93392201667604,63.51
2018-08-16 13:00:00+02:00,66.51,78.82076149730486,64.19
2018-08-16 14:00:00+02:00,66.18,77.98554681775867,64.39
2018-08-16 15:00:00+02:00,65.0,76.58944585987638,64.0
2018-08-16 16:00:00+02:00,64.39,75.48115482319197,64.04
2018-08-16 17:00:00+02:00,64.14,75.124303703703,64.0
2018-08-16 18:00:00+02:00,65.7,75.02416058583499,62.21
2018-08-16 19:00:00+02:00,66.51,76.05917844015876,64.28
2018-08-16 20:00:00+02:00,66.51,76.49327920312484,65.0
2018-08-16 21:00:00+02:00,66.2,76.97403699907926,67.0
2018-08-16 22:00:00+02:00,64.39,76.13685624234954,67.75
2018-08-16 23:00:00+02:00,60.03,73.82180064651361,65.69
2018-08-17 00:00:00+02:00,62.25,59.0652943494807,64.75
2018-08-17 01:00:00+02:00,61.15,57.238493889241724,62.5
2018-08-17 02:00:00+02:00,53.8,54.74142726138476,60.66
2018-08-17 03:00:00+02:00,51.85,54.84419169529726,59.89
2018-08-17 04:00:00+02:00,50.3,55.723654247484546,58.7
2018-08-17 05:00:00+02:00,50.3,58.15325822544461,60.1
2018-08-17 06:00:00+02:00,56.64,62.98916369962208,63.58
2018-08-17 07:00:00+02:00,62.82,66.44477880946259,64.39
2018-08-17 08:00:00+02:00,63.99,68.67234807272155,64.94
2018-08-17 09:00:00+02:00,64.39,70.32943707278847,65.7
2018-08-17 10:00:00+02:00,63.05,69.8743496256176,65.8
2018-08-17 11:00:00+02:00,62.82,69.65690597745309,66.1
2018-08-17 12:00:00+02:00,63.0,69.41721995453622,66.51
2018-08-17 13:00:00+02:00,63.9,68.88252658814302,66.51
2018-08-17 14:00:00+02:00,63.9,67.65983092560363,66.18
2018-08-17 15:00:00+02:00,62.38,65.82800025746133,65.0
2018-08-17 16:00:00+02:00,62.38,64.33857420279621,64.39
2018-08-17 17:00:00+02:00,63.0,63.571293086600434,64.14
2018-08-17 18:00:00+02:00,64.46,63.257032080683096,65.7
2018-08-17 19:00:00+02:00,64.6,63.84867774574463,66.51
2018-08-17 20:00:00+02:00,64.57,64.0008679352277,66.51
2018-08-17 21:00:00+02:00,64.48,64.22860523957286,66.2
2018-08-17 22:00:00+02:00,63.9,63.170295810298036,64.39
2018-08-17 23:00:00+02:00,54.58,60.75046544927894,60.03
2018-08-18 00:00:00+02:00,57.28,54.372029085970354,62.25
2018-08-18 01:00:00+02:00,55.41,52.18745517729669,61.15
2018-08-18 02:00:00+02:00,49.31,49.07264586034551,53.8
2018-08-18 03:00:00+02:00,47.55,49.30697784715826,51.85
2018-08-18 04:00:00+02:00,47.3,50.15836975468556,50.3
2018-08-18 05:00:00+02:00,47.05,52.57442480076438,50.3
2018-08-18 06:00:00+02:00,47.89,57.69890339203867,56.64
2018-08-18 07:00:00+02:00,49.5,61.18483901532891,62.82
2018-08-18 08:00:00+02:00,53.89,62.94231668786,63.99
2018-08-18 09:00:00+02:00,56.41,64.35899173468532,64.39
2018-08-18 10:00:00+02:00,53.6,63.735202952474005,63.05
2018-08-18 11:00:00+02:00,53.9,63.40629847691113,62.82
2018-08-18 12:00:00+02:00,58.27,63.037006553814685,63.0
2018-08-18 13:00:00+02:00,62.14,62.43441024028443,63.9
2018-08-18 14:00:00+02:00,63.8,61.05361828781656,63.9
2018-08-18 15:00:00+02:00,62.32,58.99935019482644,62.38
2018-08-18 16:00:00+02:00,62.14,57.461417175952064,62.38
2018-08-18 17:00:00+02:00,61.75,56.54976582833772,63.0
2018-08-18 18:00:00+02:00,62.14,56.11149742766421,64.46
2018-08-18 19:00:00+02:00,64.45,56.342903549013116,64.6
2018-08-18 20:00:00+02:00,64.9,56.30825537538695,64.57
2018-08-18 21:00:00+02:00,65.04,56.31977992793613,64.48
2018-08-18 22:00:00+02:00,64.98,55.1130971950893,63.9
2018-08-18 23:00:00+02:00,62.14,52.27050689759884,54.58
2018-08-19 00:00:00+02:00,55.56,62.39052299025026,57.28
2018-08-19 01:00:00+02:00,54.5,60.38425816776116,55.41
2018-08-19 02:00:00+02:00,52.5,57.32294756551376,49.31
2018-08-19 03:00:00+02:00,50.2,57.965819163275036,47.55
2018-08-19 04:00:00+02:00,50.0,59.25309214375546,47.3
2018-08-19 05:00:00+02:00,49.19,61.90405014163839,47.05
2018-08-19 06:00:00+02:00,49.69,67.25202170377511,47.89
2018-08-19 07:00:00+02:00,49.19,71.31315085884115,49.5
2018-08-19 08:00:00+02:00,49.19,73.85459362089442,53.89
2018-08-19 09:00:00+02:00,50.5,75.55141247351038,56.41
2018-08-19 10:00:00+02:00,52.26,75.00697255787563,53.6
2018-08-19 11:00:00+02:00,54.74,75.27435069714545,53.9
2018-08-19 12:00:00+02:00,60.4,75.67319889466089,58.27
2018-08-19 13:00:00+02:00,62.21,75.48920076852077,62.14
2018-08-19 14:00:00+02:00,63.14,74.40845434710279,63.8
2018-08-19 15:00:00+02:00,62.14,72.57630074895363,62.32
2018-08-19 16:00:00+02:00,61.15,71.55190145309518,62.14
2018-08-19 17:00:00+02:00,58.0,71.05638782313856,61.75
2018-08-19 18:00:00+02:00,57.85,71.12901241427323,62.14
2018-08-19 19:00:00+02:00,62.26,71.96006550418873,64.45
2018-08-19 20:00:00+02:00,63.41,72.28312534728391,64.9
2018-08-19 21:00:00+02:00,64.23,72.72206995624121,65.04
2018-08-19 22:00:00+02:00,64.6,72.05170617794538,64.98
2018-08-19 23:00:00+02:00,62.26,69.00689073140903,62.14
2018-08-20 00:00:00+02:00,61.0,61.853898506193026,55.56
2018-08-20 01:00:00+02:00,54.98,60.50329243403006,54.5
2018-08-20 02:00:00+02:00,52.52,57.58819807187573,52.5
2018-08-20 03:00:00+02:00,52.52,57.978550298596524,50.2
2018-08-20 04:00:00+02:00,50.2,59.44770553131586,50.0
2018-08-20 05:00:00+02:00,50.8,62.0307849546272,49.19
2018-08-20 06:00:00+02:00,55.57,67.33249604834202,49.69
2018-08-20 07:00:00+02:00,63.43,71.49867521437801,49.19
2018-08-20 08:00:00+02:00,64.46,74.32239594152347,49.19
2018-08-20 09:00:00+02:00,64.99,76.34133413898215,50.5
2018-08-20 10:00:00+02:00,65.55,76.17544163861693,52.26
2018-08-20 11:00:00+02:00,67.41,76.5802035953583,54.74
2018-08-20 12:00:00+02:00,67.75,77.34591541504358,60.4
2018-08-20 13:00:00+02:00,68.55,76.9946073262409,62.21
2018-08-20 14:00:00+02:00,68.68,75.95092539646178,63.14
2018-08-20 15:00:00+02:00,68.55,74.0521698340821,62.14
2018-08-20 16:00:00+02:00,68.01,72.95840677300392,61.15
2018-08-20 17:00:00+02:00,67.75,72.21536156917172,58.0
2018-08-20 18:00:00+02:00,66.78,72.44331693145007,57.85
2018-08-20 19:00:00+02:00,67.03,73.57225847948607,62.26
2018-08-20 20:00:00+02:00,67.01,73.63899458169833,63.41
2018-08-20 21:00:00+02:00,66.98,73.96848477233812,64.23
2018-08-20 22:00:00+02:00,66.65,73.31190487326577,64.6
2018-08-20 23:00:00+02:00,63.5,70.17716496215,62.26
2018-08-21 00:00:00+02:00,59.83,63.13465727745306,61.0
2018-08-21 01:00:00+02:00,56.65,61.50764857407613,54.98
2018-08-21 02:00:00+02:00,55.38,59.02297341584723,52.52
2018-08-21 03:00:00+02:00,54.37,59.37230698411514,52.52
2018-08-21 04:00:00+02:00,54.61,60.507152321644085,50.2
2018-08-21 05:00:00+02:00,54.98,63.14890112571146,50.8
2018-08-21 06:00:00+02:00,65.0,68.48906703789444,55.57
2018-08-21 07:00:00+02:00,67.42,72.88581186719331,63.43
2018-08-21 08:00:00+02:00,68.52,75.07999833904398,64.46
2018-08-21 09:00:00+02:00,70.69,76.84282420552132,64.99
2018-08-21 10:00:00+02:00,70.69,76.59305224100599,65.55
2018-08-21 11:00:00+02:00,71.02,76.78730872356546,67.41
2018-08-21 12:00:00+02:00,71.34,77.10810112662256,67.75
2018-08-21 13:00:00+02:00,71.1,76.60134237809673,68.55
2018-08-21 14:00:00+02:00,70.51,75.33121705311957,68.68
2018-08-21 15:00:00+02:00,69.06,73.2877219266464,68.55
2018-08-21 16:00:00+02:00,69.0,71.95098533305647,68.01
2018-08-21 17:00:00+02:00,71.1,71.1019478322757,67.75
2018-08-21 18:00:00+02:00,71.01,71.15177093429783,66.78
2018-08-21 19:00:00+02:00,70.53,72.31032598109428,67.03
2018-08-21 20:00:00+02:00,70.69,72.498517685565,67.01
2018-08-21 21:00:00+02:00,71.42,72.88809848210792,66.98
2018-08-21 22:00:00+02:00,68.93,72.37752939384082,66.65
2018-08-21 23:00:00+02:00,63.55,69.38332191159016,63.5
2018-08-22 00:00:00+02:00,64.39,62.71298297002269,59.83
2018-08-22 01:00:00+02:00,62.71,60.754517532832345,56.65
2018-08-22 02:00:00+02:00,61.26,58.05593730239975,55.38
2018-08-22 03:00:00+02:00,60.54,57.75212501161821,54.37
2018-08-22 04:00:00+02:00,60.63,58.490640641767236,54.61
2018-08-22 05:00:00+02:00,62.08,60.67030708103172,54.98
2018-08-22 06:00:00+02:00,66.06,66.33756036390275,65.0
2018-08-22 07:00:00+02:00,70.0,70.0537898946703,67.42
2018-08-22 08:00:00+02:00,71.9,72.193860921045,68.52
2018-08-22 09:00:00+02:00,72.14,74.09300245479838,70.69
2018-08-22 10:00:00+02:00,70.53,73.90561386559709,70.69
2018-08-22 11:00:00+02:00,70.51,74.19668227923526,71.02
2018-08-22 12:00:00+02:00,71.79,74.64045405322291,71.34
2018-08-22 13:00:00+02:00,71.16,74.30062175452275,71.1
2018-08-22 14:00:00+02:00,71.68,73.20592715256082,70.51
2018-08-22 15:00:00+02:00,71.69,71.27085163477261,69.06
2018-08-22 16:00:00+02:00,70.67,70.06354280207223,69.0
2018-08-22 17:00:00+02:00,70.51,69.37697634421195,71.1
2018-08-22 18:00:00+02:00,70.51,69.12365322019404,71.01
2018-08-22 19:00:00+02:00,70.34,70.01027395818612,70.53
2018-08-22 20:00:00+02:00,71.01,70.1332471395206,70.69
2018-08-22 21:00:00+02:00,72.89,70.30485439015203,71.42
2018-08-22 22:00:00+02:00,72.14,69.27115790488965,68.93
2018-08-22 23:00:00+02:00,67.43,66.01690971419104,63.55
2018-08-23 00:00:00+02:00,67.9,67.12301482248354,64.39
2018-08-23 01:00:00+02:00,63.43,65.38855789910173,62.71
2018-08-23 02:00:00+02:00,61.26,63.13275123109591,61.26
2018-08-23 03:00:00+02:00,60.69,63.08793538281705,60.54
2018-08-23 04:00:00+02:00,60.0,64.18853593510015,60.63
2018-08-23 05:00:00+02:00,60.69,66.73163249936829,62.08
2018-08-23 06:00:00+02:00,66.67,72.64391100860128,66.06
2018-08-23 07:00:00+02:00,69.89,76.78646763432803,70.0
2018-08-23 08:00:00+02:00,70.1,79.1049949741627,71.9
2018-08-23 09:00:00+02:00,71.98,81.01106300225277,72.14
2018-08-23 10:00:00+02:00,71.69,80.89616844206985,70.53
2018-08-23 11:00:00+02:00,71.14,81.2822735220364,70.51
2018-08-23 12:00:00+02:00,70.0,81.77040296068502,71.79
2018-08-23 13:00:00+02:00,69.11,81.22957913547954,71.16
2018-08-23 14:00:00+02:00,68.89,80.13771236435093,71.68
2018-08-23 15:00:00+02:00,67.0,78.07292763453124,71.69
2018-08-23 16:00:00+02:00,67.86,76.54215851316465,70.67
2018-08-23 17:00:00+02:00,70.0,75.71210846758119,70.51
2018-08-23 18:00:00+02:00,70.52,75.31498916512987,70.51
2018-08-23 19:00:00+02:00,70.09,76.01474447662903,70.34
2018-08-23 20:00:00+02:00,70.0,76.25436941327425,71.01
2018-08-23 21:00:00+02:00,71.74,76.59707347731627,72.89
2018-08-23 22:00:00+02:00,69.89,75.5818045588991,72.14
2018-08-23 23:00:00+02:00,64.0,72.32419613694111,67.43
2018-08-24 00:00:00+02:00,65.18,63.85879570720603,67.9
2018-08-24 01:00:00+02:00,61.26,61.67984149706405,63.43
2018-08-24 02:00:00+02:00,59.16,59.481917160992,61.26
2018-08-24 03:00:00+02:00,57.57,59.24386121703917,60.69
2018-08-24 04:00:00+02:00,55.71,60.062129926713695,60.0
2018-08-24 05:00:00+02:00,55.62,62.413506194247006,60.69
2018-08-24 06:00:00+02:00,61.26,68.3084866546003,66.67
2018-08-24 07:00:00+02:00,66.9,72.19684925793473,69.89
2018-08-24 08:00:00+02:00,68.67,74.22161608418823,70.1
2018-08-24 09:00:00+02:00,68.84,76.11493311193544,71.98
2018-08-24 10:00:00+02:00,68.32,75.82759696734593,71.69
2018-08-24 11:00:00+02:00,67.86,75.97816075371415,71.14
2018-08-24 12:00:00+02:00,67.46,76.23967702591897,70.0
2018-08-24 13:00:00+02:00,67.53,75.65133066193272,69.11
2018-08-24 14:00:00+02:00,67.24,74.53025059364921,68.89
2018-08-24 15:00:00+02:00,65.21,72.2774926879045,67.0
2018-08-24 16:00:00+02:00,65.0,70.79665546826148,67.86
2018-08-24 17:00:00+02:00,63.14,69.90104338646562,70.0
2018-08-24 18:00:00+02:00,64.5,69.20200240770426,70.52
2018-08-24 19:00:00+02:00,68.47,69.58170493151634,70.09
2018-08-24 20:00:00+02:00,68.0,69.74800769198774,70.0
2018-08-24 21:00:00+02:00,67.14,70.11921781411506,71.74
2018-08-24 22:00:00+02:00,65.94,68.79709711816665,69.89
2018-08-24 23:00:00+02:00,64.67,65.33313852388281,64.0
2018-08-25 00:00:00+02:00,64.03,64.40014780051585,65.18
2018-08-25 01:00:00+02:00,61.26,62.02172645934247,61.26
2018-08-25 02:00:00+02:00,60.0,59.98362709279182,59.16
2018-08-25 03:00:00+02:00,58.0,59.63299551133241,57.57
2018-08-25 04:00:00+02:00,57.5,60.312393554525435,55.71
2018-08-25 05:00:00+02:00,56.7,62.66278577205754,55.62
2018-08-25 06:00:00+02:00,57.57,68.75354577227418,61.26
2018-08-25 07:00:00+02:00,57.0,72.84984356881213,66.9
2018-08-25 08:00:00+02:00,58.05,74.74431734522273,68.67
2018-08-25 09:00:00+02:00,61.26,76.53423478003026,68.84
2018-08-25 10:00:00+02:00,61.26,76.41343110970024,68.32
2018-08-25 11:00:00+02:00,62.0,76.60812626091325,67.86
2018-08-25 12:00:00+02:00,64.47,76.9440934637871,67.46
2018-08-25 13:00:00+02:00,65.21,76.56782726239538,67.53
2018-08-25 14:00:00+02:00,65.23,75.59206065335744,67.24
2018-08-25 15:00:00+02:00,64.16,73.42723542335288,65.21
2018-08-25 16:00:00+02:00,61.26,72.18906769943474,65.0
2018-08-25 17:00:00+02:00,59.02,71.28174358428988,63.14
2018-08-25 18:00:00+02:00,64.15,71.00516316049395,64.5
2018-08-25 19:00:00+02:00,66.01,71.72091799497139,68.47
2018-08-25 20:00:00+02:00,67.99,71.71196190255324,68.0
2018-08-25 21:00:00+02:00,67.67,72.16222744727182,67.14
2018-08-25 22:00:00+02:00,66.69,71.09587536261276,65.94
2018-08-25 23:00:00+02:00,66.05,67.53705849662795,64.67
2018-08-26 00:00:00+02:00,65.5,65.4868330652482,64.03
2018-08-26 01:00:00+02:00,64.69,63.10037766437273,61.26
2018-08-26 02:00:00+02:00,60.64,61.18719367123164,60.0
2018-08-26 03:00:00+02:00,60.64,60.52322619394907,58.0
2018-08-26 04:00:00+02:00,59.0,61.07898446380575,57.5
2018-08-26 05:00:00+02:00,59.3,63.17663408581061,56.7
2018-08-26 06:00:00+02:00,60.64,69.20830807516212,57.57
2018-08-26 07:00:00+02:00,60.64,73.6902866430607,57.0
2018-08-26 08:00:00+02:00,60.64,76.41932730111684,58.05
2018-08-26 09:00:00+02:00,63.24,79.03103700457459,61.26
2018-08-26 10:00:00+02:00,63.42,79.38647300861935,61.26
2018-08-26 11:00:00+02:00,64.69,80.10041446921133,62.0
2018-08-26 12:00:00+02:00,65.21,80.97006175502977,64.47
2018-08-26 13:00:00+02:00,66.8,80.76684428209484,65.21
2018-08-26 14:00:00+02:00,67.14,79.90044870248182,65.23
2018-08-26 15:00:00+02:00,65.21,77.73859715612863,64.16
2018-08-26 16:00:00+02:00,64.69,76.16512665493455,61.26
2018-08-26 17:00:00+02:00,64.69,75.09741922449837,59.02
2018-08-26 18:00:00+02:00,63.38,75.24559017850778,64.15
2018-08-26 19:00:00+02:00,68.1,75.43012447789147,66.01
2018-08-26 20:00:00+02:00,70.0,75.27713590837057,67.99
2018-08-26 21:00:00+02:00,71.69,75.35585507562419,67.67
2018-08-26 22:00:00+02:00,71.74,74.26374774695694,66.69
2018-08-26 23:00:00+02:00,70.46,70.83656514785007,66.05
2018-08-27 00:00:00+02:00,67.14,69.86554561169186,65.5
2018-08-27 01:00:00+02:00,64.0,67.74858052834742,64.69
2018-08-27 02:00:00+02:00,60.38,65.63220448291835,60.64
2018-08-27 03:00:00+02:00,57.0,65.31803017675495,60.64
2018-08-27 04:00:00+02:00,56.38,65.76164435684119,59.0
2018-08-27 05:00:00+02:00,56.66,67.99912587447187,59.3
2018-08-27 06:00:00+02:00,60.64,73.89698204028893,60.64
2018-08-27 07:00:00+02:00,64.69,78.50570600463466,60.64
2018-08-27 08:00:00+02:00,66.9,81.53407367358182,60.64
2018-08-27 09:00:00+02:00,68.06,84.54910641165642,63.24
2018-08-27 10:00:00+02:00,68.34,85.04699681356013,63.42
2018-08-27 11:00:00+02:00,67.9,85.95436247843924,64.69
2018-08-27 12:00:00+02:00,68.55,86.87076690730059,65.21
2018-08-27 13:00:00+02:00,68.67,86.97964645256309,66.8
2018-08-27 14:00:00+02:00,68.67,86.2001178370245,67.14
2018-08-27 15:00:00+02:00,67.9,84.0639439066228,65.21
2018-08-27 16:00:00+02:00,67.98,82.67702859864036,64.69
2018-08-27 17:00:00+02:00,70.25,81.7388526269092,64.69
2018-08-27 18:00:00+02:00,70.89,81.77604043546556,63.38
2018-08-27 19:00:00+02:00,71.69,82.61188292151424,68.1
2018-08-27 20:00:00+02:00,72.09,82.40537452508028,70.0
2018-08-27 21:00:00+02:00,72.51,82.54035935711303,71.69
2018-08-27 22:00:00+02:00,71.74,81.51702826350144,71.74
2018-08-27 23:00:00+02:00,68.52,78.35618516356917,70.46
2018-08-28 00:00:00+02:00,65.58,67.71831095664251,67.14
2018-08-28 01:00:00+02:00,62.5,65.6551568480451,64.0
2018-08-28 02:00:00+02:00,60.4,63.45162064727234,60.38
2018-08-28 03:00:00+02:00,59.12,63.04585833983067,57.0
2018-08-28 04:00:00+02:00,58.07,63.78081756106848,56.38
2018-08-28 05:00:00+02:00,58.78,66.04625017080586,56.66
2018-08-28 06:00:00+02:00,64.69,71.84982373039722,60.64
2018-08-28 07:00:00+02:00,70.0,76.24958426210773,64.69
2018-08-28 08:00:00+02:00,70.69,78.77287117162457,66.9
2018-08-28 09:00:00+02:00,72.24,81.09597823855238,68.06
2018-08-28 10:00:00+02:00,72.14,81.16347012266048,68.34
2018-08-28 11:00:00+02:00,71.19,81.51591941161409,67.9
2018-08-28 12:00:00+02:00,70.19,82.1746519001944,68.55
2018-08-28 13:00:00+02:00,67.47,82.11906999954574,68.67
2018-08-28 14:00:00+02:00,68.01,81.3592497484101,68.67
2018-08-28 15:00:00+02:00,67.14,79.37375214600364,67.9
2018-08-28 16:00:00+02:00,68.74,78.18179369331858,67.98
2018-08-28 17:00:00+02:00,70.0,77.63690992415037,70.25
2018-08-28 18:00:00+02:00,70.0,77.70328398691362,70.89
2018-08-28 19:00:00+02:00,70.19,78.67828812536104,71.69
2018-08-28 20:00:00+02:00,72.14,78.71920169387505,72.09
2018-08-28 21:00:00+02:00,74.46,78.96174592007006,72.51
2018-08-28 22:00:00+02:00,72.14,77.98123372855679,71.74
2018-08-28 23:00:00+02:00,68.19,74.95787233523788,68.52
2018-08-29 00:00:00+02:00,70.5,67.32516123574129,65.58
2018-08-29 01:00:00+02:00,68.03,65.36306546788938,62.5
2018-08-29 02:00:00+02:00,67.14,63.2953742557539,60.4
2018-08-29 03:00:00+02:00,65.21,62.85125031206641,59.12
2018-08-29 04:00:00+02:00,64.99,63.53119550352578,58.07
2018-08-29 05:00:00+02:00,64.99,65.82470861975303,58.78
2018-08-29 06:00:00+02:00,66.9,71.76378443244701,64.69
2018-08-29 07:00:00+02:00,71.95,76.20899952118911,70.0
2018-08-29 08:00:00+02:00,73.66,78.4452348547805,70.69
2018-08-29 09:00:00+02:00,76.58,80.75813740301966,72.24
2018-08-29 10:00:00+02:00,75.01,80.79250498894999,72.14
2018-08-29 11:00:00+02:00,75.0,80.95015202974591,71.19
2018-08-29 12:00:00+02:00,75.0,81.45673816703595,70.19
2018-08-29 13:00:00+02:00,75.18,81.1938944971536,67.47
2018-08-29 14:00:00+02:00,74.01,80.64011850427076,68.01
2018-08-29 15:00:00+02:00,72.5,78.54222340637482,67.14
2018-08-29 16:00:00+02:00,72.53,77.3617548378349,68.74
2018-08-29 17:00:00+02:00,72.19,76.61761860712156,70.0
2018-08-29 18:00:00+02:00,72.63,76.39994235261807,70.0
2018-08-29 19:00:00+02:00,72.01,77.19868187289926,70.19
2018-08-29 20:00:00+02:00,72.4,77.38355551657041,72.14
2018-08-29 21:00:00+02:00,70.74,77.60130628531921,74.46
2018-08-29 22:00:00+02:00,69.84,76.29168597440648,72.14
2018-08-29 23:00:00+02:00,64.69,73.33364522555404,68.19
2018-08-30 00:00:00+02:00,65.14,64.19068981250479,70.5
2018-08-30 01:00:00+02:00,61.21,61.81393776706933,68.03
2018-08-30 02:00:00+02:00,59.59,59.71674888334046,67.14
2018-08-30 03:00:00+02:00,58.5,58.839702659945516,65.21
2018-08-30 04:00:00+02:00,57.99,59.29278886709575,64.99
2018-08-30 05:00:00+02:00,59.12,61.20854909323151,64.99
2018-08-30 06:00:00+02:00,64.15,66.77686415314125,66.9
2018-08-30 07:00:00+02:00,71.34,71.47094481780333,71.95
2018-08-30 08:00:00+02:00,74.01,73.52512159591316,73.66
2018-08-30 09:00:00+02:00,76.75,75.81299233139009,76.58
2018-08-30 10:00:00+02:00,75.43,75.50528069517634,75.01
2018-08-30 11:00:00+02:00,74.52,75.54472952923291,75.0
2018-08-30 12:00:00+02:00,74.23,75.74643173447978,75.0
2018-08-30 13:00:00+02:00,74.96,75.21949656595125,75.18
2018-08-30 14:00:00+02:00,73.77,74.20528061802476,74.01
2018-08-30 15:00:00+02:00,73.77,71.79624174508368,72.5
2018-08-30 16:00:00+02:00,72.93,70.27521907889503,72.53
2018-08-30 17:00:00+02:00,72.13,69.07850276758829,72.19
2018-08-30 18:00:00+02:00,73.66,68.52319483357866,72.63
2018-08-30 19:00:00+02:00,73.77,68.84699562073389,72.01
2018-08-30 20:00:00+02:00,73.69,68.92403189883754,72.4
2018-08-30 21:00:00+02:00,73.34,68.79082430793619,70.74
2018-08-30 22:00:00+02:00,71.59,67.52157015709103,69.84
2018-08-30 23:00:00+02:00,66.19,64.34017062994167,64.69
2018-08-31 00:00:00+02:00,64.69,66.03175824575654,65.14
2018-08-31 01:00:00+02:00,61.0,63.499243883557135,61.21
2018-08-31 02:00:00+02:00,59.29,61.61577085547549,59.59
2018-08-31 03:00:00+02:00,57.82,60.7513850698395,58.5
2018-08-31 04:00:00+02:00,57.82,61.19076030631467,57.99
2018-08-31 05:00:00+02:00,57.82,63.17318421193512,59.12
2018-08-31 06:00:00+02:00,64.15,68.82299728967732,64.15
2018-08-31 07:00:00+02:00,72.18,73.84216124207802,71.34
2018-08-31 08:00:00+02:00,73.51,75.81089743626572,74.01
2018-08-31 09:00:00+02:00,74.4,78.12157993342892,76.75
2018-08-31 10:00:00+02:00,73.66,77.7366687464917,75.43
2018-08-31 11:00:00+02:00,73.49,77.8253903805297,74.52
2018-08-31 12:00:00+02:00,72.5,78.12514538839318,74.23
2018-08-31 13:00:00+02:00,72.47,77.8125475261959,74.96
2018-08-31 14:00:00+02:00,72.45,76.74270715538422,73.77
2018-08-31 15:00:00+02:00,71.29,74.60152769487607,73.77
2018-08-31 16:00:00+02:00,70.5,73.00135007710544,72.93
2018-08-31 17:00:00+02:00,70.27,71.8169473280789,72.13
2018-08-31 18:00:00+02:00,72.17,71.45779093506646,73.66
2018-08-31 19:00:00+02:00,72.19,71.64601506355315,73.77
2018-08-31 20:00:00+02:00,73.31,71.7623381341909,73.69
2018-08-31 21:00:00+02:00,72.51,71.67873253676169,73.34
2018-08-31 22:00:00+02:00,69.98,70.4428051231576,71.59
2018-08-31 23:00:00+02:00,65.25,67.20023710851127,66.19
2018-09-01 00:00:00+02:00,68.71,64.8445793416297,64.69
2018-09-01 01:00:00+02:00,54.32,62.09960140146626,61.0
2018-09-01 02:00:00+02:00,47.29,60.16899209193607,59.29
2018-09-01 03:00:00+02:00,46.15,59.02288006727503,57.82
2018-09-01 04:00:00+02:00,45.6,59.22584512591182,57.82
2018-09-01 05:00:00+02:00,45.6,60.84745559356549,57.82
2018-09-01 06:00:00+02:00,47.29,66.62609281106475,64.15
2018-09-01 07:00:00+02:00,55.9,71.99517913869548,72.18
2018-09-01 08:00:00+02:00,58.99,73.88363107610726,73.51
2018-09-01 09:00:00+02:00,64.58,76.46861497337186,74.4
2018-09-01 10:00:00+02:00,64.3,76.61297087422471,73.66
2018-09-01 11:00:00+02:00,61.35,77.17440824358505,73.49
2018-09-01 12:00:00+02:00,58.44,77.80054548556235,72.5
2018-09-01 13:00:00+02:00,57.55,77.97979620041566,72.47
2018-09-01 14:00:00+02:00,55.14,77.25372093190866,72.45
2018-09-01 15:00:00+02:00,55.13,75.26955053795369,71.29
2018-09-01 16:00:00+02:00,56.07,73.6882047531212,70.5
2018-09-01 17:00:00+02:00,59.01,72.44260347432613,70.27
2018-09-01 18:00:00+02:00,67.02,72.05295479357804,72.17
2018-09-01 19:00:00+02:00,69.02,71.80034933222005,72.19
2018-09-01 20:00:00+02:00,69.55,71.75833814122514,73.31
2018-09-01 21:00:00+02:00,69.46,71.25461496174594,72.51
2018-09-01 22:00:00+02:00,67.27,69.68382941152711,69.98
2018-09-01 23:00:00+02:00,62.31,66.08832457980782,65.25
2018-09-02 00:00:00+02:00,61.68,62.60086547564422,68.71
2018-09-02 01:00:00+02:00,59.83,58.80202454508012,54.32
2018-09-02 02:00:00+02:00,53.58,57.53074552247766,47.29
2018-09-02 03:00:00+02:00,50.8,57.21320491470786,46.15
2018-09-02 04:00:00+02:00,50.5,57.80456140077759,45.6
2018-09-02 05:00:00+02:00,53.35,59.76296570290759,45.6
2018-09-02 06:00:00+02:00,58.57,65.59097155589811,47.29
2018-09-02 07:00:00+02:00,63.57,71.57120807444103,55.9
2018-09-02 08:00:00+02:00,67.62,73.2372290655191,58.99
2018-09-02 09:00:00+02:00,69.19,75.69132907819923,64.58
2018-09-02 10:00:00+02:00,68.0,75.23323873723982,64.3
2018-09-02 11:00:00+02:00,67.42,75.21260696875133,61.35
2018-09-02 12:00:00+02:00,67.66,75.61010190604915,58.44
2018-09-02 13:00:00+02:00,67.44,75.88709248137394,57.55
2018-09-02 14:00:00+02:00,65.0,75.13705143508699,55.14
2018-09-02 15:00:00+02:00,62.09,73.58131806172368,55.13
2018-09-02 16:00:00+02:00,60.51,72.30627295912197,56.07
2018-09-02 17:00:00+02:00,58.15,71.51965972946678,59.01
2018-09-02 18:00:00+02:00,58.57,71.84228437485355,67.02
2018-09-02 19:00:00+02:00,62.48,71.48782465808912,69.02
2018-09-02 20:00:00+02:00,63.53,71.59235089595286,69.55
2018-09-02 21:00:00+02:00,62.3,71.40273874959725,69.46
2018-09-02 22:00:00+02:00,58.3,70.04946300250312,67.27
2018-09-02 23:00:00+02:00,52.0,66.71036776436962,62.31
2018-09-03 00:00:00+02:00,45.27,52.087345566473644,61.68
2018-09-03 01:00:00+02:00,38.12,48.134451864228886,59.83
2018-09-03 02:00:00+02:00,37.21,45.890965817824195,53.58
2018-09-03 03:00:00+02:00,35.65,45.33236215337193,50.8
2018-09-03 04:00:00+02:00,32.26,45.67786012605208,50.5
2018-09-03 05:00:00+02:00,33.9,47.39787359015371,53.35
2018-09-03 06:00:00+02:00,37.93,52.691529957806395,58.57
2018-09-03 07:00:00+02:00,45.67,58.18265857419897,63.57
2018-09-03 08:00:00+02:00,48.88,59.681835642361385,67.62
2018-09-03 09:00:00+02:00,48.88,61.430110578642626,69.19
2018-09-03 10:00:00+02:00,48.01,60.51708107663161,68.0
2018-09-03 11:00:00+02:00,46.96,60.08776822159101,67.42
2018-09-03 12:00:00+02:00,47.81,60.11917855858456,67.66
2018-09-03 13:00:00+02:00,43.69,59.9879594799289,67.44
2018-09-03 14:00:00+02:00,40.88,58.77337486672509,65.0
2018-09-03 15:00:00+02:00,42.19,56.89357954710863,62.09
2018-09-03 16:00:00+02:00,44.46,55.38174095115777,60.51
2018-09-03 17:00:00+02:00,46.46,54.174099954500555,58.15
2018-09-03 18:00:00+02:00,46.29,54.30579431730118,58.57
2018-09-03 19:00:00+02:00,51.88,53.9933490880108,62.48
2018-09-03 20:00:00+02:00,48.88,53.50621238090309,63.53
2018-09-03 21:00:00+02:00,44.21,52.76759334219741,62.3
2018-09-03 22:00:00+02:00,41.08,50.897469857031076,58.3
2018-09-03 23:00:00+02:00,38.66,47.25514592712112,52.0
2018-09-04 00:00:00+02:00,43.83,37.77491135147222,45.27
2018-09-04 01:00:00+02:00,41.05,33.89500658450634,38.12
2018-09-04 02:00:00+02:00,39.64,31.962288476917845,37.21
2018-09-04 03:00:00+02:00,38.83,31.075166263394156,35.65
2018-09-04 04:00:00+02:00,38.83,30.896390380652683,32.26
2018-09-04 05:00:00+02:00,42.03,32.645540322466886,33.9
2018-09-04 06:00:00+02:00,49.68,37.678451731609215,37.93
2018-09-04 07:00:00+02:00,56.5,43.60976052948349,45.67
2018-09-04 08:00:00+02:00,62.13,45.34419889972768,48.88
2018-09-04 09:00:00+02:00,59.64,47.14862644329079,48.88
2018-09-04 10:00:00+02:00,58.58,46.79119306648601,48.01
2018-09-04 11:00:00+02:00,54.77,46.70835332070949,46.96
2018-09-04 12:00:00+02:00,54.77,47.18558853107056,47.81
2018-09-04 13:00:00+02:00,53.07,46.8567174803204,43.69
2018-09-04 14:00:00+02:00,50.69,45.900119200209225,40.88
2018-09-04 15:00:00+02:00,49.59,44.46010155165105,42.19
2018-09-04 16:00:00+02:00,48.0,42.890913035384116,44.46
2018-09-04 17:00:00+02:00,47.69,41.36135416409045,46.46
2018-09-04 18:00:00+02:00,47.69,40.871598543695576,46.29
2018-09-04 19:00:00+02:00,49.92,40.7233010704521,51.88
2018-09-04 20:00:00+02:00,51.95,39.14838269041955,48.88
2018-09-04 21:00:00+02:00,54.77,37.864086941450836,44.21
2018-09-04 22:00:00+02:00,50.87,35.94202054077692,41.08
2018-09-04 23:00:00+02:00,46.14,31.96816337664148,38.66
2018-09-05 00:00:00+02:00,56.47,46.49054523951409,43.83
2018-09-05 01:00:00+02:00,55.94,42.72646443752632,41.05
2018-09-05 02:00:00+02:00,52.46,41.09983258444677,39.64
2018-09-05 03:00:00+02:00,51.97,40.584177086786624,38.83
2018-09-05 04:00:00+02:00,51.97,40.89409495619868,38.83
2018-09-05 05:00:00+02:00,53.1,43.20004734820005,42.03
2018-09-05 06:00:00+02:00,56.95,48.69916297934518,49.68
2018-09-05 07:00:00+02:00,58.58,54.52229667762137,56.5
2018-09-05 08:00:00+02:00,58.5,56.403339524902044,62.13
2018-09-05 09:00:00+02:00,58.75,57.34011329544069,59.64
2018-09-05 10:00:00+02:00,58.55,56.96982045489339,58.58
2018-09-05 11:00:00+02:00,57.69,56.451959098594884,54.77
2018-09-05 12:00:00+02:00,58.44,57.05460991477371,54.77
2018-09-05 13:00:00+02:00,58.0,56.681355104544906,53.07
2018-09-05 14:00:00+02:00,57.09,55.847846861074345,50.69
2018-09-05 15:00:00+02:00,56.95,54.787703194650774,49.59
2018-09-05 16:00:00+02:00,56.47,53.597724694178254,48.0
2018-09-05 17:00:00+02:00,55.6,52.70954981131031,47.69
2018-09-05 18:00:00+02:00,53.36,52.767370331958254,47.69
2018-09-05 19:00:00+02:00,52.87,53.41218811016529,49.92
2018-09-05 20:00:00+02:00,56.0,52.68342440020069,51.95
2018-09-05 21:00:00+02:00,57.69,52.141459331441375,54.77
2018-09-05 22:00:00+02:00,55.6,50.31591805109761,50.87
2018-09-05 23:00:00+02:00,48.26,47.22841291868779,46.14
2018-09-06 00:00:00+02:00,62.19,49.986995165998664,56.47
2018-09-06 01:00:00+02:00,61.1,45.752733399528225,55.94
2018-09-06 02:00:00+02:00,61.1,43.69859879902516,52.46
2018-09-06 03:00:00+02:00,61.1,43.37540439278955,51.97
2018-09-06 04:00:00+02:00,60.78,43.7294359542841,51.97
2018-09-06 05:00:00+02:00,59.59,46.031669376747935,53.1
2018-09-06 06:00:00+02:00,58.05,51.58302677078431,56.95
2018-09-06 07:00:00+02:00,56.47,57.365834862341245,58.58
2018-09-06 08:00:00+02:00,56.48,59.630977572534164,58.5
2018-09-06 09:00:00+02:00,60.96,60.87303964882978,58.75
2018-09-06 10:00:00+02:00,61.5,60.74993627142607,58.55
2018-09-06 11:00:00+02:00,61.03,60.27387208794316,57.69
2018-09-06 12:00:00+02:00,59.53,60.93171401524154,58.44
2018-09-06 13:00:00+02:00,59.59,60.473185287728874,58.0
2018-09-06 14:00:00+02:00,59.59,59.504253638959895,57.09
2018-09-06 15:00:00+02:00,53.1,58.365539304048056,56.95
2018-09-06 16:00:00+02:00,51.1,56.95312820199927,56.47
2018-09-06 17:00:00+02:00,50.34,55.77129926155537,55.6
2018-09-06 18:00:00+02:00,51.93,55.402699971133075,53.36
2018-09-06 19:00:00+02:00,56.07,55.95123063768984,52.87
2018-09-06 20:00:00+02:00,59.5,55.50851927964712,56.0
2018-09-06 21:00:00+02:00,62.78,54.754210820450595,57.69
2018-09-06 22:00:00+02:00,63.51,52.6325873952244,55.6
2018-09-06 23:00:00+02:00,62.79,49.41363032283571,48.26
2018-09-07 00:00:00+02:00,61.4,65.34510935284598,62.19
2018-09-07 01:00:00+02:00,58.15,60.469418452265174,61.1
2018-09-07 02:00:00+02:00,53.27,58.34047313292352,61.1
2018-09-07 03:00:00+02:00,52.05,57.98309824036086,61.1
2018-09-07 04:00:00+02:00,51.98,58.34874514925931,60.78
2018-09-07 05:00:00+02:00,52.26,60.52527822958626,59.59
2018-09-07 06:00:00+02:00,58.18,65.92723818069231,58.05
2018-09-07 07:00:00+02:00,61.55,72.04866655113511,56.47
2018-09-07 08:00:00+02:00,62.89,75.35439572026205,56.48
2018-09-07 09:00:00+02:00,63.17,77.80749429094176,60.96
2018-09-07 10:00:00+02:00,63.91,78.2807518987413,61.5
2018-09-07 11:00:00+02:00,64.5,78.5205521319157,61.03
2018-09-07 12:00:00+02:00,64.86,79.79827488164277,59.53
2018-09-07 13:00:00+02:00,64.95,80.34336100436533,59.59
2018-09-07 14:00:00+02:00,64.75,80.15394102672323,59.59
2018-09-07 15:00:00+02:00,64.1,79.09788848305477,53.1
2018-09-07 16:00:00+02:00,63.91,78.60476879592824,51.1
2018-09-07 17:00:00+02:00,63.67,77.97386324582105,50.34
2018-09-07 18:00:00+02:00,63.01,78.06439387308467,51.93
2018-09-07 19:00:00+02:00,62.64,79.01956539936384,56.07
2018-09-07 20:00:00+02:00,62.41,78.77184598408631,59.5
2018-09-07 21:00:00+02:00,62.97,78.11971166067521,62.78
2018-09-07 22:00:00+02:00,63.17,75.93439455199692,63.51
2018-09-07 23:00:00+02:00,61.86,72.08837876831657,62.79
2018-09-08 00:00:00+02:00,62.48,63.73024631091619,61.4
2018-09-08 01:00:00+02:00,59.91,59.393455613452794,58.15
2018-09-08 02:00:00+02:00,55.3,57.004688652476005,53.27
2018-09-08 03:00:00+02:00,54.57,56.831326217261754,52.05
2018-09-08 04:00:00+02:00,53.69,57.37866533000464,51.98
2018-09-08 05:00:00+02:00,55.3,59.59271828654451,52.26
2018-09-08 06:00:00+02:00,58.96,65.30014626413417,58.18
2018-09-08 07:00:00+02:00,62.14,71.01801383394631,61.55
2018-09-08 08:00:00+02:00,63.9,73.96338337257603,62.89
2018-09-08 09:00:00+02:00,64.88,75.9093306335094,63.17
2018-09-08 10:00:00+02:00,64.67,76.01493706359778,63.91
2018-09-08 11:00:00+02:00,64.59,75.73463188656218,64.5
2018-09-08 12:00:00+02:00,65.67,76.38884606038975,64.86
2018-09-08 13:00:00+02:00,66.01,76.53598796999323,64.95
2018-09-08 14:00:00+02:00,65.41,76.08315407827116,64.75
2018-09-08 15:00:00+02:00,64.99,74.88334833411429,64.1
2018-09-08 16:00:00+02:00,64.39,74.28850114913135,63.91
2018-09-08 17:00:00+02:00,64.0,73.70468364424447,63.67
2018-09-08 18:00:00+02:00,62.48,73.8266639100157,63.01
2018-09-08 19:00:00+02:00,62.3,74.85666506577195,62.64
2018-09-08 20:00:00+02:00,63.9,74.89540314488563,62.41
2018-09-08 21:00:00+02:00,65.7,74.55345016160543,62.97
2018-09-08 22:00:00+02:00,65.67,72.67475285487886,63.17
2018-09-08 23:00:00+02:00,63.67,69.04018810217232,61.86
2018-09-09 00:00:00+02:00,74.0,65.29548216274824,62.48
2018-09-09 01:00:00+02:00,71.68,61.15558248261789,59.91
2018-09-09 02:00:00+02:00,70.66,58.36858813946275,55.3
2018-09-09 03:00:00+02:00,69.9,58.20916664805691,54.57
2018-09-09 04:00:00+02:00,69.5,58.57726548499699,53.69
2018-09-09 05:00:00+02:00,69.67,60.73083707678886,55.3
2018-09-09 06:00:00+02:00,69.9,66.20704927689451,58.96
2018-09-09 07:00:00+02:00,69.67,71.78904033550353,62.14
2018-09-09 08:00:00+02:00,69.67,74.80053736396005,63.9
2018-09-09 09:00:00+02:00,70.67,76.74984374554055,64.88
2018-09-09 10:00:00+02:00,71.6,76.90425617223988,64.67
2018-09-09 11:00:00+02:00,71.39,76.66962011790037,64.59
2018-09-09 12:00:00+02:00,71.39,77.3509955774053,65.67
2018-09-09 13:00:00+02:00,71.79,77.49096152501839,66.01
2018-09-09 14:00:00+02:00,71.85,77.02490147046463,65.41
2018-09-09 15:00:00+02:00,70.0,75.92691695811962,64.99
2018-09-09 16:00:00+02:00,68.21,75.30642187054893,64.39
2018-09-09 17:00:00+02:00,68.07,74.77035152187914,64.0
2018-09-09 18:00:00+02:00,68.14,74.77646736680042,62.48
2018-09-09 19:00:00+02:00,71.9,75.87553051754556,62.3
2018-09-09 20:00:00+02:00,74.11,76.19675855229221,63.9
2018-09-09 21:00:00+02:00,74.42,75.95510790965265,65.7
2018-09-09 22:00:00+02:00,72.01,74.06501512476059,65.67
2018-09-09 23:00:00+02:00,70.67,70.44357894493726,63.67
2018-09-10 00:00:00+02:00,68.51,72.81867117978508,74.0
2018-09-10 01:00:00+02:00,62.51,68.04777289720394,71.68
2018-09-10 02:00:00+02:00,61.23,65.06421885133508,70.66
2018-09-10 03:00:00+02:00,60.15,64.62499763344357,69.9
2018-09-10 04:00:00+02:00,59.76,64.85857208145124,69.5
2018-09-10 05:00:00+02:00,60.77,66.77752107887557,69.67
2018-09-10 06:00:00+02:00,74.27,71.85539605690008,69.9
2018-09-10 07:00:00+02:00,74.25,77.43726290509343,69.67
2018-09-10 08:00:00+02:00,74.29,81.03047630604812,69.67
2018-09-10 09:00:00+02:00,74.81,83.62632177705649,70.67
2018-09-10 10:00:00+02:00,74.81,84.46997329166486,71.6
2018-09-10 11:00:00+02:00,72.2,84.66039401091265,71.39
2018-09-10 12:00:00+02:00,72.05,85.6923598683349,71.39
2018-09-10 13:00:00+02:00,71.0,86.24752125026875,71.79
2018-09-10 14:00:00+02:00,66.72,86.02827572397669,71.85
2018-09-10 15:00:00+02:00,67.25,84.90729199995994,70.0
2018-09-10 16:00:00+02:00,70.79,84.21442423412009,68.21
2018-09-10 17:00:00+02:00,74.27,83.66713068870821,68.07
2018-09-10 18:00:00+02:00,72.78,83.38947110747068,68.14
2018-09-10 19:00:00+02:00,74.27,84.44225187721383,71.9
2018-09-10 20:00:00+02:00,77.62,84.42587723072532,74.11
2018-09-10 21:00:00+02:00,77.24,83.74516653634855,74.42
2018-09-10 22:00:00+02:00,70.02,81.43725571500028,72.01
2018-09-10 23:00:00+02:00,63.15,77.73617484815354,70.67
2018-09-11 00:00:00+02:00,52.3,65.11254962891984,68.51
2018-09-11 01:00:00+02:00,50.6,60.29466519785818,62.51
2018-09-11 02:00:00+02:00,48.12,57.321068354753756,61.23
2018-09-11 03:00:00+02:00,47.64,56.40505983405876,60.15
2018-09-11 04:00:00+02:00,47.84,56.32679036128389,59.76
2018-09-11 05:00:00+02:00,51.0,57.92522499600315,60.77
2018-09-11 06:00:00+02:00,62.04,63.56556419269069,74.27
2018-09-11 07:00:00+02:00,67.14,67.63907770025534,74.25
2018-09-11 08:00:00+02:00,68.07,70.99061186018882,74.29
2018-09-11 09:00:00+02:00,68.0,73.43743122761256,74.81
2018-09-11 10:00:00+02:00,66.93,74.11336278267733,74.81
2018-09-11 11:00:00+02:00,65.0,73.83386894721586,72.2
2018-09-11 12:00:00+02:00,63.25,74.69142125754728,72.05
2018-09-11 13:00:00+02:00,62.01,74.91338267354668,71.0
2018-09-11 14:00:00+02:00,59.82,74.15439501720682,66.72
2018-09-11 15:00:00+02:00,59.4,73.22636775723359,67.25
2018-09-11 16:00:00+02:00,60.65,72.51043490253004,70.79
2018-09-11 17:00:00+02:00,63.49,71.65044979273183,74.27
2018-09-11 18:00:00+02:00,66.78,70.56403385855135,72.78
2018-09-11 19:00:00+02:00,66.44,71.39945228437007,74.27
2018-09-11 20:00:00+02:00,61.26,71.35290960490146,77.62
2018-09-11 21:00:00+02:00,56.12,70.10726324097277,77.24
2018-09-11 22:00:00+02:00,54.64,66.98390495435623,70.02
2018-09-11 23:00:00+02:00,51.84,63.64420284549707,63.15
2018-09-12 00:00:00+02:00,64.23,52.210949851177695,52.3
2018-09-12 01:00:00+02:00,59.17,48.4513812607624,50.6
2018-09-12 02:00:00+02:00,53.84,45.18695213382254,48.12
2018-09-12 03:00:00+02:00,51.28,44.04603971225947,47.64
2018-09-12 04:00:00+02:00,50.28,43.76921051192724,47.84
2018-09-12 05:00:00+02:00,50.17,45.33623353550509,51.0
2018-09-12 06:00:00+02:00,50.31,51.13087142271079,62.04
2018-09-12 07:00:00+02:00,50.28,54.66245662554148,67.14
2018-09-12 08:00:00+02:00,51.2,57.22374017503899,68.07
2018-09-12 09:00:00+02:00,56.0,59.05038774358122,68.0
2018-09-12 10:00:00+02:00,62.19,59.12138960036907,66.93
2018-09-12 11:00:00+02:00,62.76,58.20884058335214,65.0
2018-09-12 12:00:00+02:00,62.01,58.350871130881835,63.25
2018-09-12 13:00:00+02:00,64.05,58.08306307518214,62.01
2018-09-12 14:00:00+02:00,63.93,56.85619878439661,59.82
2018-09-12 15:00:00+02:00,60.28,55.67667183131795,59.4
2018-09-12 16:00:00+02:00,59.41,54.773701805166205,60.65
2018-09-12 17:00:00+02:00,64.01,53.85537061068574,63.49
2018-09-12 18:00:00+02:00,66.01,52.75876738394741,66.78
2018-09-12 19:00:00+02:00,65.04,53.02686932884321,66.44
2018-09-12 20:00:00+02:00,66.46,52.51079638280136,61.26
2018-09-12 21:00:00+02:00,66.69,51.320159233820974,56.12
2018-09-12 22:00:00+02:00,65.98,48.69919629446802,54.64
2018-09-12 23:00:00+02:00,63.93,44.811817348108704,51.84
2018-09-13 00:00:00+02:00,73.27,65.81184870884587,64.23
2018-09-13 01:00:00+02:00,71.39,61.62384318665443,59.17
2018-09-13 02:00:00+02:00,69.9,58.85482955589649,53.84
2018-09-13 03:00:00+02:00,68.21,58.459460107197685,51.28
2018-09-13 04:00:00+02:00,68.0,58.97686584565586,50.28
2018-09-13 05:00:00+02:00,68.21,61.209007787061154,50.17
2018-09-13 06:00:00+02:00,72.11,67.38178375957374,50.31
2018-09-13 07:00:00+02:00,77.89,71.77705389913356,50.28
2018-09-13 08:00:00+02:00,79.66,75.17462316659699,51.2
2018-09-13 09:00:00+02:00,79.94,78.02168502102873,56.0
2018-09-13 10:00:00+02:00,78.89,78.97325617911615,62.19
2018-09-13 11:00:00+02:00,77.75,78.26029911211249,62.76
2018-09-13 12:00:00+02:00,76.66,78.73397772472279,62.01
2018-09-13 13:00:00+02:00,76.26,79.29349704352546,64.05
2018-09-13 14:00:00+02:00,75.99,78.57304707199698,63.93
2018-09-13 15:00:00+02:00,75.0,77.65980334695578,60.28
2018-09-13 16:00:00+02:00,75.25,77.52197299951558,59.41
2018-09-13 17:00:00+02:00,75.7,77.67014982938402,64.01
2018-09-13 18:00:00+02:00,77.6,76.99458046897443,66.01
2018-09-13 19:00:00+02:00,78.19,77.44925414330032,65.04
2018-09-13 20:00:00+02:00,78.8,77.73922275018,66.46
2018-09-13 21:00:00+02:00,76.04,77.10806599932283,66.69
2018-09-13 22:00:00+02:00,72.9,75.11491370028928,65.98
2018-09-13 23:00:00+02:00,70.67,71.79697555866949,63.93
2018-09-14 00:00:00+02:00,69.9,73.01407062990978,73.27
2018-09-14 01:00:00+02:00,67.03,68.3433121129094,71.39
2018-09-14 02:00:00+02:00,63.62,65.34261418999623,69.9
2018-09-14 03:00:00+02:00,63.11,64.61599162620493,68.21
2018-09-14 04:00:00+02:00,63.49,65.06352195159972,68.0
2018-09-14 05:00:00+02:00,66.0,67.09237984666622,68.21
2018-09-14 06:00:00+02:00,70.91,73.13739361520562,72.11
2018-09-14 07:00:00+02:00,75.16,77.74449019559383,77.89
2018-09-14 08:00:00+02:00,78.45,80.81879560104731,79.66
2018-09-14 09:00:00+02:00,78.46,83.47486632123376,79.94
2018-09-14 10:00:00+02:00,77.45,84.38745340161125,78.89
2018-09-14 11:00:00+02:00,76.8,83.73815929294173,77.75
2018-09-14 12:00:00+02:00,77.07,84.05100413421506,76.66
2018-09-14 13:00:00+02:00,77.75,84.57391075353985,76.26
2018-09-14 14:00:00+02:00,77.13,83.89333862685031,75.99
2018-09-14 15:00:00+02:00,76.04,82.8549984230393,75.0
2018-09-14 16:00:00+02:00,75.95,82.65548557927221,75.25
2018-09-14 17:00:00+02:00,75.7,82.69799584480421,75.7
2018-09-14 18:00:00+02:00,74.92,82.10765865810664,77.6
2018-09-14 19:00:00+02:00,74.91,82.25903751539683,78.19
2018-09-14 20:00:00+02:00,74.74,82.43287492516873,78.8
2018-09-14 21:00:00+02:00,74.93,81.4848308921641,76.04
2018-09-14 22:00:00+02:00,72.3,79.45281683101209,72.9
2018-09-14 23:00:00+02:00,70.29,76.25623525183194,70.67
2018-09-15 00:00:00+02:00,70.9,72.42054784311689,69.9
2018-09-15 01:00:00+02:00,69.93,68.27852579006804,67.03
2018-09-15 02:00:00+02:00,68.21,65.24369942455786,63.62
2018-09-15 03:00:00+02:00,67.4,64.64163658991639,63.11
2018-09-15 04:00:00+02:00,67.0,65.11722597541254,63.49
2018-09-15 05:00:00+02:00,66.82,67.19125959175874,66.0
2018-09-15 06:00:00+02:00,67.4,73.05206588855586,70.91
2018-09-15 07:00:00+02:00,69.4,77.60853851647207,75.16
2018-09-15 08:00:00+02:00,67.15,80.5806839046725,78.45
2018-09-15 09:00:00+02:00,69.74,82.78732595531072,78.46
2018-09-15 10:00:00+02:00,70.67,83.47955835908083,77.45
2018-09-15 11:00:00+02:00,71.14,82.69436372466095,76.8
2018-09-15 12:00:00+02:00,71.39,82.68208088364435,77.07
2018-09-15 13:00:00+02:00,72.3,82.87172258122088,77.75
2018-09-15 14:00:00+02:00,72.0,81.83770596870953,77.13
2018-09-15 15:00:00+02:00,70.67,80.46651923736283,76.04
2018-09-15 16:00:00+02:00,69.5,79.99871857476931,75.95
2018-09-15 17:00:00+02:00,68.57,79.77978402817917,75.7
2018-09-15 18:00:00+02:00,69.64,79.02569375951884,74.92
2018-09-15 19:00:00+02:00,71.14,79.07635054757911,74.91
2018-09-15 20:00:00+02:00,74.64,79.1989316097989,74.74
2018-09-15 21:00:00+02:00,75.7,78.39774387209607,74.93
2018-09-15 22:00:00+02:00,74.42,76.29977871511564,72.3
2018-09-15 23:00:00+02:00,75.0,73.34221630277928,70.29
2018-09-16 00:00:00+02:00,73.75,76.69360448740068,70.9
2018-09-16 01:00:00+02:00,71.76,72.99188470983181,69.93
2018-09-16 02:00:00+02:00,71.14,69.89328671546362,68.21
2018-09-16 03:00:00+02:00,71.14,69.21722168014603,67.4
2018-09-16 04:00:00+02:00,69.9,69.71776640298663,67.0
2018-09-16 05:00:00+02:00,69.67,71.8012782622412,66.82
2018-09-16 06:00:00+02:00,69.9,77.5661276663387,67.4
2018-09-16 07:00:00+02:00,69.9,82.54212615097133,69.4
2018-09-16 08:00:00+02:00,69.67,85.55213875632552,67.15
2018-09-16 09:00:00+02:00,71.02,88.48901147744066,69.74
2018-09-16 10:00:00+02:00,70.67,89.51448769385557,70.67
2018-09-16 11:00:00+02:00,70.17,89.15357510071237,71.14
2018-09-16 12:00:00+02:00,69.99,89.43418571571944,71.39
2018-09-16 13:00:00+02:00,71.25,90.0452736848688,72.3
2018-09-16 14:00:00+02:00,71.14,89.4205923646713,72.0
2018-09-16 15:00:00+02:00,69.9,88.3957251768405,70.67
2018-09-16 16:00:00+02:00,68.21,88.24870344016226,69.5
2018-09-16 17:00:00+02:00,68.14,88.38725095920067,68.57
2018-09-16 18:00:00+02:00,63.13,88.1810609974079,69.64
2018-09-16 19:00:00+02:00,70.78,88.50820234717561,71.14
2018-09-16 20:00:00+02:00,74.8,89.0230822129941,74.64
2018-09-16 21:00:00+02:00,77.99,88.28785908168152,75.7
2018-09-16 22:00:00+02:00,75.69,86.22502140599178,74.42
2018-09-16 23:00:00+02:00,74.6,83.35353796129623,75.0
2018-09-17 00:00:00+02:00,68.21,75.88605009804913,73.75
2018-09-17 01:00:00+02:00,66.65,72.49708781305613,71.76
2018-09-17 02:00:00+02:00,65.86,69.4281566912733,71.14
2018-09-17 03:00:00+02:00,63.62,68.5248126230143,71.14
2018-09-17 04:00:00+02:00,63.09,68.72094443805646,69.9
2018-09-17 05:00:00+02:00,63.09,70.65428615135787,69.67
2018-09-17 06:00:00+02:00,69.9,76.06812951101004,69.9
2018-09-17 07:00:00+02:00,75.47,81.01569655719697,69.9
2018-09-17 08:00:00+02:00,75.91,84.15375087999591,69.67
2018-09-17 09:00:00+02:00,75.91,87.25116846766046,71.02
2018-09-17 10:00:00+02:00,74.69,88.33395639799639,70.67
2018-09-17 11:00:00+02:00,72.26,88.11393481222527,70.17
2018-09-17 12:00:00+02:00,72.3,88.40888565828324,69.99
2018-09-17 13:00:00+02:00,72.25,89.14259839967727,71.25
2018-09-17 14:00:00+02:00,71.68,88.5346609741003,71.14
2018-09-17 15:00:00+02:00,72.25,87.45284493545225,69.9
2018-09-17 16:00:00+02:00,72.29,87.18187830897523,68.21
2018-09-17 17:00:00+02:00,75.0,87.40773501575961,68.14
2018-09-17 18:00:00+02:00,77.03,86.78917575663608,63.13
2018-09-17 19:00:00+02:00,80.01,88.06670036230412,70.78
2018-09-17 20:00:00+02:00,81.82,88.28787857562465,74.8
2018-09-17 21:00:00+02:00,78.75,87.4813065787064,77.99
2018-09-17 22:00:00+02:00,74.42,84.97749935526178,75.69
2018-09-17 23:00:00+02:00,74.42,82.30387589223783,74.6
2018-09-18 00:00:00+02:00,72.25,74.87257259438084,68.21
2018-09-18 01:00:00+02:00,71.14,72.2613359014569,66.65
2018-09-18 02:00:00+02:00,69.9,69.33451523061032,65.86
2018-09-18 03:00:00+02:00,69.19,68.15605449850011,63.62
2018-09-18 04:00:00+02:00,69.19,68.39455915306564,63.09
2018-09-18 05:00:00+02:00,70.14,70.24305088441116,63.09
2018-09-18 06:00:00+02:00,73.35,75.93104192878707,69.9
2018-09-18 07:00:00+02:00,74.5,80.80920414585579,75.47
2018-09-18 08:00:00+02:00,75.43,83.59196617440391,75.91
2018-09-18 09:00:00+02:00,75.99,86.51963411371476,75.91
2018-09-18 10:00:00+02:00,76.01,87.52368969762486,74.69
2018-09-18 11:00:00+02:00,76.0,87.15534723074809,72.26
2018-09-18 12:00:00+02:00,77.01,87.44725549616975,72.3
2018-09-18 13:00:00+02:00,76.93,87.97810863688474,72.25
2018-09-18 14:00:00+02:00,75.89,87.27360069536655,71.68
2018-09-18 15:00:00+02:00,75.7,86.19094925737069,72.25
2018-09-18 16:00:00+02:00,75.69,85.69645587777002,72.29
2018-09-18 17:00:00+02:00,75.89,85.99703628472128,75.0
2018-09-18 18:00:00+02:00,75.0,85.34101228423705,77.03
2018-09-18 19:00:00+02:00,77.65,86.49511186027175,80.01
2018-09-18 20:00:00+02:00,81.1,86.67872136364855,81.82
2018-09-18 21:00:00+02:00,80.2,85.5474224862364,78.75
2018-09-18 22:00:00+02:00,75.89,83.07759644477761,74.42
2018-09-18 23:00:00+02:00,76.0,80.74914970274334,74.42
2018-09-19 00:00:00+02:00,75.89,75.94551148834263,72.25
2018-09-19 01:00:00+02:00,75.0,73.55886837601804,71.14
2018-09-19 02:00:00+02:00,73.64,70.57251207794079,69.9
2018-09-19 03:00:00+02:00,72.3,69.1869329898916,69.19
2018-09-19 04:00:00+02:00,72.11,69.2565578809103,69.19
2018-09-19 05:00:00+02:00,72.25,70.95814024712753,70.14
2018-09-19 06:00:00+02:00,74.86,76.44038713774242,73.35
2018-09-19 07:00:00+02:00,75.99,81.1557463368614,74.5
2018-09-19 08:00:00+02:00,79.79,84.06646224182683,75.43
2018-09-19 09:00:00+02:00,80.01,86.96556049726439,75.99
2018-09-19 10:00:00+02:00,77.86,88.10382313686891,76.01
2018-09-19 11:00:00+02:00,75.23,87.89618061900107,76.0
2018-09-19 12:00:00+02:00,75.89,88.27629545258365,77.01
2018-09-19 13:00:00+02:00,75.99,88.75041767489564,76.93
2018-09-19 14:00:00+02:00,75.89,88.11437618987975,75.89
2018-09-19 15:00:00+02:00,75.87,87.18962913530054,75.7
2018-09-19 16:00:00+02:00,75.89,86.71149369370094,75.69
2018-09-19 17:00:00+02:00,75.89,86.98541177815159,75.89
2018-09-19 18:00:00+02:00,75.23,86.32164229928411,75.0
2018-09-19 19:00:00+02:00,75.99,87.6087261721319,77.65
2018-09-19 20:00:00+02:00,79.87,87.91917559492754,81.1
2018-09-19 21:00:00+02:00,79.39,86.48392211700244,80.2
2018-09-19 22:00:00+02:00,75.7,83.73668745140904,75.89
2018-09-19 23:00:00+02:00,75.89,81.65755613581514,76.0
2018-09-20 00:00:00+02:00,74.89,75.60071077127819,75.89
2018-09-20 01:00:00+02:00,73.95,73.30319612391315,75.0
2018-09-20 02:00:00+02:00,72.3,70.27288953517531,73.64
2018-09-20 03:00:00+02:00,71.75,68.65969306237906,72.3
2018-09-20 04:00:00+02:00,71.22,68.58229585177769,72.11
2018-09-20 05:00:00+02:00,72.0,70.05202492666515,72.25
2018-09-20 06:00:00+02:00,74.21,75.29395973437634,74.86
2018-09-20 07:00:00+02:00,75.7,79.83072146949412,75.99
2018-09-20 08:00:00+02:00,75.94,83.02987246889647,79.79
2018-09-20 09:00:00+02:00,76.3,85.59313404645653,80.01
2018-09-20 10:00:00+02:00,75.0,86.60372402848817,77.86
2018-09-20 11:00:00+02:00,74.3,86.42303795002675,75.23
2018-09-20 12:00:00+02:00,74.73,86.99676592222423,75.89
2018-09-20 13:00:00+02:00,74.3,87.38730255211382,75.99
2018-09-20 14:00:00+02:00,73.54,86.76901385282744,75.89
2018-09-20 15:00:00+02:00,73.5,85.82389078929987,75.87
2018-09-20 16:00:00+02:00,73.24,85.25418286967113,75.89
2018-09-20 17:00:00+02:00,73.95,85.40482618517525,75.89
2018-09-20 18:00:00+02:00,75.01,84.70358398680503,75.23
2018-09-20 19:00:00+02:00,79.63,85.90006581805457,75.99
2018-09-20 20:00:00+02:00,78.89,86.51181718655052,79.87
2018-09-20 21:00:00+02:00,76.04,84.83474877697167,79.39
2018-09-20 22:00:00+02:00,72.3,81.85257303270886,75.7
2018-09-20 23:00:00+02:00,74.01,79.98306689647468,75.89
2018-09-21 00:00:00+02:00,72.3,73.30351117970442,74.89
2018-09-21 01:00:00+02:00,70.67,71.18668268298697,73.95
2018-09-21 02:00:00+02:00,69.5,68.19680630770677,72.3
2018-09-21 03:00:00+02:00,69.5,66.58979653091556,71.75
2018-09-21 04:00:00+02:00,68.62,66.42513332450815,71.22
2018-09-21 05:00:00+02:00,69.0,67.91678471195699,72.0
2018-09-21 06:00:00+02:00,72.26,73.01652132991383,74.21
2018-09-21 07:00:00+02:00,72.25,77.59626335425965,75.7
2018-09-21 08:00:00+02:00,74.29,80.8608959614223,75.94
2018-09-21 09:00:00+02:00,75.0,83.53130739611572,76.3
2018-09-21 10:00:00+02:00,75.01,84.5539509195764,75.0
2018-09-21 11:00:00+02:00,75.0,84.50519997716972,74.3
2018-09-21 12:00:00+02:00,75.7,85.06466367833443,74.73
2018-09-21 13:00:00+02:00,75.7,85.30335221515276,74.3
2018-09-21 14:00:00+02:00,75.15,84.61106994120429,73.54
2018-09-21 15:00:00+02:00,74.6,83.61146595431185,73.5
2018-09-21 16:00:00+02:00,74.3,82.83472964985103,73.24
2018-09-21 17:00:00+02:00,74.0,82.83321606048956,73.95
2018-09-21 18:00:00+02:00,72.35,82.06900734428623,75.01
2018-09-21 19:00:00+02:00,75.0,83.26044394352172,79.63
2018-09-21 20:00:00+02:00,75.79,83.33769589517574,78.89
2018-09-21 21:00:00+02:00,75.01,81.52372948394934,76.04
2018-09-21 22:00:00+02:00,72.75,78.49528865066603,72.3
2018-09-21 23:00:00+02:00,73.95,76.81966643465923,74.01
2018-09-22 00:00:00+02:00,74.4,72.71186504749183,72.3
2018-09-22 01:00:00+02:00,73.37,70.57546624519111,70.67
2018-09-22 02:00:00+02:00,72.3,67.59710866863944,69.5
2018-09-22 03:00:00+02:00,71.86,65.86182960384605,69.5
2018-09-22 04:00:00+02:00,71.39,65.36710949186421,68.62
2018-09-22 05:00:00+02:00,71.39,66.67344012747489,69.0
2018-09-22 06:00:00+02:00,72.17,71.57363767255455,72.26
2018-09-22 07:00:00+02:00,72.59,75.79551722503322,72.25
2018-09-22 08:00:00+02:00,69.93,79.27088604931767,74.29
2018-09-22 09:00:00+02:00,73.37,81.91818512385284,75.0
2018-09-22 10:00:00+02:00,73.24,83.1121414831721,75.01
2018-09-22 11:00:00+02:00,72.59,83.3234333918569,75.0
2018-09-22 12:00:00+02:00,71.15,84.09746164927637,75.7
2018-09-22 13:00:00+02:00,70.67,84.5057689292116,75.7
2018-09-22 14:00:00+02:00,70.59,84.03062149074094,75.15
2018-09-22 15:00:00+02:00,68.47,83.21519416185804,74.6
2018-09-22 16:00:00+02:00,68.11,82.54530995936871,74.3
2018-09-22 17:00:00+02:00,68.1,82.52625933295195,74.0
2018-09-22 18:00:00+02:00,71.39,81.69073076949601,72.35
2018-09-22 19:00:00+02:00,75.7,83.0144375429228,75.0
2018-09-22 20:00:00+02:00,77.08,82.93060631306157,75.79
2018-09-22 21:00:00+02:00,75.69,80.9713745495066,75.01
2018-09-22 22:00:00+02:00,72.01,77.71681993956628,72.75
2018-09-22 23:00:00+02:00,72.01,76.04931291108078,73.95
2018-09-23 00:00:00+02:00,71.39,71.02768780768598,74.4
2018-09-23 01:00:00+02:00,69.93,68.92805083582415,73.37
2018-09-23 02:00:00+02:00,69.9,66.02550235956751,72.3
2018-09-23 03:00:00+02:00,70.59,64.22835468155381,71.86
2018-09-23 04:00:00+02:00,69.93,63.58913569307539,71.39
2018-09-23 05:00:00+02:00,69.93,64.73161299664538,71.39
2018-09-23 06:00:00+02:00,70.67,69.34133436116556,72.17
2018-09-23 07:00:00+02:00,70.67,73.52373017373688,72.59
2018-09-23 08:00:00+02:00,71.14,76.71753505574365,69.93
2018-09-23 09:00:00+02:00,72.3,79.80912431992517,73.37
2018-09-23 10:00:00+02:00,72.01,80.68884678726631,73.24
2018-09-23 11:00:00+02:00,71.39,80.698377668887,72.59
2018-09-23 12:00:00+02:00,71.5,81.13383594556502,71.15
2018-09-23 13:00:00+02:00,71.5,81.45386137108997,70.67
2018-09-23 14:00:00+02:00,72.0,80.95588206022734,70.59
2018-09-23 15:00:00+02:00,70.59,79.92329295217039,68.47
2018-09-23 16:00:00+02:00,68.21,79.36931047116794,68.11
2018-09-23 17:00:00+02:00,65.0,79.39383989495474,68.1
2018-09-23 18:00:00+02:00,59.31,79.03077229334083,71.39
2018-09-23 19:00:00+02:00,61.78,80.4504898569108,75.7
2018-09-23 20:00:00+02:00,67.36,80.42182329887214,77.08
2018-09-23 21:00:00+02:00,72.3,78.59522450216953,75.69
2018-09-23 22:00:00+02:00,70.01,75.48220897216603,72.01
2018-09-23 23:00:00+02:00,68.21,74.3036225597042,72.01
2018-09-24 00:00:00+02:00,57.51,67.15342437375327,71.39
2018-09-24 01:00:00+02:00,55.78,64.9073922094903,69.93
2018-09-24 02:00:00+02:00,48.1,62.02329078738729,69.9
2018-09-24 03:00:00+02:00,48.1,60.03167384024944,70.59
2018-09-24 04:00:00+02:00,47.9,59.00313081042107,69.93
2018-09-24 05:00:00+02:00,50.42,59.87930355436069,69.93
2018-09-24 06:00:00+02:00,60.46,64.12636057421479,70.67
2018-09-24 07:00:00+02:00,71.39,68.18228694351778,70.67
2018-09-24 08:00:00+02:00,72.3,71.46701160311387,71.14
2018-09-24 09:00:00+02:00,72.3,74.64929082098367,72.3
2018-09-24 10:00:00+02:00,72.13,75.64207688142814,72.01
2018-09-24 11:00:00+02:00,71.49,75.76633253315457,71.39
2018-09-24 12:00:00+02:00,71.06,76.30211795769401,71.5
2018-09-24 13:00:00+02:00,70.92,76.69410940378923,71.5
2018-09-24 14:00:00+02:00,69.9,76.37030308819305,72.0
2018-09-24 15:00:00+02:00,69.29,75.27363517829427,70.59
2018-09-24 16:00:00+02:00,68.8,74.60729783758083,68.21
2018-09-24 17:00:00+02:00,69.56,74.49963151550233,65.0
2018-09-24 18:00:00+02:00,71.68,73.92240609925314,59.31
2018-09-24 19:00:00+02:00,72.45,75.82306634163005,61.78
2018-09-24 20:00:00+02:00,74.29,76.14830564333332,67.36
2018-09-24 21:00:00+02:00,72.13,74.32708688999985,72.3
2018-09-24 22:00:00+02:00,70.01,70.54683294774806,70.01
2018-09-24 23:00:00+02:00,69.29,69.15035771262187,68.21
2018-09-25 00:00:00+02:00,55.96,67.56159583947183,57.51
2018-09-25 01:00:00+02:00,52.49,66.35085829056334,55.78
2018-09-25 02:00:00+02:00,51.61,63.34588484504166,48.1
2018-09-25 03:00:00+02:00,51.8,62.16125220422096,48.1
2018-09-25 04:00:00+02:00,51.8,61.354084703064615,47.9
2018-09-25 05:00:00+02:00,54.5,62.55429170341597,50.42
2018-09-25 06:00:00+02:00,65.5,67.41048796556785,60.46
2018-09-25 07:00:00+02:00,74.21,71.81048120725669,71.39
2018-09-25 08:00:00+02:00,74.9,74.49216554498845,72.3
2018-09-25 09:00:00+02:00,75.21,77.6717703348747,72.3
2018-09-25 10:00:00+02:00,74.21,78.93716835303749,72.13
2018-09-25 11:00:00+02:00,71.29,79.18765773397513,71.49
2018-09-25 12:00:00+02:00,72.01,79.7617208877235,71.06
2018-09-25 13:00:00+02:00,73.01,80.2259990945919,70.92
2018-09-25 14:00:00+02:00,73.6,79.92157568078471,69.9
2018-09-25 15:00:00+02:00,73.24,78.96062416456616,69.29
2018-09-25 16:00:00+02:00,72.51,78.32434738068658,68.8
2018-09-25 17:00:00+02:00,72.39,78.33680420678303,69.56
2018-09-25 18:00:00+02:00,75.09,78.00504893223928,71.68
2018-09-25 19:00:00+02:00,75.94,79.69616791058894,72.45
2018-09-25 20:00:00+02:00,79.73,80.34869698260648,74.29
2018-09-25 21:00:00+02:00,74.39,78.55343103834053,72.13
2018-09-25 22:00:00+02:00,70.0,75.12680737287164,70.01
2018-09-25 23:00:00+02:00,69.7,73.77666886741662,69.29
2018-09-26 00:00:00+02:00,64.36,66.7836257742405,55.96
2018-09-26 01:00:00+02:00,63.5,66.1936834500761,52.49
2018-09-26 02:00:00+02:00,60.0,63.57750890152426,51.61
2018-09-26 03:00:00+02:00,60.0,62.33073575894992,51.8
2018-09-26 04:00:00+02:00,60.0,61.45179459641883,51.8
2018-09-26 05:00:00+02:00,60.46,62.702754301176114,54.5
2018-09-26 06:00:00+02:00,70.0,67.96489817966436,65.5
2018-09-26 07:00:00+02:00,75.36,72.24985233670418,74.21
2018-09-26 08:00:00+02:00,75.25,74.38547987260883,74.9
2018-09-26 09:00:00+02:00,74.9,77.4492154874035,75.21
2018-09-26 10:00:00+02:00,74.1,78.77850146275183,74.21
2018-09-26 11:00:00+02:00,72.5,78.987291877065,71.29
2018-09-26 12:00:00+02:00,73.29,79.87138118259486,72.01
2018-09-26 13:00:00+02:00,73.62,80.42343044368495,73.01
2018-09-26 14:00:00+02:00,73.6,80.16781634406546,73.6
2018-09-26 15:00:00+02:00,73.62,79.18031500770057,73.24
2018-09-26 16:00:00+02:00,73.67,78.45681448400627,72.51
2018-09-26 17:00:00+02:00,73.67,78.41072110644821,72.39
2018-09-26 18:00:00+02:00,74.75,78.27319154629656,75.09
2018-09-26 19:00:00+02:00,76.78,79.56071350280001,75.94
2018-09-26 20:00:00+02:00,79.99,80.40572241825853,79.73
2018-09-26 21:00:00+02:00,75.54,77.94745293286958,74.39
2018-09-26 22:00:00+02:00,74.21,74.56568483846024,70.0
2018-09-26 23:00:00+02:00,73.62,73.25046968608795,69.7
2018-09-27 00:00:00+02:00,69.93,70.53157434146677,64.36
2018-09-27 01:00:00+02:00,67.36,70.20545593703022,63.5
2018-09-27 02:00:00+02:00,64.36,67.65765030013435,60.0
2018-09-27 03:00:00+02:00,63.91,66.69461188941143,60.0
2018-09-27 04:00:00+02:00,63.91,65.90744473186163,60.0
2018-09-27 05:00:00+02:00,64.36,67.12038767600282,60.46
2018-09-27 06:00:00+02:00,72.3,72.90592714617924,70.0
2018-09-27 07:00:00+02:00,74.9,77.05878691008023,75.36
2018-09-27 08:00:00+02:00,78.0,78.98638864653891,75.25
2018-09-27 09:00:00+02:00,75.21,82.02322634588973,74.9
2018-09-27 10:00:00+02:00,74.89,83.55342708891267,74.1
2018-09-27 11:00:00+02:00,74.5,83.89836113871353,72.5
2018-09-27 12:00:00+02:00,75.0,85.02386783747524,73.29
2018-09-27 13:00:00+02:00,75.1,85.66369753599673,73.62
2018-09-27 14:00:00+02:00,75.0,85.52530962613089,73.6
2018-09-27 15:00:00+02:00,75.0,84.68122170321297,73.62
2018-09-27 16:00:00+02:00,75.1,84.01491854899642,73.67
2018-09-27 17:00:00+02:00,75.01,83.97471711151978,73.67
2018-09-27 18:00:00+02:00,75.0,84.00094309625538,74.75
2018-09-27 19:00:00+02:00,78.26,85.32822197749202,76.78
2018-09-27 20:00:00+02:00,79.73,86.38016880499909,79.99
2018-09-27 21:00:00+02:00,78.0,83.63964516274143,75.54
2018-09-27 22:00:00+02:00,75.21,80.65007153216416,74.21
2018-09-27 23:00:00+02:00,74.9,79.35120437943249,73.62
2018-09-28 00:00:00+02:00,76.3,71.75434088876912,69.93
2018-09-28 01:00:00+02:00,75.0,71.33378710534514,67.36
2018-09-28 02:00:00+02:00,74.25,68.95850225580185,64.36
2018-09-28 03:00:00+02:00,74.0,68.10677674287203,63.91
2018-09-28 04:00:00+02:00,73.64,67.35083519889031,63.91
2018-09-28 05:00:00+02:00,74.07,68.41720786130509,64.36
2018-09-28 06:00:00+02:00,75.67,74.40035488419885,72.3
2018-09-28 07:00:00+02:00,78.0,78.20785406146068,74.9
2018-09-28 08:00:00+02:00,80.0,80.26932350890522,78.0
2018-09-28 09:00:00+02:00,79.91,82.64260179435739,75.21
2018-09-28 10:00:00+02:00,79.0,84.35069913544731,74.89
2018-09-28 11:00:00+02:00,76.47,84.70355877124734,74.5
2018-09-28 12:00:00+02:00,77.42,85.72711180486178,75.0
2018-09-28 13:00:00+02:00,77.37,86.25937818678524,75.1
2018-09-28 14:00:00+02:00,76.45,86.06914596245397,75.0
2018-09-28 15:00:00+02:00,76.39,85.21836116463534,75.0
2018-09-28 16:00:00+02:00,75.71,84.49891823645852,75.1
2018-09-28 17:00:00+02:00,75.0,84.3640593310773,75.01
2018-09-28 18:00:00+02:00,74.75,84.38681223860836,75.0
2018-09-28 19:00:00+02:00,74.69,85.90855050125516,78.26
2018-09-28 20:00:00+02:00,76.3,86.89045936428069,79.73
2018-09-28 21:00:00+02:00,75.89,84.25194902539869,78.0
2018-09-28 22:00:00+02:00,74.14,81.26902386139214,75.21
2018-09-28 23:00:00+02:00,71.75,80.083082695521,74.9
2018-09-29 00:00:00+02:00,71.3,68.76509688046053,76.3
2018-09-29 01:00:00+02:00,65.1,67.55580186556465,75.0
2018-09-29 02:00:00+02:00,63.91,64.96549225556186,74.25
2018-09-29 03:00:00+02:00,63.53,63.642310927403656,74.0
2018-09-29 04:00:00+02:00,61.62,62.45352132915233,73.64
2018-09-29 05:00:00+02:00,61.03,63.03218815243697,74.07
2018-09-29 06:00:00+02:00,63.91,68.32039179280227,75.67
2018-09-29 07:00:00+02:00,68.2,72.0134210653875,78.0
2018-09-29 08:00:00+02:00,64.8,73.92856359150454,80.0
2018-09-29 09:00:00+02:00,72.69,75.86728283093909,79.91
2018-09-29 10:00:00+02:00,73.17,77.35028621751825,79.0
2018-09-29 11:00:00+02:00,72.69,77.52614439781324,76.47
2018-09-29 12:00:00+02:00,73.67,78.66475842778462,77.42
2018-09-29 13:00:00+02:00,74.14,79.07259339770674,77.37
2018-09-29 14:00:00+02:00,73.69,78.77569820061485,76.45
2018-09-29 15:00:00+02:00,72.16,77.96659220579544,76.39
2018-09-29 16:00:00+02:00,69.7,77.10488849078975,75.71
2018-09-29 17:00:00+02:00,68.62,76.81138756103527,75.0
2018-09-29 18:00:00+02:00,70.01,76.73723267859059,74.75
2018-09-29 19:00:00+02:00,75.46,78.00690168819855,74.69
2018-09-29 20:00:00+02:00,77.49,78.99217699844765,76.3
2018-09-29 21:00:00+02:00,76.3,76.28845712293415,75.89
2018-09-29 22:00:00+02:00,74.33,72.97328000359266,74.14
2018-09-29 23:00:00+02:00,74.21,71.41553314523681,71.75
2018-09-30 00:00:00+02:00,73.03,71.64671547527433,71.3
2018-09-30 01:00:00+02:00,73.37,70.29230242323159,65.1
2018-09-30 02:00:00+02:00,69.65,68.75115821490175,63.91
2018-09-30 03:00:00+02:00,67.01,68.01330537914458,63.53
2018-09-30 04:00:00+02:00,65.1,67.23140726529031,61.62
2018-09-30 05:00:00+02:00,64.4,68.2744259175127,61.03
2018-09-30 06:00:00+02:00,66.19,73.94066092955097,63.91
2018-09-30 07:00:00+02:00,69.68,78.32110958881033,68.2
2018-09-30 08:00:00+02:00,69.5,80.13785654668736,64.8
2018-09-30 09:00:00+02:00,73.69,83.34697899951863,72.69
2018-09-30 10:00:00+02:00,73.03,84.63462556671746,73.17
2018-09-30 11:00:00+02:00,70.67,85.0497269029822,72.69
2018-09-30 12:00:00+02:00,72.14,86.43333869918902,73.67
2018-09-30 13:00:00+02:00,73.03,86.98893676307154,74.14
2018-09-30 14:00:00+02:00,72.31,86.73273006530657,73.69
2018-09-30 15:00:00+02:00,67.0,85.87756081084892,72.16
2018-09-30 16:00:00+02:00,61.87,84.90049064439516,69.7
2018-09-30 17:00:00+02:00,61.03,84.62447270621428,68.62
2018-09-30 18:00:00+02:00,64.62,84.72716247853177,70.01
2018-09-30 19:00:00+02:00,74.21,86.25758742582941,75.46
2018-09-30 20:00:00+02:00,74.39,87.06584638480913,77.49
2018-09-30 21:00:00+02:00,74.27,84.50223675701741,76.3
2018-09-30 22:00:00+02:00,69.5,81.37955428537154,74.33
2018-09-30 23:00:00+02:00,61.19,79.95069821269206,74.21
2018-10-01 00:00:00+02:00,61.58,58.941172629242615,73.03
2018-10-01 01:00:00+02:00,51.0,56.983762620983725,73.37
2018-10-01 02:00:00+02:00,49.0,54.43217644094925,69.65
2018-10-01 03:00:00+02:00,47.29,53.02458767583572,67.01
2018-10-01 04:00:00+02:00,47.09,51.693202622369924,65.1
2018-10-01 05:00:00+02:00,46.99,52.115741053320804,64.4
2018-10-01 06:00:00+02:00,50.06,57.0498780217708,66.19
2018-10-01 07:00:00+02:00,61.58,61.1550434725065,69.68
2018-10-01 08:00:00+02:00,66.97,62.42466646364108,69.5
2018-10-01 09:00:00+02:00,67.45,65.40109555148406,73.69
2018-10-01 10:00:00+02:00,65.73,65.99663420185298,73.03
2018-10-01 11:00:00+02:00,58.68,65.87391308989373,70.67
2018-10-01 12:00:00+02:00,58.01,67.0837507176668,72.14
2018-10-01 13:00:00+02:00,49.54,67.3210683190534,73.03
2018-10-01 14:00:00+02:00,47.1,66.67346010549954,72.31
2018-10-01 15:00:00+02:00,47.98,65.17244310648559,67.0
2018-10-01 16:00:00+02:00,48.9,63.91152654759325,61.87
2018-10-01 17:00:00+02:00,51.9,63.660744043771174,61.03
2018-10-01 18:00:00+02:00,52.69,63.81924535638667,64.62
2018-10-01 19:00:00+02:00,55.13,65.40631811882373,74.21
2018-10-01 20:00:00+02:00,60.3,65.0890791157351,74.39
2018-10-01 21:00:00+02:00,58.05,62.2596910932852,74.27
2018-10-01 22:00:00+02:00,46.84,58.30783389996966,69.5
2018-10-01 23:00:00+02:00,44.22,56.53385802411013,61.19
2018-10-02 00:00:00+02:00,49.51,41.84666245457517,61.58
2018-10-02 01:00:00+02:00,46.96,38.631905233121586,51.0
2018-10-02 02:00:00+02:00,44.99,36.395448949794584,49.0
2018-10-02 03:00:00+02:00,44.32,34.565793457142824,47.29
2018-10-02 04:00:00+02:00,43.21,32.898756165611445,47.09
2018-10-02 05:00:00+02:00,43.99,32.71587521893893,46.99
2018-10-02 06:00:00+02:00,44.19,37.03891093916731,50.06
2018-10-02 07:00:00+02:00,46.99,41.432439469295474,61.58
2018-10-02 08:00:00+02:00,46.99,42.01417159595643,66.97
2018-10-02 09:00:00+02:00,53.0,43.9313063488356,67.45
2018-10-02 10:00:00+02:00,60.21,44.0424618163716,65.73
2018-10-02 11:00:00+02:00,53.18,43.11884952245711,58.68
2018-10-02 12:00:00+02:00,49.51,44.35033523120042,58.01
2018-10-02 13:00:00+02:00,48.0,43.724162933250156,49.54
2018-10-02 14:00:00+02:00,46.99,43.33568255696765,47.1
2018-10-02 15:00:00+02:00,43.21,42.00783020435344,47.98
2018-10-02 16:00:00+02:00,43.21,40.56471527971447,48.9
2018-10-02 17:00:00+02:00,44.99,40.2281805137381,51.9
2018-10-02 18:00:00+02:00,56.07,40.01464577317189,52.69
2018-10-02 19:00:00+02:00,64.63,41.453179801042225,55.13
2018-10-02 20:00:00+02:00,66.42,41.38288474661508,60.3
2018-10-02 21:00:00+02:00,66.01,38.00918552084566,58.05
2018-10-02 22:00:00+02:00,62.09,33.17144254145514,46.84
2018-10-02 23:00:00+02:00,60.6,31.20942264305579,44.22
2018-10-03 00:00:00+02:00,32.31,59.86849083482789,49.51
2018-10-03 01:00:00+02:00,30.0,57.11519771713361,46.96
2018-10-03 02:00:00+02:00,27.3,55.81979020315778,44.99
2018-10-03 03:00:00+02:00,26.01,55.1122788990247,44.32
2018-10-03 04:00:00+02:00,24.86,54.464857297916446,43.21
2018-10-03 05:00:00+02:00,25.81,55.37099289648657,43.99
2018-10-03 06:00:00+02:00,25.91,60.31095946540323,44.19
2018-10-03 07:00:00+02:00,25.91,65.90920137148802,46.99
2018-10-03 08:00:00+02:00,29.61,67.59598154778828,46.99
2018-10-03 09:00:00+02:00,36.01,70.88730778283492,53.0
2018-10-03 10:00:00+02:00,37.52,72.22102857881686,60.21
2018-10-03 11:00:00+02:00,37.39,71.10129281135751,53.18
2018-10-03 12:00:00+02:00,36.6,73.22170915798426,49.51
2018-10-03 13:00:00+02:00,35.64,73.82035972157303,48.0
2018-10-03 14:00:00+02:00,34.01,74.34900960984024,46.99
2018-10-03 15:00:00+02:00,32.0,73.71164477764317,43.21
2018-10-03 16:00:00+02:00,29.03,73.41330108919641,43.21
2018-10-03 17:00:00+02:00,29.89,73.98459652040034,44.99
2018-10-03 18:00:00+02:00,32.31,75.37202874078065,56.07
2018-10-03 19:00:00+02:00,38.36,77.34360740159569,64.63
2018-10-03 20:00:00+02:00,39.7,77.62637581082159,66.42
2018-10-03 21:00:00+02:00,36.1,75.16385923231698,66.01
2018-10-03 22:00:00+02:00,35.3,71.05519091853427,62.09
2018-10-03 23:00:00+02:00,29.5,69.93941790631453,60.6
2018-10-04 00:00:00+02:00,38.44,25.59118534960991,32.31
2018-10-04 01:00:00+02:00,34.32,24.07579860136644,30.0
2018-10-04 02:00:00+02:00,29.0,22.0443463689335,27.3
2018-10-04 03:00:00+02:00,27.32,20.627488036417574,26.01
2018-10-04 04:00:00+02:00,28.05,19.134374084872107,24.86
2018-10-04 05:00:00+02:00,32.51,19.14084722771954,25.81
2018-10-04 06:00:00+02:00,41.37,22.632404635898624,25.91
2018-10-04 07:00:00+02:00,44.32,27.26061437596945,25.91
2018-10-04 08:00:00+02:00,52.49,28.740013215909368,29.61
2018-10-04 09:00:00+02:00,55.61,31.47106126250528,36.01
2018-10-04 10:00:00+02:00,52.5,31.99513265508423,37.52
2018-10-04 11:00:00+02:00,52.28,30.42789261642089,37.39
2018-10-04 12:00:00+02:00,49.68,31.96662888370026,36.6
2018-10-04 13:00:00+02:00,49.96,32.43170895013871,35.64
2018-10-04 14:00:00+02:00,49.96,32.69683678883554,34.01
2018-10-04 15:00:00+02:00,49.94,31.806546846439385,32.0
2018-10-04 16:00:00+02:00,49.92,30.96863623410485,29.03
2018-10-04 17:00:00+02:00,49.92,31.265221227759596,29.89
2018-10-04 18:00:00+02:00,49.47,32.177867332227635,32.31
2018-10-04 19:00:00+02:00,50.0,33.71371076896686,38.36
2018-10-04 20:00:00+02:00,55.6,32.86217659024536,39.7
2018-10-04 21:00:00+02:00,61.15,29.16878975511125,36.1
2018-10-04 22:00:00+02:00,55.6,24.284252441727322,35.3
2018-10-04 23:00:00+02:00,52.1,21.6320782641214,29.5
2018-10-05 00:00:00+02:00,45.6,50.15802770691448,38.44
2018-10-05 01:00:00+02:00,42.88,48.03442709357908,34.32
2018-10-05 02:00:00+02:00,38.95,46.41749237773089,29.0
2018-10-05 03:00:00+02:00,38.8,45.876211916437015,27.32
2018-10-05 04:00:00+02:00,38.8,45.30949847579009,28.05
2018-10-05 05:00:00+02:00,39.0,46.27485119805227,32.51
2018-10-05 06:00:00+02:00,44.04,50.665523878072435,41.37
2018-10-05 07:00:00+02:00,48.31,55.42954942703811,44.32
2018-10-05 08:00:00+02:00,55.01,58.36611979763038,52.49
2018-10-05 09:00:00+02:00,56.95,61.360348095647126,55.61
2018-10-05 10:00:00+02:00,56.47,62.189526031887,52.5
2018-10-05 11:00:00+02:00,56.1,61.72494963042327,52.28
2018-10-05 12:00:00+02:00,56.95,63.42520851548349,49.68
2018-10-05 13:00:00+02:00,57.09,64.77806006713138,49.96
2018-10-05 14:00:00+02:00,58.01,65.63835697966142,49.96
2018-10-05 15:00:00+02:00,58.01,65.43272429108393,49.94
2018-10-05 16:00:00+02:00,58.44,65.19992145109018,49.92
2018-10-05 17:00:00+02:00,58.58,65.996730727128,49.92
2018-10-05 18:00:00+02:00,57.09,67.38989841773385,49.47
2018-10-05 19:00:00+02:00,57.09,69.56308379856087,50.0
2018-10-05 20:00:00+02:00,59.99,70.05145317953615,55.6
2018-10-05 21:00:00+02:00,62.3,67.37116945611567,61.15
2018-10-05 22:00:00+02:00,61.55,62.35870996304334,55.6
2018-10-05 23:00:00+02:00,59.84,60.189008142334075,52.1
2018-10-06 00:00:00+02:00,58.01,57.848947810576874,45.6
2018-10-06 01:00:00+02:00,57.12,56.4696564791878,42.88
2018-10-06 02:00:00+02:00,52.9,55.0986331848707,38.95
2018-10-06 03:00:00+02:00,52.97,55.06525905166942,38.8
2018-10-06 04:00:00+02:00,51.7,54.75630064588721,38.8
2018-10-06 05:00:00+02:00,51.62,55.78279908780118,39.0
2018-10-06 06:00:00+02:00,51.2,60.437636447984794,44.04
2018-10-06 07:00:00+02:00,50.0,65.22992795175435,48.31
2018-10-06 08:00:00+02:00,51.45,68.60594921607526,55.01
2018-10-06 09:00:00+02:00,53.5,71.26360657133358,56.95
2018-10-06 10:00:00+02:00,58.1,72.05726195866983,56.47
2018-10-06 11:00:00+02:00,59.01,71.71700995825469,56.1
2018-10-06 12:00:00+02:00,60.0,73.33153186940763,56.95
2018-10-06 13:00:00+02:00,60.6,74.62041057001301,57.09
2018-10-06 14:00:00+02:00,60.9,75.58029878318187,58.01
2018-10-06 15:00:00+02:00,60.0,75.42911951670226,58.01
2018-10-06 16:00:00+02:00,55.0,75.32765257229103,58.44
2018-10-06 17:00:00+02:00,52.0,76.16648668851386,58.58
2018-10-06 18:00:00+02:00,49.64,77.56729490308395,57.09
2018-10-06 19:00:00+02:00,51.49,80.06287633813155,57.09
2018-10-06 20:00:00+02:00,56.46,81.29917494476688,59.99
2018-10-06 21:00:00+02:00,62.62,79.27537136829696,62.3
2018-10-06 22:00:00+02:00,63.3,74.66714544683559,61.55
2018-10-06 23:00:00+02:00,62.16,72.45228495467485,59.84
2018-10-07 00:00:00+02:00,61.14,60.06070939912554,58.01
2018-10-07 01:00:00+02:00,56.9,58.7378260987311,57.12
2018-10-07 02:00:00+02:00,54.18,57.07553859498424,52.9
2018-10-07 03:00:00+02:00,52.74,57.24253921863606,52.97
2018-10-07 04:00:00+02:00,52.3,56.90873859144863,51.7
2018-10-07 05:00:00+02:00,53.26,58.04405032017357,51.62
2018-10-07 06:00:00+02:00,57.93,62.56505845691661,51.2
2018-10-07 07:00:00+02:00,60.69,67.46055149385785,50.0
2018-10-07 08:00:00+02:00,62.0,71.32622550229556,51.45
2018-10-07 09:00:00+02:00,63.17,74.26380448208761,53.5
2018-10-07 10:00:00+02:00,63.17,75.48949926108334,58.1
2018-10-07 11:00:00+02:00,63.57,74.91759686768421,59.01
2018-10-07 12:00:00+02:00,64.09,76.22482848507906,60.0
2018-10-07 13:00:00+02:00,64.71,77.30971290842145,60.6
2018-10-07 14:00:00+02:00,64.02,78.07955262513929,60.9
2018-10-07 15:00:00+02:00,63.8,77.75588536241169,60.0
2018-10-07 16:00:00+02:00,63.53,77.18016040352131,55.0
2018-10-07 17:00:00+02:00,63.17,77.98841999262008,52.0
2018-10-07 18:00:00+02:00,62.24,79.3249514852474,49.64
2018-10-07 19:00:00+02:00,61.76,82.02047832776103,51.49
2018-10-07 20:00:00+02:00,61.89,83.5962612759962,56.46
2018-10-07 21:00:00+02:00,62.64,81.95738579631931,62.62
2018-10-07 22:00:00+02:00,62.49,77.18612726739424,63.3
2018-10-07 23:00:00+02:00,61.14,74.54995519723549,62.16
2018-10-08 00:00:00+02:00,59.32,58.65342779812158,61.14
2018-10-08 01:00:00+02:00,55.46,56.780440444527066,56.9
2018-10-08 02:00:00+02:00,53.14,55.096884685791366,54.18
2018-10-08 03:00:00+02:00,52.26,55.13698519567453,52.74
2018-10-08 04:00:00+02:00,52.19,54.80645926536792,52.3
2018-10-08 05:00:00+02:00,52.5,55.76352109729474,53.26
2018-10-08 06:00:00+02:00,55.0,60.05324004099308,57.93
2018-10-08 07:00:00+02:00,58.08,64.47253218831791,60.69
2018-10-08 08:00:00+02:00,62.21,68.03722364230951,62.0
2018-10-08 09:00:00+02:00,64.14,70.78048416493822,63.17
2018-10-08 10:00:00+02:00,65.23,71.83059316141012,63.17
2018-10-08 11:00:00+02:00,66.24,71.24048841604261,63.57
2018-10-08 12:00:00+02:00,68.5,72.21557974295698,64.09
2018-10-08 13:00:00+02:00,69.21,73.12747341779132,64.71
2018-10-08 14:00:00+02:00,68.54,73.60854866728799,64.02
2018-10-08 15:00:00+02:00,67.35,73.16555960830273,63.8
2018-10-08 16:00:00+02:00,66.8,72.3127914872696,63.53
2018-10-08 17:00:00+02:00,66.01,72.65979717057469,63.17
2018-10-08 18:00:00+02:00,65.3,73.54936516293161,62.24
2018-10-08 19:00:00+02:00,64.14,75.82879082529668,61.76
2018-10-08 20:00:00+02:00,64.14,77.23752210981625,61.89
2018-10-08 21:00:00+02:00,65.7,75.63699598192406,62.64
2018-10-08 22:00:00+02:00,65.84,70.7326127625021,62.49
2018-10-08 23:00:00+02:00,64.39,67.4201418811082,61.14
2018-10-09 00:00:00+02:00,69.67,61.24845325618831,59.32
2018-10-09 01:00:00+02:00,67.15,58.715129327028826,55.46
2018-10-09 02:00:00+02:00,64.09,56.79369204118324,53.14
2018-10-09 03:00:00+02:00,62.69,56.5849551723346,52.26
2018-10-09 04:00:00+02:00,62.19,56.12839052208896,52.19
2018-10-09 05:00:00+02:00,62.91,56.733140373580596,52.5
2018-10-09 06:00:00+02:00,70.24,60.569079754408484,55.0
2018-10-09 07:00:00+02:00,74.3,64.69900416013648,58.08
2018-10-09 08:00:00+02:00,75.19,68.2590723959137,62.21
2018-10-09 09:00:00+02:00,76.04,70.74929950039187,64.14
2018-10-09 10:00:00+02:00,75.43,71.84154389486194,65.23
2018-10-09 11:00:00+02:00,75.36,71.50050570333563,66.24
2018-10-09 12:00:00+02:00,75.7,72.67331444638691,68.5
2018-10-09 13:00:00+02:00,75.7,73.78976057756765,69.21
2018-10-09 14:00:00+02:00,75.43,74.57251953167804,68.54
2018-10-09 15:00:00+02:00,74.95,74.56673390912299,67.35
2018-10-09 16:00:00+02:00,74.51,74.14912872057837,66.8
2018-10-09 17:00:00+02:00,74.74,74.64220020630745,66.01
2018-10-09 18:00:00+02:00,75.4,75.68549832192362,65.3
2018-10-09 19:00:00+02:00,77.36,77.93375723110466,64.14
2018-10-09 20:00:00+02:00,79.93,79.58553130526326,64.14
2018-10-09 21:00:00+02:00,75.74,78.38291688634628,65.7
2018-10-09 22:00:00+02:00,73.18,73.42079293983569,65.84
2018-10-09 23:00:00+02:00,70.67,69.31101974408537,64.39
2018-10-10 00:00:00+02:00,62.47,68.54047942988669,69.67
2018-10-10 01:00:00+02:00,59.64,65.66682757131666,67.15
2018-10-10 02:00:00+02:00,58.11,63.76221920941167,64.09
2018-10-10 03:00:00+02:00,57.63,63.60788100852341,62.69
2018-10-10 04:00:00+02:00,57.6,63.336590052366155,62.19
2018-10-10 05:00:00+02:00,56.93,64.16167026917616,62.91
2018-10-10 06:00:00+02:00,72.16,68.61256058300182,70.24
2018-10-10 07:00:00+02:00,75.36,72.80557845149028,74.3
2018-10-10 08:00:00+02:00,76.82,76.31755160920031,75.19
2018-10-10 09:00:00+02:00,77.2,79.06318134081738,76.04
2018-10-10 10:00:00+02:00,77.54,80.2180907524113,75.43
2018-10-10 11:00:00+02:00,74.49,79.96122125947993,75.36
2018-10-10 12:00:00+02:00,73.0,80.8512718116887,75.7
2018-10-10 13:00:00+02:00,69.39,81.59080090829798,75.7
2018-10-10 14:00:00+02:00,65.27,81.96526918856384,75.43
2018-10-10 15:00:00+02:00,61.45,81.58813465555156,74.95
2018-10-10 16:00:00+02:00,61.19,80.87313063769498,74.51
2018-10-10 17:00:00+02:00,69.3,81.09168308674869,74.74
2018-10-10 18:00:00+02:00,70.46,81.909102247598,75.4
2018-10-10 19:00:00+02:00,73.01,84.00318805640414,77.36
2018-10-10 20:00:00+02:00,73.82,85.61797748501104,79.93
2018-10-10 21:00:00+02:00,71.07,84.01983445826568,75.74
2018-10-10 22:00:00+02:00,62.4,79.65992497207937,73.18
2018-10-10 23:00:00+02:00,59.63,76.02679836482493,70.67
2018-10-11 00:00:00+02:00,48.8,56.524030607678135,62.47
2018-10-11 01:00:00+02:00,43.45,53.72624651464111,59.64
2018-10-11 02:00:00+02:00,40.59,51.504204584346034,58.11
2018-10-11 03:00:00+02:00,38.92,50.88977575700108,57.63
2018-10-11 04:00:00+02:00,38.05,50.22272451997373,57.6
2018-10-11 05:00:00+02:00,38.2,50.41905304321606,56.93
2018-10-11 06:00:00+02:00,39.65,55.38737468241658,72.16
2018-10-11 07:00:00+02:00,42.69,58.109915000355954,75.36
2018-10-11 08:00:00+02:00,46.0,60.895127507103666,76.82
2018-10-11 09:00:00+02:00,51.0,63.06944194479961,77.2
2018-10-11 10:00:00+02:00,54.07,63.84582739128751,77.54
2018-10-11 11:00:00+02:00,55.5,62.939753102441856,74.49
2018-10-11 12:00:00+02:00,56.15,63.367252572110935,73.0
2018-10-11 13:00:00+02:00,56.96,63.471196516241356,69.39
2018-10-11 14:00:00+02:00,55.05,63.35700012753834,65.27
2018-10-11 15:00:00+02:00,54.72,62.612418755678334,61.45
2018-10-11 16:00:00+02:00,53.09,61.780090634768065,61.19
2018-10-11 17:00:00+02:00,60.1,62.20274160625465,69.3
2018-10-11 18:00:00+02:00,68.1,61.96717552138422,70.46
2018-10-11 19:00:00+02:00,67.33,63.563779340451795,73.01
2018-10-11 20:00:00+02:00,62.6,64.64777331468966,73.82
2018-10-11 21:00:00+02:00,61.0,62.60342248134244,71.07
2018-10-11 22:00:00+02:00,56.01,57.56091574633703,62.4
2018-10-11 23:00:00+02:00,53.05,53.961927683851734,59.63
2018-10-12 00:00:00+02:00,62.72,49.30188247719927,48.8
2018-10-12 01:00:00+02:00,55.84,47.04894076292746,43.45
2018-10-12 02:00:00+02:00,51.99,45.27634328951642,40.59
2018-10-12 03:00:00+02:00,51.2,44.95289283043808,38.92
2018-10-12 04:00:00+02:00,50.17,44.6992954736443,38.05
2018-10-12 05:00:00+02:00,50.31,45.24553302078047,38.2
2018-10-12 06:00:00+02:00,55.0,50.23680678223323,39.65
2018-10-12 07:00:00+02:00,64.2,53.535388259317095,42.69
2018-10-12 08:00:00+02:00,66.22,56.64562499163774,46.0
2018-10-12 09:00:00+02:00,65.9,59.281243610706355,51.0
2018-10-12 10:00:00+02:00,64.92,60.274761606011324,54.07
2018-10-12 11:00:00+02:00,64.24,59.59671265201111,55.5
2018-10-12 12:00:00+02:00,64.12,60.0442371312834,56.15
2018-10-12 13:00:00+02:00,64.65,60.35641732158891,56.96
2018-10-12 14:00:00+02:00,63.9,60.180712361352064,55.05
2018-10-12 15:00:00+02:00,63.93,59.727214430744866,54.72
2018-10-12 16:00:00+02:00,64.65,58.874988417675894,53.09
2018-10-12 17:00:00+02:00,68.03,59.9619893534987,60.1
2018-10-12 18:00:00+02:00,69.71,59.90217271331845,68.1
2018-10-12 19:00:00+02:00,68.53,60.543434047165306,67.33
2018-10-12 20:00:00+02:00,68.25,61.21921768955218,62.6
2018-10-12 21:00:00+02:00,68.07,59.70453898933743,61.0
2018-10-12 22:00:00+02:00,67.05,54.69750508537789,56.01
2018-10-12 23:00:00+02:00,65.04,51.18718040474448,53.05
2018-10-13 00:00:00+02:00,64.45,62.660328731299884,62.72
2018-10-13 01:00:00+02:00,57.11,59.28935895656673,55.84
2018-10-13 02:00:00+02:00,54.87,57.95542280497302,51.99
2018-10-13 03:00:00+02:00,54.57,58.16858181538299,51.2
2018-10-13 04:00:00+02:00,54.42,58.29627969760777,50.17
2018-10-13 05:00:00+02:00,54.17,59.27369624359446,50.31
2018-10-13 06:00:00+02:00,54.47,64.68380277664858,55.0
2018-10-13 07:00:00+02:00,58.71,68.93752491686732,64.2
2018-10-13 08:00:00+02:00,62.9,71.89407369724447,66.22
2018-10-13 09:00:00+02:00,65.92,74.7194074132642,65.9
2018-10-13 10:00:00+02:00,64.93,76.19699296114088,64.92
2018-10-13 11:00:00+02:00,60.46,76.11702536220967,64.24
2018-10-13 12:00:00+02:00,58.82,76.94286252368539,64.12
2018-10-13 13:00:00+02:00,58.35,77.72149139112574,64.65
2018-10-13 14:00:00+02:00,57.19,77.87581442987054,63.9
2018-10-13 15:00:00+02:00,54.87,77.89384064764525,63.93
2018-10-13 16:00:00+02:00,54.87,77.52270480785253,64.65
2018-10-13 17:00:00+02:00,60.46,79.04959497262027,68.03
2018-10-13 18:00:00+02:00,64.93,79.30690384989254,69.71
2018-10-13 19:00:00+02:00,72.82,79.98673499067824,68.53
2018-10-13 20:00:00+02:00,75.4,81.06405588624905,68.25
2018-10-13 21:00:00+02:00,73.36,80.11294224158212,68.07
2018-10-13 22:00:00+02:00,70.15,75.71345046771417,67.05
2018-10-13 23:00:00+02:00,69.39,72.26676735243673,65.04
2018-10-14 00:00:00+02:00,54.47,67.10808860673971,64.45
2018-10-14 01:00:00+02:00,54.05,63.40445919859127,57.11
2018-10-14 02:00:00+02:00,50.03,62.31068621218226,54.87
2018-10-14 03:00:00+02:00,49.47,62.5265699499651,54.57
2018-10-14 04:00:00+02:00,46.44,62.599274140327715,54.42
2018-10-14 05:00:00+02:00,40.0,63.451839316947584,54.17
2018-10-14 06:00:00+02:00,38.39,68.51466551679377,54.47
2018-10-14 07:00:00+02:00,38.5,73.22171793934722,58.71
2018-10-14 08:00:00+02:00,38.87,76.3990534475776,62.9
2018-10-14 09:00:00+02:00,49.05,79.21798506696689,65.92
2018-10-14 10:00:00+02:00,50.0,80.52067067743815,64.93
2018-10-14 11:00:00+02:00,49.6,80.31775004138655,60.46
2018-10-14 12:00:00+02:00,50.34,81.38432145958627,58.82
2018-10-14 13:00:00+02:00,53.5,82.39036716408937,58.35
2018-10-14 14:00:00+02:00,54.01,82.69466774425372,57.19
2018-10-14 15:00:00+02:00,51.6,82.79836670384303,54.87
2018-10-14 16:00:00+02:00,51.6,82.87935978257306,54.87
2018-10-14 17:00:00+02:00,54.2,84.99409809540208,60.46
2018-10-14 18:00:00+02:00,56.56,85.5965799732456,64.93
2018-10-14 19:00:00+02:00,68.09,86.86406142370262,72.82
2018-10-14 20:00:00+02:00,73.36,87.76266242318975,75.4
2018-10-14 21:00:00+02:00,71.62,86.77765430820891,73.36
2018-10-14 22:00:00+02:00,70.09,82.79029097265467,70.15
2018-10-14 23:00:00+02:00,66.57,79.6484568529493,69.39
2018-10-15 00:00:00+02:00,49.23,63.486874570633205,54.47
2018-10-15 01:00:00+02:00,39.5,61.18250074146155,54.05
2018-10-15 02:00:00+02:00,35.81,59.80196410234316,50.03
2018-10-15 03:00:00+02:00,35.61,60.243046429274344,49.47
2018-10-15 04:00:00+02:00,33.0,60.220054816092585,46.44
2018-10-15 05:00:00+02:00,42.0,60.81661414218274,40.0
2018-10-15 06:00:00+02:00,50.43,66.03697225350652,38.39
2018-10-15 07:00:00+02:00,57.16,71.07131540966361,38.5
2018-10-15 08:00:00+02:00,63.57,74.55972653453209,38.87
2018-10-15 09:00:00+02:00,65.18,78.36110701271888,49.05
2018-10-15 10:00:00+02:00,66.78,79.16993741571568,50.0
2018-10-15 11:00:00+02:00,65.97,78.96634404400277,49.6
2018-10-15 12:00:00+02:00,69.89,80.05073555360373,50.34
2018-10-15 13:00:00+02:00,70.0,81.28500201004609,53.5
2018-10-15 14:00:00+02:00,69.64,81.47032401527268,54.01
2018-10-15 15:00:00+02:00,70.46,81.36457932255185,51.6
2018-10-15 16:00:00+02:00,71.86,81.68179644271157,51.6
2018-10-15 17:00:00+02:00,73.47,83.92618189672838,54.2
2018-10-15 18:00:00+02:00,74.25,84.73481400740634,56.56
2018-10-15 19:00:00+02:00,75.14,86.8343022481256,68.09
2018-10-15 20:00:00+02:00,78.89,87.4056969732056,73.36
2018-10-15 21:00:00+02:00,75.57,86.03493225109729,71.62
2018-10-15 22:00:00+02:00,70.46,82.3816637227939,70.09
2018-10-15 23:00:00+02:00,69.39,79.39304181668065,66.57
2018-10-16 00:00:00+02:00,71.07,64.78590949647487,49.23
2018-10-16 01:00:00+02:00,70.46,62.90464254125684,39.5
2018-10-16 02:00:00+02:00,69.64,61.98843728190382,35.81
2018-10-16 03:00:00+02:00,68.95,62.60151596753754,35.61
2018-10-16 04:00:00+02:00,66.8,62.376324963141094,33.0
2018-10-16 05:00:00+02:00,66.48,63.77824495388278,42.0
2018-10-16 06:00:00+02:00,73.36,68.46278017143975,50.43
2018-10-16 07:00:00+02:00,76.11,73.10997326197138,57.16
2018-10-16 08:00:00+02:00,76.34,76.45181478431232,63.57
2018-10-16 09:00:00+02:00,76.56,79.61345263169903,65.18
2018-10-16 10:00:00+02:00,76.44,80.43372408218919,66.78
2018-10-16 11:00:00+02:00,75.68,79.97340160134488,65.97
2018-10-16 12:00:00+02:00,74.51,81.21561582077754,69.89
2018-10-16 13:00:00+02:00,74.57,82.04572797624597,70.0
2018-10-16 14:00:00+02:00,71.79,82.16761209238189,69.64
2018-10-16 15:00:00+02:00,72.41,82.12273381195186,70.46
2018-10-16 16:00:00+02:00,74.04,82.40858869233428,71.86
2018-10-16 17:00:00+02:00,75.45,84.4624956855054,73.47
2018-10-16 18:00:00+02:00,75.25,85.24987293875256,74.25
2018-10-16 19:00:00+02:00,75.57,87.19759265669852,75.14
2018-10-16 20:00:00+02:00,78.78,88.07357347895784,78.89
2018-10-16 21:00:00+02:00,76.71,86.2596020522622,75.57
2018-10-16 22:00:00+02:00,73.36,82.58006507056994,70.46
2018-10-16 23:00:00+02:00,70.0,79.626185659084,69.39
2018-10-17 00:00:00+02:00,70.15,65.76845293405482,71.07
2018-10-17 01:00:00+02:00,70.08,63.2563986237123,70.46
2018-10-17 02:00:00+02:00,68.95,61.93659006390052,69.64
2018-10-17 03:00:00+02:00,66.89,62.14840279251695,68.95
2018-10-17 04:00:00+02:00,64.93,61.59718179932095,66.8
2018-10-17 05:00:00+02:00,63.76,62.75926754159424,66.48
2018-10-17 06:00:00+02:00,73.6,67.54441206527275,73.36
2018-10-17 07:00:00+02:00,75.56,71.64629976400259,76.11
2018-10-17 08:00:00+02:00,75.89,74.62503391622269,76.34
2018-10-17 09:00:00+02:00,76.03,77.55530605108476,76.56
2018-10-17 10:00:00+02:00,75.57,78.30129094949702,76.44
2018-10-17 11:00:00+02:00,75.0,77.6434532883012,75.68
2018-10-17 12:00:00+02:00,75.09,78.41891793460275,74.51
2018-10-17 13:00:00+02:00,74.51,79.06237871304087,74.57
2018-10-17 14:00:00+02:00,72.25,78.6976465266644,71.79
2018-10-17 15:00:00+02:00,71.84,78.61504268430255,72.41
2018-10-17 16:00:00+02:00,73.36,78.65718333536988,74.04
2018-10-17 17:00:00+02:00,73.65,80.21856006860475,75.45
2018-10-17 18:00:00+02:00,73.08,80.64329723240192,75.25
2018-10-17 19:00:00+02:00,74.51,82.2294444507071,75.57
2018-10-17 20:00:00+02:00,76.61,83.1443197542744,78.78
2018-10-17 21:00:00+02:00,75.57,80.85467760896898,76.71
2018-10-17 22:00:00+02:00,70.0,76.92109825559469,73.36
2018-10-17 23:00:00+02:00,63.08,73.80991467198523,70.0
2018-10-18 00:00:00+02:00,65.94,59.405460865814625,70.15
2018-10-18 01:00:00+02:00,61.33,56.558054366151836,70.08
2018-10-18 02:00:00+02:00,57.37,54.820769305675206,68.95
2018-10-18 03:00:00+02:00,55.95,54.585754605501734,66.89
2018-10-18 04:00:00+02:00,54.5,53.8776283662625,64.93
2018-10-18 05:00:00+02:00,54.09,54.76879196575686,63.76
2018-10-18 06:00:00+02:00,61.06,59.97749813630208,73.6
2018-10-18 07:00:00+02:00,70.42,63.34157236922941,75.56
2018-10-18 08:00:00+02:00,71.47,66.00218031094109,75.89
2018-10-18 09:00:00+02:00,71.93,68.64009405510399,76.03
2018-10-18 10:00:00+02:00,72.1,69.18351526076931,75.57
2018-10-18 11:00:00+02:00,71.1,68.24134944314412,75.0
2018-10-18 12:00:00+02:00,70.15,68.49244776469422,75.09
2018-10-18 13:00:00+02:00,68.95,68.56532014200013,74.51
2018-10-18 14:00:00+02:00,64.16,67.60097661611107,72.25
2018-10-18 15:00:00+02:00,62.53,67.09045762862334,71.84
2018-10-18 16:00:00+02:00,62.53,66.74682811499805,73.36
2018-10-18 17:00:00+02:00,70.5,67.56450273214078,73.65
2018-10-18 18:00:00+02:00,70.0,67.5051103850016,73.08
2018-10-18 19:00:00+02:00,71.01,68.71964798559016,74.51
2018-10-18 20:00:00+02:00,74.1,69.34671425232578,76.61
2018-10-18 21:00:00+02:00,66.22,66.70905427414247,75.57
2018-10-18 22:00:00+02:00,62.07,62.20202781447928,70.0
2018-10-18 23:00:00+02:00,59.32,58.90988876879999,63.08
2018-10-19 00:00:00+02:00,54.12,56.00834010424862,65.94
2018-10-19 01:00:00+02:00,52.51,52.508874148423665,61.33
2018-10-19 02:00:00+02:00,50.63,50.67027258630719,57.37
2018-10-19 03:00:00+02:00,49.94,50.524905681171745,55.95
2018-10-19 04:00:00+02:00,50.22,49.866404712227194,54.5
2018-10-19 05:00:00+02:00,52.25,50.70226464682361,54.09
2018-10-19 06:00:00+02:00,57.16,56.13091690705682,61.06
2018-10-19 07:00:00+02:00,69.17,59.81039984704616,70.42
2018-10-19 08:00:00+02:00,70.0,61.78703186116842,71.47
2018-10-19 09:00:00+02:00,70.46,64.24719961987667,71.93
2018-10-19 10:00:00+02:00,70.46,64.87942418170658,72.1
2018-10-19 11:00:00+02:00,70.0,63.937103954950004,71.1
2018-10-19 12:00:00+02:00,69.4,64.06608245128872,70.15
2018-10-19 13:00:00+02:00,63.5,64.10680665794152,68.95
2018-10-19 14:00:00+02:00,60.91,62.918405804036105,64.16
2018-10-19 15:00:00+02:00,60.92,62.617320702470145,62.53
2018-10-19 16:00:00+02:00,62.17,62.42318078646335,62.53
2018-10-19 17:00:00+02:00,68.95,63.82443017881414,70.5
2018-10-19 18:00:00+02:00,68.95,63.17152855733549,70.0
2018-10-19 19:00:00+02:00,70.0,64.3418426425218,71.01
2018-10-19 20:00:00+02:00,73.19,65.19490728256257,74.1
2018-10-19 21:00:00+02:00,68.95,61.94096225652048,66.22
2018-10-19 22:00:00+02:00,60.43,57.86391806485181,62.07
2018-10-19 23:00:00+02:00,57.98,54.28360108533433,59.32
2018-10-20 00:00:00+02:00,64.75,54.35070627147116,54.12
2018-10-20 01:00:00+02:00,56.55,50.971389164338305,52.51
2018-10-20 02:00:00+02:00,53.01,48.77474176268758,50.63
2018-10-20 03:00:00+02:00,52.55,48.32545214384692,49.94
2018-10-20 04:00:00+02:00,52.46,47.522421520146025,50.22
2018-10-20 05:00:00+02:00,51.2,48.11686011728046,52.25
2018-10-20 06:00:00+02:00,52.4,53.1376266172015,57.16
2018-10-20 07:00:00+02:00,56.03,57.30211830916761,69.17
2018-10-20 08:00:00+02:00,60.0,58.33033990226843,70.0
2018-10-20 09:00:00+02:00,67.26,60.513506698714224,70.46
2018-10-20 10:00:00+02:00,66.48,61.21617015845861,70.46
2018-10-20 11:00:00+02:00,61.78,60.43826000900852,70.0
2018-10-20 12:00:00+02:00,59.21,60.61660293322731,69.4
2018-10-20 13:00:00+02:00,57.35,60.42776268109428,63.5
2018-10-20 14:00:00+02:00,55.01,59.86267376819356,60.91
2018-10-20 15:00:00+02:00,53.05,60.067796344757426,60.92
2018-10-20 16:00:00+02:00,55.11,60.32272399674848,62.17
2018-10-20 17:00:00+02:00,61.24,62.39176086237774,68.95
2018-10-20 18:00:00+02:00,68.4,61.647724961840936,68.95
2018-10-20 19:00:00+02:00,70.01,62.9541659911293,70.0
2018-10-20 20:00:00+02:00,71.69,64.19769886607726,73.19
2018-10-20 21:00:00+02:00,64.75,60.79493026327594,68.95
2018-10-20 22:00:00+02:00,60.01,56.45439597883942,60.43
2018-10-20 23:00:00+02:00,60.86,53.308444436466594,57.98
2018-10-21 00:00:00+02:00,55.0,57.51188096700412,64.75
2018-10-21 01:00:00+02:00,54.01,52.55738954390023,56.55
2018-10-21 02:00:00+02:00,51.53,50.36827885291065,53.01
2018-10-21 03:00:00+02:00,50.5,50.07944811367895,52.55
2018-10-21 04:00:00+02:00,50.33,49.50972472009042,52.46
2018-10-21 05:00:00+02:00,50.5,50.08140149754351,51.2
2018-10-21 06:00:00+02:00,52.02,55.12307984985807,52.4
2018-10-21 07:00:00+02:00,56.03,59.76643135986431,56.03
2018-10-21 08:00:00+02:00,59.0,61.16051365097364,60.0
2018-10-21 09:00:00+02:00,61.03,63.6692270960235,67.26
2018-10-21 10:00:00+02:00,60.94,63.98916210220821,66.48
2018-10-21 11:00:00+02:00,60.79,63.22001470391076,61.78
2018-10-21 12:00:00+02:00,61.0,63.84569706639179,59.21
2018-10-21 13:00:00+02:00,65.92,64.19836170882336,57.35
2018-10-21 14:00:00+02:00,66.16,64.14281820822166,55.01
2018-10-21 15:00:00+02:00,60.0,64.90572607440133,53.05
2018-10-21 16:00:00+02:00,58.64,66.12306801092595,55.11
2018-10-21 17:00:00+02:00,60.99,69.01565889328845,61.24
2018-10-21 18:00:00+02:00,68.95,68.98592548301933,68.4
2018-10-21 19:00:00+02:00,72.82,69.86561088571509,70.01
2018-10-21 20:00:00+02:00,72.5,71.24864546648703,71.69
2018-10-21 21:00:00+02:00,71.01,67.47835433159946,64.75
2018-10-21 22:00:00+02:00,69.69,63.38085191289495,60.01
2018-10-21 23:00:00+02:00,66.56,60.26636362546571,60.86
2018-10-22 00:00:00+02:00,60.59,63.93665208542806,55.0
2018-10-22 01:00:00+02:00,56.55,60.516903917656876,54.01
2018-10-22 02:00:00+02:00,54.64,58.89731985915388,51.53
2018-10-22 03:00:00+02:00,54.08,59.25288704080279,50.5
2018-10-22 04:00:00+02:00,53.55,59.37032611031824,50.33
2018-10-22 05:00:00+02:00,53.55,60.46034420946743,50.5
2018-10-22 06:00:00+02:00,60.0,65.80198194715247,52.02
2018-10-22 07:00:00+02:00,71.31,71.22044095563444,56.03
2018-10-22 08:00:00+02:00,72.89,73.52160900062088,59.0
2018-10-22 09:00:00+02:00,72.82,76.46298337825516,61.03
2018-10-22 10:00:00+02:00,71.15,77.25072218949589,60.94
2018-10-22 11:00:00+02:00,70.17,76.87090532679952,60.79
2018-10-22 12:00:00+02:00,68.37,77.55507288027286,61.0
2018-10-22 13:00:00+02:00,62.17,78.3200866478368,65.92
2018-10-22 14:00:00+02:00,58.79,77.81727446336772,66.16
2018-10-22 15:00:00+02:00,58.0,77.69181055023859,60.0
2018-10-22 16:00:00+02:00,57.88,78.90605652551544,58.64
2018-10-22 17:00:00+02:00,66.54,81.70133590325503,60.99
2018-10-22 18:00:00+02:00,68.17,82.32721864811322,68.95
2018-10-22 19:00:00+02:00,70.03,82.97266366824158,72.82
2018-10-22 20:00:00+02:00,72.82,84.0870548882204,72.5
2018-10-22 21:00:00+02:00,67.55,81.04679859531603,71.01
2018-10-22 22:00:00+02:00,59.72,77.49033714365575,69.69
2018-10-22 23:00:00+02:00,55.11,75.11089630352106,66.56
2018-10-23 00:00:00+02:00,54.23,51.441082337734805,60.59
2018-10-23 01:00:00+02:00,52.9,47.10972294972577,56.55
2018-10-23 02:00:00+02:00,50.14,44.44800933778747,54.64
2018-10-23 03:00:00+02:00,49.14,43.81648422341262,54.08
2018-10-23 04:00:00+02:00,49.0,43.15620975385492,53.55
2018-10-23 05:00:00+02:00,50.0,43.43191628777544,53.55
2018-10-23 06:00:00+02:00,54.4,48.18793762469706,60.0
2018-10-23 07:00:00+02:00,68.64,53.33354302939834,71.31
2018-10-23 08:00:00+02:00,70.0,54.21027563770101,72.89
2018-10-23 09:00:00+02:00,70.46,56.076347356428954,72.82
2018-10-23 10:00:00+02:00,70.46,56.20464482088878,71.15
2018-10-23 11:00:00+02:00,70.01,55.499049441837364,70.17
2018-10-23 12:00:00+02:00,68.89,55.68004532681117,68.37
2018-10-23 13:00:00+02:00,64.96,55.847057427316855,62.17
2018-10-23 14:00:00+02:00,60.85,55.584235896299326,58.79
2018-10-23 15:00:00+02:00,58.99,55.6915286429056,58.0
2018-10-23 16:00:00+02:00,59.25,57.00556273743562,57.88
2018-10-23 17:00:00+02:00,64.26,60.6014203521771,66.54
2018-10-23 18:00:00+02:00,70.99,60.824662943113445,68.17
2018-10-23 19:00:00+02:00,73.41,61.125569914191274,70.03
2018-10-23 20:00:00+02:00,75.45,61.87164232910091,72.82
2018-10-23 21:00:00+02:00,70.46,57.878748221552634,67.55
2018-10-23 22:00:00+02:00,67.64,53.4449778601433,59.72
2018-10-23 23:00:00+02:00,59.78,50.58620163605818,55.11
2018-10-24 00:00:00+02:00,58.64,57.401023132353124,54.23
2018-10-24 01:00:00+02:00,58.08,53.782388937301704,52.9
2018-10-24 02:00:00+02:00,55.11,51.52056267687146,50.14
2018-10-24 03:00:00+02:00,55.0,51.3690895554376,49.14
2018-10-24 04:00:00+02:00,54.23,51.181664213869155,49.0
2018-10-24 05:00:00+02:00,54.31,51.86893798809345,50.0
2018-10-24 06:00:00+02:00,58.0,56.92001699244547,54.4
2018-10-24 07:00:00+02:00,70.46,63.173180766374294,68.64
2018-10-24 08:00:00+02:00,73.34,63.90301842734931,70.0
2018-10-24 09:00:00+02:00,73.36,66.0118356984901,70.46
2018-10-24 10:00:00+02:00,73.36,66.59008684842715,70.46
2018-10-24 11:00:00+02:00,71.51,66.12151868890008,70.01
2018-10-24 12:00:00+02:00,70.67,66.25673625321157,68.89
2018-10-24 13:00:00+02:00,70.0,66.12638061199411,64.96
2018-10-24 14:00:00+02:00,67.0,65.69248310829025,60.85
2018-10-24 15:00:00+02:00,64.2,65.70701405286438,58.99
2018-10-24 16:00:00+02:00,64.93,66.73548867643356,59.25
2018-10-24 17:00:00+02:00,67.85,70.08608109678877,64.26
2018-10-24 18:00:00+02:00,69.17,70.48700427212096,70.99
2018-10-24 19:00:00+02:00,72.24,70.42259108637096,73.41
2018-10-24 20:00:00+02:00,75.0,71.10204051190108,75.45
2018-10-24 21:00:00+02:00,73.36,67.13862917392635,70.46
2018-10-24 22:00:00+02:00,68.62,63.190059146760454,67.64
2018-10-24 23:00:00+02:00,66.9,60.43132746942951,59.78
2018-10-25 00:00:00+02:00,65.2,64.19342169006495,58.64
2018-10-25 01:00:00+02:00,64.75,60.427996374827664,58.08
2018-10-25 02:00:00+02:00,60.19,57.467125010035204,55.11
2018-10-25 03:00:00+02:00,59.87,57.106979064739946,55.0
2018-10-25 04:00:00+02:00,59.85,56.76247519078948,54.23
2018-10-25 05:00:00+02:00,62.01,57.35888846338196,54.31
2018-10-25 06:00:00+02:00,68.94,62.24913942982368,58.0
2018-10-25 07:00:00+02:00,73.45,69.22991034032653,70.46
2018-10-25 08:00:00+02:00,74.75,69.40982397921722,73.34
2018-10-25 09:00:00+02:00,75.36,70.87588995346694,73.36
2018-10-25 10:00:00+02:00,75.18,71.47401750725938,73.36
2018-10-25 11:00:00+02:00,74.07,71.04202702108451,71.51
2018-10-25 12:00:00+02:00,74.25,71.41800315511185,70.67
2018-10-25 13:00:00+02:00,74.05,71.6656248513843,70.0
2018-10-25 14:00:00+02:00,72.82,71.53319851025236,67.0
2018-10-25 15:00:00+02:00,70.15,72.1049131214128,64.2
2018-10-25 16:00:00+02:00,70.0,74.08763420046054,64.93
2018-10-25 17:00:00+02:00,74.15,78.27298969674622,67.85
2018-10-25 18:00:00+02:00,74.67,79.47452177018573,69.17
2018-10-25 19:00:00+02:00,75.75,80.00399611209977,72.24
2018-10-25 20:00:00+02:00,78.05,80.8979372835734,75.0
2018-10-25 21:00:00+02:00,75.75,77.04545328466418,73.36
2018-10-25 22:00:00+02:00,72.39,72.8796138300658,68.62
2018-10-25 23:00:00+02:00,70.0,69.66081281479099,66.9
2018-10-26 00:00:00+02:00,72.82,67.30371525407918,65.2
2018-10-26 01:00:00+02:00,70.46,63.74509320421086,64.75
2018-10-26 02:00:00+02:00,69.39,60.34154514328286,60.19
2018-10-26 03:00:00+02:00,67.08,60.083035631114385,59.87
2018-10-26 04:00:00+02:00,65.41,59.7820847143856,59.85
2018-10-26 05:00:00+02:00,65.18,60.50645231009072,62.01
2018-10-26 06:00:00+02:00,70.22,65.46458307374466,68.94
2018-10-26 07:00:00+02:00,75.01,72.04818651346436,73.45
2018-10-26 08:00:00+02:00,76.01,72.5339348211028,74.75
2018-10-26 09:00:00+02:00,77.06,73.86785993331823,75.36
2018-10-26 10:00:00+02:00,77.14,74.47342026641124,75.18
2018-10-26 11:00:00+02:00,77.01,74.06433214675977,74.07
2018-10-26 12:00:00+02:00,76.82,74.4955152406277,74.25
2018-10-26 13:00:00+02:00,74.23,74.72818935591732,74.05
2018-10-26 14:00:00+02:00,70.46,74.53085010150097,72.82
2018-10-26 15:00:00+02:00,69.36,74.89046322684185,70.15
2018-10-26 16:00:00+02:00,68.01,76.94350553246682,70.0
2018-10-26 17:00:00+02:00,69.64,81.31639036071397,74.15
2018-10-26 18:00:00+02:00,70.15,82.45730156914043,74.67
2018-10-26 19:00:00+02:00,71.78,83.06823498456772,75.75
2018-10-26 20:00:00+02:00,73.65,84.0216396766661,78.05
2018-10-26 21:00:00+02:00,68.2,80.15869660632795,75.75
2018-10-26 22:00:00+02:00,66.02,75.89335706711317,72.39
2018-10-26 23:00:00+02:00,64.02,72.688373187378,70.0
2018-10-27 00:00:00+02:00,68.49,61.458433251859304,72.82
2018-10-27 01:00:00+02:00,64.51,57.451919966057844,70.46
2018-10-27 02:00:00+02:00,61.65,54.06775709877752,69.39
2018-10-27 03:00:00+02:00,54.6,53.307624260702525,67.08
2018-10-27 04:00:00+02:00,53.07,52.846821561461695,65.41
2018-10-27 05:00:00+02:00,53.14,53.41968885087035,65.18
2018-10-27 06:00:00+02:00,53.99,58.300931967768975,70.22
2018-10-27 07:00:00+02:00,55.0,64.50897862032004,75.01
2018-10-27 08:00:00+02:00,55.49,65.10817225366411,76.01
2018-10-27 09:00:00+02:00,66.18,66.3715106735907,77.06
2018-10-27 10:00:00+02:00,70.0,66.87248942122518,77.14
2018-10-27 11:00:00+02:00,69.39,66.39666035938296,77.01
2018-10-27 12:00:00+02:00,65.99,66.57844895168293,76.82
2018-10-27 13:00:00+02:00,65.61,66.38555845486016,74.23
2018-10-27 14:00:00+02:00,60.17,65.81955224530753,70.46
2018-10-27 15:00:00+02:00,53.56,66.01388737127718,69.36
2018-10-27 16:00:00+02:00,52.6,67.47214746599302,68.01
2018-10-27 17:00:00+02:00,52.6,71.37554604416461,69.64
2018-10-27 18:00:00+02:00,53.35,72.2417088824127,70.15
2018-10-27 19:00:00+02:00,63.11,72.65859000753035,71.78
2018-10-27 20:00:00+02:00,70.44,73.29813880702886,73.65
2018-10-27 21:00:00+02:00,68.95,68.96034908032003,68.2
2018-10-27 22:00:00+02:00,65.18,64.7587817136401,66.02
2018-10-27 23:00:00+02:00,59.49,61.223280139077055,64.02
2018-10-29 00:00:00+01:00,51.75,55.443608775132425,
2018-10-29 01:00:00+01:00,48.0,52.56031211870009,
2018-10-29 02:00:00+01:00,42.92,51.16742991115825,
2018-10-29 03:00:00+01:00,36.33,51.00988182749035,
2018-10-29 04:00:00+01:00,36.66,52.02867430159413,
2018-10-29 05:00:00+01:00,47.62,56.72589741242541,
2018-10-29 06:00:00+01:00,53.31,63.05816166845015,
2018-10-29 07:00:00+01:00,65.5,64.65246936487094,
2018-10-29 08:00:00+01:00,68.69,66.8224200657022,
2018-10-29 09:00:00+01:00,69.1,67.11292430357304,
2018-10-29 10:00:00+01:00,66.87,66.32082240106428,
2018-10-29 11:00:00+01:00,64.01,66.40042057161251,
2018-10-29 12:00:00+01:00,61.41,66.83709359292293,
2018-10-29 13:00:00+01:00,63.97,66.02978793128014,
2018-10-29 14:00:00+01:00,57.05,66.13950996863728,
2018-10-29 15:00:00+01:00,56.01,68.21072915383958,
2018-10-29 16:00:00+01:00,58.07,72.65011030708692,
2018-10-29 17:00:00+01:00,65.86,75.301511567132,
2018-10-29 18:00:00+01:00,69.64,77.3656092090207,
2018-10-29 19:00:00+01:00,73.36,77.74406017118497,
2018-10-29 20:00:00+01:00,75.57,73.40969230921611,
2018-10-29 21:00:00+01:00,73.0,69.10216534108022,
2018-10-29 22:00:00+01:00,69.39,65.44105935449747,
2018-10-29 23:00:00+01:00,65.01,64.38558513167476,
2018-10-30 00:00:00+01:00,54.08,60.84329243367267,51.75
2018-10-30 01:00:00+01:00,53.13,58.79887589386229,48.0
2018-10-30 02:00:00+01:00,52.9,57.83594190133246,42.92
2018-10-30 03:00:00+01:00,52.52,57.91316183820349,36.33
2018-10-30 04:00:00+01:00,53.0,59.79753232277649,36.66
2018-10-30 05:00:00+01:00,55.49,65.55104323411948,47.62
2018-10-30 06:00:00+01:00,59.2,71.69172204831712,53.31
2018-10-30 07:00:00+01:00,67.9,74.58140552435538,65.5
2018-10-30 08:00:00+01:00,69.69,76.50311293515685,68.69
2018-10-30 09:00:00+01:00,70.4,77.1412775163056,69.1
2018-10-30 10:00:00+01:00,70.42,76.63373263768828,66.87
2018-10-30 11:00:00+01:00,70.25,76.91415507984512,64.01
2018-10-30 12:00:00+01:00,70.45,77.54542779946019,61.41
2018-10-30 13:00:00+01:00,70.2,77.43830198153705,63.97
2018-10-30 14:00:00+01:00,69.43,76.75503681506395,57.05
2018-10-30 15:00:00+01:00,67.81,78.95355104392027,56.01
2018-10-30 16:00:00+01:00,67.89,83.22767616512496,58.07
2018-10-30 17:00:00+01:00,69.72,86.19709445694198,65.86
2018-10-30 18:00:00+01:00,70.09,87.83044328214261,69.64
2018-10-30 19:00:00+01:00,72.1,88.36097495656963,73.36
2018-10-30 20:00:00+01:00,74.28,84.5092910815187,75.57
2018-10-30 21:00:00+01:00,73.01,80.0839759351774,73.0
2018-10-30 22:00:00+01:00,70.29,76.60281207798404,69.39
2018-10-30 23:00:00+01:00,65.46,75.2162244287491,65.01
2018-10-31 00:00:00+01:00,65.55,60.76042383172862,54.08
2018-10-31 01:00:00+01:00,60.77,59.22121448620291,53.13
2018-10-31 02:00:00+01:00,59.57,58.21167648873599,52.9
2018-10-31 03:00:00+01:00,56.16,58.204599297493935,52.52
2018-10-31 04:00:00+01:00,55.49,60.09727428672573,53.0
2018-10-31 05:00:00+01:00,57.05,65.7909034713339,55.49
2018-10-31 06:00:00+01:00,68.68,72.08496150391912,59.2
2018-10-31 07:00:00+01:00,71.07,75.79044158983588,67.9
2018-10-31 08:00:00+01:00,71.7,77.23314228854116,69.69
2018-10-31 09:00:00+01:00,72.98,77.78053589759506,70.4
2018-10-31 10:00:00+01:00,73.1,77.24486100074634,70.42
2018-10-31 11:00:00+01:00,71.9,77.36902860435815,70.25
2018-10-31 12:00:00+01:00,71.9,77.91955552532521,70.45
2018-10-31 13:00:00+01:00,72.1,77.7459135791235,70.2
2018-10-31 14:00:00+01:00,71.61,76.92156658386418,69.43
2018-10-31 15:00:00+01:00,71.18,78.67440249210857,67.81
2018-10-31 16:00:00+01:00,71.22,82.76973980592214,67.89
2018-10-31 17:00:00+01:00,72.59,85.8950262418498,69.72
2018-10-31 18:00:00+01:00,73.0,87.33999092969282,70.09
2018-10-31 19:00:00+01:00,74.81,87.82261225941991,72.1
2018-10-31 20:00:00+01:00,75.93,84.06832708734771,74.28
2018-10-31 21:00:00+01:00,70.13,79.09898043406702,73.01
2018-10-31 22:00:00+01:00,67.89,75.08300628919609,70.29
2018-10-31 23:00:00+01:00,67.64,73.09753256427705,65.46
2018-11-01 00:00:00+01:00,38.37,63.21709819538643,65.55
2018-11-01 01:00:00+01:00,36.3,61.112210911332355,60.77
2018-11-01 02:00:00+01:00,34.2,60.326051735282086,59.57
2018-11-01 03:00:00+01:00,33.0,59.97658546563438,56.16
2018-11-01 04:00:00+01:00,33.05,61.710642961851065,55.49
2018-11-01 05:00:00+01:00,37.09,67.02834355456363,57.05
2018-11-01 06:00:00+01:00,41.5,73.83998199481942,68.68
2018-11-01 07:00:00+01:00,53.07,76.72484204483949,71.07
2018-11-01 08:00:00+01:00,57.22,77.9300315449172,71.7
2018-11-01 09:00:00+01:00,59.02,78.38246221802929,72.98
2018-11-01 10:00:00+01:00,57.58,77.60783668835454,73.1
2018-11-01 11:00:00+01:00,57.45,77.31456535124342,71.9
2018-11-01 12:00:00+01:00,54.61,77.65987832512565,71.9
2018-11-01 13:00:00+01:00,54.83,77.3353841350327,72.1
2018-11-01 14:00:00+01:00,54.74,76.35059187582242,71.61
2018-11-01 15:00:00+01:00,54.01,77.73277526877438,71.18
2018-11-01 16:00:00+01:00,54.96,81.51670010455176,71.22
2018-11-01 17:00:00+01:00,57.47,84.71318073253586,72.59
2018-11-01 18:00:00+01:00,57.83,86.2647501272666,73.0
2018-11-01 19:00:00+01:00,59.08,87.0984695694165,74.81
2018-11-01 20:00:00+01:00,63.03,83.86596902310424,75.93
2018-11-01 21:00:00+01:00,62.55,78.68605569052218,70.13
2018-11-01 22:00:00+01:00,58.17,75.08943014422344,67.89
2018-11-01 23:00:00+01:00,57.58,72.90097109224789,67.64
2018-11-02 00:00:00+01:00,50.81,50.82205081517206,38.37
2018-11-02 01:00:00+01:00,46.99,50.586666205826674,36.3
2018-11-02 02:00:00+01:00,44.57,49.83149344735689,34.2
2018-11-02 03:00:00+01:00,44.19,49.47708612187366,33.0
2018-11-02 04:00:00+01:00,43.26,51.11205005417183,33.05
2018-11-02 05:00:00+01:00,43.07,56.435101629737844,37.09
2018-11-02 06:00:00+01:00,43.22,63.14413083753909,41.5
2018-11-02 07:00:00+01:00,44.17,66.9611138633917,53.07
2018-11-02 08:00:00+01:00,44.17,67.7375633208039,57.22
2018-11-02 09:00:00+01:00,44.99,67.98762588194585,59.02
2018-11-02 10:00:00+01:00,48.32,67.02076854437762,57.58
2018-11-02 11:00:00+01:00,48.43,66.79428916987932,57.45
2018-11-02 12:00:00+01:00,48.0,66.88805806824352,54.61
2018-11-02 13:00:00+01:00,50.43,66.89049936074078,54.83
2018-11-02 14:00:00+01:00,47.31,65.98691836031901,54.74
2018-11-02 15:00:00+01:00,44.67,67.1320588019959,54.01
2018-11-02 16:00:00+01:00,44.32,70.84156381140671,54.96
2018-11-02 17:00:00+01:00,44.47,74.2230559439628,57.47
2018-11-02 18:00:00+01:00,48.4,75.72490493537778,57.83
2018-11-02 19:00:00+01:00,61.68,76.63537656043383,59.08
2018-11-02 20:00:00+01:00,63.03,73.91021722016096,63.03
2018-11-02 21:00:00+01:00,63.86,68.45828652587502,62.55
2018-11-02 22:00:00+01:00,62.49,64.25364825611825,58.17
2018-11-02 23:00:00+01:00,55.18,62.136690944007476,57.58
2018-11-03 00:00:00+01:00,9.2,48.71317960355296,50.81
2018-11-03 01:00:00+01:00,8.0,47.90508272650893,46.99
2018-11-03 02:00:00+01:00,5.48,47.00596093546144,44.57
2018-11-03 03:00:00+01:00,5.0,46.5562927982332,44.19
2018-11-03 04:00:00+01:00,4.0,47.79993854605229,43.26
2018-11-03 05:00:00+01:00,3.98,52.70931129938375,43.07
2018-11-03 06:00:00+01:00,3.0,59.23399574203248,43.22
2018-11-03 07:00:00+01:00,3.0,63.38153829144011,44.17
2018-11-03 08:00:00+01:00,4.0,64.34297723842319,44.17
2018-11-03 09:00:00+01:00,5.48,64.71080927155218,44.99
2018-11-03 10:00:00+01:00,7.99,64.09730439087222,48.32
2018-11-03 11:00:00+01:00,8.0,63.61218658536983,48.43
2018-11-03 12:00:00+01:00,6.7,63.707891036340236,48.0
2018-11-03 13:00:00+01:00,7.99,64.13990504651133,50.43
2018-11-03 14:00:00+01:00,5.48,63.04551579723993,47.31
2018-11-03 15:00:00+01:00,5.09,64.23437714604759,44.67
2018-11-03 16:00:00+01:00,5.0,68.16863904772943,44.32
2018-11-03 17:00:00+01:00,5.0,71.9417959875905,44.47
2018-11-03 18:00:00+01:00,4.0,74.21324867711319,48.4
2018-11-03 19:00:00+01:00,9.0,76.2148421457057,61.68
2018-11-03 20:00:00+01:00,20.22,72.9274295317893,63.03
2018-11-03 21:00:00+01:00,20.36,67.53581703429116,63.86
2018-11-03 22:00:00+01:00,19.4,62.88653265308616,62.49
2018-11-03 23:00:00+01:00,8.0,60.3939406364441,55.18
2018-11-04 00:00:00+01:00,39.6,-1.3699947328544884,9.2
2018-11-04 01:00:00+01:00,35.0,0.5834478799774363,8.0
2018-11-04 02:00:00+01:00,33.9,-0.3583279038977061,5.48
2018-11-04 03:00:00+01:00,31.37,-0.9563457359217189,5.0
2018-11-04 04:00:00+01:00,27.27,-0.2601384542027514,4.0
2018-11-04 05:00:00+01:00,28.4,3.9847943837338455,3.98
2018-11-04 06:00:00+01:00,36.0,9.788291993429139,3.0
2018-11-04 07:00:00+01:00,42.52,13.630896721503452,3.0
2018-11-04 08:00:00+01:00,48.63,14.440784646961646,4.0
2018-11-04 09:00:00+01:00,52.49,14.372752676150611,5.48
2018-11-04 10:00:00+01:00,52.37,13.310766525822585,7.99
2018-11-04 11:00:00+01:00,49.92,11.93596203709749,8.0
2018-11-04 12:00:00+01:00,48.57,11.099041262445187,6.7
2018-11-04 13:00:00+01:00,43.95,10.868747309070267,7.99
2018-11-04 14:00:00+01:00,41.85,8.754785660415136,5.48
2018-11-04 15:00:00+01:00,39.1,9.03826348031619,5.09
2018-11-04 16:00:00+01:00,38.91,11.844210531876637,5.0
2018-11-04 17:00:00+01:00,36.13,14.645062670822778,5.0
2018-11-04 18:00:00+01:00,35.3,16.030833612562137,4.0
2018-11-04 19:00:00+01:00,40.96,17.717309568943215,9.0
2018-11-04 20:00:00+01:00,42.38,14.71810558564506,20.22
2018-11-04 21:00:00+01:00,47.76,8.033211155738034,20.36
2018-11-04 22:00:00+01:00,41.85,2.650474683502103,19.4
2018-11-04 23:00:00+01:00,41.05,-1.0830758934340432,8.0
2018-11-05 00:00:00+01:00,62.19,35.633719248445246,39.6
2018-11-05 01:00:00+01:00,61.51,34.78358879698049,35.0
2018-11-05 02:00:00+01:00,60.0,34.94420130684145,33.9
2018-11-05 03:00:00+01:00,58.1,35.164527327184835,31.37
2018-11-05 04:00:00+01:00,57.09,36.54455134332828,27.27
2018-11-05 05:00:00+01:00,57.09,41.833874032423395,28.4
2018-11-05 06:00:00+01:00,58.78,48.977527134088795,36.0
2018-11-05 07:00:00+01:00,59.5,53.82930892320548,42.52
2018-11-05 08:00:00+01:00,61.26,55.71638469443409,48.63
2018-11-05 09:00:00+01:00,61.29,56.371804867849555,52.49
2018-11-05 10:00:00+01:00,60.0,55.87008813723311,52.37
2018-11-05 11:00:00+01:00,58.8,55.13947958133491,49.92
2018-11-05 12:00:00+01:00,58.58,55.210444862583465,48.57
2018-11-05 13:00:00+01:00,58.01,55.574885614360895,43.95
2018-11-05 14:00:00+01:00,57.53,54.75212390762216,41.85
2018-11-05 15:00:00+01:00,56.95,55.783302551444045,39.1
2018-11-05 16:00:00+01:00,56.95,59.580655633727986,38.91
2018-11-05 17:00:00+01:00,56.95,63.213814865299426,36.13
2018-11-05 18:00:00+01:00,57.09,65.93565596502745,35.3
2018-11-05 19:00:00+01:00,57.09,69.24824004384907,40.96
2018-11-05 20:00:00+01:00,58.12,67.38652560203835,42.38
2018-11-05 21:00:00+01:00,59.8,62.366502026810714,47.76
2018-11-05 22:00:00+01:00,58.15,56.94275580172503,41.85
2018-11-05 23:00:00+01:00,58.0,53.542446579911875,41.05
2018-11-06 00:00:00+01:00,56.47,54.10595996062385,62.19
2018-11-06 01:00:00+01:00,54.9,50.48534164858588,61.51
2018-11-06 02:00:00+01:00,51.43,49.7201250202009,60.0
2018-11-06 03:00:00+01:00,51.43,49.39295812400945,58.1
2018-11-06 04:00:00+01:00,51.07,50.36486786147953,57.09
2018-11-06 05:00:00+01:00,51.67,55.10809421770682,57.09
2018-11-06 06:00:00+01:00,57.12,62.06852972584145,58.78
2018-11-06 07:00:00+01:00,59.0,67.06704309725335,59.5
2018-11-06 08:00:00+01:00,62.17,69.28852684479398,61.26
2018-11-06 09:00:00+01:00,63.04,69.82893467931244,61.29
2018-11-06 10:00:00+01:00,63.24,69.23191089953724,60.0
2018-11-06 11:00:00+01:00,63.44,68.4680328775874,58.8
2018-11-06 12:00:00+01:00,63.24,68.59748893582051,58.58
2018-11-06 13:00:00+01:00,63.04,69.08735214235861,58.01
2018-11-06 14:00:00+01:00,62.1,68.59819995167882,57.53
2018-11-06 15:00:00+01:00,60.87,69.72116942966147,56.95
2018-11-06 16:00:00+01:00,60.51,73.66421745750894,56.95
2018-11-06 17:00:00+01:00,60.2,77.79553026720434,56.95
2018-11-06 18:00:00+01:00,59.62,81.11810438354716,57.09
2018-11-06 19:00:00+01:00,59.09,84.81432964548571,57.09
2018-11-06 20:00:00+01:00,60.51,83.76905470044639,58.12
2018-11-06 21:00:00+01:00,62.78,79.11802154901073,59.8
2018-11-06 22:00:00+01:00,60.59,73.11660051473129,58.15
2018-11-06 23:00:00+01:00,58.37,69.01974884322692,58.0
2018-11-07 00:00:00+01:00,61.0,54.4090959490213,56.47
2018-11-07 01:00:00+01:00,54.44,50.85875470652356,54.9
2018-11-07 02:00:00+01:00,52.31,49.65150553343878,51.43
2018-11-07 03:00:00+01:00,51.79,49.50280233474933,51.43
2018-11-07 04:00:00+01:00,51.66,50.282845701288224,51.07
2018-11-07 05:00:00+01:00,51.91,54.68033185885841,51.67
2018-11-07 06:00:00+01:00,56.83,61.70830287766269,57.12
2018-11-07 07:00:00+01:00,61.14,66.38039913829529,59.0
2018-11-07 08:00:00+01:00,63.17,68.82319348572118,62.17
2018-11-07 09:00:00+01:00,63.91,69.31547976174625,63.04
2018-11-07 10:00:00+01:00,63.8,68.73251242904274,63.24
2018-11-07 11:00:00+01:00,64.03,67.9629555564399,63.44
2018-11-07 12:00:00+01:00,65.5,67.8933050834845,63.24
2018-11-07 13:00:00+01:00,65.73,68.15477819502892,63.04
2018-11-07 14:00:00+01:00,65.01,67.45111228404471,62.1
2018-11-07 15:00:00+01:00,64.02,68.14278345351526,60.87
2018-11-07 16:00:00+01:00,63.67,71.53781581141124,60.51
2018-11-07 17:00:00+01:00,63.01,75.14813466231668,60.2
2018-11-07 18:00:00+01:00,62.46,77.99333189652563,59.62
2018-11-07 19:00:00+01:00,61.9,81.16581462942591,59.09
2018-11-07 20:00:00+01:00,62.49,80.27594622088208,60.51
2018-11-07 21:00:00+01:00,63.49,75.80532345552633,62.78
2018-11-07 22:00:00+01:00,63.49,69.49166632128065,60.59
2018-11-07 23:00:00+01:00,61.89,65.30266446507392,58.37
2018-11-08 00:00:00+01:00,63.9,58.07314144544126,61.0
2018-11-08 01:00:00+01:00,62.21,53.40898453975633,54.44
2018-11-08 02:00:00+01:00,62.14,52.07051432829847,52.31
2018-11-08 03:00:00+01:00,61.15,51.812737453013256,51.79
2018-11-08 04:00:00+01:00,61.12,52.39393737896866,51.66
2018-11-08 05:00:00+01:00,60.68,56.34304495204347,51.91
2018-11-08 06:00:00+01:00,59.19,63.45814527574145,56.83
2018-11-08 07:00:00+01:00,59.19,68.29747869094567,61.14
2018-11-08 08:00:00+01:00,61.15,70.68862863438511,63.17
2018-11-08 09:00:00+01:00,63.0,71.06549123778304,63.91
2018-11-08 10:00:00+01:00,63.78,70.31385787334008,63.8
2018-11-08 11:00:00+01:00,64.03,69.39405250269314,64.03
2018-11-08 12:00:00+01:00,65.18,69.22691695354865,65.5
2018-11-08 13:00:00+01:00,65.67,69.29287218546024,65.73
2018-11-08 14:00:00+01:00,65.67,68.57614982962227,65.01
2018-11-08 15:00:00+01:00,64.66,69.14532741251223,64.02
2018-11-08 16:00:00+01:00,64.19,72.45808020709285,63.67
2018-11-08 17:00:00+01:00,63.9,76.2653137390322,63.01
2018-11-08 18:00:00+01:00,63.1,79.5033083522604,62.46
2018-11-08 19:00:00+01:00,63.9,82.95418549465798,61.9
2018-11-08 20:00:00+01:00,65.2,82.80268393128287,62.49
2018-11-08 21:00:00+01:00,66.95,78.841970526783,63.49
2018-11-08 22:00:00+01:00,67.69,72.50082697007613,63.49
2018-11-08 23:00:00+01:00,65.67,67.61963905331525,61.89
2018-11-09 00:00:00+01:00,69.69,62.5674308717726,63.9
2018-11-09 01:00:00+01:00,67.15,58.45610732484836,62.21
2018-11-09 02:00:00+01:00,64.95,57.622279576696656,62.14
2018-11-09 03:00:00+01:00,63.62,57.74599829318853,61.15
2018-11-09 04:00:00+01:00,61.56,58.822309582777656,61.12
2018-11-09 05:00:00+01:00,63.62,62.90023725325391,60.68
2018-11-09 06:00:00+01:00,68.21,69.89732374271281,59.19
2018-11-09 07:00:00+01:00,72.5,75.134443181895,59.19
2018-11-09 08:00:00+01:00,73.92,78.02889667007211,61.15
2018-11-09 09:00:00+01:00,73.85,78.7775593351401,63.0
2018-11-09 10:00:00+01:00,73.51,78.21089520183381,63.78
2018-11-09 11:00:00+01:00,73.09,77.40562660021753,64.03
2018-11-09 12:00:00+01:00,73.74,77.32010474592845,65.18
2018-11-09 13:00:00+01:00,73.93,77.26533055279967,65.67
2018-11-09 14:00:00+01:00,73.92,76.44339087667116,65.67
2018-11-09 15:00:00+01:00,73.92,76.68568579299958,64.66
2018-11-09 16:00:00+01:00,73.92,79.59180203703622,64.19
2018-11-09 17:00:00+01:00,73.96,83.0027061206726,63.9
2018-11-09 18:00:00+01:00,75.12,85.83561219457118,63.1
2018-11-09 19:00:00+01:00,76.04,89.0510006696501,63.9
2018-11-09 20:00:00+01:00,79.0,88.95758529983874,65.2
2018-11-09 21:00:00+01:00,76.23,85.32925767767048,66.95
2018-11-09 22:00:00+01:00,74.42,79.45736844234875,67.69
2018-11-09 23:00:00+01:00,73.01,74.78768288561133,65.67
2018-11-10 00:00:00+01:00,56.93,70.00539053756262,69.69
2018-11-10 01:00:00+01:00,53.53,65.31968282916881,67.15
2018-11-10 02:00:00+01:00,50.03,64.03459409593893,64.95
2018-11-10 03:00:00+01:00,49.67,63.986179146170485,63.62
2018-11-10 04:00:00+01:00,49.57,64.81684737581655,61.56
2018-11-10 05:00:00+01:00,49.87,68.92629694465846,63.62
2018-11-10 06:00:00+01:00,56.12,75.89074847434217,68.21
2018-11-10 07:00:00+01:00,70.05,81.28213223084722,72.5
2018-11-10 08:00:00+01:00,72.85,84.22746212524343,73.92
2018-11-10 09:00:00+01:00,73.36,85.162566274066,73.85
2018-11-10 10:00:00+01:00,73.17,84.85300038644576,73.51
2018-11-10 11:00:00+01:00,70.78,84.24560194693574,73.09
2018-11-10 12:00:00+01:00,70.15,84.36338927440225,73.74
2018-11-10 13:00:00+01:00,66.83,84.42625143459755,73.93
2018-11-10 14:00:00+01:00,62.0,83.78500423871046,73.92
2018-11-10 15:00:00+01:00,61.46,84.05525685708399,73.92
2018-11-10 16:00:00+01:00,65.06,86.80486878040574,73.92
2018-11-10 17:00:00+01:00,72.85,90.18883406880157,73.96
2018-11-10 18:00:00+01:00,73.65,93.15769006840237,75.12
2018-11-10 19:00:00+01:00,75.0,96.29431837328148,76.04
2018-11-10 20:00:00+01:00,76.44,96.57316040017893,79.0
2018-11-10 21:00:00+01:00,72.82,92.69550551024159,76.23
2018-11-10 22:00:00+01:00,69.68,86.96337638741387,74.42
2018-11-10 23:00:00+01:00,65.03,82.02080638220652,73.01
2018-11-11 00:00:00+01:00,53.64,60.87219988117708,56.93
2018-11-11 01:00:00+01:00,46.3,57.23984092470731,53.53
2018-11-11 02:00:00+01:00,42.81,55.701145241670005,50.03
2018-11-11 03:00:00+01:00,36.08,55.718206097507604,49.67
2018-11-11 04:00:00+01:00,34.38,56.40554668708359,49.57
2018-11-11 05:00:00+01:00,34.49,60.11777415755204,49.87
2018-11-11 06:00:00+01:00,35.46,67.1355152897644,56.12
2018-11-11 07:00:00+01:00,40.38,73.10506062797444,70.05
2018-11-11 08:00:00+01:00,44.19,75.07042839107694,72.85
2018-11-11 09:00:00+01:00,46.7,75.53678819433125,73.36
2018-11-11 10:00:00+01:00,50.0,74.84882973978432,73.17
2018-11-11 11:00:00+01:00,56.07,73.63571467407127,70.78
2018-11-11 12:00:00+01:00,60.0,73.36809828625832,70.15
2018-11-11 13:00:00+01:00,62.08,72.7566465600041,66.83
2018-11-11 14:00:00+01:00,60.2,71.58391911267714,62.0
2018-11-11 15:00:00+01:00,56.09,71.71244275702593,61.46
2018-11-11 16:00:00+01:00,56.09,74.2360055058886,65.06
2018-11-11 17:00:00+01:00,62.55,77.58661562799598,72.85
2018-11-11 18:00:00+01:00,68.28,79.71278815981238,73.65
2018-11-11 19:00:00+01:00,69.66,82.56855796538117,75.0
2018-11-11 20:00:00+01:00,70.78,82.89321572397684,76.44
2018-11-11 21:00:00+01:00,70.99,78.78376375657616,72.82
2018-11-11 22:00:00+01:00,69.83,73.08355975606563,69.68
2018-11-11 23:00:00+01:00,67.06,68.0778092108646,65.03
2018-11-12 00:00:00+01:00,66.23,62.349099475649965,53.64
2018-11-12 01:00:00+01:00,61.79,59.24233867599985,46.3
2018-11-12 02:00:00+01:00,59.24,58.13054643095778,42.81
2018-11-12 03:00:00+01:00,56.7,57.9592617200145,36.08
2018-11-12 04:00:00+01:00,56.7,59.15964813372129,34.38
2018-11-12 05:00:00+01:00,56.7,62.99620967655824,34.49
2018-11-12 06:00:00+01:00,61.01,69.99722077922466,35.46
2018-11-12 07:00:00+01:00,67.98,76.56696332950568,40.38
2018-11-12 08:00:00+01:00,69.9,79.08206568084843,44.19
2018-11-12 09:00:00+01:00,69.88,79.92105538698279,46.7
2018-11-12 10:00:00+01:00,68.53,79.7832278522051,50.0
2018-11-12 11:00:00+01:00,67.21,79.29485369651809,56.07
2018-11-12 12:00:00+01:00,64.62,79.24971589534118,60.0
2018-11-12 13:00:00+01:00,65.06,78.9678189008902,62.08
2018-11-12 14:00:00+01:00,65.91,77.99520478911202,60.2
2018-11-12 15:00:00+01:00,67.65,78.32558964195324,56.09
2018-11-12 16:00:00+01:00,68.07,81.50381826154299,56.09
2018-11-12 17:00:00+01:00,68.71,85.84543229393438,62.55
2018-11-12 18:00:00+01:00,69.65,88.53177824301119,68.28
2018-11-12 19:00:00+01:00,69.95,91.40409473818842,69.66
2018-11-12 20:00:00+01:00,68.04,92.27316608317098,70.78
2018-11-12 21:00:00+01:00,67.3,88.86527226461001,70.99
2018-11-12 22:00:00+01:00,64.62,83.59793628298617,69.83
2018-11-12 23:00:00+01:00,63.47,78.60185210694519,67.06
2018-11-13 00:00:00+01:00,63.68,58.32908729732245,66.23
2018-11-13 01:00:00+01:00,60.81,54.49160344396572,61.79
2018-11-13 02:00:00+01:00,57.5,53.01809788680465,59.24
2018-11-13 03:00:00+01:00,54.68,52.4618796330264,56.7
2018-11-13 04:00:00+01:00,53.9,53.45694674160345,56.7
2018-11-13 05:00:00+01:00,53.08,56.791412516030164,56.7
2018-11-13 06:00:00+01:00,62.22,63.582992819605884,61.01
2018-11-13 07:00:00+01:00,68.25,70.13183294032093,67.98
2018-11-13 08:00:00+01:00,70.0,72.2969185021501,69.9
2018-11-13 09:00:00+01:00,70.49,72.81164372414017,69.88
2018-11-13 10:00:00+01:00,68.31,72.33949224631681,68.53
2018-11-13 11:00:00+01:00,68.07,71.56998855749995,67.21
2018-11-13 12:00:00+01:00,66.4,71.06335581530935,64.62
2018-11-13 13:00:00+01:00,66.83,70.71200252951016,65.06
2018-11-13 14:00:00+01:00,67.14,69.51261382694685,65.91
2018-11-13 15:00:00+01:00,68.07,69.46154485097172,67.65
2018-11-13 16:00:00+01:00,68.68,71.92233670725756,68.07
2018-11-13 17:00:00+01:00,69.66,75.7871976399664,68.71
2018-11-13 18:00:00+01:00,71.48,78.27064720715856,69.65
2018-11-13 19:00:00+01:00,72.36,80.73417851473044,69.95
2018-11-13 20:00:00+01:00,72.46,81.22778721944503,68.04
2018-11-13 21:00:00+01:00,67.14,77.93127509465596,67.3
2018-11-13 22:00:00+01:00,65.87,72.35942752858094,64.62
2018-11-13 23:00:00+01:00,58.55,66.94191447009284,63.47
2018-11-14 00:00:00+01:00,60.16,53.88207964555818,63.68
2018-11-14 01:00:00+01:00,55.13,49.48483525863826,60.81
2018-11-14 02:00:00+01:00,51.95,47.54589297976757,57.5
2018-11-14 03:00:00+01:00,50.01,46.77272613637688,54.68
2018-11-14 04:00:00+01:00,49.91,47.677531861054106,53.9
2018-11-14 05:00:00+01:00,50.77,50.69384749035904,53.08
2018-11-14 06:00:00+01:00,60.3,57.89888315829729,62.22
2018-11-14 07:00:00+01:00,66.91,64.13355377807396,68.25
2018-11-14 08:00:00+01:00,68.25,66.13414251394167,70.0
2018-11-14 09:00:00+01:00,68.42,66.49700155484041,70.49
2018-11-14 10:00:00+01:00,67.62,65.67512717823462,68.31
2018-11-14 11:00:00+01:00,66.03,64.84620988114746,68.07
2018-11-14 12:00:00+01:00,63.2,63.95248532781425,66.4
2018-11-14 13:00:00+01:00,64.18,63.47133332553062,66.83
2018-11-14 14:00:00+01:00,65.9,62.04250994186104,67.14
2018-11-14 15:00:00+01:00,67.89,61.62265203634387,68.07
2018-11-14 16:00:00+01:00,68.25,63.49434785145146,68.68
2018-11-14 17:00:00+01:00,69.03,66.90798913491561,69.66
2018-11-14 18:00:00+01:00,70.16,69.22944399136982,71.48
2018-11-14 19:00:00+01:00,70.31,71.28957931514219,72.36
2018-11-14 20:00:00+01:00,68.88,71.54590670652708,72.46
2018-11-14 21:00:00+01:00,63.0,67.79683465483765,67.14
2018-11-14 22:00:00+01:00,60.0,62.42775270681467,65.87
2018-11-14 23:00:00+01:00,57.49,56.70571817131471,58.55
2018-11-15 00:00:00+01:00,56.83,52.78925238710208,60.16
2018-11-15 01:00:00+01:00,51.95,47.683458473742974,55.13
2018-11-15 02:00:00+01:00,51.27,45.43520148765522,51.95
2018-11-15 03:00:00+01:00,50.29,44.466638889089836,50.01
2018-11-15 04:00:00+01:00,51.03,45.231604797930125,49.91
2018-11-15 05:00:00+01:00,53.17,48.006084898848655,50.77
2018-11-15 06:00:00+01:00,65.05,55.49521426738655,60.3
2018-11-15 07:00:00+01:00,67.49,61.58663851085531,66.91
2018-11-15 08:00:00+01:00,68.24,63.50228951254408,68.25
2018-11-15 09:00:00+01:00,68.71,63.91672293232802,68.42
2018-11-15 10:00:00+01:00,69.21,63.13203804740534,67.62
2018-11-15 11:00:00+01:00,68.4,62.252026706480684,66.03
2018-11-15 12:00:00+01:00,67.19,61.256429880176,63.2
2018-11-15 13:00:00+01:00,67.51,61.08188707665423,64.18
2018-11-15 14:00:00+01:00,68.43,59.86465083406192,65.9
2018-11-15 15:00:00+01:00,68.99,59.429680537181994,67.89
2018-11-15 16:00:00+01:00,69.03,60.98234458859544,68.25
2018-11-15 17:00:00+01:00,70.0,64.33296322933748,69.03
2018-11-15 18:00:00+01:00,71.61,66.87736578916247,70.16
2018-11-15 19:00:00+01:00,72.5,69.00510188533715,70.31
2018-11-15 20:00:00+01:00,71.07,69.42216996130485,68.88
2018-11-15 21:00:00+01:00,68.27,65.77385162554582,63.0
2018-11-15 22:00:00+01:00,67.49,60.86599332429458,60.0
2018-11-15 23:00:00+01:00,64.01,54.770310544623435,57.49
2018-11-16 00:00:00+01:00,62.6,59.704534113027904,56.83
2018-11-16 01:00:00+01:00,56.85,54.621139036187444,51.95
2018-11-16 02:00:00+01:00,53.89,52.8402459676418,51.27
2018-11-16 03:00:00+01:00,51.97,52.16730673571459,50.29
2018-11-16 04:00:00+01:00,51.49,53.3505905405982,51.03
2018-11-16 05:00:00+01:00,55.77,56.505990208524175,53.17
2018-11-16 06:00:00+01:00,65.05,64.83051292601078,65.05
2018-11-16 07:00:00+01:00,68.4,70.62866081263874,67.49
2018-11-16 08:00:00+01:00,69.47,73.00545605473818,68.24
2018-11-16 09:00:00+01:00,69.99,73.8263513107963,68.71
2018-11-16 10:00:00+01:00,69.98,73.42390899218186,69.21
2018-11-16 11:00:00+01:00,69.64,72.6996072853117,68.4
2018-11-16 12:00:00+01:00,68.24,71.91050377678779,67.19
2018-11-16 13:00:00+01:00,67.0,72.01551096457108,67.51
2018-11-16 14:00:00+01:00,67.0,71.13849243776438,68.43
2018-11-16 15:00:00+01:00,68.09,70.79204067512268,68.99
2018-11-16 16:00:00+01:00,68.4,72.28704102943198,69.03
2018-11-16 17:00:00+01:00,68.71,75.69075864599982,70.0
2018-11-16 18:00:00+01:00,70.0,78.46772452825694,71.61
2018-11-16 19:00:00+01:00,70.81,80.67548126587869,72.5
2018-11-16 20:00:00+01:00,68.69,81.11231747425501,71.07
2018-11-16 21:00:00+01:00,64.48,77.75704205473615,68.27
2018-11-16 22:00:00+01:00,62.61,73.24058184828779,67.49
2018-11-16 23:00:00+01:00,59.96,67.26147151683304,64.01
2018-11-17 00:00:00+01:00,64.98,55.54958387087595,62.6
2018-11-17 01:00:00+01:00,60.97,50.139788390380254,56.85
2018-11-17 02:00:00+01:00,56.42,48.18333696133984,53.89
2018-11-17 03:00:00+01:00,53.99,47.32769112115983,51.97
2018-11-17 04:00:00+01:00,50.39,48.22828982535596,51.49
2018-11-17 05:00:00+01:00,55.87,51.336287047663134,55.77
2018-11-17 06:00:00+01:00,55.69,59.316441273254874,65.05
2018-11-17 07:00:00+01:00,58.56,64.44441840427643,68.4
2018-11-17 08:00:00+01:00,61.21,66.50315928904014,69.47
2018-11-17 09:00:00+01:00,66.0,67.05615179220584,69.99
2018-11-17 10:00:00+01:00,65.76,66.38626528505421,69.98
2018-11-17 11:00:00+01:00,61.98,65.35376137383287,69.64
2018-11-17 12:00:00+01:00,59.41,64.1920785210477,68.24
2018-11-17 13:00:00+01:00,60.05,63.93820250255736,67.0
2018-11-17 14:00:00+01:00,60.85,62.969241441800044,67.0
2018-11-17 15:00:00+01:00,59.34,62.45662772780508,68.09
2018-11-17 16:00:00+01:00,61.46,63.55323537902249,68.4
2018-11-17 17:00:00+01:00,66.0,66.59393490159489,68.71
2018-11-17 18:00:00+01:00,69.81,69.31486419897388,70.0
2018-11-17 19:00:00+01:00,70.01,71.40742393574668,70.81
2018-11-17 20:00:00+01:00,65.0,71.6203517242779,68.69
2018-11-17 21:00:00+01:00,63.75,68.29536987026847,64.48
2018-11-17 22:00:00+01:00,60.08,64.01684372300518,62.61
2018-11-17 23:00:00+01:00,57.99,58.0314340534879,59.96
2018-11-18 00:00:00+01:00,56.7,53.59564706022372,64.98
2018-11-18 01:00:00+01:00,51.18,46.83054741278973,60.97
2018-11-18 02:00:00+01:00,50.01,43.691946415703896,56.42
2018-11-18 03:00:00+01:00,47.96,42.200322129459224,53.99
2018-11-18 04:00:00+01:00,47.47,42.30221887326173,50.39
2018-11-18 05:00:00+01:00,48.75,45.53694697241387,55.87
2018-11-18 06:00:00+01:00,48.01,52.35599524910813,55.69
2018-11-18 07:00:00+01:00,49.67,57.8094819737587,58.56
2018-11-18 08:00:00+01:00,53.05,60.193579765648195,61.21
2018-11-18 09:00:00+01:00,54.43,61.115838394321145,66.0
2018-11-18 10:00:00+01:00,58.34,60.084844715947774,65.76
2018-11-18 11:00:00+01:00,59.41,58.648466383298555,61.98
2018-11-18 12:00:00+01:00,59.98,57.481656424148035,59.41
2018-11-18 13:00:00+01:00,59.41,57.48257210210002,60.05
2018-11-18 14:00:00+01:00,59.41,56.775314551605554,60.85
2018-11-18 15:00:00+01:00,53.28,56.17779300922923,59.34
2018-11-18 16:00:00+01:00,53.22,57.54787794692531,61.46
2018-11-18 17:00:00+01:00,60.01,60.93186546809633,66.0
2018-11-18 18:00:00+01:00,68.4,64.09730909082104,69.81
2018-11-18 19:00:00+01:00,69.87,66.37195988222673,70.01
2018-11-18 20:00:00+01:00,69.57,66.7450969359243,65.0
2018-11-18 21:00:00+01:00,66.84,64.49554618039059,63.75
2018-11-18 22:00:00+01:00,66.84,60.378137850844865,60.08
2018-11-18 23:00:00+01:00,64.54,54.32416348884903,57.99
2018-11-19 00:00:00+01:00,66.26,60.933119714481364,56.7
2018-11-19 01:00:00+01:00,62.44,55.15235385967081,51.18
2018-11-19 02:00:00+01:00,59.93,53.272652934559495,50.01
2018-11-19 03:00:00+01:00,56.53,52.74885442229726,47.96
2018-11-19 04:00:00+01:00,55.14,53.92599860473547,47.47
2018-11-19 05:00:00+01:00,60.95,58.03662903806239,48.75
2018-11-19 06:00:00+01:00,70.0,65.27211447811312,48.01
2018-11-19 07:00:00+01:00,71.05,71.69234300434563,49.67
2018-11-19 08:00:00+01:00,72.0,75.04714127788336,53.05
2018-11-19 09:00:00+01:00,72.2,76.44724901839962,54.43
2018-11-19 10:00:00+01:00,72.69,76.31962246876829,58.34
2018-11-19 11:00:00+01:00,72.2,75.24100969140147,59.41
2018-11-19 12:00:00+01:00,72.2,74.48516331178384,59.98
2018-11-19 13:00:00+01:00,72.2,74.63569737586646,59.41
2018-11-19 14:00:00+01:00,71.05,74.23634666366966,59.41
2018-11-19 15:00:00+01:00,70.11,73.3289236464509,53.28
2018-11-19 16:00:00+01:00,70.0,75.2062043245906,53.22
2018-11-19 17:00:00+01:00,70.0,79.08907273792312,60.01
2018-11-19 18:00:00+01:00,71.91,82.32199173611687,68.4
2018-11-19 19:00:00+01:00,73.0,83.98565012096708,69.87
2018-11-19 20:00:00+01:00,73.1,84.20297812224486,69.57
2018-11-19 21:00:00+01:00,71.0,81.85370185428985,66.84
2018-11-19 22:00:00+01:00,70.0,78.25119759238932,66.84
2018-11-19 23:00:00+01:00,67.89,72.80995977632824,64.54
2018-11-20 00:00:00+01:00,64.55,64.1958691871159,66.26
2018-11-20 01:00:00+01:00,59.9,57.875986382084136,62.44
2018-11-20 02:00:00+01:00,55.66,55.43164884930749,59.93
2018-11-20 03:00:00+01:00,51.87,54.37952151795119,56.53
2018-11-20 04:00:00+01:00,52.07,55.26879700045585,55.14
2018-11-20 05:00:00+01:00,55.61,59.461313186580085,60.95
2018-11-20 06:00:00+01:00,60.83,66.44832576834803,70.0
2018-11-20 07:00:00+01:00,67.2,71.99338736415064,71.05
2018-11-20 08:00:00+01:00,68.4,75.31483799492023,72.0
2018-11-20 09:00:00+01:00,68.71,76.61429583650619,72.2
2018-11-20 10:00:00+01:00,68.49,76.43040121228418,72.69
2018-11-20 11:00:00+01:00,67.89,75.14568929849509,72.2
2018-11-20 12:00:00+01:00,66.0,74.2155831983862,72.2
2018-11-20 13:00:00+01:00,65.0,74.15375613356132,72.2
2018-11-20 14:00:00+01:00,62.0,73.61776222798811,71.05
2018-11-20 15:00:00+01:00,62.35,72.7078011799667,70.11
2018-11-20 16:00:00+01:00,62.55,74.39252350845703,70.0
2018-11-20 17:00:00+01:00,64.67,78.11003423664738,70.0
2018-11-20 18:00:00+01:00,68.05,81.59280508703651,71.91
2018-11-20 19:00:00+01:00,68.75,83.36474304708445,73.0
2018-11-20 20:00:00+01:00,69.9,83.64046818947115,73.1
2018-11-20 21:00:00+01:00,68.71,81.31949438902052,71.0
2018-11-20 22:00:00+01:00,67.2,77.85799805030148,70.0
2018-11-20 23:00:00+01:00,64.7,72.27620841399668,67.89
2018-11-21 00:00:00+01:00,59.41,60.78136504567086,64.55
2018-11-21 01:00:00+01:00,57.0,54.63949898401694,59.9
2018-11-21 02:00:00+01:00,56.07,51.98278466543128,55.66
2018-11-21 03:00:00+01:00,54.82,50.879174643490444,51.87
2018-11-21 04:00:00+01:00,54.34,51.959186230601574,52.07
2018-11-21 05:00:00+01:00,56.12,56.17052536496473,55.61
2018-11-21 06:00:00+01:00,59.41,63.061241546662316,60.83
2018-11-21 07:00:00+01:00,66.22,68.77993275722494,67.2
2018-11-21 08:00:00+01:00,68.21,71.79796335881998,68.4
2018-11-21 09:00:00+01:00,68.38,73.10298115559942,68.71
2018-11-21 10:00:00+01:00,68.01,72.94537647700554,68.49
2018-11-21 11:00:00+01:00,67.66,71.6708432327176,67.89
2018-11-21 12:00:00+01:00,67.0,70.52607208834571,66.0
2018-11-21 13:00:00+01:00,66.22,70.32910426453721,65.0
2018-11-21 14:00:00+01:00,64.0,69.49558856354201,62.0
2018-11-21 15:00:00+01:00,64.71,68.7171269167797,62.35
2018-11-21 16:00:00+01:00,66.13,70.01527812034661,62.55
2018-11-21 17:00:00+01:00,68.07,73.48638449442498,64.67
2018-11-21 18:00:00+01:00,70.0,76.84701080353393,68.05
2018-11-21 19:00:00+01:00,70.52,78.33354675859032,68.75
2018-11-21 20:00:00+01:00,71.51,78.55964311943946,69.9
2018-11-21 21:00:00+01:00,70.1,76.0799817102759,68.71
2018-11-21 22:00:00+01:00,68.59,72.54212438174176,67.2
2018-11-21 23:00:00+01:00,67.66,67.03311044874222,64.7
2018-11-22 00:00:00+01:00,60.0,63.285871299788845,59.41
2018-11-22 01:00:00+01:00,57.62,57.65877443773,57.0
2018-11-22 02:00:00+01:00,56.07,54.97045028190661,56.07
2018-11-22 03:00:00+01:00,55.04,53.779468085525615,54.82
2018-11-22 04:00:00+01:00,55.04,54.79573029874187,54.34
2018-11-22 05:00:00+01:00,56.7,58.99277782622755,56.12
2018-11-22 06:00:00+01:00,60.0,65.86601531906686,59.41
2018-11-22 07:00:00+01:00,67.59,72.05398822866145,66.22
2018-11-22 08:00:00+01:00,68.71,75.01863825792874,68.21
2018-11-22 09:00:00+01:00,69.99,76.40420161379892,68.38
2018-11-22 10:00:00+01:00,69.57,76.44857638288688,68.01
2018-11-22 11:00:00+01:00,69.05,75.42480688316445,67.66
2018-11-22 12:00:00+01:00,68.73,74.41009581291881,67.0
2018-11-22 13:00:00+01:00,68.4,74.27159263541067,66.22
2018-11-22 14:00:00+01:00,68.01,73.50371704619589,64.0
2018-11-22 15:00:00+01:00,68.28,73.10037768860212,64.71
2018-11-22 16:00:00+01:00,68.71,74.44763944464447,66.13
2018-11-22 17:00:00+01:00,69.57,77.89033256660619,68.07
2018-11-22 18:00:00+01:00,70.99,81.33805391095227,70.0
2018-11-22 19:00:00+01:00,71.92,82.9557217582506,70.52
2018-11-22 20:00:00+01:00,71.94,83.40339454149449,71.51
2018-11-22 21:00:00+01:00,71.51,81.01575841685077,70.1
2018-11-22 22:00:00+01:00,69.57,77.60809688148913,68.59
2018-11-22 23:00:00+01:00,68.25,72.2471511637678,67.66
2018-11-23 00:00:00+01:00,66.93,63.00320689865073,60.0
2018-11-23 01:00:00+01:00,64.07,57.615280740979266,57.62
2018-11-23 02:00:00+01:00,61.21,54.47608965056014,56.07
2018-11-23 03:00:00+01:00,59.5,52.882220522671275,55.04
2018-11-23 04:00:00+01:00,59.41,53.53558214257468,55.04
2018-11-23 05:00:00+01:00,62.7,57.39309789605642,56.7
2018-11-23 06:00:00+01:00,68.05,64.0012018127542,60.0
2018-11-23 07:00:00+01:00,70.16,70.51406892933946,67.59
2018-11-23 08:00:00+01:00,70.99,73.20091216074574,68.71
2018-11-23 09:00:00+01:00,71.63,74.70279696083466,69.99
2018-11-23 10:00:00+01:00,71.07,74.7446717540631,69.57
2018-11-23 11:00:00+01:00,70.3,73.82760814408906,69.05
2018-11-23 12:00:00+01:00,70.0,72.87796635063827,68.73
2018-11-23 13:00:00+01:00,68.71,72.73958171320832,68.4
2018-11-23 14:00:00+01:00,67.17,72.11724569487905,68.01
2018-11-23 15:00:00+01:00,64.8,71.84992980427462,68.28
2018-11-23 16:00:00+01:00,64.72,73.14310951147502,68.71
2018-11-23 17:00:00+01:00,67.17,76.51133924419257,69.57
2018-11-23 18:00:00+01:00,69.92,80.08293576783404,70.99
2018-11-23 19:00:00+01:00,70.16,81.86135138698077,71.92
2018-11-23 20:00:00+01:00,70.16,82.35472768548875,71.94
2018-11-23 21:00:00+01:00,68.71,80.1483643681977,71.51
2018-11-23 22:00:00+01:00,67.45,76.63526778375875,69.57
2018-11-23 23:00:00+01:00,65.0,71.30500042122279,68.25
2018-11-24 00:00:00+01:00,63.77,59.75435887988718,66.93
2018-11-24 01:00:00+01:00,61.51,54.1631722069601,64.07
2018-11-24 02:00:00+01:00,59.76,50.70851729737841,61.21
2018-11-24 03:00:00+01:00,55.67,48.942758934827786,59.5
2018-11-24 04:00:00+01:00,54.01,49.39569705729026,59.41
2018-11-24 05:00:00+01:00,55.42,53.09527697772015,62.7
2018-11-24 06:00:00+01:00,57.78,59.466682411160754,68.05
2018-11-24 07:00:00+01:00,61.7,65.51625346205732,70.16
2018-11-24 08:00:00+01:00,65.09,68.19617183376221,70.99
2018-11-24 09:00:00+01:00,69.13,69.60574250698524,71.63
2018-11-24 10:00:00+01:00,70.01,69.4917463126882,71.07
2018-11-24 11:00:00+01:00,68.71,68.46761374277644,70.3
2018-11-24 12:00:00+01:00,66.21,67.40412696619413,70.0
2018-11-24 13:00:00+01:00,64.8,66.95528425206116,68.71
2018-11-24 14:00:00+01:00,62.0,66.16813997254509,67.17
2018-11-24 15:00:00+01:00,58.33,65.62476137731477,64.8
2018-11-24 16:00:00+01:00,57.73,66.80110531115368,64.72
2018-11-24 17:00:00+01:00,59.0,70.04383178771045,67.17
2018-11-24 18:00:00+01:00,67.09,73.44112857638713,69.92
2018-11-24 19:00:00+01:00,68.24,74.96716355289205,70.16
2018-11-24 20:00:00+01:00,67.18,75.35475839545553,70.16
2018-11-24 21:00:00+01:00,63.14,73.07098793715299,68.71
2018-11-24 22:00:00+01:00,61.53,69.50799324063863,67.45
2018-11-24 23:00:00+01:00,55.67,64.14715610896306,65.0
2018-11-25 00:00:00+01:00,53.89,50.615344798187785,63.77
2018-11-25 01:00:00+01:00,51.67,44.71604911633308,61.51
2018-11-25 02:00:00+01:00,50.34,40.81087963126073,59.76
2018-11-25 03:00:00+01:00,48.46,38.37201594103048,55.67
2018-11-25 04:00:00+01:00,48.07,38.50715732878397,54.01
2018-11-25 05:00:00+01:00,48.07,41.89545473618974,55.42
2018-11-25 06:00:00+01:00,49.09,47.80616042304877,57.78
2018-11-25 07:00:00+01:00,53.33,53.67687306534145,61.7
2018-11-25 08:00:00+01:00,54.26,56.26986077932293,65.09
2018-11-25 09:00:00+01:00,59.06,57.49108908729576,69.13
2018-11-25 10:00:00+01:00,62.02,56.84226323584326,70.01
2018-11-25 11:00:00+01:00,63.26,55.26178359724651,68.71
2018-11-25 12:00:00+01:00,65.15,53.65041130636675,66.21
2018-11-25 13:00:00+01:00,63.41,52.81616403099842,64.8
2018-11-25 14:00:00+01:00,58.97,51.569357823321965,62.0
2018-11-25 15:00:00+01:00,59.03,50.59322818213707,58.33
2018-11-25 16:00:00+01:00,61.47,51.57848060332992,57.73
2018-11-25 17:00:00+01:00,67.65,54.55619853504361,59.0
2018-11-25 18:00:00+01:00,70.0,58.31106877863084,67.09
2018-11-25 19:00:00+01:00,70.62,59.27197746175162,68.24
2018-11-25 20:00:00+01:00,70.0,59.36170382158079,67.18
2018-11-25 21:00:00+01:00,65.45,56.89201960272443,63.14
2018-11-25 22:00:00+01:00,62.7,53.49042594823951,61.53
2018-11-25 23:00:00+01:00,58.54,48.02486572862427,55.67
2018-11-26 00:00:00+01:00,52.57,54.03402982158069,53.89
2018-11-26 01:00:00+01:00,49.44,48.66244699997257,51.67
2018-11-26 02:00:00+01:00,47.41,45.19591681208607,50.34
2018-11-26 03:00:00+01:00,45.6,43.13373155217221,48.46
2018-11-26 04:00:00+01:00,42.1,43.713929838804596,48.07
2018-11-26 05:00:00+01:00,46.34,47.39353399586379,48.07
2018-11-26 06:00:00+01:00,49.01,53.68979115861421,49.09
2018-11-26 07:00:00+01:00,54.45,60.31650711123145,53.33
2018-11-26 08:00:00+01:00,60.38,63.37610224262606,54.26
2018-11-26 09:00:00+01:00,63.96,65.43155482761304,59.06
2018-11-26 10:00:00+01:00,63.93,65.16451561246438,62.02
2018-11-26 11:00:00+01:00,61.71,63.79969847762364,63.26
2018-11-26 12:00:00+01:00,59.0,62.45744784584616,65.15
2018-11-26 13:00:00+01:00,58.33,61.405077121804936,63.41
2018-11-26 14:00:00+01:00,57.8,60.0139691427628,58.97
2018-11-26 15:00:00+01:00,58.8,59.41290696341789,59.03
2018-11-26 16:00:00+01:00,62.01,60.47572883004432,61.47
2018-11-26 17:00:00+01:00,65.69,63.59211006573928,67.65
2018-11-26 18:00:00+01:00,68.4,66.93743531533026,70.0
2018-11-26 19:00:00+01:00,69.49,67.9589856709348,70.62
2018-11-26 20:00:00+01:00,70.15,68.07632823477289,70.0
2018-11-26 21:00:00+01:00,70.0,65.59733116224865,65.45
2018-11-26 22:00:00+01:00,67.5,62.60078409815823,62.7
2018-11-26 23:00:00+01:00,62.31,57.38457250966627,58.54
2018-11-27 00:00:00+01:00,61.1,57.65211245967775,52.57
2018-11-27 01:00:00+01:00,58.33,52.37775678217423,49.44
2018-11-27 02:00:00+01:00,56.61,48.49590546176268,47.41
2018-11-27 03:00:00+01:00,51.67,45.8687676351482,45.6
2018-11-27 04:00:00+01:00,51.97,45.63684493822424,42.1
2018-11-27 05:00:00+01:00,56.19,49.34025146510026,46.34
2018-11-27 06:00:00+01:00,63.04,55.02392899724768,49.01
2018-11-27 07:00:00+01:00,67.18,61.705310917809676,54.45
2018-11-27 08:00:00+01:00,68.53,65.15071874579994,60.38
2018-11-27 09:00:00+01:00,68.89,67.25879415326017,63.96
2018-11-27 10:00:00+01:00,69.5,67.04686020159791,63.93
2018-11-27 11:00:00+01:00,68.69,65.77763672529115,61.71
2018-11-27 12:00:00+01:00,68.4,64.61106363716907,59.0
2018-11-27 13:00:00+01:00,68.07,63.96751616932696,58.33
2018-11-27 14:00:00+01:00,67.33,62.959995949805766,57.8
2018-11-27 15:00:00+01:00,67.39,62.8173157120031,58.8
2018-11-27 16:00:00+01:00,67.96,64.31743570451124,62.01
2018-11-27 17:00:00+01:00,68.74,67.69267002082947,65.69
2018-11-27 18:00:00+01:00,70.15,71.36262108746094,68.4
2018-11-27 19:00:00+01:00,71.51,72.85296315174499,69.49
2018-11-27 20:00:00+01:00,70.61,73.41475080122231,70.15
2018-11-27 21:00:00+01:00,67.54,71.46832278546852,70.0
2018-11-27 22:00:00+01:00,63.87,68.64837137520931,67.5
2018-11-27 23:00:00+01:00,59.4,63.61765759078563,62.31
2018-11-28 00:00:00+01:00,58.22,54.83211048607445,61.1
2018-11-28 01:00:00+01:00,51.9,49.47164893647066,58.33
2018-11-28 02:00:00+01:00,50.06,45.624447920662284,56.61
2018-11-28 03:00:00+01:00,48.57,42.754013030900396,51.67
2018-11-28 04:00:00+01:00,48.41,42.90053016953463,51.97
2018-11-28 05:00:00+01:00,49.1,46.75833414854378,56.19
2018-11-28 06:00:00+01:00,57.63,52.599762946567175,63.04
2018-11-28 07:00:00+01:00,67.98,58.96928700665733,67.18
2018-11-28 08:00:00+01:00,69.47,62.322059320184295,68.53
2018-11-28 09:00:00+01:00,68.07,64.26739230301229,68.89
2018-11-28 10:00:00+01:00,67.63,64.02464350872854,69.5
2018-11-28 11:00:00+01:00,66.94,62.45076117824071,68.69
2018-11-28 12:00:00+01:00,65.61,61.00035580700487,68.4
2018-11-28 13:00:00+01:00,65.5,59.97968217287084,68.07
2018-11-28 14:00:00+01:00,65.51,58.612179550189076,67.33
2018-11-28 15:00:00+01:00,65.97,58.09062850428153,67.39
2018-11-28 16:00:00+01:00,67.03,59.12788880021662,67.96
2018-11-28 17:00:00+01:00,69.47,61.998489288246304,68.74
2018-11-28 18:00:00+01:00,70.83,65.32430678571768,70.15
2018-11-28 19:00:00+01:00,70.01,66.65310708237067,71.51
2018-11-28 20:00:00+01:00,68.25,66.78010633309104,70.61
2018-11-28 21:00:00+01:00,67.49,64.52260252131997,67.54
2018-11-28 22:00:00+01:00,61.3,61.41999027024144,63.87
2018-11-28 23:00:00+01:00,57.98,56.204466741969924,59.4
2018-11-29 00:00:00+01:00,56.3,53.347183247267694,58.22
2018-11-29 01:00:00+01:00,51.84,47.44912144063216,51.9
2018-11-29 02:00:00+01:00,50.1,43.629943174937274,50.06
2018-11-29 03:00:00+01:00,47.0,40.53517775606864,48.57
2018-11-29 04:00:00+01:00,46.67,40.319093880719784,48.41
2018-11-29 05:00:00+01:00,49.64,43.69462201690917,49.1
2018-11-29 06:00:00+01:00,58.33,49.81313368325598,57.63
2018-11-29 07:00:00+01:00,65.24,56.149705119104155,67.98
2018-11-29 08:00:00+01:00,67.33,58.85052206790577,69.47
2018-11-29 09:00:00+01:00,67.34,60.50900239315901,68.07
2018-11-29 10:00:00+01:00,67.09,60.48010805457717,67.63
2018-11-29 11:00:00+01:00,65.96,59.05349125936323,66.94
2018-11-29 12:00:00+01:00,64.3,57.628346670339816,65.61
2018-11-29 13:00:00+01:00,63.94,56.78246653691674,65.5
2018-11-29 14:00:00+01:00,63.09,55.58141942301839,65.51
2018-11-29 15:00:00+01:00,63.92,55.14198872750979,65.97
2018-11-29 16:00:00+01:00,67.2,56.20098664064533,67.03
2018-11-29 17:00:00+01:00,68.71,59.10959509471268,69.47
2018-11-29 18:00:00+01:00,70.15,62.33568545216522,70.83
2018-11-29 19:00:00+01:00,70.83,63.62937292151887,70.01
2018-11-29 20:00:00+01:00,69.22,63.72505054032237,68.25
2018-11-29 21:00:00+01:00,67.0,61.64999021010922,67.49
2018-11-29 22:00:00+01:00,63.05,58.02836949558387,61.3
2018-11-29 23:00:00+01:00,61.01,52.94220909356088,57.98
2018-11-30 00:00:00+01:00,61.04,56.66635167541338,56.3
2018-11-30 01:00:00+01:00,55.67,50.96631026371121,51.84
2018-11-30 02:00:00+01:00,51.56,47.49205057504285,50.1
2018-11-30 03:00:00+01:00,50.0,44.516417153058725,47.0
2018-11-30 04:00:00+01:00,48.57,44.52677771580006,46.67
2018-11-30 05:00:00+01:00,49.07,48.08247880557487,49.64
2018-11-30 06:00:00+01:00,55.2,54.613766820927125,58.33
2018-11-30 07:00:00+01:00,67.2,60.91799563384425,65.24
2018-11-30 08:00:00+01:00,68.25,63.57652908436072,67.33
2018-11-30 09:00:00+01:00,68.03,65.17885596561707,67.34
2018-11-30 10:00:00+01:00,68.19,65.28747471836923,67.09
2018-11-30 11:00:00+01:00,67.92,63.937971697102256,65.96
2018-11-30 12:00:00+01:00,67.2,62.492388314135574,64.3
2018-11-30 13:00:00+01:00,66.19,61.72148018190373,63.94
2018-11-30 14:00:00+01:00,63.89,60.53245135373828,63.09
2018-11-30 15:00:00+01:00,63.81,60.19473243181844,63.92
2018-11-30 16:00:00+01:00,64.79,61.39061080794911,67.2
2018-11-30 17:00:00+01:00,67.2,64.0774142458875,68.71
2018-11-30 18:00:00+01:00,68.49,67.34153421103584,70.15
2018-11-30 19:00:00+01:00,69.04,68.86386905861882,70.83
2018-11-30 20:00:00+01:00,68.4,69.04532583627878,69.22
2018-11-30 21:00:00+01:00,66.39,67.28609713689077,67.0
2018-11-30 22:00:00+01:00,63.75,63.88577793404375,63.05
2018-11-30 23:00:00+01:00,63.89,59.25054903857897,61.01
2018-12-01 00:00:00+01:00,55.57,59.36921097432052,61.04
2018-12-01 01:00:00+01:00,49.0,53.25941195781777,55.67
2018-12-01 02:00:00+01:00,46.15,49.575245931108455,51.56
2018-12-01 03:00:00+01:00,46.01,46.68540114850012,50.0
2018-12-01 04:00:00+01:00,46.13,46.43609764867526,48.57
2018-12-01 05:00:00+01:00,47.29,49.85548907947022,49.07
2018-12-01 06:00:00+01:00,56.0,56.67647450912047,55.2
2018-12-01 07:00:00+01:00,61.97,63.644948198399085,67.2
2018-12-01 08:00:00+01:00,66.58,65.89344034240614,68.25
2018-12-01 09:00:00+01:00,66.89,67.62187586579392,68.03
2018-12-01 10:00:00+01:00,67.19,68.11504502016551,68.19
2018-12-01 11:00:00+01:00,66.34,67.10360691112751,67.92
2018-12-01 12:00:00+01:00,63.82,65.86919343182724,67.2
2018-12-01 13:00:00+01:00,63.86,65.24324767710192,66.19
2018-12-01 14:00:00+01:00,61.59,64.19804293130608,63.89
2018-12-01 15:00:00+01:00,61.58,64.18522110620404,63.81
2018-12-01 16:00:00+01:00,61.59,65.53704244544059,64.79
2018-12-01 17:00:00+01:00,61.97,68.3644737971683,67.2
2018-12-01 18:00:00+01:00,66.36,71.60812013406847,68.49
2018-12-01 19:00:00+01:00,66.89,73.29459389584349,69.04
2018-12-01 20:00:00+01:00,66.89,73.55061631614366,68.4
2018-12-01 21:00:00+01:00,66.16,71.86835603565271,66.39
2018-12-01 22:00:00+01:00,63.57,68.54779708789803,63.75
2018-12-01 23:00:00+01:00,61.59,64.00870238970157,63.89
2018-12-02 00:00:00+01:00,45.0,56.77408234032429,55.57
2018-12-02 01:00:00+01:00,42.62,50.80841262558794,49.0
2018-12-02 02:00:00+01:00,42.12,46.924618739906066,46.15
2018-12-02 03:00:00+01:00,40.26,43.66958652720065,46.01
2018-12-02 04:00:00+01:00,40.26,42.59173742315241,46.13
2018-12-02 05:00:00+01:00,41.7,45.170423191510395,47.29
2018-12-02 06:00:00+01:00,47.57,51.87925533842637,56.0
2018-12-02 07:00:00+01:00,58.87,58.27928560707691,61.97
2018-12-02 08:00:00+01:00,61.11,60.50159229459787,66.58
2018-12-02 09:00:00+01:00,62.09,61.72573717780887,66.89
2018-12-02 10:00:00+01:00,62.25,62.1884360004539,67.19
2018-12-02 11:00:00+01:00,61.28,61.056102953952525,66.34
2018-12-02 12:00:00+01:00,60.65,59.44466393257465,63.82
2018-12-02 13:00:00+01:00,60.07,58.703774736790706,63.86
2018-12-02 14:00:00+01:00,59.92,57.258167452631476,61.59
2018-12-02 15:00:00+01:00,55.21,57.20737112300624,61.58
2018-12-02 16:00:00+01:00,54.95,58.35923429298481,61.59
2018-12-02 17:00:00+01:00,58.64,61.03077092884124,61.97
2018-12-02 18:00:00+01:00,61.44,64.70070837289055,66.36
2018-12-02 19:00:00+01:00,64.0,66.47339584904802,66.89
2018-12-02 20:00:00+01:00,65.01,67.14361103420336,66.89
2018-12-02 21:00:00+01:00,64.99,66.0569026562025,66.16
2018-12-02 22:00:00+01:00,62.28,63.21177178632678,63.57
2018-12-02 23:00:00+01:00,61.01,59.47900556765256,61.59
2018-12-03 00:00:00+01:00,23.8,54.91382810532118,45.0
2018-12-03 01:00:00+01:00,12.0,50.401475704413954,42.62
2018-12-03 02:00:00+01:00,8.0,47.06719746531054,42.12
2018-12-03 03:00:00+01:00,6.7,44.277763634268226,40.26
2018-12-03 04:00:00+01:00,8.0,43.88963185274265,40.26
2018-12-03 05:00:00+01:00,12.0,46.98716002976275,41.7
2018-12-03 06:00:00+01:00,27.24,54.286408059676766,47.57
2018-12-03 07:00:00+01:00,44.45,61.66293894800305,58.87
2018-12-03 08:00:00+01:00,48.34,63.90318125181346,61.11
2018-12-03 09:00:00+01:00,48.05,65.35268577416127,62.09
2018-12-03 10:00:00+01:00,46.02,65.97395136281257,62.25
2018-12-03 11:00:00+01:00,44.41,65.05743029849626,61.28
2018-12-03 12:00:00+01:00,45.0,63.75419692497108,60.65
2018-12-03 13:00:00+01:00,41.5,63.18252797749948,60.07
2018-12-03 14:00:00+01:00,38.38,62.038350934460475,59.92
2018-12-03 15:00:00+01:00,37.24,61.587713582714116,55.21
2018-12-03 16:00:00+01:00,37.61,63.041289258011645,54.95
2018-12-03 17:00:00+01:00,42.23,65.98564947754421,58.64
2018-12-03 18:00:00+01:00,50.24,69.411799699141,61.44
2018-12-03 19:00:00+01:00,62.0,71.10469399619781,64.0
2018-12-03 20:00:00+01:00,70.0,71.46369197763573,65.01
2018-12-03 21:00:00+01:00,66.64,70.0537163348772,64.99
2018-12-03 22:00:00+01:00,56.13,66.76191169385795,62.28
2018-12-03 23:00:00+01:00,50.6,62.816463457668604,61.01
2018-12-04 00:00:00+01:00,34.42,42.23843183102119,23.8
2018-12-04 01:00:00+01:00,32.32,39.570741046719505,12.0
2018-12-04 02:00:00+01:00,31.37,37.04162250156668,8.0
2018-12-04 03:00:00+01:00,30.34,34.53067009643085,6.7
2018-12-04 04:00:00+01:00,30.0,34.18482017139915,8.0
2018-12-04 05:00:00+01:00,31.87,37.21262816181165,12.0
2018-12-04 06:00:00+01:00,41.05,45.1005386119946,27.24
2018-12-04 07:00:00+01:00,48.37,52.67909452543364,44.45
2018-12-04 08:00:00+01:00,52.03,54.21394216768754,48.34
2018-12-04 09:00:00+01:00,56.56,55.29620623217783,48.05
2018-12-04 10:00:00+01:00,56.06,55.81655608669499,46.02
2018-12-04 11:00:00+01:00,54.96,55.08218378369248,44.41
2018-12-04 12:00:00+01:00,52.61,54.04423300642592,45.0
2018-12-04 13:00:00+01:00,52.34,53.10840977172835,41.5
2018-12-04 14:00:00+01:00,50.86,52.03950422553631,38.38
2018-12-04 15:00:00+01:00,49.66,51.74034311096113,37.24
2018-12-04 16:00:00+01:00,49.03,53.20563504303488,37.61
2018-12-04 17:00:00+01:00,50.54,56.41541907181821,42.23
2018-12-04 18:00:00+01:00,51.8,60.13692266586476,50.24
2018-12-04 19:00:00+01:00,52.45,62.335672480234834,62.0
2018-12-04 20:00:00+01:00,57.06,62.52773415809359,70.0
2018-12-04 21:00:00+01:00,75.0,60.26763218976011,66.64
2018-12-04 22:00:00+01:00,56.21,56.44813513394661,56.13
2018-12-04 23:00:00+01:00,53.31,53.41665421103705,50.6
2018-12-05 00:00:00+01:00,59.13,44.54592798611131,34.42
2018-12-05 01:00:00+01:00,58.58,42.73046511676736,32.32
2018-12-05 02:00:00+01:00,57.09,40.560192440611665,31.37
2018-12-05 03:00:00+01:00,56.95,38.259683916227644,30.34
2018-12-05 04:00:00+01:00,55.0,37.98817044772085,30.0
2018-12-05 05:00:00+01:00,52.46,41.09384243541828,31.87
2018-12-05 06:00:00+01:00,51.97,49.34308784588076,41.05
2018-12-05 07:00:00+01:00,51.97,56.93535282997946,48.37
2018-12-05 08:00:00+01:00,52.46,58.75983004885493,52.03
2018-12-05 09:00:00+01:00,53.36,60.035207647034206,56.56
2018-12-05 10:00:00+01:00,50.68,60.21352368934476,56.06
2018-12-05 11:00:00+01:00,46.13,59.510524176005624,54.96
2018-12-05 12:00:00+01:00,42.49,58.40111575452986,52.61
2018-12-05 13:00:00+01:00,38.05,57.635662186035994,52.34
2018-12-05 14:00:00+01:00,36.4,56.501437787637876,50.86
2018-12-05 15:00:00+01:00,28.07,56.172084225499695,49.66
2018-12-05 16:00:00+01:00,27.69,57.56611689253847,49.03
2018-12-05 17:00:00+01:00,26.09,60.856393969100665,50.54
2018-12-05 18:00:00+01:00,27.94,64.59166129909892,51.8
2018-12-05 19:00:00+01:00,31.99,66.9560409240461,52.45
2018-12-05 20:00:00+01:00,36.2,67.77549587845844,57.06
2018-12-05 21:00:00+01:00,38.55,67.02281055107878,75.0
2018-12-05 22:00:00+01:00,39.9,60.437706876179725,56.21
2018-12-05 23:00:00+01:00,38.05,58.45538530376564,53.31
2018-12-06 00:00:00+01:00,56.09,29.70313184827267,59.13
2018-12-06 01:00:00+01:00,52.01,26.281854611041904,58.58
2018-12-06 02:00:00+01:00,51.92,23.427606333875413,57.09
2018-12-06 03:00:00+01:00,51.42,20.78382313731744,56.95
2018-12-06 04:00:00+01:00,51.18,19.79814139554707,55.0
2018-12-06 05:00:00+01:00,51.48,22.175587918556577,52.46
2018-12-06 06:00:00+01:00,55.14,29.777954369398167,51.97
2018-12-06 07:00:00+01:00,55.02,37.11412621460317,51.97
2018-12-06 08:00:00+01:00,60.11,39.18251579612645,52.46
2018-12-06 09:00:00+01:00,60.51,40.29966253235995,53.36
2018-12-06 10:00:00+01:00,60.11,39.98734787005084,50.68
2018-12-06 11:00:00+01:00,60.11,38.89335563180772,46.13
2018-12-06 12:00:00+01:00,60.11,37.60835905943265,42.49
2018-12-06 13:00:00+01:00,59.0,36.473644562710334,38.05
2018-12-06 14:00:00+01:00,55.41,35.283627644416505,36.4
2018-12-06 15:00:00+01:00,51.5,33.989917788863714,28.07
2018-12-06 16:00:00+01:00,50.98,35.4511753118219,27.69
2018-12-06 17:00:00+01:00,51.62,38.07672685910041,26.09
2018-12-06 18:00:00+01:00,52.93,41.53898265383913,27.94
2018-12-06 19:00:00+01:00,54.08,43.66075852588546,31.99
2018-12-06 20:00:00+01:00,52.78,44.03970250382909,36.2
2018-12-06 21:00:00+01:00,58.39,42.61577440318879,38.55
2018-12-06 22:00:00+01:00,55.15,35.809283814950476,39.9
2018-12-06 23:00:00+01:00,50.66,32.253605207576065,38.05
2018-12-07 00:00:00+01:00,62.0,44.94943192608419,56.09
2018-12-07 01:00:00+01:00,61.14,39.60661616219899,52.01
2018-12-07 02:00:00+01:00,58.0,36.95709039780046,51.92
2018-12-07 03:00:00+01:00,57.0,34.35916276675816,51.42
2018-12-07 04:00:00+01:00,56.95,33.30058557146249,51.18
2018-12-07 05:00:00+01:00,57.93,35.461748302888296,51.48
2018-12-07 06:00:00+01:00,61.5,42.94123903588648,55.14
2018-12-07 07:00:00+01:00,63.17,50.05533090586462,55.02
2018-12-07 08:00:00+01:00,65.02,53.107859417533575,60.11
2018-12-07 09:00:00+01:00,66.86,54.13538015172966,60.51
2018-12-07 10:00:00+01:00,66.51,54.02641986582791,60.11
2018-12-07 11:00:00+01:00,66.69,53.2487731490403,60.11
2018-12-07 12:00:00+01:00,68.0,52.23184881972223,60.11
2018-12-07 13:00:00+01:00,68.3,51.25846309653407,59.0
2018-12-07 14:00:00+01:00,67.94,50.15460554439338,55.41
2018-12-07 15:00:00+01:00,66.85,49.153428231154244,51.5
2018-12-07 16:00:00+01:00,66.67,51.0325433536555,50.98
2018-12-07 17:00:00+01:00,66.09,54.041745151327284,51.62
2018-12-07 18:00:00+01:00,65.01,57.88475275528492,52.93
2018-12-07 19:00:00+01:00,64.35,60.51128575715441,54.08
2018-12-07 20:00:00+01:00,64.67,61.23931827746195,52.78
2018-12-07 21:00:00+01:00,65.01,60.941554941883595,58.39
2018-12-07 22:00:00+01:00,64.67,54.235804619584655,55.15
2018-12-07 23:00:00+01:00,62.64,50.8253856863013,50.66
2018-12-08 00:00:00+01:00,65.57,58.80245913101692,62.0
2018-12-08 01:00:00+01:00,64.14,52.614728819657344,61.14
2018-12-08 02:00:00+01:00,64.14,49.4504809375548,58.0
2018-12-08 03:00:00+01:00,64.39,46.807454344889926,57.0
2018-12-08 04:00:00+01:00,63.9,45.30711551837538,56.95
2018-12-08 05:00:00+01:00,63.9,46.76353882388813,57.93
2018-12-08 06:00:00+01:00,63.9,53.609680652702046,61.5
2018-12-08 07:00:00+01:00,62.14,60.32520627690646,63.17
2018-12-08 08:00:00+01:00,59.9,63.668621578712084,65.02
2018-12-08 09:00:00+01:00,61.99,64.83050856336259,66.86
2018-12-08 10:00:00+01:00,60.0,64.60801256418206,66.51
2018-12-08 11:00:00+01:00,62.14,63.94654116889985,66.69
2018-12-08 12:00:00+01:00,62.14,63.051135766435934,68.0
2018-12-08 13:00:00+01:00,62.0,61.899990661386816,68.3
2018-12-08 14:00:00+01:00,60.0,60.654606499317666,67.94
2018-12-08 15:00:00+01:00,57.5,59.50498975742366,66.85
2018-12-08 16:00:00+01:00,52.37,61.275425606087914,66.67
2018-12-08 17:00:00+01:00,51.77,64.27012662284497,66.09
2018-12-08 18:00:00+01:00,51.61,68.27050718616951,65.01
2018-12-08 19:00:00+01:00,57.55,71.5287853595079,64.35
2018-12-08 20:00:00+01:00,61.35,73.14136893468525,64.67
2018-12-08 21:00:00+01:00,65.67,73.76090011282844,65.01
2018-12-08 22:00:00+01:00,67.75,68.14834439914216,64.67
2018-12-08 23:00:00+01:00,66.01,64.75687292662244,62.64
2018-12-09 00:00:00+01:00,71.71,62.172830050148676,65.57
2018-12-09 01:00:00+01:00,70.67,55.97594497286805,64.14
2018-12-09 02:00:00+01:00,69.9,52.87598318141903,64.14
2018-12-09 03:00:00+01:00,68.21,50.58549280740052,64.39
2018-12-09 04:00:00+01:00,68.62,49.527122910894235,63.9
2018-12-09 05:00:00+01:00,70.0,51.48053256273078,63.9
2018-12-09 06:00:00+01:00,73.92,58.48111626999062,63.9
2018-12-09 07:00:00+01:00,76.04,65.53563954480835,62.14
2018-12-09 08:00:00+01:00,76.04,69.46269373698432,59.9
2018-12-09 09:00:00+01:00,77.7,71.51896811475918,61.99
2018-12-09 10:00:00+01:00,77.07,71.36157486396353,60.0
2018-12-09 11:00:00+01:00,77.0,71.22831737574641,62.14
2018-12-09 12:00:00+01:00,77.88,70.35369212207593,62.14
2018-12-09 13:00:00+01:00,78.0,69.41892626252034,62.0
2018-12-09 14:00:00+01:00,77.89,68.25052212177813,60.0
2018-12-09 15:00:00+01:00,77.69,67.27320201953589,57.5
2018-12-09 16:00:00+01:00,77.69,68.71452327307095,52.37
2018-12-09 17:00:00+01:00,77.03,72.07057546349002,51.77
2018-12-09 18:00:00+01:00,77.64,76.06881765169038,51.61
2018-12-09 19:00:00+01:00,78.78,79.75988340581188,57.55
2018-12-09 20:00:00+01:00,80.08,81.11364607554185,61.35
2018-12-09 21:00:00+01:00,79.05,81.4254981091866,65.67
2018-12-09 22:00:00+01:00,76.04,75.86992133609668,67.75
2018-12-09 23:00:00+01:00,74.74,71.55994625020826,66.01
2018-12-10 00:00:00+01:00,57.22,71.43896259983316,71.71
2018-12-10 01:00:00+01:00,54.99,64.93784581941112,70.67
2018-12-10 02:00:00+01:00,52.25,61.580110084471634,69.9
2018-12-10 03:00:00+01:00,50.43,59.15823608552311,68.21
2018-12-10 04:00:00+01:00,50.3,58.21627560672668,68.62
2018-12-10 05:00:00+01:00,50.3,60.062739161340176,70.0
2018-12-10 06:00:00+01:00,56.63,66.90525609527377,73.92
2018-12-10 07:00:00+01:00,65.2,73.8645441024388,76.04
2018-12-10 08:00:00+01:00,68.01,77.9573873214489,76.04
2018-12-10 09:00:00+01:00,69.76,80.40274973118302,77.7
2018-12-10 10:00:00+01:00,69.64,80.30334175119954,77.07
2018-12-10 11:00:00+01:00,66.14,80.21262991316033,77.0
2018-12-10 12:00:00+01:00,63.73,79.43127684098434,77.88
2018-12-10 13:00:00+01:00,56.9,78.33575159795427,78.0
2018-12-10 14:00:00+01:00,56.64,76.9999110663788,77.89
2018-12-10 15:00:00+01:00,55.0,75.79636563216327,77.69
2018-12-10 16:00:00+01:00,56.96,76.81833779739404,77.69
2018-12-10 17:00:00+01:00,67.32,79.70162443340452,77.03
2018-12-10 18:00:00+01:00,68.68,83.50978233857937,77.64
2018-12-10 19:00:00+01:00,70.46,87.08574135387363,78.78
2018-12-10 20:00:00+01:00,72.82,88.49850953406573,80.08
2018-12-10 21:00:00+01:00,70.15,88.59841754788687,79.05
2018-12-10 22:00:00+01:00,67.85,83.27515765442199,76.04
2018-12-10 23:00:00+01:00,62.41,78.92666135674406,74.74
2018-12-11 00:00:00+01:00,54.89,57.600055359083875,57.22
2018-12-11 01:00:00+01:00,49.55,52.1572756547293,54.99
2018-12-11 02:00:00+01:00,46.9,48.20702214915823,52.25
2018-12-11 03:00:00+01:00,46.9,45.325163318450734,50.43
2018-12-11 04:00:00+01:00,47.0,43.970832142600784,50.3
2018-12-11 05:00:00+01:00,49.13,45.17921585591782,50.3
2018-12-11 06:00:00+01:00,64.68,51.703191777332734,56.63
2018-12-11 07:00:00+01:00,69.87,58.43572733972795,65.2
2018-12-11 08:00:00+01:00,68.71,61.86551646962954,68.01
2018-12-11 09:00:00+01:00,69.62,63.917935118927616,69.76
2018-12-11 10:00:00+01:00,68.71,63.495715442985905,69.64
2018-12-11 11:00:00+01:00,69.06,62.76357039078098,66.14
2018-12-11 12:00:00+01:00,67.73,61.79613405951985,63.73
2018-12-11 13:00:00+01:00,67.39,60.10544567686073,56.9
2018-12-11 14:00:00+01:00,67.18,59.10371712924114,56.64
2018-12-11 15:00:00+01:00,68.0,57.63206577298563,55.0
2018-12-11 16:00:00+01:00,68.85,58.57862413794513,56.96
2018-12-11 17:00:00+01:00,72.8,61.84031316794319,67.32
2018-12-11 18:00:00+01:00,75.0,64.63672902336161,68.68
2018-12-11 19:00:00+01:00,75.43,67.93634985094926,70.46
2018-12-11 20:00:00+01:00,71.11,69.29883192027624,72.82
2018-12-11 21:00:00+01:00,70.16,68.76570582060663,70.15
2018-12-11 22:00:00+01:00,67.18,63.54336506345794,67.85
2018-12-11 23:00:00+01:00,60.5,58.79755368938673,62.41
2018-12-12 00:00:00+01:00,62.93,55.52499216047435,54.89
2018-12-12 01:00:00+01:00,57.0,50.20814783576801,49.55
2018-12-12 02:00:00+01:00,54.76,46.28742317335041,46.9
2018-12-12 03:00:00+01:00,52.1,43.441457245459915,46.9
2018-12-12 04:00:00+01:00,52.1,41.85619956963602,47.0
2018-12-12 05:00:00+01:00,53.86,42.87786410574515,49.13
2018-12-12 06:00:00+01:00,66.47,49.939719909693345,64.68
2018-12-12 07:00:00+01:00,68.65,55.67742084252456,69.87
2018-12-12 08:00:00+01:00,69.53,58.61653018495485,68.71
2018-12-12 09:00:00+01:00,70.0,60.81571067681169,69.62
2018-12-12 10:00:00+01:00,69.88,60.393711456845466,68.71
2018-12-12 11:00:00+01:00,69.43,59.74273956260198,69.06
2018-12-12 12:00:00+01:00,69.01,58.62671852892632,67.73
2018-12-12 13:00:00+01:00,68.75,57.056043419657584,67.39
2018-12-12 14:00:00+01:00,68.15,56.01017044171082,67.18
2018-12-12 15:00:00+01:00,68.07,54.65562099392711,68.0
2018-12-12 16:00:00+01:00,67.83,55.39616754550961,68.85
2018-12-12 17:00:00+01:00,68.07,58.67903388750599,72.8
2018-12-12 18:00:00+01:00,68.4,61.336740469148154,75.0
2018-12-12 19:00:00+01:00,68.25,64.37648586818189,75.43
2018-12-12 20:00:00+01:00,68.15,65.41587888845713,71.11
2018-12-12 21:00:00+01:00,66.1,65.2379057717767,70.16
2018-12-12 22:00:00+01:00,63.45,60.20681710222163,67.18
2018-12-12 23:00:00+01:00,57.32,55.13284090083949,60.5
2018-12-13 00:00:00+01:00,55.0,53.50754193432016,62.93
2018-12-13 01:00:00+01:00,51.28,47.71889420519089,57.0
2018-12-13 02:00:00+01:00,49.1,43.855670032457255,54.76
2018-12-13 03:00:00+01:00,47.99,40.62032261917513,52.1
2018-12-13 04:00:00+01:00,47.47,38.66062479987676,52.1
2018-12-13 05:00:00+01:00,47.67,38.94226355755379,53.86
2018-12-13 06:00:00+01:00,51.1,45.8398640277242,66.47
2018-12-13 07:00:00+01:00,62.34,50.20283689757462,68.65
2018-12-13 08:00:00+01:00,67.0,52.812968154991914,69.53
2018-12-13 09:00:00+01:00,68.07,54.84909492520751,70.0
2018-12-13 10:00:00+01:00,68.01,54.42368421063334,69.88
2018-12-13 11:00:00+01:00,67.18,53.6340953643511,69.43
2018-12-13 12:00:00+01:00,66.75,52.40746114101913,69.01
2018-12-13 13:00:00+01:00,66.06,50.65323139260804,68.75
2018-12-13 14:00:00+01:00,63.9,49.29550196888034,68.15
2018-12-13 15:00:00+01:00,60.88,47.75239253606632,68.07
2018-12-13 16:00:00+01:00,59.41,48.06351757240496,67.83
2018-12-13 17:00:00+01:00,62.0,51.047743531960904,68.07
2018-12-13 18:00:00+01:00,65.81,53.7053466830152,68.4
2018-12-13 19:00:00+01:00,66.75,56.86602102398543,68.25
2018-12-13 20:00:00+01:00,67.2,58.45031353282069,68.15
2018-12-13 21:00:00+01:00,67.2,58.76095553387384,66.1
2018-12-13 22:00:00+01:00,65.66,54.67118372865767,63.45
2018-12-13 23:00:00+01:00,59.41,49.703579478487065,57.32
2018-12-14 00:00:00+01:00,52.16,55.30382356674532,55.0
2018-12-14 01:00:00+01:00,51.2,49.41204848491177,51.28
2018-12-14 02:00:00+01:00,49.7,45.60919537291197,49.1
2018-12-14 03:00:00+01:00,49.5,42.72849670956729,47.99
2018-12-14 04:00:00+01:00,49.7,41.267600188393914,47.47
2018-12-14 05:00:00+01:00,50.96,42.191330005446716,47.67
2018-12-14 06:00:00+01:00,53.0,49.50332145922394,51.1
2018-12-14 07:00:00+01:00,64.45,55.507514725230635,62.34
2018-12-14 08:00:00+01:00,67.5,58.35837193883404,67.0
2018-12-14 09:00:00+01:00,68.07,60.49030201143435,68.07
2018-12-14 10:00:00+01:00,68.0,60.507254146531544,68.01
2018-12-14 11:00:00+01:00,67.18,60.00593288510543,67.18
2018-12-14 12:00:00+01:00,65.09,59.14694270670014,66.75
2018-12-14 13:00:00+01:00,64.45,57.778960718650474,66.06
2018-12-14 14:00:00+01:00,62.19,56.608122418714366,63.9
2018-12-14 15:00:00+01:00,61.79,55.32354548671157,60.88
2018-12-14 16:00:00+01:00,63.7,55.90634411066897,59.41
2018-12-14 17:00:00+01:00,67.1,59.16435082744897,62.0
2018-12-14 18:00:00+01:00,68.25,62.0388343338952,65.81
2018-12-14 19:00:00+01:00,68.53,64.7651255163559,66.75
2018-12-14 20:00:00+01:00,68.64,66.0555892897213,67.2
2018-12-14 21:00:00+01:00,68.5,65.9168920213986,67.2
2018-12-14 22:00:00+01:00,67.67,61.48715607534517,65.66
2018-12-14 23:00:00+01:00,66.0,55.74481590029913,59.41
2018-12-15 00:00:00+01:00,66.3,61.48019703835627,52.16
2018-12-15 01:00:00+01:00,60.9,56.56352217254913,51.2
2018-12-15 02:00:00+01:00,58.0,52.85862956717561,49.7
2018-12-15 03:00:00+01:00,52.74,50.2094634720013,49.5
2018-12-15 04:00:00+01:00,51.25,48.843098819916165,49.7
2018-12-15 05:00:00+01:00,50.81,49.793813641635026,50.96
2018-12-15 06:00:00+01:00,51.76,56.76598885465673,53.0
2018-12-15 07:00:00+01:00,56.7,63.80171415924023,64.45
2018-12-15 08:00:00+01:00,57.5,66.44751584659598,67.5
2018-12-15 09:00:00+01:00,64.18,68.560616599656,68.07
2018-12-15 10:00:00+01:00,65.96,68.8648757332741,68.0
2018-12-15 11:00:00+01:00,64.97,68.53704541236026,67.18
2018-12-15 12:00:00+01:00,63.75,67.78492047719679,65.09
2018-12-15 13:00:00+01:00,63.1,66.76437839610996,64.45
2018-12-15 14:00:00+01:00,58.0,65.65022943246392,62.19
2018-12-15 15:00:00+01:00,58.72,64.73556834531007,61.79
2018-12-15 16:00:00+01:00,59.07,65.60493849870109,63.7
2018-12-15 17:00:00+01:00,62.72,69.03034399222851,67.1
2018-12-15 18:00:00+01:00,66.88,72.02511365475513,68.25
2018-12-15 19:00:00+01:00,67.5,75.00105320742048,68.53
2018-12-15 20:00:00+01:00,60.78,76.75671692764115,68.64
2018-12-15 21:00:00+01:00,59.53,77.1144684111329,68.5
2018-12-15 22:00:00+01:00,60.48,73.3906017918392,67.67
2018-12-15 23:00:00+01:00,59.41,67.66312818320539,66.0
2018-12-16 00:00:00+01:00,55.19,54.57438260835147,66.3
2018-12-16 01:00:00+01:00,51.2,49.0461086261386,60.9
2018-12-16 02:00:00+01:00,49.58,45.283332857243074,58.0
2018-12-16 03:00:00+01:00,46.74,42.28326031612012,52.74
2018-12-16 04:00:00+01:00,46.0,41.082411396647835,51.25
2018-12-16 05:00:00+01:00,46.77,41.96599587532689,50.81
2018-12-16 06:00:00+01:00,49.11,48.5490672346944,51.76
2018-12-16 07:00:00+01:00,50.81,55.84579961293196,56.7
2018-12-16 08:00:00+01:00,51.6,58.47199437836559,57.5
2018-12-16 09:00:00+01:00,56.72,60.99009313092321,64.18
2018-12-16 10:00:00+01:00,57.98,60.88266521380069,65.96
2018-12-16 11:00:00+01:00,58.82,60.1117778618121,64.97
2018-12-16 12:00:00+01:00,57.21,59.09476379709858,63.75
2018-12-16 13:00:00+01:00,57.21,57.87522191914086,63.1
2018-12-16 14:00:00+01:00,57.05,56.1258411985899,58.0
2018-12-16 15:00:00+01:00,54.1,55.368796766622,58.72
2018-12-16 16:00:00+01:00,57.21,55.81234487174758,59.07
2018-12-16 17:00:00+01:00,62.01,58.9829016770501,62.72
2018-12-16 18:00:00+01:00,67.31,61.75982329996458,66.88
2018-12-16 19:00:00+01:00,68.1,64.12972146993606,67.5
2018-12-16 20:00:00+01:00,68.07,65.01179189358203,60.78
2018-12-16 21:00:00+01:00,64.12,65.56910776232209,59.53
2018-12-16 22:00:00+01:00,66.01,62.096268431587674,60.48
2018-12-16 23:00:00+01:00,57.26,56.0263115766987,59.41
2018-12-17 00:00:00+01:00,52.08,53.061185713286136,55.19
2018-12-17 01:00:00+01:00,51.0,47.72886657780273,51.2
2018-12-17 02:00:00+01:00,49.92,44.09314569397649,49.58
2018-12-17 03:00:00+01:00,49.05,40.95317100584022,46.74
2018-12-17 04:00:00+01:00,49.47,39.76188173764761,46.0
2018-12-17 05:00:00+01:00,52.03,40.55565527483246,46.77
2018-12-17 06:00:00+01:00,65.15,46.74161303790292,49.11
2018-12-17 07:00:00+01:00,69.59,53.91864233936352,50.81
2018-12-17 08:00:00+01:00,69.2,56.907604153954075,51.6
2018-12-17 09:00:00+01:00,69.99,59.933193003757886,56.72
2018-12-17 10:00:00+01:00,70.0,59.83527907549901,57.98
2018-12-17 11:00:00+01:00,69.95,59.130704864383176,58.82
2018-12-17 12:00:00+01:00,69.88,57.953274623057766,57.21
2018-12-17 13:00:00+01:00,69.54,56.86291160530092,57.21
2018-12-17 14:00:00+01:00,68.99,55.09911407943926,57.05
2018-12-17 15:00:00+01:00,69.08,53.95286116972566,54.1
2018-12-17 16:00:00+01:00,69.11,54.692996329840184,57.21
2018-12-17 17:00:00+01:00,69.59,57.73177457661384,62.01
2018-12-17 18:00:00+01:00,70.64,60.50499961240548,67.31
2018-12-17 19:00:00+01:00,70.95,62.48529703259712,68.1
2018-12-17 20:00:00+01:00,71.1,63.40965347869291,68.07
2018-12-17 21:00:00+01:00,68.15,63.76759615528388,64.12
2018-12-17 22:00:00+01:00,64.8,61.28464415450013,66.01
2018-12-17 23:00:00+01:00,58.78,55.37221031786633,57.26
2018-12-18 00:00:00+01:00,53.0,54.30499829395826,52.08
2018-12-18 01:00:00+01:00,51.03,49.31087112421449,51.0
2018-12-18 02:00:00+01:00,50.0,45.45954516238705,49.92
2018-12-18 03:00:00+01:00,49.04,42.167843489433125,49.05
2018-12-18 04:00:00+01:00,49.0,40.80167716539947,49.47
2018-12-18 05:00:00+01:00,50.87,41.49069502874608,52.03
2018-12-18 06:00:00+01:00,58.81,48.0114647911529,65.15
2018-12-18 07:00:00+01:00,66.14,54.27790316514988,69.59
2018-12-18 08:00:00+01:00,67.83,57.024148098788245,69.2
2018-12-18 09:00:00+01:00,68.07,60.04020427574819,69.99
2018-12-18 10:00:00+01:00,67.73,60.058383968125284,70.0
2018-12-18 11:00:00+01:00,66.15,59.32070446431262,69.95
2018-12-18 12:00:00+01:00,65.83,58.082418273982626,69.88
2018-12-18 13:00:00+01:00,66.05,56.85637063859235,69.54
2018-12-18 14:00:00+01:00,66.01,55.02003055149072,68.99
2018-12-18 15:00:00+01:00,66.15,53.768829716821365,69.08
2018-12-18 16:00:00+01:00,65.87,54.230572391958745,69.11
2018-12-18 17:00:00+01:00,67.0,56.98618519460278,69.59
2018-12-18 18:00:00+01:00,67.23,59.713368731547064,70.64
2018-12-18 19:00:00+01:00,67.65,61.60452878596758,70.95
2018-12-18 20:00:00+01:00,66.2,62.50697744305562,71.1
2018-12-18 21:00:00+01:00,66.03,62.55213960875028,68.15
2018-12-18 22:00:00+01:00,63.64,60.160138259477996,64.8
2018-12-18 23:00:00+01:00,58.0,54.00031008461017,58.78
2018-12-19 00:00:00+01:00,53.58,53.31787001406546,53.0
2018-12-19 01:00:00+01:00,50.0,48.64726132099888,51.03
2018-12-19 02:00:00+01:00,47.1,44.814875399565466,50.0
2018-12-19 03:00:00+01:00,46.41,41.507772733140705,49.04
2018-12-19 04:00:00+01:00,45.7,40.08464098704726,49.0
2018-12-19 05:00:00+01:00,47.99,40.800442710836705,50.87
2018-12-19 06:00:00+01:00,52.27,47.359930702227345,58.81
2018-12-19 07:00:00+01:00,63.75,53.56463380531551,66.14
2018-12-19 08:00:00+01:00,65.15,56.03111376038871,67.83
2018-12-19 09:00:00+01:00,66.58,58.71349922092385,68.07
2018-12-19 10:00:00+01:00,65.05,58.73248577236667,67.73
2018-12-19 11:00:00+01:00,64.43,57.78191253250532,66.15
2018-12-19 12:00:00+01:00,64.18,56.51222131724163,65.83
2018-12-19 13:00:00+01:00,64.1,55.19288462432323,66.05
2018-12-19 14:00:00+01:00,63.7,53.28661747237976,66.01
2018-12-19 15:00:00+01:00,64.18,51.930055500820046,66.15
2018-12-19 16:00:00+01:00,64.47,52.17171394843663,65.87
2018-12-19 17:00:00+01:00,66.15,54.82729519673666,67.0
2018-12-19 18:00:00+01:00,69.49,57.48426999270252,67.23
2018-12-19 19:00:00+01:00,69.08,59.4801677526907,67.65
2018-12-19 20:00:00+01:00,66.96,60.31764660614636,66.2
2018-12-19 21:00:00+01:00,64.47,60.503075729852085,66.03
2018-12-19 22:00:00+01:00,63.16,58.04940492115029,63.64
2018-12-19 23:00:00+01:00,59.11,51.860872408573336,58.0
2018-12-20 00:00:00+01:00,62.3,54.33721577692528,53.58
2018-12-20 01:00:00+01:00,56.2,49.860264330446235,50.0
2018-12-20 02:00:00+01:00,53.17,46.14455795750932,47.1
2018-12-20 03:00:00+01:00,52.79,43.08166643040813,46.41
2018-12-20 04:00:00+01:00,52.79,41.585514991403805,45.7
2018-12-20 05:00:00+01:00,54.1,42.4061315078705,47.99
2018-12-20 06:00:00+01:00,60.0,48.67175182413054,52.27
2018-12-20 07:00:00+01:00,66.29,55.51472908319189,63.75
2018-12-20 08:00:00+01:00,68.49,57.560890501337205,65.15
2018-12-20 09:00:00+01:00,68.4,60.28765094822815,66.58
2018-12-20 10:00:00+01:00,67.04,60.459934511731376,65.05
2018-12-20 11:00:00+01:00,66.8,59.91032032075218,64.43
2018-12-20 12:00:00+01:00,65.25,58.99614466591301,64.18
2018-12-20 13:00:00+01:00,65.25,57.99846310443829,64.1
2018-12-20 14:00:00+01:00,64.64,56.40272054491455,63.7
2018-12-20 15:00:00+01:00,64.89,55.33019047469072,64.18
2018-12-20 16:00:00+01:00,65.01,55.633759643031865,64.47
2018-12-20 17:00:00+01:00,67.83,58.34898940467675,66.15
2018-12-20 18:00:00+01:00,68.49,61.25230756554436,69.49
2018-12-20 19:00:00+01:00,67.84,63.074301421036786,69.08
2018-12-20 20:00:00+01:00,68.01,63.88904565335113,66.96
2018-12-20 21:00:00+01:00,67.2,64.14320946823135,64.47
2018-12-20 22:00:00+01:00,65.19,62.09746902798098,63.16
2018-12-20 23:00:00+01:00,63.57,56.00131180997278,59.11
2018-12-21 00:00:00+01:00,59.95,59.58280629113276,62.3
2018-12-21 01:00:00+01:00,54.1,54.641651418525406,56.2
2018-12-21 02:00:00+01:00,52.27,51.111581071372754,53.17
2018-12-21 03:00:00+01:00,50.1,48.05531081229792,52.79
2018-12-21 04:00:00+01:00,49.99,46.056543320719456,52.79
2018-12-21 05:00:00+01:00,50.59,46.185796861530804,54.1
2018-12-21 06:00:00+01:00,55.0,51.69912283733565,60.0
2018-12-21 07:00:00+01:00,64.01,57.99222698566767,66.29
2018-12-21 08:00:00+01:00,64.49,59.63933184700855,68.49
2018-12-21 09:00:00+01:00,64.64,61.88110064676424,68.4
2018-12-21 10:00:00+01:00,64.25,62.06139237896312,67.04
2018-12-21 11:00:00+01:00,63.93,61.671965911861015,66.8
2018-12-21 12:00:00+01:00,62.71,60.705055466019026,65.25
2018-12-21 13:00:00+01:00,63.2,59.872475196788756,65.25
2018-12-21 14:00:00+01:00,60.48,58.27572067643777,64.64
2018-12-21 15:00:00+01:00,60.48,57.24199556768508,64.89
2018-12-21 16:00:00+01:00,61.24,57.423338194403605,65.01
2018-12-21 17:00:00+01:00,64.25,60.24171715562826,67.83
2018-12-21 18:00:00+01:00,65.01,63.139694841212645,68.49
2018-12-21 19:00:00+01:00,65.25,65.20183797018281,67.84
2018-12-21 20:00:00+01:00,65.78,66.63045254653629,68.01
2018-12-21 21:00:00+01:00,65.0,67.49616111075906,67.2
2018-12-21 22:00:00+01:00,64.25,66.38729471262005,65.19
2018-12-21 23:00:00+01:00,62.45,61.13601841930844,63.57
2018-12-22 00:00:00+01:00,63.12,57.602145966021,59.95
2018-12-22 01:00:00+01:00,57.75,52.15441517472054,54.1
2018-12-22 02:00:00+01:00,54.72,48.63472683283734,52.27
2018-12-22 03:00:00+01:00,54.1,45.57656516584447,50.1
2018-12-22 04:00:00+01:00,54.1,43.973174814572246,49.99
2018-12-22 05:00:00+01:00,54.39,44.53311311750023,50.59
2018-12-22 06:00:00+01:00,55.29,50.59079750619061,55.0
2018-12-22 07:00:00+01:00,58.85,57.82659596370798,64.01
2018-12-22 08:00:00+01:00,58.19,59.75957631835668,64.49
2018-12-22 09:00:00+01:00,63.59,62.300046365458336,64.64
2018-12-22 10:00:00+01:00,65.01,62.84203666110097,64.25
2018-12-22 11:00:00+01:00,64.7,62.66269722505603,63.93
2018-12-22 12:00:00+01:00,64.51,61.77397349992449,62.71
2018-12-22 13:00:00+01:00,65.0,61.138205264619636,63.2
2018-12-22 14:00:00+01:00,64.85,59.44454253187838,60.48
2018-12-22 15:00:00+01:00,64.7,58.668279742353725,60.48
2018-12-22 16:00:00+01:00,64.7,58.935251570457204,61.24
2018-12-22 17:00:00+01:00,66.25,61.76477284746669,64.25
2018-12-22 18:00:00+01:00,68.07,64.42252112981888,65.01
2018-12-22 19:00:00+01:00,67.9,66.37365602354066,65.25
2018-12-22 20:00:00+01:00,68.01,67.58887030544615,65.78
2018-12-22 21:00:00+01:00,67.9,67.90750599930956,65.0
2018-12-22 22:00:00+01:00,67.18,66.21378650696276,64.25
2018-12-22 23:00:00+01:00,66.8,60.54395069086496,62.45
2018-12-23 00:00:00+01:00,66.25,62.18835081086231,63.12
2018-12-23 01:00:00+01:00,63.13,56.5534578912453,57.75
2018-12-23 02:00:00+01:00,58.02,53.271299256317604,54.72
2018-12-23 03:00:00+01:00,54.71,50.63231330175382,54.1
2018-12-23 04:00:00+01:00,54.42,49.22355243560135,54.1
2018-12-23 05:00:00+01:00,54.1,49.85845176354763,54.39
2018-12-23 06:00:00+01:00,54.99,55.71306802485269,55.29
2018-12-23 07:00:00+01:00,57.36,63.24678202103841,58.85
2018-12-23 08:00:00+01:00,57.75,65.47115893309815,58.19
2018-12-23 09:00:00+01:00,62.73,68.63964881358794,63.59
2018-12-23 10:00:00+01:00,64.45,69.17234332163963,65.01
2018-12-23 11:00:00+01:00,65.0,68.97795076335497,64.7
2018-12-23 12:00:00+01:00,65.18,68.2152552517762,64.51
2018-12-23 13:00:00+01:00,66.01,67.671550214975,65.0
2018-12-23 14:00:00+01:00,66.0,66.05792312452066,64.85
2018-12-23 15:00:00+01:00,64.8,65.24442839016267,64.7
2018-12-23 16:00:00+01:00,64.51,65.47214666341317,64.7
2018-12-23 17:00:00+01:00,65.44,68.26586840909414,66.25
2018-12-23 18:00:00+01:00,68.01,71.03059031534868,68.07
2018-12-23 19:00:00+01:00,68.25,72.97671473616263,67.9
2018-12-23 20:00:00+01:00,68.4,74.39412071788135,68.01
2018-12-23 21:00:00+01:00,68.98,74.92830876897682,67.9
2018-12-23 22:00:00+01:00,67.62,73.53099727732895,67.18
2018-12-23 23:00:00+01:00,65.55,68.32006008434716,66.8
2018-12-24 00:00:00+01:00,67.2,60.99414228105898,66.25
2018-12-24 01:00:00+01:00,63.59,55.12538747873107,63.13
2018-12-24 02:00:00+01:00,59.87,51.30244538035053,58.02
2018-12-24 03:00:00+01:00,55.25,48.550427439248594,54.71
2018-12-24 04:00:00+01:00,55.0,47.106563215668324,54.42
2018-12-24 05:00:00+01:00,55.11,47.363425125504165,54.1
2018-12-24 06:00:00+01:00,59.71,52.63988716779736,54.99
2018-12-24 07:00:00+01:00,61.07,59.94792301469475,57.36
2018-12-24 08:00:00+01:00,65.01,62.30856110033284,57.75
2018-12-24 09:00:00+01:00,67.18,65.7115594447032,62.73
2018-12-24 10:00:00+01:00,67.51,66.13982179631174,64.45
2018-12-24 11:00:00+01:00,67.2,65.83969743580253,65.0
2018-12-24 12:00:00+01:00,66.64,65.0388464460756,65.18
2018-12-24 13:00:00+01:00,66.64,64.49143528908779,66.01
2018-12-24 14:00:00+01:00,65.52,62.852277721505,66.0
2018-12-24 15:00:00+01:00,64.18,61.81945939619542,64.8
2018-12-24 16:00:00+01:00,63.38,61.96210122487384,64.51
2018-12-24 17:00:00+01:00,68.7,64.57902933231097,65.44
2018-12-24 18:00:00+01:00,69.0,67.41542056313543,68.01
2018-12-24 19:00:00+01:00,68.07,69.17813987060262,68.25
2018-12-24 20:00:00+01:00,67.65,70.56105227777012,68.4
2018-12-24 21:00:00+01:00,65.97,71.15585960212303,68.98
2018-12-24 22:00:00+01:00,64.24,69.72832170808539,67.62
2018-12-24 23:00:00+01:00,64.45,64.8643730257841,65.55
2018-12-25 00:00:00+01:00,67.2,59.90308300834352,67.2
2018-12-25 01:00:00+01:00,65.0,53.71085009014446,63.59
2018-12-25 02:00:00+01:00,60.49,49.64959478636986,59.87
2018-12-25 03:00:00+01:00,55.0,46.70034516286965,55.25
2018-12-25 04:00:00+01:00,54.5,45.50411932616761,55.0
2018-12-25 05:00:00+01:00,54.5,45.6631693279371,55.11
2018-12-25 06:00:00+01:00,54.6,50.86879066718946,59.71
2018-12-25 07:00:00+01:00,55.25,57.708751369399145,61.07
2018-12-25 08:00:00+01:00,55.25,60.668806344602686,65.01
2018-12-25 09:00:00+01:00,59.92,63.87242671159627,67.18
2018-12-25 10:00:00+01:00,63.59,64.341013047551,67.51
2018-12-25 11:00:00+01:00,65.52,63.99203704822895,67.2
2018-12-25 12:00:00+01:00,65.67,63.11908310932056,66.64
2018-12-25 13:00:00+01:00,66.58,62.474926595752265,66.64
2018-12-25 14:00:00+01:00,65.52,60.67816762979174,65.52
2018-12-25 15:00:00+01:00,62.75,59.39275776621717,64.18
2018-12-25 16:00:00+01:00,62.73,59.277722918918144,63.38
2018-12-25 17:00:00+01:00,63.59,62.00423977346639,68.7
2018-12-25 18:00:00+01:00,65.52,64.22195403210559,69.0
2018-12-25 19:00:00+01:00,66.7,65.74993422637625,68.07
2018-12-25 20:00:00+01:00,67.65,67.05894584531482,67.65
2018-12-25 21:00:00+01:00,68.7,67.50766282538785,65.97
2018-12-25 22:00:00+01:00,68.07,66.17431182945796,64.24
2018-12-25 23:00:00+01:00,64.89,61.534235081229276,64.45
2018-12-26 00:00:00+01:00,60.94,61.001026194987006,67.2
2018-12-26 01:00:00+01:00,54.71,54.59573947662285,65.0
2018-12-26 02:00:00+01:00,50.93,50.124966049048,60.49
2018-12-26 03:00:00+01:00,49.3,46.9502006550223,55.0
2018-12-26 04:00:00+01:00,49.3,46.00496317747112,54.5
2018-12-26 05:00:00+01:00,50.89,46.11062004282145,54.5
2018-12-26 06:00:00+01:00,54.71,50.878714703485315,54.6
2018-12-26 07:00:00+01:00,60.0,57.56705041709657,55.25
2018-12-26 08:00:00+01:00,64.18,60.76784988028217,55.25
2018-12-26 09:00:00+01:00,67.0,64.34529465803382,59.92
2018-12-26 10:00:00+01:00,67.02,64.96342825303552,63.59
2018-12-26 11:00:00+01:00,66.89,64.52182462712572,65.52
2018-12-26 12:00:00+01:00,66.66,63.5268269742953,65.67
2018-12-26 13:00:00+01:00,67.2,62.940446108660886,66.58
2018-12-26 14:00:00+01:00,67.01,61.13692547066273,65.52
2018-12-26 15:00:00+01:00,66.14,59.7453756109652,62.75
2018-12-26 16:00:00+01:00,67.01,59.86608986604736,62.73
2018-12-26 17:00:00+01:00,68.4,62.56821620456549,63.59
2018-12-26 18:00:00+01:00,70.15,65.04713166295167,65.52
2018-12-26 19:00:00+01:00,69.8,66.7186583681068,66.7
2018-12-26 20:00:00+01:00,69.15,68.1434371523661,67.65
2018-12-26 21:00:00+01:00,69.15,68.76605315565271,68.7
2018-12-26 22:00:00+01:00,68.1,67.50440357854094,68.07
2018-12-26 23:00:00+01:00,67.2,63.263494573250014,64.89
2018-12-27 00:00:00+01:00,68.52,62.89381834954028,60.94
2018-12-27 01:00:00+01:00,67.01,56.472671711124306,54.71
2018-12-27 02:00:00+01:00,63.75,52.03824826626745,50.93
2018-12-27 03:00:00+01:00,60.69,48.95974952478031,49.3
2018-12-27 04:00:00+01:00,59.86,48.019475159379326,49.3
2018-12-27 05:00:00+01:00,62.72,48.25864859921771,50.89
2018-12-27 06:00:00+01:00,66.01,52.95903057859351,54.71
2018-12-27 07:00:00+01:00,68.01,59.74894187946526,60.0
2018-12-27 08:00:00+01:00,68.25,63.313069804165785,64.18
2018-12-27 09:00:00+01:00,68.85,66.91996798106658,67.0
2018-12-27 10:00:00+01:00,68.7,67.68782484414403,67.02
2018-12-27 11:00:00+01:00,68.25,67.46412591028721,66.89
2018-12-27 12:00:00+01:00,68.07,66.64315175859936,66.66
2018-12-27 13:00:00+01:00,68.12,66.20452527017294,67.2
2018-12-27 14:00:00+01:00,68.01,64.54919978935618,67.01
2018-12-27 15:00:00+01:00,68.11,63.16318175306736,66.14
2018-12-27 16:00:00+01:00,69.22,63.37945018477482,67.01
2018-12-27 17:00:00+01:00,70.74,65.98045026439763,68.4
2018-12-27 18:00:00+01:00,71.97,68.55444544592832,70.15
2018-12-27 19:00:00+01:00,71.25,70.16743336283142,69.8
2018-12-27 20:00:00+01:00,70.0,71.60367456482466,69.15
2018-12-27 21:00:00+01:00,70.01,72.34976232771872,69.15
2018-12-27 22:00:00+01:00,68.71,71.13725037251763,68.1
2018-12-27 23:00:00+01:00,68.4,66.90593615085052,67.2
2018-12-28 00:00:00+01:00,67.34,64.23216176797035,68.52
2018-12-28 01:00:00+01:00,64.64,57.72297444552265,67.01
2018-12-28 02:00:00+01:00,60.0,52.841408291299416,63.75
2018-12-28 03:00:00+01:00,58.02,49.47326882062403,60.69
2018-12-28 04:00:00+01:00,55.0,48.3410515884941,59.86
2018-12-28 05:00:00+01:00,55.0,48.571459623927794,62.72
2018-12-28 06:00:00+01:00,59.87,52.68923977326552,66.01
2018-12-28 07:00:00+01:00,62.8,58.902930054472804,68.01
2018-12-28 08:00:00+01:00,65.77,62.33530828702757,68.25
2018-12-28 09:00:00+01:00,68.01,65.77655464592802,68.85
2018-12-28 10:00:00+01:00,68.0,66.54735734607824,68.7
2018-12-28 11:00:00+01:00,66.36,66.2413110051633,68.25
2018-12-28 12:00:00+01:00,66.01,65.3637533364583,68.07
2018-12-28 13:00:00+01:00,64.64,64.80686572691461,68.12
2018-12-28 14:00:00+01:00,64.64,63.150456056434095,68.01
2018-12-28 15:00:00+01:00,63.35,61.697628615789576,68.11
2018-12-28 16:00:00+01:00,66.01,61.81619719912902,69.22
2018-12-28 17:00:00+01:00,68.01,64.21879894515823,70.74
2018-12-28 18:00:00+01:00,70.16,66.7533917522415,71.97
2018-12-28 19:00:00+01:00,68.93,68.29475633679908,71.25
2018-12-28 20:00:00+01:00,66.0,69.72533614786106,70.0
2018-12-28 21:00:00+01:00,62.09,70.67775477105769,70.01
2018-12-28 22:00:00+01:00,61.77,69.58061880832928,68.71
2018-12-28 23:00:00+01:00,58.43,65.67585879425727,68.4
2018-12-29 00:00:00+01:00,61.61,54.18051626190549,67.34
2018-12-29 01:00:00+01:00,54.87,47.410740578701045,64.64
2018-12-29 02:00:00+01:00,50.39,41.898733582899695,60.0
2018-12-29 03:00:00+01:00,48.81,38.27137719599622,58.02
2018-12-29 04:00:00+01:00,47.87,36.54048960497492,55.0
2018-12-29 05:00:00+01:00,47.67,36.566112115514144,55.0
2018-12-29 06:00:00+01:00,48.27,40.465564988542766,59.87
2018-12-29 07:00:00+01:00,50.02,46.006799827182796,62.8
2018-12-29 08:00:00+01:00,52.26,49.27889232149554,65.77
2018-12-29 09:00:00+01:00,60.41,52.29225943629692,68.01
2018-12-29 10:00:00+01:00,62.45,52.6999060250384,68.0
2018-12-29 11:00:00+01:00,60.09,51.960940572460984,66.36
2018-12-29 12:00:00+01:00,58.97,50.86120965633651,66.01
2018-12-29 13:00:00+01:00,57.39,49.84095480152799,64.64
2018-12-29 14:00:00+01:00,55.01,48.03798093468476,64.64
2018-12-29 15:00:00+01:00,52.99,46.14447154416426,63.35
2018-12-29 16:00:00+01:00,53.73,46.12810001019451,66.01
2018-12-29 17:00:00+01:00,58.57,47.97336728401914,68.01
2018-12-29 18:00:00+01:00,64.97,50.158406783921066,70.16
2018-12-29 19:00:00+01:00,65.27,51.164645436186746,68.93
2018-12-29 20:00:00+01:00,65.0,52.09995101100451,66.0
2018-12-29 21:00:00+01:00,64.6,52.64305021276261,62.09
2018-12-29 22:00:00+01:00,64.01,51.654215547836046,61.77
2018-12-29 23:00:00+01:00,63.93,47.62936011014197,58.43
2018-12-30 00:00:00+01:00,62.51,60.76926165418001,61.61
2018-12-30 01:00:00+01:00,51.1,54.07985327659966,54.87
2018-12-30 02:00:00+01:00,49.63,49.126367830198724,50.39
2018-12-30 03:00:00+01:00,48.23,46.03087884375025,48.81
2018-12-30 04:00:00+01:00,47.86,44.525535774267986,47.87
2018-12-30 05:00:00+01:00,47.86,44.65302113484753,47.67
2018-12-30 06:00:00+01:00,48.23,48.31033290965585,48.27
2018-12-30 07:00:00+01:00,49.43,53.7565447160159,50.02
2018-12-30 08:00:00+01:00,50.12,57.319453257717335,52.26
2018-12-30 09:00:00+01:00,54.77,61.01831758397247,60.41
2018-12-30 10:00:00+01:00,60.01,61.36063672850153,62.45
2018-12-30 11:00:00+01:00,60.14,60.54932083911115,60.09
2018-12-30 12:00:00+01:00,61.0,59.8624075580096,58.97
2018-12-30 13:00:00+01:00,63.91,59.14747284166379,57.39
2018-12-30 14:00:00+01:00,64.16,57.70278735761389,55.01
2018-12-30 15:00:00+01:00,61.12,56.197706180249355,52.99
2018-12-30 16:00:00+01:00,59.59,56.62426092252608,53.73
2018-12-30 17:00:00+01:00,62.51,59.026702806384186,58.57
2018-12-30 18:00:00+01:00,65.51,61.718536298271744,64.97
2018-12-30 19:00:00+01:00,67.02,62.6982584720231,65.27
2018-12-30 20:00:00+01:00,67.83,64.0151525592933,65.0
2018-12-30 21:00:00+01:00,68.4,65.15255160777465,64.6
2018-12-30 22:00:00+01:00,67.64,65.00702995749242,64.01
2018-12-30 23:00:00+01:00,65.27,61.8904549975855,63.93
2018-12-31 00:00:00+01:00,63.93,62.03329402662298,62.51
2018-12-31 01:00:00+01:00,54.87,54.689336854759915,51.1
2018-12-31 02:00:00+01:00,52.6,50.421118676794705,49.63
2018-12-31 03:00:00+01:00,51.09,47.38330564842684,48.23
2018-12-31 04:00:00+01:00,50.89,46.09226271422507,47.86
2018-12-31 05:00:00+01:00,51.1,46.510217695407704,47.86
2018-12-31 06:00:00+01:00,54.77,50.44202425118024,48.23
2018-12-31 07:00:00+01:00,54.87,56.425408842221756,49.43
2018-12-31 08:00:00+01:00,60.0,60.722239228243026,50.12
2018-12-31 09:00:00+01:00,64.97,65.32199092141488,54.77
2018-12-31 10:00:00+01:00,65.88,66.51336705588693,60.01
2018-12-31 11:00:00+01:00,65.01,65.7704947957345,60.14
2018-12-31 12:00:00+01:00,65.01,65.37016237385095,61.0
2018-12-31 13:00:00+01:00,65.22,65.00895561339318,63.91
2018-12-31 14:00:00+01:00,64.97,63.4978157186584,64.16
2018-12-31 15:00:00+01:00,64.18,61.724692263388434,61.12
2018-12-31 16:00:00+01:00,64.8,62.06210799174675,59.59
2018-12-31 17:00:00+01:00,68.01,64.6173516734247,62.51
2018-12-31 18:00:00+01:00,68.58,67.21656491450679,65.51
2018-12-31 19:00:00+01:00,68.85,68.1095217419397,67.02
2018-12-31 20:00:00+01:00,68.4,69.1998883042209,67.83
2018-12-31 21:00:00+01:00,66.88,70.14179083675288,68.4
2018-12-31 22:00:00+01:00,63.93,69.74943303755603,67.64
2018-12-31 23:00:00+01:00,64.27,66.6671665282594,65.27
