time,y_true,ETS_day,Naive_day
2017-01-01 00:00:00+01:00,58.82,56.926839260374834,63.6
2017-01-01 01:00:00+01:00,58.23,50.14763323321408,54.29
2017-01-01 02:00:00+01:00,51.95,48.20580661073018,50.0
2017-01-01 03:00:00+01:00,47.27,47.661407873740636,46.71
2017-01-01 04:00:00+01:00,45.49,49.56210712798816,46.22
2017-01-01 05:00:00+01:00,44.5,53.957023714799476,46.22
2017-01-01 06:00:00+01:00,44.5,62.552977167520325,48.17
2017-01-01 07:00:00+01:00,44.72,74.26112303925015,50.2
2017-01-01 08:00:00+01:00,44.22,81.38246638177657,56.69
2017-01-01 09:00:00+01:00,45.13,84.13584216365744,60.29
2017-01-01 10:00:00+01:00,46.23,85.4648225431261,64.88
2017-01-01 11:00:00+01:00,47.91,83.34139948427254,61.1
2017-01-01 12:00:00+01:00,49.57,81.66022763638419,59.52
2017-01-01 13:00:00+01:00,48.69,81.081731474757,60.15
2017-01-01 14:00:00+01:00,47.2,78.83855120194171,59.7
2017-01-01 15:00:00+01:00,46.51,76.02408993009035,57.62
2017-01-01 16:00:00+01:00,46.52,75.44808737095512,57.5
2017-01-01 17:00:00+01:00,51.59,78.33065091979489,62.47
2017-01-01 18:00:00+01:00,59.07,81.4461831468887,70.69
2017-01-01 19:00:00+01:00,62.1,80.78055113039296,71.02
2017-01-01 20:00:00+01:00,64.2,80.00413725806058,70.26
2017-01-01 21:00:00+01:00,60.69,78.69241640578488,69.99
2017-01-01 22:00:00+01:00,59.07,74.58966576789045,65.69
2017-01-01 23:00:00+01:00,52.0,69.12820816624651,61.77
2017-01-02 00:00:00+01:00,70.25,47.355961616909944,58.82
2017-01-02 01:00:00+01:00,60.71,39.90182365070358,58.23
2017-01-02 02:00:00+01:00,59.75,35.57055784330181,51.95
2017-01-02 03:00:00+01:00,54.25,32.601460332644706,47.27
2017-01-02 04:00:00+01:00,53.9,31.664591432624693,45.49
2017-01-02 05:00:00+01:00,55.0,32.67528547006199,44.5
2017-01-02 06:00:00+01:00,63.16,37.74077092157605,44.5
2017-01-02 07:00:00+01:00,76.51,46.61448992246736,44.72
2017-01-02 08:00:00+01:00,78.64,52.458667948981976,44.22
2017-01-02 09:00:00+01:00,79.11,55.01124370268396,45.13
2017-01-02 10:00:00+01:00,79.11,56.82356694465454,46.23
2017-01-02 11:00:00+01:00,78.44,55.65706916957128,47.91
2017-01-02 12:00:00+01:00,76.64,54.86232099906593,49.57
2017-01-02 13:00:00+01:00,75.47,54.94655490070015,48.69
2017-01-02 14:00:00+01:00,72.61,53.49742989675384,47.2
2017-01-02 15:00:00+01:00,69.06,51.40658868492169,46.51
2017-01-02 16:00:00+01:00,66.0,51.252605234561784,46.52
2017-01-02 17:00:00+01:00,70.31,54.83641085782482,51.59
2017-01-02 18:00:00+01:00,76.1,58.63912697509318,59.07
2017-01-02 19:00:00+01:00,77.2,58.177789059507305,62.1
2017-01-02 20:00:00+01:00,75.11,57.837455176175894,64.2
2017-01-02 21:00:00+01:00,72.9,56.92613100575594,60.69
2017-01-02 22:00:00+01:00,62.85,53.990007536642096,59.07
2017-01-02 23:00:00+01:00,55.1,49.20694812858161,52.0
2017-01-03 00:00:00+01:00,45.62,51.68212021236636,70.25
2017-01-03 01:00:00+01:00,40.0,42.83073418904134,60.71
2017-01-03 02:00:00+01:00,39.1,39.51564560268839,59.75
2017-01-03 03:00:00+01:00,38.6,37.49309267554213,54.25
2017-01-03 04:00:00+01:00,38.74,38.47722714655003,53.9
2017-01-03 05:00:00+01:00,40.0,41.59297492420695,55.0
2017-01-03 06:00:00+01:00,50.0,49.091847566135456,63.16
2017-01-03 07:00:00+01:00,52.16,59.83222289433562,76.51
2017-01-03 08:00:00+01:00,53.33,66.03982074732525,78.64
2017-01-03 09:00:00+01:00,54.04,68.82630905951959,79.11
2017-01-03 10:00:00+01:00,54.44,70.05096702742554,79.11
2017-01-03 11:00:00+01:00,53.12,68.13256690594461,78.44
2017-01-03 12:00:00+01:00,50.21,66.1792802582959,76.64
2017-01-03 13:00:00+01:00,50.1,65.19577645649282,75.47
2017-01-03 14:00:00+01:00,49.16,62.85989003557607,72.61
2017-01-03 15:00:00+01:00,46.96,60.0285486818166,69.06
2017-01-03 16:00:00+01:00,43.6,59.17405004351146,66.0
2017-01-03 17:00:00+01:00,46.82,62.341162471251835,70.31
2017-01-03 18:00:00+01:00,51.99,65.64383136346125,76.1
2017-01-03 19:00:00+01:00,55.4,64.80124422680005,77.2
2017-01-03 20:00:00+01:00,55.08,63.66327234899107,75.11
2017-01-03 21:00:00+01:00,54.85,61.9337165626097,72.9
2017-01-03 22:00:00+01:00,52.09,57.56944199526746,62.85
2017-01-03 23:00:00+01:00,50.51,52.072908008450526,55.1
2017-01-04 00:00:00+01:00,34.49,46.454564234394965,45.62
2017-01-04 01:00:00+01:00,29.87,38.501712937231545,40.0
2017-01-04 02:00:00+01:00,28.97,35.58638749675865,39.1
2017-01-04 03:00:00+01:00,26.9,34.021610408892705,38.6
2017-01-04 04:00:00+01:00,27.0,35.41694417921132,38.74
2017-01-04 05:00:00+01:00,27.98,39.06336991419993,40.0
2017-01-04 06:00:00+01:00,29.87,47.423940074636064,50.0
2017-01-04 07:00:00+01:00,32.09,57.94818750070436,52.16
2017-01-04 08:00:00+01:00,34.42,64.70135189366376,53.33
2017-01-04 09:00:00+01:00,35.1,67.93031819857993,54.04
2017-01-04 10:00:00+01:00,32.85,69.38464141032357,54.44
2017-01-04 11:00:00+01:00,31.93,67.6649322816606,53.12
2017-01-04 12:00:00+01:00,31.6,65.70615847021843,50.21
2017-01-04 13:00:00+01:00,29.41,64.92267643214298,50.1
2017-01-04 14:00:00+01:00,26.62,62.71835622369863,49.16
2017-01-04 15:00:00+01:00,25.3,59.915595126332654,46.96
2017-01-04 16:00:00+01:00,24.83,58.91262896244389,43.6
2017-01-04 17:00:00+01:00,26.75,62.24650517357439,46.82
2017-01-04 18:00:00+01:00,32.83,65.66152181027294,51.99
2017-01-04 19:00:00+01:00,38.49,64.96064173499026,55.4
2017-01-04 20:00:00+01:00,39.6,63.55280592077483,55.08
2017-01-04 21:00:00+01:00,40.73,61.77452620215048,54.85
2017-01-04 22:00:00+01:00,39.0,57.36110955307826,52.09
2017-01-04 23:00:00+01:00,38.0,51.582775819126596,50.51
2017-01-05 00:00:00+01:00,34.5,32.624574739882846,34.49
2017-01-05 01:00:00+01:00,29.18,25.211180614873292,29.87
2017-01-05 02:00:00+01:00,25.43,21.672646871321902,28.97
2017-01-05 03:00:00+01:00,25.43,19.18619045433806,26.9
2017-01-05 04:00:00+01:00,28.86,19.754503989269775,27.0
2017-01-05 05:00:00+01:00,30.01,22.569204462166788,27.98
2017-01-05 06:00:00+01:00,34.01,30.08405303045989,29.87
2017-01-05 07:00:00+01:00,34.98,40.130756844238526,32.09
2017-01-05 08:00:00+01:00,36.45,47.18419367379765,34.42
2017-01-05 09:00:00+01:00,36.48,50.919829782209256,35.1
2017-01-05 10:00:00+01:00,36.49,52.88128090889317,32.85
2017-01-05 11:00:00+01:00,36.48,52.08497980358955,31.93
2017-01-05 12:00:00+01:00,40.01,50.77420087422599,31.6
2017-01-05 13:00:00+01:00,40.61,50.281838921394275,29.41
2017-01-05 14:00:00+01:00,39.9,48.49481836449772,26.62
2017-01-05 15:00:00+01:00,36.43,46.11109549621258,25.3
2017-01-05 16:00:00+01:00,34.01,45.231578216484664,24.83
2017-01-05 17:00:00+01:00,34.98,48.60515882787571,26.75
2017-01-05 18:00:00+01:00,36.45,52.42624035082651,32.83
2017-01-05 19:00:00+01:00,42.0,52.04996836668633,38.49
2017-01-05 20:00:00+01:00,49.54,50.44667940797855,39.6
2017-01-05 21:00:00+01:00,56.5,48.77332607128653,40.73
2017-01-05 22:00:00+01:00,57.01,44.42580064446942,39.0
2017-01-05 23:00:00+01:00,53.34,38.736687531133086,38.0
2017-01-06 00:00:00+01:00,56.12,48.862975065468085,34.5
2017-01-06 01:00:00+01:00,54.21,42.48045710080103,29.18
2017-01-06 02:00:00+01:00,52.25,39.96664330158136,25.43
2017-01-06 03:00:00+01:00,51.04,38.9454528575973,25.43
2017-01-06 04:00:00+01:00,51.57,40.84858570991095,28.86
2017-01-06 05:00:00+01:00,52.31,44.632776237905524,30.01
2017-01-06 06:00:00+01:00,54.93,53.13547100353593,34.01
2017-01-06 07:00:00+01:00,56.02,63.71606495092306,34.98
2017-01-06 08:00:00+01:00,56.08,71.52785001017162,36.45
2017-01-06 09:00:00+01:00,56.08,75.66594260448336,36.48
2017-01-06 10:00:00+01:00,56.08,77.82561893424841,36.49
2017-01-06 11:00:00+01:00,56.19,77.23136532662774,36.48
2017-01-06 12:00:00+01:00,57.15,76.26154928272908,40.01
2017-01-06 13:00:00+01:00,57.37,75.68914808503114,40.61
2017-01-06 14:00:00+01:00,56.57,74.13573115677856,39.9
2017-01-06 15:00:00+01:00,56.51,71.95178409626634,36.43
2017-01-06 16:00:00+01:00,56.19,71.47103374098198,34.01
2017-01-06 17:00:00+01:00,56.12,75.23643219042552,34.98
2017-01-06 18:00:00+01:00,55.5,79.52823836546328,36.45
2017-01-06 19:00:00+01:00,55.5,80.22965338913696,42.0
2017-01-06 20:00:00+01:00,56.08,79.42846789492624,49.54
2017-01-06 21:00:00+01:00,56.89,78.24435365694156,56.5
2017-01-06 22:00:00+01:00,55.5,74.17594394594967,57.01
2017-01-06 23:00:00+01:00,52.65,69.0889157801597,53.34
2017-01-07 00:00:00+01:00,50.05,47.89529881651568,56.12
2017-01-07 01:00:00+01:00,49.27,40.70653106184808,54.21
2017-01-07 02:00:00+01:00,44.9,37.18371204044634,52.25
2017-01-07 03:00:00+01:00,43.97,35.29563762972373,51.04
2017-01-07 04:00:00+01:00,42.73,36.28508388612613,51.57
2017-01-07 05:00:00+01:00,42.03,39.11880887472748,52.31
2017-01-07 06:00:00+01:00,42.03,46.62138101071034,54.93
2017-01-07 07:00:00+01:00,41.7,56.20697692409916,56.02
2017-01-07 08:00:00+01:00,42.84,63.45858734387235,56.08
2017-01-07 09:00:00+01:00,43.99,67.28451328316439,56.08
2017-01-07 10:00:00+01:00,43.97,69.14368312037507,56.08
2017-01-07 11:00:00+01:00,44.9,68.4112895567562,56.19
2017-01-07 12:00:00+01:00,46.01,67.30606759662457,57.15
2017-01-07 13:00:00+01:00,49.27,66.53294088831441,57.37
2017-01-07 14:00:00+01:00,47.0,64.9210507424024,56.57
2017-01-07 15:00:00+01:00,43.97,62.832648213495304,56.51
2017-01-07 16:00:00+01:00,42.0,62.265917564722905,56.19
2017-01-07 17:00:00+01:00,41.51,65.80411666767795,56.12
2017-01-07 18:00:00+01:00,41.51,70.029826675687,55.5
2017-01-07 19:00:00+01:00,42.03,70.97145425964874,55.5
2017-01-07 20:00:00+01:00,43.99,70.21383976357248,56.08
2017-01-07 21:00:00+01:00,47.82,68.87027101755379,56.89
2017-01-07 22:00:00+01:00,49.03,64.53108825920117,55.5
2017-01-07 23:00:00+01:00,43.99,58.89004555978913,52.65
2017-01-08 00:00:00+01:00,50.81,39.39477610186049,50.05
2017-01-08 01:00:00+01:00,47.0,32.46111844292679,49.27
2017-01-08 02:00:00+01:00,44.01,28.294364320873875,44.9
2017-01-08 03:00:00+01:00,43.4,26.23509707052276,43.97
2017-01-08 04:00:00+01:00,43.4,26.702801277307326,42.73
2017-01-08 05:00:00+01:00,44.98,29.061884276883866,42.03
2017-01-08 06:00:00+01:00,47.73,35.93057517867248,42.03
2017-01-08 07:00:00+01:00,48.29,45.04684371785036,41.7
2017-01-08 08:00:00+01:00,50.42,52.488706097618966,42.84
2017-01-08 09:00:00+01:00,54.09,56.66403333596369,43.99
2017-01-08 10:00:00+01:00,54.75,58.74644932583955,43.97
2017-01-08 11:00:00+01:00,54.69,58.364892178792275,44.9
2017-01-08 12:00:00+01:00,55.44,57.2738918581353,46.01
2017-01-08 13:00:00+01:00,55.44,56.39642142500665,49.27
2017-01-08 14:00:00+01:00,54.75,54.09218960828193,47.0
2017-01-08 15:00:00+01:00,53.8,51.4727332274724,43.97
2017-01-08 16:00:00+01:00,53.0,50.296828878566984,42.0
2017-01-08 17:00:00+01:00,52.49,53.09580129207474,41.51
2017-01-08 18:00:00+01:00,51.06,56.81013510455062,41.51
2017-01-08 19:00:00+01:00,50.0,57.61042661528562,42.03
2017-01-08 20:00:00+01:00,50.1,56.76895736740366,43.99
2017-01-08 21:00:00+01:00,51.76,55.448511092556615,47.82
2017-01-08 22:00:00+01:00,51.21,51.11443161796389,49.03
2017-01-08 23:00:00+01:00,50.0,45.323859394352354,43.99
2017-01-09 00:00:00+01:00,47.25,45.60120263787961,50.81
2017-01-09 01:00:00+01:00,44.5,38.07625932374185,47.0
2017-01-09 02:00:00+01:00,41.3,33.80050488966006,44.01
2017-01-09 03:00:00+01:00,40.16,31.88567980120095,43.4
2017-01-09 04:00:00+01:00,39.74,32.43523841374076,43.4
2017-01-09 05:00:00+01:00,40.16,35.035089077884805,44.98
2017-01-09 06:00:00+01:00,44.5,41.957999484613254,47.73
2017-01-09 07:00:00+01:00,49.69,50.986644457358295,48.29
2017-01-09 08:00:00+01:00,51.73,58.6106945763532,50.42
2017-01-09 09:00:00+01:00,52.25,62.936276278021445,54.09
2017-01-09 10:00:00+01:00,51.48,64.73591445255121,54.75
2017-01-09 11:00:00+01:00,51.72,64.24527756637312,54.69
2017-01-09 12:00:00+01:00,52.49,63.17772754004976,55.44
2017-01-09 13:00:00+01:00,52.97,62.3407727099583,55.44
2017-01-09 14:00:00+01:00,51.48,60.34507317379303,54.75
2017-01-09 15:00:00+01:00,49.47,58.103389558531376,53.8
2017-01-09 16:00:00+01:00,47.4,57.30414958335792,53.0
2017-01-09 17:00:00+01:00,45.65,60.318483335544755,52.49
2017-01-09 18:00:00+01:00,44.5,64.29335500273861,51.06
2017-01-09 19:00:00+01:00,44.57,65.60277780322096,50.0
2017-01-09 20:00:00+01:00,49.0,65.16966578223332,50.1
2017-01-09 21:00:00+01:00,49.48,64.04453010512198,51.76
2017-01-09 22:00:00+01:00,43.15,59.68804237334709,51.21
2017-01-09 23:00:00+01:00,38.68,53.49663562760454,50.0
2017-01-10 00:00:00+01:00,50.82,33.95536671941449,47.25
2017-01-10 01:00:00+01:00,47.4,26.27707304621814,44.5
2017-01-10 02:00:00+01:00,44.68,21.406065734256558,41.3
2017-01-10 03:00:00+01:00,44.58,19.090483194216525,40.16
2017-01-10 04:00:00+01:00,44.53,19.161592838158207,39.74
2017-01-10 05:00:00+01:00,44.51,21.315491505486907,40.16
2017-01-10 06:00:00+01:00,44.53,27.84998776811433,44.5
2017-01-10 07:00:00+01:00,44.68,36.440107267576884,49.69
2017-01-10 08:00:00+01:00,44.68,43.5925138049017,51.73
2017-01-10 09:00:00+01:00,50.01,47.67613915660134,52.25
2017-01-10 10:00:00+01:00,53.32,49.212237861721825,51.48
2017-01-10 11:00:00+01:00,54.52,48.58731620247196,51.72
2017-01-10 12:00:00+01:00,54.15,47.24575132701584,52.49
2017-01-10 13:00:00+01:00,53.65,46.015829508864414,52.97
2017-01-10 14:00:00+01:00,51.97,43.60030650658004,51.48
2017-01-10 15:00:00+01:00,50.25,40.97349465329829,49.47
2017-01-10 16:00:00+01:00,48.85,39.712796032825864,47.4
2017-01-10 17:00:00+01:00,47.0,42.13385184076915,45.65
2017-01-10 18:00:00+01:00,46.13,45.716143752571426,44.5
2017-01-10 19:00:00+01:00,51.07,46.92473928747306,44.57
2017-01-10 20:00:00+01:00,59.09,46.54854377002284,49.0
2017-01-10 21:00:00+01:00,60.21,44.87156841210621,49.48
2017-01-10 22:00:00+01:00,58.08,39.90237854638081,43.15
2017-01-10 23:00:00+01:00,53.47,33.779080397008,38.68
2017-01-11 00:00:00+01:00,50.07,50.22908341577706,50.82
2017-01-11 01:00:00+01:00,48.47,42.24180451189997,47.4
2017-01-11 02:00:00+01:00,44.69,37.62637971734233,44.68
2017-01-11 03:00:00+01:00,41.89,35.7565714471629,44.58
2017-01-11 04:00:00+01:00,41.39,36.13249692636939,44.53
2017-01-11 05:00:00+01:00,39.82,38.60390233530882,44.51
2017-01-11 06:00:00+01:00,40.32,45.31292930134842,44.53
2017-01-11 07:00:00+01:00,41.12,54.23254215854496,44.68
2017-01-11 08:00:00+01:00,41.39,61.93887182075972,44.68
2017-01-11 09:00:00+01:00,45.0,67.0519634131655,50.01
2017-01-11 10:00:00+01:00,45.89,69.12471556318874,53.32
2017-01-11 11:00:00+01:00,46.61,68.96581328382355,54.52
2017-01-11 12:00:00+01:00,48.4,68.02606566310112,54.15
2017-01-11 13:00:00+01:00,46.6,67.23466858046962,53.65
2017-01-11 14:00:00+01:00,43.4,65.27720331003012,51.97
2017-01-11 15:00:00+01:00,41.34,63.120770934421486,50.25
2017-01-11 16:00:00+01:00,41.34,62.25207796955561,48.85
2017-01-11 17:00:00+01:00,51.47,64.86113357290812,47.0
2017-01-11 18:00:00+01:00,61.99,68.88099460061372,46.13
2017-01-11 19:00:00+01:00,65.55,71.08966056657127,51.07
2017-01-11 20:00:00+01:00,65.89,71.51069535363469,59.09
2017-01-11 21:00:00+01:00,65.66,69.93883732905743,60.21
2017-01-11 22:00:00+01:00,62.19,65.39973693072673,58.08
2017-01-11 23:00:00+01:00,50.64,59.66886031271912,53.47
2017-01-12 00:00:00+01:00,71.35,47.75076312213875,50.07
2017-01-12 01:00:00+01:00,61.49,40.090252722929534,48.47
2017-01-12 02:00:00+01:00,59.91,35.03593289670246,44.69
2017-01-12 03:00:00+01:00,53.45,32.92577520157422,41.89
2017-01-12 04:00:00+01:00,52.6,33.19900669481976,41.39
2017-01-12 05:00:00+01:00,55.59,35.369346126118515,39.82
2017-01-12 06:00:00+01:00,56.41,41.83348364082369,40.32
2017-01-12 07:00:00+01:00,72.05,50.533801175033005,41.12
2017-01-12 08:00:00+01:00,73.8,58.19496001706515,41.39
2017-01-12 09:00:00+01:00,74.78,63.61511625583193,45.0
2017-01-12 10:00:00+01:00,72.05,65.6445319956251,45.89
2017-01-12 11:00:00+01:00,70.62,65.52705308390786,46.61
2017-01-12 12:00:00+01:00,66.96,64.6170657569505,48.4
2017-01-12 13:00:00+01:00,63.12,63.487788010450245,46.6
2017-01-12 14:00:00+01:00,57.74,61.39963802460285,43.4
2017-01-12 15:00:00+01:00,57.68,59.231332689487445,41.34
2017-01-12 16:00:00+01:00,59.5,58.32027123900374,41.34
2017-01-12 17:00:00+01:00,69.53,61.26450054410063,51.47
2017-01-12 18:00:00+01:00,75.75,65.13646083702834,61.99
2017-01-12 19:00:00+01:00,77.53,66.89434255146628,65.55
2017-01-12 20:00:00+01:00,77.59,67.09402396506951,65.89
2017-01-12 21:00:00+01:00,71.47,65.50739938511666,65.66
2017-01-12 22:00:00+01:00,70.62,60.85650813082117,62.19
2017-01-12 23:00:00+01:00,70.32,55.03266808642014,50.64
2017-01-13 00:00:00+01:00,59.2,68.77508845918754,71.35
2017-01-13 01:00:00+01:00,53.2,59.84040900367065,61.49
2017-01-13 02:00:00+01:00,50.16,55.367647396616185,59.91
2017-01-13 03:00:00+01:00,46.34,53.09568540491506,53.45
2017-01-13 04:00:00+01:00,43.66,53.883645930430674,52.6
2017-01-13 05:00:00+01:00,48.52,56.53086466616618,55.59
2017-01-13 06:00:00+01:00,53.09,62.918874046856466,56.41
2017-01-13 07:00:00+01:00,59.2,72.75027743267665,72.05
2017-01-13 08:00:00+01:00,70.49,79.95800354273695,73.8
2017-01-13 09:00:00+01:00,77.09,85.75908606151908,74.78
2017-01-13 10:00:00+01:00,78.07,88.11488802083016,72.05
2017-01-13 11:00:00+01:00,75.51,88.56427868139038,70.62
2017-01-13 12:00:00+01:00,72.94,87.91497024163283,66.96
2017-01-13 13:00:00+01:00,70.69,87.1213046461697,63.12
2017-01-13 14:00:00+01:00,69.48,85.33408163548212,57.74
2017-01-13 15:00:00+01:00,69.07,83.85325282855482,57.68
2017-01-13 16:00:00+01:00,70.49,83.33766364565912,59.5
2017-01-13 17:00:00+01:00,75.48,86.89546361800423,69.53
2017-01-13 18:00:00+01:00,80.15,90.79853725159592,75.75
2017-01-13 19:00:00+01:00,85.0,92.70949327830694,77.53
2017-01-13 20:00:00+01:00,85.0,93.2176111145753,77.59
2017-01-13 21:00:00+01:00,81.19,91.67730982807386,71.47
2017-01-13 22:00:00+01:00,81.19,87.88797336841255,70.62
2017-01-13 23:00:00+01:00,80.0,81.79265543145974,70.32
2017-01-14 00:00:00+01:00,75.0,78.48479662111814,59.2
2017-01-14 01:00:00+01:00,65.13,70.58271524763268,53.2
2017-01-14 02:00:00+01:00,59.71,65.68515767370874,50.16
2017-01-14 03:00:00+01:00,55.25,62.27878496185701,46.34
2017-01-14 04:00:00+01:00,50.01,61.655573315072665,43.66
2017-01-14 05:00:00+01:00,52.93,63.090546685357694,48.52
2017-01-14 06:00:00+01:00,55.99,67.27063443910822,53.09
2017-01-14 07:00:00+01:00,58.03,75.19238602070804,59.2
2017-01-14 08:00:00+01:00,58.93,81.68966397078943,70.49
2017-01-14 09:00:00+01:00,69.17,86.97387952016783,77.09
2017-01-14 10:00:00+01:00,70.49,89.37256693026988,78.07
2017-01-14 11:00:00+01:00,69.19,90.40275131112237,75.51
2017-01-14 12:00:00+01:00,62.58,90.66365561983656,72.94
2017-01-14 13:00:00+01:00,61.23,90.62534965970829,70.69
2017-01-14 14:00:00+01:00,59.03,89.568678454172,69.48
2017-01-14 15:00:00+01:00,58.03,88.66585577524505,69.07
2017-01-14 16:00:00+01:00,58.03,88.54024375254889,70.49
2017-01-14 17:00:00+01:00,63.15,92.34591330992859,75.48
2017-01-14 18:00:00+01:00,78.55,96.4580509359612,80.15
2017-01-14 19:00:00+01:00,81.79,98.99346247334329,85.0
2017-01-14 20:00:00+01:00,78.0,99.84230310838308,85.0
2017-01-14 21:00:00+01:00,76.51,98.73145186253522,81.19
2017-01-14 22:00:00+01:00,72.89,96.17832246157033,81.19
2017-01-14 23:00:00+01:00,70.31,91.04779522689111,80.0
2017-01-15 00:00:00+01:00,64.87,67.22207522542811,75.0
2017-01-15 01:00:00+01:00,58.65,58.87491433907046,65.13
2017-01-15 02:00:00+01:00,55.08,54.17716706047846,59.71
2017-01-15 03:00:00+01:00,51.59,51.3989213937465,55.25
2017-01-15 04:00:00+01:00,50.0,51.55351537123116,50.01
2017-01-15 05:00:00+01:00,50.0,54.69300334195218,52.93
2017-01-15 06:00:00+01:00,51.0,60.43421267853868,55.99
2017-01-15 07:00:00+01:00,52.19,69.58179230751749,58.03
2017-01-15 08:00:00+01:00,55.19,77.09761318700698,58.93
2017-01-15 09:00:00+01:00,57.73,83.23233972108616,69.17
2017-01-15 10:00:00+01:00,60.71,84.87847120028344,70.49
2017-01-15 11:00:00+01:00,62.08,84.89703891103505,69.19
2017-01-15 12:00:00+01:00,58.93,83.78448739699849,62.58
2017-01-15 13:00:00+01:00,61.12,83.12941568585467,61.23
2017-01-15 14:00:00+01:00,58.53,81.26647632252926,59.03
2017-01-15 15:00:00+01:00,57.51,79.64984873331291,58.03
2017-01-15 16:00:00+01:00,57.12,78.95160906146027,58.03
2017-01-15 17:00:00+01:00,60.1,82.30501199346875,63.15
2017-01-15 18:00:00+01:00,71.01,86.56241439308195,78.55
2017-01-15 19:00:00+01:00,80.0,87.71762823114288,81.79
2017-01-15 20:00:00+01:00,79.37,87.36722093412376,78.0
2017-01-15 21:00:00+01:00,76.55,85.70805731865906,76.51
2017-01-15 22:00:00+01:00,75.83,82.05718592947595,72.89
2017-01-15 23:00:00+01:00,69.48,76.16907554569818,70.31
2017-01-16 00:00:00+01:00,57.29,66.34857863159256,64.87
2017-01-16 01:00:00+01:00,51.38,58.31860127730798,58.65
2017-01-16 02:00:00+01:00,48.01,53.60655707542932,55.08
2017-01-16 03:00:00+01:00,41.89,50.73590009160507,51.59
2017-01-16 04:00:00+01:00,40.98,50.848494110109364,50.0
2017-01-16 05:00:00+01:00,48.98,53.928682351315004,50.0
2017-01-16 06:00:00+01:00,58.01,59.59878678225829,51.0
2017-01-16 07:00:00+01:00,67.44,68.57288112931603,52.19
2017-01-16 08:00:00+01:00,75.55,76.3461043273729,55.19
2017-01-16 09:00:00+01:00,78.33,82.60017815405833,57.73
2017-01-16 10:00:00+01:00,79.67,84.61255759256457,60.71
2017-01-16 11:00:00+01:00,78.87,84.68681389187263,62.08
2017-01-16 12:00:00+01:00,77.15,83.3846548915933,58.93
2017-01-16 13:00:00+01:00,76.5,83.06525071148228,61.12
2017-01-16 14:00:00+01:00,72.99,81.01949022778182,58.53
2017-01-16 15:00:00+01:00,70.49,79.50534894906657,57.51
2017-01-16 16:00:00+01:00,70.25,78.82438526773001,57.12
2017-01-16 17:00:00+01:00,74.69,82.16359553909588,60.1
2017-01-16 18:00:00+01:00,80.19,86.90613307141822,71.01
2017-01-16 19:00:00+01:00,83.69,88.19073775203766,80.0
2017-01-16 20:00:00+01:00,83.92,87.33641511939223,79.37
2017-01-16 21:00:00+01:00,80.0,85.61179692764523,76.55
2017-01-16 22:00:00+01:00,77.69,82.25452518882352,75.83
2017-01-16 23:00:00+01:00,69.48,76.43405228819475,69.48
2017-01-17 00:00:00+01:00,62.58,65.80268127134097,57.29
2017-01-17 01:00:00+01:00,58.23,58.35083392500216,51.38
2017-01-17 02:00:00+01:00,54.06,53.51631093183231,48.01
2017-01-17 03:00:00+01:00,51.0,50.22267700422816,41.89
2017-01-17 04:00:00+01:00,50.02,50.34156655999005,40.98
2017-01-17 05:00:00+01:00,52.17,53.69764973375788,48.98
2017-01-17 06:00:00+01:00,58.83,59.16460466678316,58.01
2017-01-17 07:00:00+01:00,71.1,67.81463718893029,67.44
2017-01-17 08:00:00+01:00,80.15,75.44178716693035,75.55
2017-01-17 09:00:00+01:00,83.0,81.32445872178097,78.33
2017-01-17 10:00:00+01:00,82.51,83.38542542640164,79.67
2017-01-17 11:00:00+01:00,80.69,83.33976320135551,78.87
2017-01-17 12:00:00+01:00,79.11,81.94760151839637,77.15
2017-01-17 13:00:00+01:00,78.33,81.51550708039537,76.5
2017-01-17 14:00:00+01:00,75.55,79.27582897947978,72.99
2017-01-17 15:00:00+01:00,74.71,77.66853082848661,70.49
2017-01-17 16:00:00+01:00,74.71,76.96269678438343,70.25
2017-01-17 17:00:00+01:00,78.29,80.22937536998771,74.69
2017-01-17 18:00:00+01:00,82.51,84.82912292871224,80.19
2017-01-17 19:00:00+01:00,85.01,86.08319217746131,83.69
2017-01-17 20:00:00+01:00,85.71,85.03593636834523,83.92
2017-01-17 21:00:00+01:00,85.0,82.96890992320932,80.0
2017-01-17 22:00:00+01:00,80.0,79.68819234775304,77.69
2017-01-17 23:00:00+01:00,74.08,73.64985790430548,69.48
2017-01-18 00:00:00+01:00,67.88,70.34949031623475,62.58
2017-01-18 01:00:00+01:00,62.58,63.43274658458804,58.23
2017-01-18 02:00:00+01:00,59.94,58.42110370309338,54.06
2017-01-18 03:00:00+01:00,58.96,54.90077981321963,51.0
2017-01-18 04:00:00+01:00,57.29,54.67311479553755,50.02
2017-01-18 05:00:00+01:00,59.83,57.743477957052995,52.17
2017-01-18 06:00:00+01:00,63.1,63.02745196727957,58.83
2017-01-18 07:00:00+01:00,78.87,71.54223028884564,71.1
2017-01-18 08:00:00+01:00,88.2,78.88793135446873,80.15
2017-01-18 09:00:00+01:00,86.12,84.53643401117755,83.0
2017-01-18 10:00:00+01:00,86.63,86.81991250755452,82.51
2017-01-18 11:00:00+01:00,85.0,87.11242316664871,80.69
2017-01-18 12:00:00+01:00,84.0,86.09670378005065,79.11
2017-01-18 13:00:00+01:00,84.1,85.87891842429421,78.33
2017-01-18 14:00:00+01:00,81.17,83.73904310052413,75.55
2017-01-18 15:00:00+01:00,81.0,82.27685751580766,74.71
2017-01-18 16:00:00+01:00,81.51,81.56074883806308,74.71
2017-01-18 17:00:00+01:00,85.01,84.75556595717596,78.29
2017-01-18 18:00:00+01:00,90.0,89.28735224602733,82.51
2017-01-18 19:00:00+01:00,92.01,90.65103465911099,85.01
2017-01-18 20:00:00+01:00,92.6,89.66844764643037,85.71
2017-01-18 21:00:00+01:00,92.01,87.655902343061,85.0
2017-01-18 22:00:00+01:00,89.22,84.34532895740823,80.0
2017-01-18 23:00:00+01:00,85.0,78.47522337214282,74.08
2017-01-19 00:00:00+01:00,80.27,81.02858837359722,67.88
2017-01-19 01:00:00+01:00,71.1,74.45980471113978,62.58
2017-01-19 02:00:00+01:00,68.1,69.77167758756974,59.94
2017-01-19 03:00:00+01:00,67.6,66.66555725163697,58.96
2017-01-19 04:00:00+01:00,67.35,66.65317638881645,57.29
2017-01-19 05:00:00+01:00,68.1,70.2657284222054,59.83
2017-01-19 06:00:00+01:00,75.03,76.02161022408613,63.1
2017-01-19 07:00:00+01:00,90.0,85.6674713357804,78.87
2017-01-19 08:00:00+01:00,94.0,93.08373435609475,88.2
2017-01-19 09:00:00+01:00,95.0,98.24667816109702,86.12
2017-01-19 10:00:00+01:00,94.0,100.91180372441826,86.63
2017-01-19 11:00:00+01:00,93.88,101.17729659572701,85.0
2017-01-19 12:00:00+01:00,93.0,100.25370024568437,84.0
2017-01-19 13:00:00+01:00,92.73,100.07272359936451,84.1
2017-01-19 14:00:00+01:00,94.01,97.969784296383,81.17
2017-01-19 15:00:00+01:00,92.0,96.80119576793504,81.0
2017-01-19 16:00:00+01:00,91.03,96.32068243349767,81.51
2017-01-19 17:00:00+01:00,92.0,99.72204165441842,85.01
2017-01-19 18:00:00+01:00,94.22,104.50650092714697,90.0
2017-01-19 19:00:00+01:00,95.11,106.10332085087109,92.01
2017-01-19 20:00:00+01:00,94.0,105.3815775539088,92.6
2017-01-19 21:00:00+01:00,89.19,103.5101237626445,92.01
2017-01-19 22:00:00+01:00,85.46,100.19561857212292,89.22
2017-01-19 23:00:00+01:00,81.75,94.31308828704401,85.0
2017-01-20 00:00:00+01:00,79.56,77.23666590863327,80.27
2017-01-20 01:00:00+01:00,70.0,70.2201038409271,71.1
2017-01-20 02:00:00+01:00,67.47,65.4805121723285,68.1
2017-01-20 03:00:00+01:00,67.1,62.125452797093196,67.6
2017-01-20 04:00:00+01:00,67.1,61.602613385254315,67.35
2017-01-20 05:00:00+01:00,67.88,64.70494182243004,68.1
2017-01-20 06:00:00+01:00,75.51,70.38877044653216,75.03
2017-01-20 07:00:00+01:00,90.0,79.99507443256293,90.0
2017-01-20 08:00:00+01:00,94.69,86.52861449725951,94.0
2017-01-20 09:00:00+01:00,97.5,91.2813862285556,95.0
2017-01-20 10:00:00+01:00,97.47,93.65554647953672,94.0
2017-01-20 11:00:00+01:00,97.31,93.81852442755807,93.88
2017-01-20 12:00:00+01:00,95.09,92.61461500223609,93.0
2017-01-20 13:00:00+01:00,94.7,92.10196326499288,92.73
2017-01-20 14:00:00+01:00,93.69,89.89756881897246,94.01
2017-01-20 15:00:00+01:00,92.84,88.13837543430068,92.0
2017-01-20 16:00:00+01:00,91.19,87.33558408436646,91.03
2017-01-20 17:00:00+01:00,96.69,90.28600011280713,92.0
2017-01-20 18:00:00+01:00,97.19,94.73111254161529,94.22
2017-01-20 19:00:00+01:00,98.69,96.12665147203847,95.11
2017-01-20 20:00:00+01:00,98.52,95.11025080104477,94.0
2017-01-20 21:00:00+01:00,95.03,92.74989449637296,89.19
2017-01-20 22:00:00+01:00,94.7,89.26618269463101,85.46
2017-01-20 23:00:00+01:00,92.03,83.18370039088167,81.75
2017-01-21 00:00:00+01:00,87.6,87.64947434552958,79.56
2017-01-21 01:00:00+01:00,78.58,80.53525227858744,70.0
2017-01-21 02:00:00+01:00,72.58,76.29726251701297,67.47
2017-01-21 03:00:00+01:00,70.5,73.22186421220088,67.1
2017-01-21 04:00:00+01:00,69.11,72.74960698830847,67.1
2017-01-21 05:00:00+01:00,69.7,75.86541332507781,67.88
2017-01-21 06:00:00+01:00,70.0,82.02783984229814,75.51
2017-01-21 07:00:00+01:00,70.49,92.05313037013879,90.0
2017-01-21 08:00:00+01:00,75.6,98.36735644876151,94.69
2017-01-21 09:00:00+01:00,84.0,103.29626223277364,97.5
2017-01-21 10:00:00+01:00,83.04,105.85411458046916,97.47
2017-01-21 11:00:00+01:00,79.56,106.3672456101979,97.31
2017-01-21 12:00:00+01:00,78.07,105.3416607636425,95.09
2017-01-21 13:00:00+01:00,78.33,105.11425828851047,94.7
2017-01-21 14:00:00+01:00,77.51,103.19652840944316,93.69
2017-01-21 15:00:00+01:00,74.99,101.6336668039314,92.84
2017-01-21 16:00:00+01:00,69.48,100.92537095472548,91.19
2017-01-21 17:00:00+01:00,74.2,104.30070717476053,96.69
2017-01-21 18:00:00+01:00,90.43,108.54706861734368,97.19
2017-01-21 19:00:00+01:00,92.1,110.39391925717413,98.69
2017-01-21 20:00:00+01:00,90.0,109.65580399099885,98.52
2017-01-21 21:00:00+01:00,90.6,107.38212897446684,95.03
2017-01-21 22:00:00+01:00,86.75,104.38076415300826,94.7
2017-01-21 23:00:00+01:00,83.08,98.46994966952637,92.03
2017-01-22 00:00:00+01:00,79.28,78.37758041724803,87.6
2017-01-22 01:00:00+01:00,72.1,70.95783525078011,78.58
2017-01-22 02:00:00+01:00,66.44,66.53905026389236,72.58
2017-01-22 03:00:00+01:00,63.16,63.461790137304526,70.5
2017-01-22 04:00:00+01:00,60.29,62.69231791964021,69.11
2017-01-22 05:00:00+01:00,60.1,65.51189910647363,69.7
2017-01-22 06:00:00+01:00,60.71,71.26951769240699,70.0
2017-01-22 07:00:00+01:00,61.23,80.86691520919975,70.49
2017-01-22 08:00:00+01:00,65.1,87.53821902452967,75.6
2017-01-22 09:00:00+01:00,69.02,92.62923669405563,84.0
2017-01-22 10:00:00+01:00,72.69,94.5664719903158,83.04
2017-01-22 11:00:00+01:00,75.0,94.83623207793984,79.56
2017-01-22 12:00:00+01:00,75.19,93.85754000041416,78.07
2017-01-22 13:00:00+01:00,69.48,93.52443747986953,78.33
2017-01-22 14:00:00+01:00,66.34,91.46478576682753,77.51
2017-01-22 15:00:00+01:00,63.95,89.58293383594417,74.99
2017-01-22 16:00:00+01:00,62.52,88.43033571357444,69.48
2017-01-22 17:00:00+01:00,67.33,92.00848032499552,74.2
2017-01-22 18:00:00+01:00,85.38,96.78593890042028,90.43
2017-01-22 19:00:00+01:00,92.12,97.68644899358175,92.1
2017-01-22 20:00:00+01:00,92.0,96.62650698074542,90.0
2017-01-22 21:00:00+01:00,86.35,94.43440743954314,90.6
2017-01-22 22:00:00+01:00,85.1,91.02028000713965,86.75
2017-01-22 23:00:00+01:00,78.87,85.16772124022411,83.08
2017-01-23 00:00:00+01:00,68.84,74.33420421726709,79.28
2017-01-23 01:00:00+01:00,65.31,66.90297373775805,72.1
2017-01-23 02:00:00+01:00,61.88,62.3455188002345,66.44
2017-01-23 03:00:00+01:00,60.4,59.20632123635279,63.16
2017-01-23 04:00:00+01:00,60.29,58.12105110410815,60.29
2017-01-23 05:00:00+01:00,63.0,60.67470038443966,60.1
2017-01-23 06:00:00+01:00,79.11,66.09026347071409,60.71
2017-01-23 07:00:00+01:00,95.01,75.27301763641569,61.23
2017-01-23 08:00:00+01:00,93.69,82.29055618322371,65.1
2017-01-23 09:00:00+01:00,95.1,87.60914927652928,69.02
2017-01-23 10:00:00+01:00,95.1,89.95980369133261,72.69
2017-01-23 11:00:00+01:00,93.21,90.55653505865811,75.0
2017-01-23 12:00:00+01:00,91.69,89.82385704002853,75.19
2017-01-23 13:00:00+01:00,92.0,89.31691633235951,69.48
2017-01-23 14:00:00+01:00,88.93,87.71399767354914,66.34
2017-01-23 15:00:00+01:00,85.1,86.01319504277159,63.95
2017-01-23 16:00:00+01:00,84.37,84.92694552864758,62.52
2017-01-23 17:00:00+01:00,88.74,88.61703950840675,67.33
2017-01-23 18:00:00+01:00,93.51,94.19362347617307,85.38
2017-01-23 19:00:00+01:00,97.0,94.60633980372727,92.12
2017-01-23 20:00:00+01:00,97.67,93.14736272800849,92.0
2017-01-23 21:00:00+01:00,90.76,90.62621507489273,86.35
2017-01-23 22:00:00+01:00,86.2,87.61230168236081,85.1
2017-01-23 23:00:00+01:00,85.5,81.85416697349946,78.87
2017-01-24 00:00:00+01:00,86.83,80.2693719387235,68.84
2017-01-24 01:00:00+01:00,77.51,73.50312876649784,65.31
2017-01-24 02:00:00+01:00,70.1,68.93885565437562,61.88
2017-01-24 03:00:00+01:00,69.69,66.04030778841162,60.4
2017-01-24 04:00:00+01:00,69.09,65.20296063567693,60.29
2017-01-24 05:00:00+01:00,70.0,68.00124800193562,63.0
2017-01-24 06:00:00+01:00,78.87,74.40238937443351,79.11
2017-01-24 07:00:00+01:00,95.01,83.62127369649134,95.01
2017-01-24 08:00:00+01:00,95.01,89.79882376315419,93.69
2017-01-24 09:00:00+01:00,95.69,95.37214275470066,95.1
2017-01-24 10:00:00+01:00,95.69,97.74868740035811,95.1
2017-01-24 11:00:00+01:00,95.01,98.16253590037631,93.21
2017-01-24 12:00:00+01:00,93.6,97.34198900364267,91.69
2017-01-24 13:00:00+01:00,93.69,96.7882477736037,92.0
2017-01-24 14:00:00+01:00,89.01,94.93998677303492,88.93
2017-01-24 15:00:00+01:00,85.1,93.16104004071637,85.1
2017-01-24 16:00:00+01:00,84.08,92.28534369779045,84.37
2017-01-24 17:00:00+01:00,90.69,96.09340536495075,88.74
2017-01-24 18:00:00+01:00,96.5,101.66139456294297,93.51
2017-01-24 19:00:00+01:00,98.61,102.45447942016303,97.0
2017-01-24 20:00:00+01:00,99.1,101.08004863005692,97.67
2017-01-24 21:00:00+01:00,96.3,98.24306645476778,90.76
2017-01-24 22:00:00+01:00,93.71,95.44337396386798,86.2
2017-01-24 23:00:00+01:00,90.74,89.80442337575883,85.5
2017-01-25 00:00:00+01:00,97.7,85.84708595018785,86.83
2017-01-25 01:00:00+01:00,85.03,78.54661707169794,77.51
2017-01-25 02:00:00+01:00,79.11,73.96319540918901,70.1
2017-01-25 03:00:00+01:00,76.8,71.4514539952232,69.69
2017-01-25 04:00:00+01:00,75.18,70.52834772906901,69.09
2017-01-25 05:00:00+01:00,76.1,73.21717712219002,70.0
2017-01-25 06:00:00+01:00,80.1,79.93246737225883,78.87
2017-01-25 07:00:00+01:00,94.0,89.49502484474138,95.01
2017-01-25 08:00:00+01:00,98.01,94.86980889479891,95.01
2017-01-25 09:00:00+01:00,98.61,100.51359955053906,95.69
2017-01-25 10:00:00+01:00,98.61,103.10571080415376,95.69
2017-01-25 11:00:00+01:00,97.35,103.66042041567948,95.01
2017-01-25 12:00:00+01:00,96.5,102.92132987564699,93.6
2017-01-25 13:00:00+01:00,96.0,102.49048604552456,93.69
2017-01-25 14:00:00+01:00,89.23,100.46000679086136,89.01
2017-01-25 15:00:00+01:00,88.0,98.75374900675648,85.1
2017-01-25 16:00:00+01:00,86.75,98.05242332668846,84.08
2017-01-25 17:00:00+01:00,93.21,102.10052488900827,90.69
2017-01-25 18:00:00+01:00,99.18,107.54981045991798,96.5
2017-01-25 19:00:00+01:00,101.7,108.43789735952535,98.61
2017-01-25 20:00:00+01:00,101.99,107.13863540460176,99.1
2017-01-25 21:00:00+01:00,100.67,104.22003028457578,96.3
2017-01-25 22:00:00+01:00,99.18,101.4604509466504,93.71
2017-01-25 23:00:00+01:00,96.19,96.171869581365,90.74
2017-01-26 00:00:00+01:00,92.44,91.9708924716096,97.7
2017-01-26 01:00:00+01:00,90.0,83.6375978313184,85.03
2017-01-26 02:00:00+01:00,81.69,79.29477396227024,79.11
2017-01-26 03:00:00+01:00,78.98,76.95215021293333,76.8
2017-01-26 04:00:00+01:00,77.5,76.0308579489511,75.18
2017-01-26 05:00:00+01:00,78.0,78.69914265855006,76.1
2017-01-26 06:00:00+01:00,79.49,85.4026013016632,80.1
2017-01-26 07:00:00+01:00,89.49,95.47510541392423,94.0
2017-01-26 08:00:00+01:00,97.2,100.5570490106545,98.01
2017-01-26 09:00:00+01:00,97.2,105.98939817979144,98.61
2017-01-26 10:00:00+01:00,94.1,108.78240305672482,98.61
2017-01-26 11:00:00+01:00,90.2,109.45582512451007,97.35
2017-01-26 12:00:00+01:00,89.23,108.8872027948047,96.5
2017-01-26 13:00:00+01:00,88.8,108.51910144713833,96.0
2017-01-26 14:00:00+01:00,86.33,106.23702907515204,89.23
2017-01-26 15:00:00+01:00,84.98,104.90654245842163,88.0
2017-01-26 16:00:00+01:00,84.98,104.21320210333978,86.75
2017-01-26 17:00:00+01:00,88.1,108.50145365509883,93.21
2017-01-26 18:00:00+01:00,91.19,113.88761256251672,99.18
2017-01-26 19:00:00+01:00,93.89,114.88806915380397,101.7
2017-01-26 20:00:00+01:00,95.05,113.63763933392842,101.99
2017-01-26 21:00:00+01:00,90.2,110.76649771834488,100.67
2017-01-26 22:00:00+01:00,88.1,108.03242985600724,99.18
2017-01-26 23:00:00+01:00,81.98,102.85441686319271,96.19
2017-01-27 00:00:00+01:00,69.49,77.39676813407391,92.44
2017-01-27 01:00:00+01:00,64.95,68.9545754334776,90.0
2017-01-27 02:00:00+01:00,63.2,63.52417914004098,81.69
2017-01-27 03:00:00+01:00,60.71,60.913212921217905,78.98
2017-01-27 04:00:00+01:00,60.49,59.53343323352021,77.5
2017-01-27 05:00:00+01:00,62.95,61.63667327167626,78.0
2017-01-27 06:00:00+01:00,64.5,67.67710427036644,79.49
2017-01-27 07:00:00+01:00,79.11,77.61677757283256,89.49
2017-01-27 08:00:00+01:00,87.0,82.43723385694122,97.2
2017-01-27 09:00:00+01:00,91.25,86.89363726054033,97.2
2017-01-27 10:00:00+01:00,90.0,89.16606343995463,94.1
2017-01-27 11:00:00+01:00,89.4,89.47076375187811,90.2
2017-01-27 12:00:00+01:00,82.87,88.72707675559003,89.23
2017-01-27 13:00:00+01:00,79.56,87.94076060860732,88.8
2017-01-27 14:00:00+01:00,77.28,85.1904593976283,86.33
2017-01-27 15:00:00+01:00,75.51,83.40725483525569,84.98
2017-01-27 16:00:00+01:00,76.08,82.29740207081595,84.98
2017-01-27 17:00:00+01:00,78.55,86.0033587737127,88.1
2017-01-27 18:00:00+01:00,84.44,90.84608342016205,91.19
2017-01-27 19:00:00+01:00,84.49,91.64112833665573,93.89
2017-01-27 20:00:00+01:00,79.56,89.98957526918187,95.05
2017-01-27 21:00:00+01:00,76.77,86.36956694581104,90.2
2017-01-27 22:00:00+01:00,73.78,83.32380119463778,88.1
2017-01-27 23:00:00+01:00,70.3,77.76561219481141,81.98
2017-01-28 00:00:00+01:00,60.49,65.2595371277816,69.49
2017-01-28 01:00:00+01:00,57.36,57.68441925869625,64.95
2017-01-28 02:00:00+01:00,54.0,52.06484810956135,63.2
2017-01-28 03:00:00+01:00,41.62,48.67717240968638,60.71
2017-01-28 04:00:00+01:00,40.8,46.363446776675275,60.49
2017-01-28 05:00:00+01:00,40.8,47.15688484266164,62.95
2017-01-28 06:00:00+01:00,45.13,51.49518500200553,64.5
2017-01-28 07:00:00+01:00,49.94,60.745913071620656,79.11
2017-01-28 08:00:00+01:00,54.1,64.12702467631264,87.0
2017-01-28 09:00:00+01:00,64.08,67.40632614146888,91.25
2017-01-28 10:00:00+01:00,69.88,69.07673673331563,90.0
2017-01-28 11:00:00+01:00,65.92,69.63480178693204,89.4
2017-01-28 12:00:00+01:00,65.0,68.88484563595723,82.87
2017-01-28 13:00:00+01:00,60.98,68.64666416705757,79.56
2017-01-28 14:00:00+01:00,60.4,66.33859014217883,77.28
2017-01-28 15:00:00+01:00,57.87,64.68123662425683,75.51
2017-01-28 16:00:00+01:00,58.69,63.69526786971167,76.08
2017-01-28 17:00:00+01:00,61.49,67.16024666875043,78.55
2017-01-28 18:00:00+01:00,78.36,72.10954027443606,84.44
2017-01-28 19:00:00+01:00,80.0,72.74423744698188,84.49
2017-01-28 20:00:00+01:00,79.56,70.84888102715665,79.56
2017-01-28 21:00:00+01:00,79.56,67.45106188979777,76.77
2017-01-28 22:00:00+01:00,77.69,64.57400917703364,73.78
2017-01-28 23:00:00+01:00,70.25,59.321112315637905,70.3
2017-01-29 00:00:00+01:00,60.71,65.30550536086425,60.49
2017-01-29 01:00:00+01:00,59.79,58.6796459692978,57.36
2017-01-29 02:00:00+01:00,52.72,53.54833294303417,54.0
2017-01-29 03:00:00+01:00,47.51,50.22530182959021,41.62
2017-01-29 04:00:00+01:00,44.0,49.719411456254065,40.8
2017-01-29 05:00:00+01:00,43.84,51.752622151787804,40.8
2017-01-29 06:00:00+01:00,46.16,57.58135811854958,45.13
2017-01-29 07:00:00+01:00,49.08,67.93365044053704,49.94
2017-01-29 08:00:00+01:00,53.38,73.08702568740232,54.1
2017-01-29 09:00:00+01:00,60.71,77.97923850809964,64.08
2017-01-29 10:00:00+01:00,66.0,80.3018655090722,69.88
2017-01-29 11:00:00+01:00,66.03,80.71033296068457,65.92
2017-01-29 12:00:00+01:00,68.0,80.44746684495499,65.0
2017-01-29 13:00:00+01:00,66.03,80.07186555965072,60.98
2017-01-29 14:00:00+01:00,63.15,78.16787879106985,60.4
2017-01-29 15:00:00+01:00,60.49,76.35988552303799,57.87
2017-01-29 16:00:00+01:00,60.3,75.54348802773792,58.69
2017-01-29 17:00:00+01:00,61.49,78.85008654753241,61.49
2017-01-29 18:00:00+01:00,75.96,84.61752863702401,78.36
2017-01-29 19:00:00+01:00,79.49,84.55506661674832,80.0
2017-01-29 20:00:00+01:00,80.04,82.68318739809558,79.56
2017-01-29 21:00:00+01:00,80.04,79.50659272084611,79.56
2017-01-29 22:00:00+01:00,79.01,76.51984900283011,77.69
2017-01-29 23:00:00+01:00,71.15,71.37028442292367,70.25
2017-01-30 00:00:00+01:00,59.79,66.07615017961989,60.71
2017-01-30 01:00:00+01:00,53.6,60.164959525047905,59.79
2017-01-30 02:00:00+01:00,47.1,54.662864795012965,52.72
2017-01-30 03:00:00+01:00,44.9,51.48048614791037,47.51
2017-01-30 04:00:00+01:00,44.68,51.1389120875652,44.0
2017-01-30 05:00:00+01:00,47.72,53.53576914843844,43.84
2017-01-30 06:00:00+01:00,54.77,59.64350264415829,46.16
2017-01-30 07:00:00+01:00,77.15,70.11936799292643,49.08
2017-01-30 08:00:00+01:00,79.1,76.12483650063386,53.38
2017-01-30 09:00:00+01:00,79.49,81.67329357489923,60.71
2017-01-30 10:00:00+01:00,79.49,84.40744568195501,66.0
2017-01-30 11:00:00+01:00,79.1,84.90941252751209,66.03
2017-01-30 12:00:00+01:00,78.98,85.08683612082416,68.0
2017-01-30 13:00:00+01:00,78.44,84.72023351801813,66.03
2017-01-30 14:00:00+01:00,77.0,83.07532848876407,63.15
2017-01-30 15:00:00+01:00,76.0,81.49033426734967,60.49
2017-01-30 16:00:00+01:00,75.51,80.95617465169032,60.3
2017-01-30 17:00:00+01:00,78.53,84.23458972128908,61.49
2017-01-30 18:00:00+01:00,83.69,90.82103693217235,75.96
2017-01-30 19:00:00+01:00,87.08,90.53454414085941,79.49
2017-01-30 20:00:00+01:00,84.95,88.60268867357203,80.04
2017-01-30 21:00:00+01:00,80.55,85.49117190549755,80.04
2017-01-30 22:00:00+01:00,77.69,82.42084649828884,79.01
2017-01-30 23:00:00+01:00,74.19,76.95371333198055,71.15
2017-01-31 00:00:00+01:00,61.23,68.47068345527268,59.79
2017-01-31 01:00:00+01:00,55.0,62.76366015518087,53.6
2017-01-31 02:00:00+01:00,53.3,57.125592967165545,47.1
2017-01-31 03:00:00+01:00,52.0,53.97655707669047,44.9
2017-01-31 04:00:00+01:00,50.18,53.50541258868414,44.68
2017-01-31 05:00:00+01:00,54.0,55.883538260612845,47.72
2017-01-31 06:00:00+01:00,61.23,61.95642545746924,54.77
2017-01-31 07:00:00+01:00,77.15,73.0370195554281,77.15
2017-01-31 08:00:00+01:00,78.98,77.90044152245268,79.1
2017-01-31 09:00:00+01:00,79.49,83.06523220981606,79.49
2017-01-31 10:00:00+01:00,79.99,85.59443530867966,79.49
2017-01-31 11:00:00+01:00,79.49,85.81067783956527,79.1
2017-01-31 12:00:00+01:00,79.49,85.60449614344472,78.98
2017-01-31 13:00:00+01:00,79.89,84.93452416541263,78.44
2017-01-31 14:00:00+01:00,79.49,83.14220892089186,77.0
2017-01-31 15:00:00+01:00,79.94,81.57922380845532,76.0
2017-01-31 16:00:00+01:00,79.99,81.14921184500824,75.51
2017-01-31 17:00:00+01:00,80.39,84.67530908782008,78.53
2017-01-31 18:00:00+01:00,87.01,91.45301437463571,83.69
2017-01-31 19:00:00+01:00,90.0,91.86045100551628,87.08
2017-01-31 20:00:00+01:00,83.69,90.04744739917022,84.95
2017-01-31 21:00:00+01:00,80.69,87.14164232833421,80.55
2017-01-31 22:00:00+01:00,79.1,84.3308831813811,77.69
2017-01-31 23:00:00+01:00,76.64,78.7271947416913,74.19
2017-02-01 00:00:00+01:00,54.99,70.21574569436481,61.23
2017-02-01 01:00:00+01:00,50.18,64.90941356793473,55.0
2017-02-01 02:00:00+01:00,47.1,59.57946500687153,53.3
2017-02-01 03:00:00+01:00,45.78,56.296242202474446,52.0
2017-02-01 04:00:00+01:00,44.99,55.589244171845316,50.18
2017-02-01 05:00:00+01:00,46.9,58.11946978197636,54.0
2017-02-01 06:00:00+01:00,50.24,64.1689640305311,61.23
2017-02-01 07:00:00+01:00,59.07,75.47061096802841,77.15
2017-02-01 08:00:00+01:00,64.98,79.81623491845409,78.98
2017-02-01 09:00:00+01:00,65.02,84.82891573972938,79.49
2017-02-01 10:00:00+01:00,68.49,87.51366766221705,79.99
2017-02-01 11:00:00+01:00,65.99,87.81818383993,79.49
2017-02-01 12:00:00+01:00,65.75,87.6665832138298,79.49
2017-02-01 13:00:00+01:00,64.98,87.04264826290321,79.89
2017-02-01 14:00:00+01:00,61.19,85.25866686406044,79.49
2017-02-01 15:00:00+01:00,59.71,83.71979720872804,79.94
2017-02-01 16:00:00+01:00,60.96,83.17410470822715,79.99
2017-02-01 17:00:00+01:00,69.19,86.44259397986873,80.39
2017-02-01 18:00:00+01:00,72.15,93.38630719885387,87.01
2017-02-01 19:00:00+01:00,73.2,93.97130734537245,90.0
2017-02-01 20:00:00+01:00,70.11,91.69337626908339,83.69
2017-02-01 21:00:00+01:00,64.98,89.03342969592043,80.69
2017-02-01 22:00:00+01:00,60.1,86.31371070613204,79.1
2017-02-01 23:00:00+01:00,58.78,80.74817960685546,76.64
2017-02-02 00:00:00+01:00,41.11,50.940725745171804,54.99
2017-02-02 01:00:00+01:00,38.74,46.884878863390355,50.18
2017-02-02 02:00:00+01:00,36.94,41.55692532315669,47.1
2017-02-02 03:00:00+01:00,32.3,37.6382913577437,45.78
2017-02-02 04:00:00+01:00,31.05,35.7770514102515,44.99
2017-02-02 05:00:00+01:00,32.66,36.92848417044026,46.9
2017-02-02 06:00:00+01:00,39.91,41.26719766749305,50.24
2017-02-02 07:00:00+01:00,55.58,51.07074641275166,59.07
2017-02-02 08:00:00+01:00,57.19,54.00493288571726,64.98
2017-02-02 09:00:00+01:00,59.1,57.216919928767986,65.02
2017-02-02 10:00:00+01:00,58.69,59.46402633151083,68.49
2017-02-02 11:00:00+01:00,57.66,59.152440429901965,65.99
2017-02-02 12:00:00+01:00,57.66,59.157457783667134,65.75
2017-02-02 13:00:00+01:00,54.44,58.59875169468393,64.98
2017-02-02 14:00:00+01:00,50.9,56.729512545990254,61.19
2017-02-02 15:00:00+01:00,47.1,55.276982520239045,59.71
2017-02-02 16:00:00+01:00,45.98,54.70336617599723,60.96
2017-02-02 17:00:00+01:00,48.8,57.90394528118298,69.19
2017-02-02 18:00:00+01:00,56.11,64.08008070116648,72.15
2017-02-02 19:00:00+01:00,60.79,64.68975140729736,73.2
2017-02-02 20:00:00+01:00,61.23,61.99013411337282,70.11
2017-02-02 21:00:00+01:00,60.71,58.9812542167178,64.98
2017-02-02 22:00:00+01:00,49.61,56.24061686964839,60.1
2017-02-02 23:00:00+01:00,42.12,51.17703914868355,58.78
2017-02-03 00:00:00+01:00,52.66,33.3702769674034,41.11
2017-02-03 01:00:00+01:00,50.01,29.12905097788646,38.74
2017-02-03 02:00:00+01:00,45.62,23.47176676690162,36.94
2017-02-03 03:00:00+01:00,43.31,19.21892450005895,32.3
2017-02-03 04:00:00+01:00,43.9,17.75481931305759,31.05
2017-02-03 05:00:00+01:00,50.01,19.55344171629865,32.66
2017-02-03 06:00:00+01:00,52.1,24.948985604733537,39.91
2017-02-03 07:00:00+01:00,53.33,35.805805897704815,55.58
2017-02-03 08:00:00+01:00,55.43,39.28850269955259,57.19
2017-02-03 09:00:00+01:00,55.69,43.22465740054887,59.1
2017-02-03 10:00:00+01:00,54.33,45.55910102337536,58.69
2017-02-03 11:00:00+01:00,52.81,45.15130728447086,57.66
2017-02-03 12:00:00+01:00,51.09,44.592573094369754,57.66
2017-02-03 13:00:00+01:00,50.21,43.15632768686894,54.44
2017-02-03 14:00:00+01:00,49.29,40.64831414891176,50.9
2017-02-03 15:00:00+01:00,48.16,38.53708958310747,47.1
2017-02-03 16:00:00+01:00,47.62,37.56535493942737,45.98
2017-02-03 17:00:00+01:00,51.32,40.39682520008082,48.8
2017-02-03 18:00:00+01:00,54.04,46.21117966763734,56.11
2017-02-03 19:00:00+01:00,57.57,46.5829358944073,60.79
2017-02-03 20:00:00+01:00,55.28,43.518413387417056,61.23
2017-02-03 21:00:00+01:00,53.01,40.04214629804095,60.71
2017-02-03 22:00:00+01:00,51.19,35.98003281597457,49.61
2017-02-03 23:00:00+01:00,47.86,30.882145263441135,42.12
2017-02-04 00:00:00+01:00,41.0,40.46624804212322,52.66
2017-02-04 01:00:00+01:00,37.97,35.45302466680385,50.01
2017-02-04 02:00:00+01:00,31.59,29.88674494657431,45.62
2017-02-04 03:00:00+01:00,31.0,25.706736029496973,43.31
2017-02-04 04:00:00+01:00,30.0,24.173973033450242,43.9
2017-02-04 05:00:00+01:00,29.84,25.965227919604516,50.01
2017-02-04 06:00:00+01:00,29.84,30.663621961568737,52.1
2017-02-04 07:00:00+01:00,30.7,40.94767916038956,53.33
2017-02-04 08:00:00+01:00,31.59,44.85299175215593,55.43
2017-02-04 09:00:00+01:00,37.0,48.727363614815175,55.69
2017-02-04 10:00:00+01:00,36.8,51.36040876071773,54.33
2017-02-04 11:00:00+01:00,33.77,51.62653981873472,52.81
2017-02-04 12:00:00+01:00,29.84,51.73346674238778,51.09
2017-02-04 13:00:00+01:00,29.33,51.10013055739099,50.21
2017-02-04 14:00:00+01:00,29.33,49.34342268580542,49.29
2017-02-04 15:00:00+01:00,24.68,47.817034981118425,48.16
2017-02-04 16:00:00+01:00,23.31,47.3621002422839,47.62
2017-02-04 17:00:00+01:00,26.0,50.69327345313569,51.32
2017-02-04 18:00:00+01:00,29.6,56.69902790662646,54.04
2017-02-04 19:00:00+01:00,39.1,57.88727954177181,57.57
2017-02-04 20:00:00+01:00,42.22,55.008073825972836,55.28
2017-02-04 21:00:00+01:00,50.51,51.85374399713541,53.01
2017-02-04 22:00:00+01:00,45.5,48.17072152429023,51.19
2017-02-04 23:00:00+01:00,41.2,43.14253111674626,47.86
2017-02-05 00:00:00+01:00,52.15,34.02693065761228,41.0
2017-02-05 01:00:00+01:00,51.23,29.267305059085103,37.97
2017-02-05 02:00:00+01:00,50.84,23.791417503425894,31.59
2017-02-05 03:00:00+01:00,49.54,20.3119020312674,31.0
2017-02-05 04:00:00+01:00,48.72,19.13873097248229,30.0
2017-02-05 05:00:00+01:00,49.54,21.37662455015141,29.84
2017-02-05 06:00:00+01:00,51.23,26.56730949901633,29.84
2017-02-05 07:00:00+01:00,51.53,37.15601805210096,30.7
2017-02-05 08:00:00+01:00,53.09,42.054601174470996,31.59
2017-02-05 09:00:00+01:00,53.92,46.70717088706911,37.0
2017-02-05 10:00:00+01:00,52.9,49.27364805433095,36.8
2017-02-05 11:00:00+01:00,52.02,49.48739459237557,33.77
2017-02-05 12:00:00+01:00,52.02,49.383451019493826,29.84
2017-02-05 13:00:00+01:00,51.99,48.81502082777314,29.33
2017-02-05 14:00:00+01:00,51.37,46.982192388802595,29.33
2017-02-05 15:00:00+01:00,51.15,44.993384748086044,24.68
2017-02-05 16:00:00+01:00,51.12,44.576548995189235,23.31
2017-02-05 17:00:00+01:00,51.23,47.930482398313444,26.0
2017-02-05 18:00:00+01:00,51.17,53.84914176842842,29.6
2017-02-05 19:00:00+01:00,51.49,55.7784821001237,39.1
2017-02-05 20:00:00+01:00,53.16,52.93588931797428,42.22
2017-02-05 21:00:00+01:00,55.8,50.28093360648044,50.51
2017-02-05 22:00:00+01:00,53.09,45.93275371731067,45.5
2017-02-05 23:00:00+01:00,51.23,41.16273949428743,41.2
2017-02-06 00:00:00+01:00,54.04,45.18113782635293,52.15
2017-02-06 01:00:00+01:00,51.57,39.71354966751388,51.23
2017-02-06 02:00:00+01:00,50.37,34.40992446143335,50.84
2017-02-06 03:00:00+01:00,50.31,30.89965823877673,49.54
2017-02-06 04:00:00+01:00,50.54,29.756719318916637,48.72
2017-02-06 05:00:00+01:00,51.57,32.03738259275063,49.54
2017-02-06 06:00:00+01:00,54.53,37.25549211819047,51.23
2017-02-06 07:00:00+01:00,55.19,47.569525004069625,51.53
2017-02-06 08:00:00+01:00,56.08,53.07611728194786,53.09
2017-02-06 09:00:00+01:00,56.89,57.907120658903835,53.92
2017-02-06 10:00:00+01:00,56.37,60.66588166357236,52.9
2017-02-06 11:00:00+01:00,56.08,61.21861717758743,52.02
2017-02-06 12:00:00+01:00,56.2,61.37528816366793,52.02
2017-02-06 13:00:00+01:00,55.05,61.00905135019843,51.99
2017-02-06 14:00:00+01:00,54.08,59.38845447621283,51.37
2017-02-06 15:00:00+01:00,52.1,57.6035273926901,51.15
2017-02-06 16:00:00+01:00,51.04,57.26300918147362,51.12
2017-02-06 17:00:00+01:00,50.37,60.54053398372381,51.23
2017-02-06 18:00:00+01:00,50.54,66.4370795212215,51.17
2017-02-06 19:00:00+01:00,50.86,68.81544394254401,51.49
2017-02-06 20:00:00+01:00,51.04,66.56236998378344,53.16
2017-02-06 21:00:00+01:00,51.84,64.14767975328883,55.8
2017-02-06 22:00:00+01:00,50.54,59.72291792659515,53.09
2017-02-06 23:00:00+01:00,48.69,55.01672080178114,51.23
2017-02-07 00:00:00+01:00,48.69,42.81284416782519,54.04
2017-02-07 01:00:00+01:00,44.0,36.800782153096065,51.57
2017-02-07 02:00:00+01:00,41.51,31.34566946556234,50.37
2017-02-07 03:00:00+01:00,40.51,27.598288763583284,50.31
2017-02-07 04:00:00+01:00,38.97,26.12084838541494,50.54
2017-02-07 05:00:00+01:00,38.97,28.028774746557342,51.57
2017-02-07 06:00:00+01:00,38.97,32.98193767217241,54.53
2017-02-07 07:00:00+01:00,37.39,42.62697557709922,55.19
2017-02-07 08:00:00+01:00,37.39,48.256054516929936,56.08
2017-02-07 09:00:00+01:00,37.12,52.97133465732356,56.89
2017-02-07 10:00:00+01:00,38.05,55.603521962786346,56.37
2017-02-07 11:00:00+01:00,41.51,56.13679654723832,56.08
2017-02-07 12:00:00+01:00,43.97,56.17095752399351,56.2
2017-02-07 13:00:00+01:00,44.5,55.571494369983796,55.05
2017-02-07 14:00:00+01:00,44.5,53.85224596900271,54.08
2017-02-07 15:00:00+01:00,44.0,51.82801506471755,52.1
2017-02-07 16:00:00+01:00,43.97,51.259970941316915,51.04
2017-02-07 17:00:00+01:00,42.73,54.13660670422633,50.37
2017-02-07 18:00:00+01:00,42.73,59.71986654472622,50.54
2017-02-07 19:00:00+01:00,42.73,62.14900934809198,50.86
2017-02-07 20:00:00+01:00,45.07,60.02010599834064,51.04
2017-02-07 21:00:00+01:00,48.71,57.484460796566424,51.84
2017-02-07 22:00:00+01:00,49.3,52.86145647501829,50.54
2017-02-07 23:00:00+01:00,48.79,47.90891277717756,48.69
2017-02-08 00:00:00+01:00,52.5,43.115318763014415,48.69
2017-02-08 01:00:00+01:00,51.1,36.96538701270414,44.0
2017-02-08 02:00:00+01:00,49.71,31.733484994155255,41.51
2017-02-08 03:00:00+01:00,48.02,28.113289674178116,40.51
2017-02-08 04:00:00+01:00,46.25,26.587970251903663,38.97
2017-02-08 05:00:00+01:00,48.02,28.503335833502017,38.97
2017-02-08 06:00:00+01:00,50.42,33.39448122571472,38.97
2017-02-08 07:00:00+01:00,50.9,42.76926212041998,37.39
2017-02-08 08:00:00+01:00,52.7,48.895526072318866,37.39
2017-02-08 09:00:00+01:00,53.27,53.8334404335591,37.12
2017-02-08 10:00:00+01:00,52.99,56.8361743438531,38.05
2017-02-08 11:00:00+01:00,52.7,57.831270502364305,41.51
2017-02-08 12:00:00+01:00,53.84,57.991097282056394,43.97
2017-02-08 13:00:00+01:00,53.16,57.4407056649544,44.5
2017-02-08 14:00:00+01:00,51.93,55.89004421043982,44.5
2017-02-08 15:00:00+01:00,51.76,53.99164228847388,44.0
2017-02-08 16:00:00+01:00,51.76,53.495322495299675,43.97
2017-02-08 17:00:00+01:00,51.61,56.20369830550968,42.73
2017-02-08 18:00:00+01:00,51.61,61.81720951523472,42.73
2017-02-08 19:00:00+01:00,50.5,64.59501266849207,42.73
2017-02-08 20:00:00+01:00,51.61,63.07527856144196,45.07
2017-02-08 21:00:00+01:00,53.53,60.81680648406606,48.71
2017-02-08 22:00:00+01:00,51.76,56.26829029124871,49.3
2017-02-08 23:00:00+01:00,49.75,51.2822174292913,48.79
2017-02-09 00:00:00+01:00,38.49,44.632700173502755,52.5
2017-02-09 01:00:00+01:00,37.55,38.356385003047805,51.1
2017-02-09 02:00:00+01:00,36.75,33.21707563928392,49.71
2017-02-09 03:00:00+01:00,35.6,29.55337501947883,48.02
2017-02-09 04:00:00+01:00,35.29,27.846786397321083,46.25
2017-02-09 05:00:00+01:00,35.41,29.64695228937277,48.02
2017-02-09 06:00:00+01:00,36.55,34.180979538542296,50.42
2017-02-09 07:00:00+01:00,36.85,42.877269396505824,50.9
2017-02-09 08:00:00+01:00,37.09,49.14164940723542,52.7
2017-02-09 09:00:00+01:00,38.49,53.98561950388825,53.27
2017-02-09 10:00:00+01:00,38.49,57.08564793715401,52.99
2017-02-09 11:00:00+01:00,38.5,58.38760844539418,52.7
2017-02-09 12:00:00+01:00,41.48,58.94140098380109,53.84
2017-02-09 13:00:00+01:00,44.6,58.52516779742762,53.16
2017-02-09 14:00:00+01:00,45.0,57.117813460975995,51.93
2017-02-09 15:00:00+01:00,44.6,55.28840056798961,51.76
2017-02-09 16:00:00+01:00,45.0,54.563989513940285,51.76
2017-02-09 17:00:00+01:00,45.19,56.75232524582785,51.61
2017-02-09 18:00:00+01:00,49.45,61.84454504573242,51.61
2017-02-09 19:00:00+01:00,52.01,64.4906159798604,50.5
2017-02-09 20:00:00+01:00,52.98,63.16175712739323,51.61
2017-02-09 21:00:00+01:00,53.97,60.79875577692735,53.53
2017-02-09 22:00:00+01:00,53.31,55.95715264461476,51.76
2017-02-09 23:00:00+01:00,53.31,51.04090672210643,49.75
2017-02-10 00:00:00+01:00,50.0,47.467184991461636,38.49
2017-02-10 01:00:00+01:00,44.58,41.91373765470639,37.55
2017-02-10 02:00:00+01:00,44.58,36.714936467133285,36.75
2017-02-10 03:00:00+01:00,44.58,32.96171900972614,35.6
2017-02-10 04:00:00+01:00,44.58,31.3261995002561,35.29
2017-02-10 05:00:00+01:00,44.68,33.16382030094207,35.41
2017-02-10 06:00:00+01:00,49.48,37.915757350336904,36.55
2017-02-10 07:00:00+01:00,55.97,46.68160017009349,36.85
2017-02-10 08:00:00+01:00,57.76,53.388342021524245,37.09
2017-02-10 09:00:00+01:00,58.08,58.69147096490418,38.49
2017-02-10 10:00:00+01:00,57.5,61.971529519926435,38.49
2017-02-10 11:00:00+01:00,55.93,63.38792180169878,38.5
2017-02-10 12:00:00+01:00,58.54,64.1072762489055,41.48
2017-02-10 13:00:00+01:00,58.81,63.718430005504274,44.6
2017-02-10 14:00:00+01:00,58.08,62.21294301354474,45.0
2017-02-10 15:00:00+01:00,57.44,60.49954183650958,44.6
2017-02-10 16:00:00+01:00,56.19,60.03177090663414,45.0
2017-02-10 17:00:00+01:00,57.25,62.43877569267729,45.19
2017-02-10 18:00:00+01:00,56.76,68.06419015865279,49.45
2017-02-10 19:00:00+01:00,60.84,71.15344652992792,52.01
2017-02-10 20:00:00+01:00,64.03,70.3734606482535,52.98
2017-02-10 21:00:00+01:00,64.18,68.460933014115,53.97
2017-02-10 22:00:00+01:00,59.69,64.01701266013914,53.31
2017-02-10 23:00:00+01:00,56.19,59.16976296209538,53.31
2017-02-11 00:00:00+01:00,44.61,50.38674833973705,50.0
2017-02-11 01:00:00+01:00,42.61,44.59385875544724,44.58
2017-02-11 02:00:00+01:00,41.29,39.621071457564284,44.58
2017-02-11 03:00:00+01:00,41.12,35.69653326820228,44.58
2017-02-11 04:00:00+01:00,40.29,33.818532561226604,44.58
2017-02-11 05:00:00+01:00,41.88,35.331602516593165,44.68
2017-02-11 06:00:00+01:00,49.2,40.094962649324074,49.48
2017-02-11 07:00:00+01:00,60.43,48.62772271068667,55.97
2017-02-11 08:00:00+01:00,62.65,55.06679349102088,57.76
2017-02-11 09:00:00+01:00,62.58,60.27230399795089,58.08
2017-02-11 10:00:00+01:00,61.61,63.54502316951955,57.5
2017-02-11 11:00:00+01:00,60.53,64.94207943023312,55.93
2017-02-11 12:00:00+01:00,59.43,65.89873353449568,58.54
2017-02-11 13:00:00+01:00,59.07,65.35978004060571,58.81
2017-02-11 14:00:00+01:00,60.43,63.76423563782856,58.08
2017-02-11 15:00:00+01:00,60.53,61.97705899540571,57.44
2017-02-11 16:00:00+01:00,60.84,61.29644060069971,56.19
2017-02-11 17:00:00+01:00,63.98,63.56769823494688,57.25
2017-02-11 18:00:00+01:00,68.08,68.79181258162004,56.76
2017-02-11 19:00:00+01:00,69.62,72.2401169306261,60.84
2017-02-11 20:00:00+01:00,67.86,71.59468076746278,64.03
2017-02-11 21:00:00+01:00,61.84,69.47543250559703,64.18
2017-02-11 22:00:00+01:00,56.26,64.78956068854794,59.69
2017-02-11 23:00:00+01:00,53.67,60.16062979504218,56.19
2017-02-12 00:00:00+01:00,64.4,47.12506149659702,44.61
2017-02-12 01:00:00+01:00,59.18,41.72202171018282,42.61
2017-02-12 02:00:00+01:00,55.59,36.563970661577045,41.29
2017-02-12 03:00:00+01:00,54.43,32.425389523193864,41.12
2017-02-12 04:00:00+01:00,53.07,30.14889462156549,40.29
2017-02-12 05:00:00+01:00,53.08,31.367949179819384,41.88
2017-02-12 06:00:00+01:00,54.04,36.07166339869178,49.2
2017-02-12 07:00:00+01:00,55.54,44.4058138902228,60.43
2017-02-12 08:00:00+01:00,62.6,50.177266067530276,62.65
2017-02-12 09:00:00+01:00,69.65,55.07427242929306,62.58
2017-02-12 10:00:00+01:00,71.01,58.20423315411649,61.61
2017-02-12 11:00:00+01:00,69.69,59.51636658468696,60.53
2017-02-12 12:00:00+01:00,67.04,60.30106662302463,59.43
2017-02-12 13:00:00+01:00,60.07,59.70002088929668,59.07
2017-02-12 14:00:00+01:00,55.69,58.080983148299,60.43
2017-02-12 15:00:00+01:00,53.31,56.017656460576475,60.53
2017-02-12 16:00:00+01:00,53.33,55.05485344419641,60.84
2017-02-12 17:00:00+01:00,55.71,57.095880846516685,63.98
2017-02-12 18:00:00+01:00,70.97,61.97276793788588,68.08
2017-02-12 19:00:00+01:00,71.69,65.14762069366424,69.62
2017-02-12 20:00:00+01:00,71.47,64.33858295651943,67.86
2017-02-12 21:00:00+01:00,67.49,61.83010421333612,61.84
2017-02-12 22:00:00+01:00,66.27,57.11938324972336,56.26
2017-02-12 23:00:00+01:00,63.04,52.41213773027145,53.67
2017-02-13 00:00:00+01:00,42.16,57.716451081835494,64.4
2017-02-13 01:00:00+01:00,39.58,51.43999921243217,59.18
2017-02-13 02:00:00+01:00,33.01,46.47605613057164,55.59
2017-02-13 03:00:00+01:00,29.85,42.61382190657693,54.43
2017-02-13 04:00:00+01:00,30.76,40.39168906600335,53.07
2017-02-13 05:00:00+01:00,33.01,41.64835762189628,53.08
2017-02-13 06:00:00+01:00,43.4,46.36657527216233,54.04
2017-02-13 07:00:00+01:00,56.98,54.68284978463872,55.54
2017-02-13 08:00:00+01:00,59.37,61.16814762057517,62.6
2017-02-13 09:00:00+01:00,59.96,66.34666699333096,69.65
2017-02-13 10:00:00+01:00,58.5,69.41170520635681,71.01
2017-02-13 11:00:00+01:00,57.38,70.83927675517646,69.69
2017-02-13 12:00:00+01:00,54.69,71.75918459608593,67.04
2017-02-13 13:00:00+01:00,52.57,71.15812129978016,60.07
2017-02-13 14:00:00+01:00,49.39,69.95930454806528,55.69
2017-02-13 15:00:00+01:00,49.83,68.2650968497389,53.31
2017-02-13 16:00:00+01:00,49.83,67.58746647368436,53.33
2017-02-13 17:00:00+01:00,53.95,69.77806887876761,55.71
2017-02-13 18:00:00+01:00,64.59,75.48905715525714,70.97
2017-02-13 19:00:00+01:00,68.23,78.04434388099395,71.69
2017-02-13 20:00:00+01:00,67.97,77.56187847234987,71.47
2017-02-13 21:00:00+01:00,67.15,75.11590491242455,67.49
2017-02-13 22:00:00+01:00,60.71,70.90738128256221,66.27
2017-02-13 23:00:00+01:00,50.55,66.31098093205325,63.04
2017-02-14 00:00:00+01:00,47.63,44.353337500041725,42.16
2017-02-14 01:00:00+01:00,42.11,38.97247617048549,39.58
2017-02-14 02:00:00+01:00,40.52,33.440074782110095,33.01
2017-02-14 03:00:00+01:00,39.55,29.40065544187539,29.85
2017-02-14 04:00:00+01:00,39.33,27.034671519110606,30.76
2017-02-14 05:00:00+01:00,41.63,27.84827581686793,33.01
2017-02-14 06:00:00+01:00,48.48,32.547429898957006,43.4
2017-02-14 07:00:00+01:00,63.91,40.53745365933823,56.98
2017-02-14 08:00:00+01:00,67.16,46.09287638559892,59.37
2017-02-14 09:00:00+01:00,65.43,50.890822873825755,59.96
2017-02-14 10:00:00+01:00,64.67,53.65525945422677,58.5
2017-02-14 11:00:00+01:00,62.5,54.91222008545499,57.38
2017-02-14 12:00:00+01:00,60.51,55.46969112823332,54.69
2017-02-14 13:00:00+01:00,57.25,54.6979888065688,52.57
2017-02-14 14:00:00+01:00,54.34,53.17296610682235,49.39
2017-02-14 15:00:00+01:00,55.1,51.4383852921416,49.83
2017-02-14 16:00:00+01:00,56.26,50.371902192444445,49.83
2017-02-14 17:00:00+01:00,61.03,52.32554736172131,53.95
2017-02-14 18:00:00+01:00,66.47,57.92221898836586,64.59
2017-02-14 19:00:00+01:00,67.89,59.92214652215512,68.23
2017-02-14 20:00:00+01:00,68.08,59.05224044964708,67.97
2017-02-14 21:00:00+01:00,67.63,56.38105265884616,67.15
2017-02-14 22:00:00+01:00,60.71,51.61550888481571,60.71
2017-02-14 23:00:00+01:00,49.83,46.9355237660446,50.55
2017-02-15 00:00:00+01:00,49.98,44.204509964683986,47.63
2017-02-15 01:00:00+01:00,45.1,38.565848183780474,42.11
2017-02-15 02:00:00+01:00,42.89,33.23675088155821,40.52
2017-02-15 03:00:00+01:00,42.49,29.106137258921795,39.55
2017-02-15 04:00:00+01:00,42.39,26.624832994701332,39.33
2017-02-15 05:00:00+01:00,42.89,27.340622773588255,41.63
2017-02-15 06:00:00+01:00,50.0,32.030870635504435,48.48
2017-02-15 07:00:00+01:00,61.48,40.31769443238796,63.91
2017-02-15 08:00:00+01:00,65.02,45.20652276692347,67.16
2017-02-15 09:00:00+01:00,65.05,49.64300763992489,65.43
2017-02-15 10:00:00+01:00,61.9,52.548037848217085,64.67
2017-02-15 11:00:00+01:00,59.9,53.78912120727557,62.5
2017-02-15 12:00:00+01:00,58.37,54.368681882582564,60.51
2017-02-15 13:00:00+01:00,59.62,53.56656857285427,57.25
2017-02-15 14:00:00+01:00,57.12,52.07444560595162,54.34
2017-02-15 15:00:00+01:00,57.9,50.555249763401896,55.1
2017-02-15 16:00:00+01:00,57.9,49.44053953083724,56.26
2017-02-15 17:00:00+01:00,59.15,51.381765307433355,61.03
2017-02-15 18:00:00+01:00,64.48,56.73645736516002,66.47
2017-02-15 19:00:00+01:00,67.12,58.64871622657647,67.89
2017-02-15 20:00:00+01:00,67.53,57.83804976186383,68.08
2017-02-15 21:00:00+01:00,66.08,55.2028537262707,67.63
2017-02-15 22:00:00+01:00,61.23,50.10962804813764,60.71
2017-02-15 23:00:00+01:00,52.3,45.158949210599246,49.83
2017-02-16 00:00:00+01:00,49.98,47.39413230923386,49.98
2017-02-16 01:00:00+01:00,43.89,41.55488514166753,45.1
2017-02-16 02:00:00+01:00,44.53,36.4473890657066,42.89
2017-02-16 03:00:00+01:00,41.73,32.39012567713356,42.49
2017-02-16 04:00:00+01:00,41.73,29.756699718326043,42.39
2017-02-16 05:00:00+01:00,43.49,30.15478737271406,42.89
2017-02-16 06:00:00+01:00,51.37,34.83958630487875,50.0
2017-02-16 07:00:00+01:00,61.87,42.99178859585683,61.48
2017-02-16 08:00:00+01:00,63.15,47.40577813305365,65.02
2017-02-16 09:00:00+01:00,63.63,51.51943234350464,65.05
2017-02-16 10:00:00+01:00,61.9,54.3164752271351,61.9
2017-02-16 11:00:00+01:00,59.8,55.88198072446822,59.9
2017-02-16 12:00:00+01:00,59.62,56.79484149657978,58.37
2017-02-16 13:00:00+01:00,59.9,56.561730279098,59.62
2017-02-16 14:00:00+01:00,58.9,55.17750939997898,57.12
2017-02-16 15:00:00+01:00,58.42,54.13396166713237,57.9
2017-02-16 16:00:00+01:00,58.37,53.1586503847549,57.9
2017-02-16 17:00:00+01:00,59.51,55.111982210507236,59.15
2017-02-16 18:00:00+01:00,65.65,60.60737695365363,64.48
2017-02-16 19:00:00+01:00,69.62,62.666546414056306,67.12
2017-02-16 20:00:00+01:00,67.88,61.99442960632778,67.53
2017-02-16 21:00:00+01:00,66.77,59.43339448556678,66.08
2017-02-16 22:00:00+01:00,62.15,54.323276808956756,61.23
2017-02-16 23:00:00+01:00,60.07,49.03421440161459,52.3
2017-02-17 00:00:00+01:00,59.9,55.227911821212984,49.98
2017-02-17 01:00:00+01:00,50.55,49.415714349057986,43.89
2017-02-17 02:00:00+01:00,47.63,44.90263607385406,44.53
2017-02-17 03:00:00+01:00,45.29,40.84968121910105,41.73
2017-02-17 04:00:00+01:00,45.13,38.6493173475273,41.73
2017-02-17 05:00:00+01:00,48.55,39.41050794090235,43.49
2017-02-17 06:00:00+01:00,57.57,44.68118574146097,51.37
2017-02-17 07:00:00+01:00,62.58,53.285506678761436,61.87
2017-02-17 08:00:00+01:00,65.0,57.8288654755144,63.15
2017-02-17 09:00:00+01:00,65.94,62.31401410913974,63.63
2017-02-17 10:00:00+01:00,64.1,65.37424514035183,61.9
2017-02-17 11:00:00+01:00,63.26,67.18844248208268,59.8
2017-02-17 12:00:00+01:00,62.58,68.36444353452887,59.62
2017-02-17 13:00:00+01:00,62.15,68.28210712343777,59.9
2017-02-17 14:00:00+01:00,60.87,66.92194512192057,58.9
2017-02-17 15:00:00+01:00,60.0,65.92795271859177,58.42
2017-02-17 16:00:00+01:00,60.0,65.07853044641894,58.37
2017-02-17 17:00:00+01:00,60.87,67.09015492126044,59.51
2017-02-17 18:00:00+01:00,62.78,72.87850550311086,65.65
2017-02-17 19:00:00+01:00,66.5,75.24261283753975,69.62
2017-02-17 20:00:00+01:00,66.77,74.58970465746293,67.88
2017-02-17 21:00:00+01:00,65.72,72.41503981078324,66.77
2017-02-17 22:00:00+01:00,63.37,67.51582698738316,62.15
2017-02-17 23:00:00+01:00,62.3,62.19748535508539,60.07
2017-02-18 00:00:00+01:00,61.94,57.48734939517178,59.9
2017-02-18 01:00:00+01:00,59.62,51.17627092247049,50.55
2017-02-18 02:00:00+01:00,53.8,46.98424968096405,47.63
2017-02-18 03:00:00+01:00,46.1,42.97972096299375,45.29
2017-02-18 04:00:00+01:00,45.0,40.81972791902213,45.13
2017-02-18 05:00:00+01:00,44.64,41.63894030406631,48.55
2017-02-18 06:00:00+01:00,46.16,46.998427225777505,57.57
2017-02-18 07:00:00+01:00,52.52,55.14436937678228,62.58
2017-02-18 08:00:00+01:00,52.52,59.775123411772725,65.0
2017-02-18 09:00:00+01:00,56.73,64.19914176997798,65.94
2017-02-18 10:00:00+01:00,59.62,67.19391097466149,64.1
2017-02-18 11:00:00+01:00,58.37,69.17874544393665,63.26
2017-02-18 12:00:00+01:00,56.74,70.44454944314053,62.58
2017-02-18 13:00:00+01:00,57.9,70.48979150311641,62.15
2017-02-18 14:00:00+01:00,55.01,69.18655896641401,60.87
2017-02-18 15:00:00+01:00,50.57,68.21807564469425,60.0
2017-02-18 16:00:00+01:00,48.15,67.43586132551557,60.0
2017-02-18 17:00:00+01:00,48.67,69.34008120445684,60.87
2017-02-18 18:00:00+01:00,57.1,74.96346239349074,62.78
2017-02-18 19:00:00+01:00,60.71,77.68141183912672,66.5
2017-02-18 20:00:00+01:00,60.1,77.0432903775737,66.77
2017-02-18 21:00:00+01:00,59.04,74.89911701192096,65.72
2017-02-18 22:00:00+01:00,55.5,70.11062718626111,63.37
2017-02-18 23:00:00+01:00,52.41,64.84395916616693,62.3
2017-02-19 00:00:00+01:00,48.53,47.502810037302694,61.94
2017-02-19 01:00:00+01:00,48.18,40.92192311419962,59.62
2017-02-19 02:00:00+01:00,43.69,36.102745251257396,53.8
2017-02-19 03:00:00+01:00,40.2,31.68634450036816,46.1
2017-02-19 04:00:00+01:00,38.39,29.578615369662227,45.0
2017-02-19 05:00:00+01:00,39.6,30.0216477742481,44.64
2017-02-19 06:00:00+01:00,40.2,34.94909939018966,46.16
2017-02-19 07:00:00+01:00,42.15,42.97037227851806,52.52
2017-02-19 08:00:00+01:00,41.49,47.17778820139085,52.52
2017-02-19 09:00:00+01:00,42.69,51.63251721526622,56.73
2017-02-19 10:00:00+01:00,44.69,54.40386411037599,59.62
2017-02-19 11:00:00+01:00,42.69,55.93488701412697,58.37
2017-02-19 12:00:00+01:00,46.07,56.96093977967311,56.74
2017-02-19 13:00:00+01:00,42.99,57.020506727146426,57.9
2017-02-19 14:00:00+01:00,41.99,55.30679010109201,55.01
2017-02-19 15:00:00+01:00,40.18,53.95366162594025,50.57
2017-02-19 16:00:00+01:00,38.64,53.03425867641427,48.15
2017-02-19 17:00:00+01:00,41.37,54.71382504688845,48.67
2017-02-19 18:00:00+01:00,53.65,60.3605674529759,57.1
2017-02-19 19:00:00+01:00,60.71,62.71569660662805,60.71
2017-02-19 20:00:00+01:00,62.49,61.75718754492035,60.1
2017-02-19 21:00:00+01:00,60.19,59.42258739159445,59.04
2017-02-19 22:00:00+01:00,57.0,54.39367198503316,55.5
2017-02-19 23:00:00+01:00,51.69,49.04423575943043,52.41
2017-02-20 00:00:00+01:00,42.69,47.17198845186635,48.53
2017-02-20 01:00:00+01:00,40.2,41.28908178422326,48.18
2017-02-20 02:00:00+01:00,40.2,36.512033166203594,43.69
2017-02-20 03:00:00+01:00,37.87,32.48663017433908,40.2
2017-02-20 04:00:00+01:00,36.4,30.63926216563922,38.39
2017-02-20 05:00:00+01:00,39.19,31.278967344115127,39.6
2017-02-20 06:00:00+01:00,46.07,35.9671121482187,40.2
2017-02-20 07:00:00+01:00,61.64,43.86794590230478,42.15
2017-02-20 08:00:00+01:00,66.26,48.133191193477835,41.49
2017-02-20 09:00:00+01:00,64.93,52.756434290504146,42.69
2017-02-20 10:00:00+01:00,61.69,55.85666328454641,44.69
2017-02-20 11:00:00+01:00,59.69,57.51077222997273,42.69
2017-02-20 12:00:00+01:00,56.62,59.34820991457968,46.07
2017-02-20 13:00:00+01:00,54.98,59.528830843046094,42.99
2017-02-20 14:00:00+01:00,54.98,58.45770635394676,41.99
2017-02-20 15:00:00+01:00,51.69,57.36664339578857,40.18
2017-02-20 16:00:00+01:00,50.55,56.623092784992934,38.64
2017-02-20 17:00:00+01:00,52.47,58.44678207312952,41.37
2017-02-20 18:00:00+01:00,60.94,64.44262923060867,53.65
2017-02-20 19:00:00+01:00,64.95,66.63790238861831,60.71
2017-02-20 20:00:00+01:00,62.58,65.50367500148438,62.49
2017-02-20 21:00:00+01:00,58.11,62.971623703649655,60.19
2017-02-20 22:00:00+01:00,53.0,58.064274990760765,57.0
2017-02-20 23:00:00+01:00,48.16,52.860624832068915,51.69
2017-02-21 00:00:00+01:00,45.2,43.582868408761705,42.69
2017-02-21 01:00:00+01:00,42.0,38.499389525330116,40.2
2017-02-21 02:00:00+01:00,39.51,34.055117832880455,40.2
2017-02-21 03:00:00+01:00,36.4,29.834556996234003,37.87
2017-02-21 04:00:00+01:00,34.99,27.64655977175254,36.4
2017-02-21 05:00:00+01:00,36.46,27.835870736483518,39.19
2017-02-21 06:00:00+01:00,46.53,31.686724670845503,46.07
2017-02-21 07:00:00+01:00,57.9,38.869703594125326,61.64
2017-02-21 08:00:00+01:00,59.94,41.33360170389328,66.26
2017-02-21 09:00:00+01:00,59.73,44.186279124677775,64.93
2017-02-21 10:00:00+01:00,57.68,46.09276635276165,61.69
2017-02-21 11:00:00+01:00,58.0,47.07235557375638,59.69
2017-02-21 12:00:00+01:00,55.56,48.342127227651616,56.62
2017-02-21 13:00:00+01:00,54.59,48.51973464590273,54.98
2017-02-21 14:00:00+01:00,52.81,47.665858500565655,54.98
2017-02-21 15:00:00+01:00,51.29,46.48800999499574,51.69
2017-02-21 16:00:00+01:00,50.61,46.053660693530404,50.55
2017-02-21 17:00:00+01:00,51.16,48.08682201390503,52.47
2017-02-21 18:00:00+01:00,57.42,54.466551322979456,60.94
2017-02-21 19:00:00+01:00,61.23,56.85275949842932,64.95
2017-02-21 20:00:00+01:00,60.71,55.75893591597065,62.58
2017-02-21 21:00:00+01:00,59.36,53.42082740680518,58.11
2017-02-21 22:00:00+01:00,54.69,48.83081968095704,53.0
2017-02-21 23:00:00+01:00,49.98,43.834552543656834,48.16
2017-02-22 00:00:00+01:00,42.69,45.10860535069403,45.2
2017-02-22 01:00:00+01:00,41.19,39.662950439890324,42.0
2017-02-22 02:00:00+01:00,40.19,34.90407954859333,39.51
2017-02-22 03:00:00+01:00,39.64,30.487989841519727,36.4
2017-02-22 04:00:00+01:00,39.99,28.377294623624568,34.99
2017-02-22 05:00:00+01:00,41.19,29.029459656966072,36.46
2017-02-22 06:00:00+01:00,49.69,33.93464658783246,46.53
2017-02-22 07:00:00+01:00,56.86,41.95787894779263,57.9
2017-02-22 08:00:00+01:00,59.3,45.29067750869054,59.94
2017-02-22 09:00:00+01:00,59.01,49.14133801902122,59.73
2017-02-22 10:00:00+01:00,57.69,52.029570941525,57.68
2017-02-22 11:00:00+01:00,54.14,54.01676967114956,58.0
2017-02-22 12:00:00+01:00,52.57,55.52369070409559,55.56
2017-02-22 13:00:00+01:00,52.57,55.99620383061086,54.59
2017-02-22 14:00:00+01:00,50.55,55.076907503053846,52.81
2017-02-22 15:00:00+01:00,50.0,53.719727530642515,51.29
2017-02-22 16:00:00+01:00,50.0,52.99086609080887,50.61
2017-02-22 17:00:00+01:00,53.49,54.662814525538145,51.16
2017-02-22 18:00:00+01:00,58.44,60.80583544921199,57.42
2017-02-22 19:00:00+01:00,62.58,62.968598024348,61.23
2017-02-22 20:00:00+01:00,65.25,61.463497450496305,60.71
2017-02-22 21:00:00+01:00,63.15,58.78581879153014,59.36
2017-02-22 22:00:00+01:00,60.0,53.81340031677354,54.69
2017-02-22 23:00:00+01:00,56.86,48.52271618868824,49.98
2017-02-23 00:00:00+01:00,56.86,51.8133311798451,42.69
2017-02-23 01:00:00+01:00,51.91,46.79092292833914,41.19
2017-02-23 02:00:00+01:00,47.4,42.00979693733801,40.19
2017-02-23 03:00:00+01:00,45.29,37.59159856144126,39.64
2017-02-23 04:00:00+01:00,45.13,35.44666733056927,39.99
2017-02-23 05:00:00+01:00,48.0,36.1378192099872,41.19
2017-02-23 06:00:00+01:00,56.69,41.48313662611154,49.69
2017-02-23 07:00:00+01:00,58.01,49.564996366223674,56.86
2017-02-23 08:00:00+01:00,58.3,53.29639224722083,59.3
2017-02-23 09:00:00+01:00,58.96,57.30996144567669,59.01
2017-02-23 10:00:00+01:00,58.71,60.44513526289797,57.69
2017-02-23 11:00:00+01:00,58.56,62.4608167771819,54.14
2017-02-23 12:00:00+01:00,58.3,64.11678801723174,52.57
2017-02-23 13:00:00+01:00,58.15,64.69915458827558,52.57
2017-02-23 14:00:00+01:00,57.69,63.704963955758544,50.55
2017-02-23 15:00:00+01:00,56.69,62.51624452050968,50.0
2017-02-23 16:00:00+01:00,56.52,61.94928269877458,50.0
2017-02-23 17:00:00+01:00,56.69,64.00241242190185,53.49
2017-02-23 18:00:00+01:00,57.5,70.324925276771,58.44
2017-02-23 19:00:00+01:00,59.19,73.09500043538341,62.58
2017-02-23 20:00:00+01:00,59.6,72.16092195220612,65.25
2017-02-23 21:00:00+01:00,58.01,69.64163205451091,63.15
2017-02-23 22:00:00+01:00,52.57,65.09164783320382,60.0
2017-02-23 23:00:00+01:00,49.11,60.01049800118261,56.86
2017-02-24 00:00:00+01:00,48.57,43.94913948627387,56.86
2017-02-24 01:00:00+01:00,44.64,38.29417546416643,51.91
2017-02-24 02:00:00+01:00,40.2,33.177820056011406,47.4
2017-02-24 03:00:00+01:00,38.99,28.56655947002642,45.29
2017-02-24 04:00:00+01:00,38.01,26.082000491744534,45.13
2017-02-24 05:00:00+01:00,39.59,26.45648076410085,48.0
2017-02-24 06:00:00+01:00,47.26,31.54970285213787,56.69
2017-02-24 07:00:00+01:00,54.71,38.65052181547696,58.01
2017-02-24 08:00:00+01:00,57.73,42.23785457223256,58.3
2017-02-24 09:00:00+01:00,58.57,45.955241473862905,58.96
2017-02-24 10:00:00+01:00,58.2,48.77407895617978,58.71
2017-02-24 11:00:00+01:00,57.94,50.55284391979605,58.56
2017-02-24 12:00:00+01:00,56.69,51.912214129963395,58.3
2017-02-24 13:00:00+01:00,54.43,52.253196196948124,58.15
2017-02-24 14:00:00+01:00,52.79,51.02456574348231,57.69
2017-02-24 15:00:00+01:00,51.21,49.494475762774556,56.69
2017-02-24 16:00:00+01:00,44.92,48.61452629433625,56.52
2017-02-24 17:00:00+01:00,50.1,50.19497570814733,56.69
2017-02-24 18:00:00+01:00,57.52,55.94984992615471,57.5
2017-02-24 19:00:00+01:00,58.19,58.675995989852396,59.19
2017-02-24 20:00:00+01:00,53.49,57.59844005689264,59.6
2017-02-24 21:00:00+01:00,50.82,54.73817660661628,58.01
2017-02-24 22:00:00+01:00,48.98,49.741646902951075,52.57
2017-02-24 23:00:00+01:00,48.41,44.49412186286744,49.11
2017-02-25 00:00:00+01:00,52.26,43.2271177784703,48.57
2017-02-25 01:00:00+01:00,48.69,37.42960424546801,44.64
2017-02-25 02:00:00+01:00,44.5,32.26017846451957,40.2
2017-02-25 03:00:00+01:00,43.4,27.850212822546005,38.99
2017-02-25 04:00:00+01:00,41.5,25.280923806261175,38.01
2017-02-25 05:00:00+01:00,42.2,25.65640175362688,39.59
2017-02-25 06:00:00+01:00,41.89,30.86649758647101,47.26
2017-02-25 07:00:00+01:00,45.26,37.85672535998897,54.71
2017-02-25 08:00:00+01:00,45.04,41.40584833190095,57.73
2017-02-25 09:00:00+01:00,53.71,45.002294751696766,58.57
2017-02-25 10:00:00+01:00,55.51,47.82847774360612,58.2
2017-02-25 11:00:00+01:00,53.74,49.71993667680761,57.94
2017-02-25 12:00:00+01:00,50.04,51.08576095668101,56.69
2017-02-25 13:00:00+01:00,51.16,51.46354242190039,54.43
2017-02-25 14:00:00+01:00,49.94,50.41541951617767,52.79
2017-02-25 15:00:00+01:00,49.02,48.953380954771845,51.21
2017-02-25 16:00:00+01:00,46.29,47.760512926573945,44.92
2017-02-25 17:00:00+01:00,47.63,49.94268476870363,50.1
2017-02-25 18:00:00+01:00,52.7,55.64026675203348,57.52
2017-02-25 19:00:00+01:00,57.69,58.14609173741788,58.19
2017-02-25 20:00:00+01:00,58.11,56.98371360339535,53.49
2017-02-25 21:00:00+01:00,58.19,54.401675413396156,50.82
2017-02-25 22:00:00+01:00,57.42,49.64814117304812,48.98
2017-02-25 23:00:00+01:00,56.69,44.331657461965804,48.41
2017-02-26 00:00:00+01:00,53.71,52.18797313315271,52.26
2017-02-26 01:00:00+01:00,50.0,46.44524111468996,48.69
2017-02-26 02:00:00+01:00,46.28,41.70188226054691,44.5
2017-02-26 03:00:00+01:00,43.6,37.98862228380758,43.4
2017-02-26 04:00:00+01:00,43.31,35.72073433323526,41.5
2017-02-26 05:00:00+01:00,43.31,36.43120124049757,42.2
2017-02-26 06:00:00+01:00,43.43,41.55028012204268,41.89
2017-02-26 07:00:00+01:00,41.69,48.82339838141861,45.26
2017-02-26 08:00:00+01:00,42.19,52.50242328518385,45.04
2017-02-26 09:00:00+01:00,45.45,56.842684810767025,53.71
2017-02-26 10:00:00+01:00,51.1,59.535428799505546,55.51
2017-02-26 11:00:00+01:00,50.23,61.60991735459889,53.74
2017-02-26 12:00:00+01:00,49.49,63.39060459992464,50.04
2017-02-26 13:00:00+01:00,49.68,64.76137493542538,51.16
2017-02-26 14:00:00+01:00,48.16,64.26800392202243,49.94
2017-02-26 15:00:00+01:00,43.45,63.35520030795256,49.02
2017-02-26 16:00:00+01:00,41.89,62.40051528874473,46.29
2017-02-26 17:00:00+01:00,43.45,64.88424316117977,47.63
2017-02-26 18:00:00+01:00,45.24,70.75242750170436,52.7
2017-02-26 19:00:00+01:00,54.26,73.59658013239269,57.69
2017-02-26 20:00:00+01:00,56.52,72.50592735884464,58.11
2017-02-26 21:00:00+01:00,56.77,70.12792224985357,58.19
2017-02-26 22:00:00+01:00,55.34,65.63235849353687,57.42
2017-02-26 23:00:00+01:00,48.69,60.59571644445341,56.69
2017-02-27 00:00:00+01:00,50.51,44.900988045181606,53.71
2017-02-27 01:00:00+01:00,40.39,39.50138130533166,50.0
2017-02-27 02:00:00+01:00,38.32,34.90284839111168,46.28
2017-02-27 03:00:00+01:00,37.25,31.22044981017327,43.6
2017-02-27 04:00:00+01:00,34.92,28.64985861472675,43.31
2017-02-27 05:00:00+01:00,35.09,28.347179598234156,43.31
2017-02-27 06:00:00+01:00,39.69,31.906906214127225,43.43
2017-02-27 07:00:00+01:00,50.21,37.17859878903968,41.69
2017-02-27 08:00:00+01:00,50.21,39.303377561156935,42.19
2017-02-27 09:00:00+01:00,52.69,41.82418750045425,45.45
2017-02-27 10:00:00+01:00,51.9,42.92784395828334,51.1
2017-02-27 11:00:00+01:00,49.92,43.09079307881883,50.23
2017-02-27 12:00:00+01:00,49.49,43.91296622961992,49.49
2017-02-27 13:00:00+01:00,45.47,45.02345536533563,49.68
2017-02-27 14:00:00+01:00,42.21,44.576599995345454,48.16
2017-02-27 15:00:00+01:00,39.22,43.76179333043285,43.45
2017-02-27 16:00:00+01:00,39.2,43.46230315372488,41.89
2017-02-27 17:00:00+01:00,40.0,46.48106537174712,43.45
2017-02-27 18:00:00+01:00,47.95,52.63462702191006,45.24
2017-02-27 19:00:00+01:00,53.1,56.82964711125801,54.26
2017-02-27 20:00:00+01:00,50.51,56.1613910483315,56.52
2017-02-27 21:00:00+01:00,45.39,54.26136219626734,56.77
2017-02-27 22:00:00+01:00,42.84,50.243248112941075,55.34
2017-02-27 23:00:00+01:00,39.22,45.65511391172415,48.69
2017-02-28 00:00:00+01:00,34.43,34.78126260701852,50.51
2017-02-28 01:00:00+01:00,32.3,27.9462303451264,40.39
2017-02-28 02:00:00+01:00,29.99,23.12781319684056,38.32
2017-02-28 03:00:00+01:00,22.0,18.986288927855075,37.25
2017-02-28 04:00:00+01:00,21.07,16.14348990495727,34.92
2017-02-28 05:00:00+01:00,26.07,16.197270968274314,35.09
2017-02-28 06:00:00+01:00,34.57,20.576957356711134,39.69
2017-02-28 07:00:00+01:00,41.43,27.37555267064234,50.21
2017-02-28 08:00:00+01:00,42.5,30.499895612663764,50.21
2017-02-28 09:00:00+01:00,45.07,34.681051159277,52.69
2017-02-28 10:00:00+01:00,46.38,37.11305755886092,51.9
2017-02-28 11:00:00+01:00,42.18,38.363901486525975,49.92
2017-02-28 12:00:00+01:00,40.0,39.80748624461852,49.49
2017-02-28 13:00:00+01:00,39.8,40.61773543538922,45.47
2017-02-28 14:00:00+01:00,39.86,39.873581454758224,42.21
2017-02-28 15:00:00+01:00,39.17,38.40843189305286,39.22
2017-02-28 16:00:00+01:00,39.52,37.401443739975505,39.2
2017-02-28 17:00:00+01:00,40.13,39.28310577977861,40.0
2017-02-28 18:00:00+01:00,49.2,44.75111128210522,47.95
2017-02-28 19:00:00+01:00,53.12,47.80285248727422,53.1
2017-02-28 20:00:00+01:00,53.15,45.90763229210095,50.51
2017-02-28 21:00:00+01:00,53.15,42.91056726879283,45.39
2017-02-28 22:00:00+01:00,50.1,38.295744722219055,42.84
2017-02-28 23:00:00+01:00,47.02,32.618060525058155,39.22
2017-03-01 00:00:00+01:00,54.68,42.731540504293775,34.43
2017-03-01 01:00:00+01:00,52.74,36.47925712956359,32.3
2017-03-01 02:00:00+01:00,49.25,31.67870582651329,29.99
2017-03-01 03:00:00+01:00,45.0,27.239514624741798,22.0
2017-03-01 04:00:00+01:00,45.18,24.95133295886866,21.07
2017-03-01 05:00:00+01:00,49.25,25.52749945345234,26.07
2017-03-01 06:00:00+01:00,57.65,30.24995563622968,34.57
2017-03-01 07:00:00+01:00,70.51,37.26321209363838,41.43
2017-03-01 08:00:00+01:00,71.61,40.78818666552955,42.5
2017-03-01 09:00:00+01:00,72.69,45.51429754799339,45.07
2017-03-01 10:00:00+01:00,73.33,48.45008440004349,46.38
2017-03-01 11:00:00+01:00,73.31,49.77679317243573,42.18
2017-03-01 12:00:00+01:00,72.71,51.532887700031885,40.0
2017-03-01 13:00:00+01:00,71.69,52.63184769301084,39.8
2017-03-01 14:00:00+01:00,70.51,52.11483227011313,39.86
2017-03-01 15:00:00+01:00,69.94,50.82597680179592,39.17
2017-03-01 16:00:00+01:00,71.11,50.131588928619806,39.52
2017-03-01 17:00:00+01:00,72.76,52.24681530416514,40.13
2017-03-01 18:00:00+01:00,73.69,58.53117615481966,49.2
2017-03-01 19:00:00+01:00,74.29,61.9461463587757,53.12
2017-03-01 20:00:00+01:00,74.9,60.677721876364345,53.15
2017-03-01 21:00:00+01:00,71.59,58.30766217837896,53.15
2017-03-01 22:00:00+01:00,68.73,54.10772087481283,50.1
2017-03-01 23:00:00+01:00,67.42,48.94671365774717,47.02
2017-03-02 00:00:00+01:00,39.87,63.9560507254466,54.68
2017-03-02 01:00:00+01:00,34.92,57.5984218034778,52.74
2017-03-02 02:00:00+01:00,34.26,53.01081828761546,49.25
2017-03-02 03:00:00+01:00,32.55,48.94464616632406,45.0
2017-03-02 04:00:00+01:00,32.49,47.234833042421585,45.18
2017-03-02 05:00:00+01:00,34.58,48.223843720003785,49.25
2017-03-02 06:00:00+01:00,40.0,53.19547796157191,57.65
2017-03-02 07:00:00+01:00,54.62,60.47648749062043,70.51
2017-03-02 08:00:00+01:00,60.0,63.50100582115113,71.61
2017-03-02 09:00:00+01:00,58.0,68.20062542238276,72.69
2017-03-02 10:00:00+01:00,56.67,71.3779296340321,73.33
2017-03-02 11:00:00+01:00,55.97,73.03049606815593,73.31
2017-03-02 12:00:00+01:00,54.37,75.13340893371608,72.71
2017-03-02 13:00:00+01:00,53.67,76.76191637907787,71.69
2017-03-02 14:00:00+01:00,51.96,76.87656930404827,70.51
2017-03-02 15:00:00+01:00,48.47,76.14250975873001,69.94
2017-03-02 16:00:00+01:00,47.47,75.88058972600928,71.11
2017-03-02 17:00:00+01:00,52.01,78.05556040468542,72.76
2017-03-02 18:00:00+01:00,55.79,84.12359961080782,73.69
2017-03-02 19:00:00+01:00,58.29,87.78512888667474,74.29
2017-03-02 20:00:00+01:00,53.69,86.90455051449065,74.9
2017-03-02 21:00:00+01:00,52.62,84.43161333939534,71.59
2017-03-02 22:00:00+01:00,44.25,80.47950858118118,68.73
2017-03-02 23:00:00+01:00,39.85,75.5273450564291,67.42
2017-03-03 00:00:00+01:00,48.51,34.02110923982322,39.87
2017-03-03 01:00:00+01:00,42.1,28.49804793819642,34.92
2017-03-03 02:00:00+01:00,36.68,23.308792923548673,34.26
2017-03-03 03:00:00+01:00,34.4,18.15958854275972,32.55
2017-03-03 04:00:00+01:00,33.81,15.316346964151432,32.49
2017-03-03 05:00:00+01:00,34.09,15.122171181105745,34.58
2017-03-03 06:00:00+01:00,41.91,18.861282198298923,40.0
2017-03-03 07:00:00+01:00,48.0,25.399545171239737,54.62
2017-03-03 08:00:00+01:00,48.0,26.909759293235872,60.0
2017-03-03 09:00:00+01:00,48.3,29.794577617531694,58.0
2017-03-03 10:00:00+01:00,47.08,31.95930109830213,56.67
2017-03-03 11:00:00+01:00,43.47,32.7162585579518,55.97
2017-03-03 12:00:00+01:00,41.02,33.758443180026724,54.37
2017-03-03 13:00:00+01:00,39.83,34.57243366432991,53.67
2017-03-03 14:00:00+01:00,39.1,33.90431152146289,51.96
2017-03-03 15:00:00+01:00,37.3,32.36317315226022,48.47
2017-03-03 16:00:00+01:00,36.21,31.557846398586484,47.47
2017-03-03 17:00:00+01:00,38.15,33.33468884515675,52.01
2017-03-03 18:00:00+01:00,42.18,38.52604787176415,55.79
2017-03-03 19:00:00+01:00,44.95,41.69581639630471,58.29
2017-03-03 20:00:00+01:00,41.01,40.10818160354965,53.69
2017-03-03 21:00:00+01:00,39.1,37.41939212988328,52.62
2017-03-03 22:00:00+01:00,36.25,32.5045052259773,44.25
2017-03-03 23:00:00+01:00,34.56,27.41132993910564,39.85
2017-03-04 00:00:00+01:00,48.76,29.37599898509772,48.51
2017-03-04 01:00:00+01:00,43.02,22.901464812554536,42.1
2017-03-04 02:00:00+01:00,36.85,17.80923329417316,36.68
2017-03-04 03:00:00+01:00,36.01,13.088222864377514,34.4
2017-03-04 04:00:00+01:00,36.01,10.516129801928944,33.81
2017-03-04 05:00:00+01:00,41.63,10.563036068103013,34.09
2017-03-04 06:00:00+01:00,47.12,14.950640087543107,41.91
2017-03-04 07:00:00+01:00,50.7,21.632062265033788,48.0
2017-03-04 08:00:00+01:00,54.02,23.484314707265483,48.0
2017-03-04 09:00:00+01:00,53.9,26.703906162452004,48.3
2017-03-04 10:00:00+01:00,52.15,29.17892691187915,47.08
2017-03-04 11:00:00+01:00,51.1,30.173710337189004,43.47
2017-03-04 12:00:00+01:00,51.76,31.506721752952647,41.02
2017-03-04 13:00:00+01:00,51.2,32.581438858479395,39.83
2017-03-04 14:00:00+01:00,50.7,32.124022160309785,39.1
2017-03-04 15:00:00+01:00,51.01,30.568678919593275,37.3
2017-03-04 16:00:00+01:00,50.96,29.678520862863454,36.21
2017-03-04 17:00:00+01:00,50.96,31.341882005051318,38.15
2017-03-04 18:00:00+01:00,50.51,36.25526427478553,42.18
2017-03-04 19:00:00+01:00,50.07,39.25465484353064,44.95
2017-03-04 20:00:00+01:00,51.23,37.314446223523234,41.01
2017-03-04 21:00:00+01:00,53.96,34.621886980212295,39.1
2017-03-04 22:00:00+01:00,51.1,29.63367915133659,36.25
2017-03-04 23:00:00+01:00,49.41,24.3003626414665,34.56
2017-03-05 00:00:00+01:00,50.49,45.72780406389864,48.76
2017-03-05 01:00:00+01:00,43.81,38.43195634017753,43.02
2017-03-05 02:00:00+01:00,40.73,33.373745148504,36.85
2017-03-05 03:00:00+01:00,40.1,29.183368221979205,36.01
2017-03-05 04:00:00+01:00,39.6,26.79392041450384,36.01
2017-03-05 05:00:00+01:00,40.48,27.36481851404535,41.63
2017-03-05 06:00:00+01:00,47.53,31.891203494593263,47.12
2017-03-05 07:00:00+01:00,51.37,38.806640689289445,50.7
2017-03-05 08:00:00+01:00,55.0,41.587124783462556,54.02
2017-03-05 09:00:00+01:00,54.18,45.15425555564141,53.9
2017-03-05 10:00:00+01:00,52.51,48.11462864927966,52.15
2017-03-05 11:00:00+01:00,51.53,49.71538640277672,51.1
2017-03-05 12:00:00+01:00,51.12,51.476223427405365,51.76
2017-03-05 13:00:00+01:00,51.04,52.6983110571809,51.2
2017-03-05 14:00:00+01:00,50.75,52.507025283590764,50.7
2017-03-05 15:00:00+01:00,50.42,51.31128922694941,51.01
2017-03-05 16:00:00+01:00,50.75,50.67891205629607,50.96
2017-03-05 17:00:00+01:00,50.84,52.620696821356496,50.96
2017-03-05 18:00:00+01:00,51.0,57.85824059693353,50.51
2017-03-05 19:00:00+01:00,51.23,61.56731319859271,50.07
2017-03-05 20:00:00+01:00,52.22,60.70099295794786,51.23
2017-03-05 21:00:00+01:00,53.92,58.80081556326226,53.96
2017-03-05 22:00:00+01:00,51.53,54.197716039836614,51.1
2017-03-05 23:00:00+01:00,49.75,49.50720770558457,49.41
2017-03-06 00:00:00+01:00,50.69,46.140821310275804,50.49
2017-03-06 01:00:00+01:00,50.54,38.55071187627998,43.81
2017-03-06 02:00:00+01:00,50.12,33.52108374803133,40.73
2017-03-06 03:00:00+01:00,49.0,29.395866714936158,40.1
2017-03-06 04:00:00+01:00,47.81,26.859939798896015,39.6
2017-03-06 05:00:00+01:00,47.36,27.27762063288835,40.48
2017-03-06 06:00:00+01:00,45.0,31.900177253902335,47.53
2017-03-06 07:00:00+01:00,44.24,38.41931353504056,51.37
2017-03-06 08:00:00+01:00,46.95,41.395609874183336,55.0
2017-03-06 09:00:00+01:00,50.12,44.60139205727167,54.18
2017-03-06 10:00:00+01:00,51.83,47.49249921465154,52.51
2017-03-06 11:00:00+01:00,51.83,49.195871823900006,51.53
2017-03-06 12:00:00+01:00,52.93,50.961450419801764,51.12
2017-03-06 13:00:00+01:00,54.0,52.20926877516102,51.04
2017-03-06 14:00:00+01:00,53.0,52.064977721762475,50.75
2017-03-06 15:00:00+01:00,50.57,50.89962633934582,50.42
2017-03-06 16:00:00+01:00,47.01,50.23786832656882,50.75
2017-03-06 17:00:00+01:00,44.5,51.95654414830423,50.84
2017-03-06 18:00:00+01:00,44.19,56.935431095192925,51.0
2017-03-06 19:00:00+01:00,44.1,60.70319475541799,51.23
2017-03-06 20:00:00+01:00,45.9,60.1590274380548,52.22
2017-03-06 21:00:00+01:00,49.02,58.35644679486454,53.92
2017-03-06 22:00:00+01:00,48.15,53.626435114683105,51.53
2017-03-06 23:00:00+01:00,44.4,48.92153467445356,49.75
2017-03-07 00:00:00+01:00,49.0,40.83923435174044,50.69
2017-03-07 01:00:00+01:00,41.11,33.27068776630864,50.54
2017-03-07 02:00:00+01:00,38.83,27.877803540065297,50.12
2017-03-07 03:00:00+01:00,38.81,23.44559155661167,49.0
2017-03-07 04:00:00+01:00,37.53,20.60741575822599,47.81
2017-03-07 05:00:00+01:00,38.03,20.691130634007173,47.36
2017-03-07 06:00:00+01:00,40.15,24.72903674591062,45.0
2017-03-07 07:00:00+01:00,44.03,31.034970762242175,44.24
2017-03-07 08:00:00+01:00,46.0,34.30163533777416,46.95
2017-03-07 09:00:00+01:00,49.1,37.38090086393547,50.12
2017-03-07 10:00:00+01:00,49.3,40.02297540849592,51.83
2017-03-07 11:00:00+01:00,50.1,41.510688340163696,51.83
2017-03-07 12:00:00+01:00,52.66,43.16553664437204,52.93
2017-03-07 13:00:00+01:00,53.25,44.272711135282265,54.0
2017-03-07 14:00:00+01:00,52.66,43.90864730773757,53.0
2017-03-07 15:00:00+01:00,52.5,42.53627437262286,50.57
2017-03-07 16:00:00+01:00,52.89,41.58986731548223,47.01
2017-03-07 17:00:00+01:00,53.81,43.0410318054409,44.5
2017-03-07 18:00:00+01:00,52.15,47.774040427604376,44.19
2017-03-07 19:00:00+01:00,50.0,51.46136025713583,44.1
2017-03-07 20:00:00+01:00,50.0,51.155770098865595,45.9
2017-03-07 21:00:00+01:00,50.39,49.36754760425657,49.02
2017-03-07 22:00:00+01:00,49.3,44.392505103722925,48.15
2017-03-07 23:00:00+01:00,45.0,39.4042436042312,44.4
2017-03-08 00:00:00+01:00,53.03,41.94003705326701,49.0
2017-03-08 01:00:00+01:00,49.49,33.87099748060922,41.11
2017-03-08 02:00:00+01:00,46.53,28.68764819935928,38.83
2017-03-08 03:00:00+01:00,43.75,24.374385792198854,38.81
2017-03-08 04:00:00+01:00,43.16,21.37583547973536,37.53
2017-03-08 05:00:00+01:00,45.27,21.395059190005597,38.03
2017-03-08 06:00:00+01:00,47.77,25.30123959084323,40.15
2017-03-08 07:00:00+01:00,50.17,31.593882503269576,44.03
2017-03-08 08:00:00+01:00,52.69,34.963743995649274,46.0
2017-03-08 09:00:00+01:00,53.85,38.16481326151421,49.1
2017-03-08 10:00:00+01:00,53.85,40.68176161063352,49.3
2017-03-08 11:00:00+01:00,53.8,42.30414012552844,50.1
2017-03-08 12:00:00+01:00,54.52,44.099425228391816,52.66
2017-03-08 13:00:00+01:00,54.75,45.14819323585942,53.25
2017-03-08 14:00:00+01:00,54.64,44.824565550746556,52.66
2017-03-08 15:00:00+01:00,53.85,43.57411870492434,52.5
2017-03-08 16:00:00+01:00,53.95,42.66749910601878,52.89
2017-03-08 17:00:00+01:00,53.81,44.02256496274585,53.81
2017-03-08 18:00:00+01:00,52.89,48.39384997099787,52.15
2017-03-08 19:00:00+01:00,51.76,52.12810765892739,50.0
2017-03-08 20:00:00+01:00,52.72,52.262353998303894,50.0
2017-03-08 21:00:00+01:00,53.81,50.65350994776543,50.39
2017-03-08 22:00:00+01:00,53.0,45.822531950409385,49.3
2017-03-08 23:00:00+01:00,51.06,40.674597478177155,45.0
2017-03-09 00:00:00+01:00,52.19,48.68746068982117,53.03
2017-03-09 01:00:00+01:00,51.69,40.38654818501941,49.49
2017-03-09 02:00:00+01:00,50.67,35.18688656589705,46.53
2017-03-09 03:00:00+01:00,50.49,30.971768834810277,43.75
2017-03-09 04:00:00+01:00,50.4,28.126233463850415,43.16
2017-03-09 05:00:00+01:00,49.49,28.15583541535521,45.27
2017-03-09 06:00:00+01:00,47.19,31.779306751963894,47.77
2017-03-09 07:00:00+01:00,45.0,37.779112076775625,50.17
2017-03-09 08:00:00+01:00,45.0,41.202790889998944,52.69
2017-03-09 09:00:00+01:00,48.3,44.18393967913056,53.85
2017-03-09 10:00:00+01:00,48.5,46.55904281177273,53.85
2017-03-09 11:00:00+01:00,48.5,48.22328399585226,53.8
2017-03-09 12:00:00+01:00,47.22,50.15952398730037,54.52
2017-03-09 13:00:00+01:00,45.1,51.42811583200594,54.75
2017-03-09 14:00:00+01:00,44.0,51.45143825519118,54.64
2017-03-09 15:00:00+01:00,40.0,50.52655082507947,53.85
2017-03-09 16:00:00+01:00,38.55,49.95268310897282,53.95
2017-03-09 17:00:00+01:00,38.15,51.40075631377053,53.81
2017-03-09 18:00:00+01:00,38.15,55.71820371012929,52.89
2017-03-09 19:00:00+01:00,41.59,59.68743897061264,51.76
2017-03-09 20:00:00+01:00,48.31,60.43748857587258,52.72
2017-03-09 21:00:00+01:00,52.35,59.19231021834486,53.81
2017-03-09 22:00:00+01:00,53.5,54.635113316380156,53.0
2017-03-09 23:00:00+01:00,52.15,49.431407319932326,51.06
2017-03-10 00:00:00+01:00,58.08,49.90006032236835,52.19
2017-03-10 01:00:00+01:00,55.04,42.05674718857703,51.69
2017-03-10 02:00:00+01:00,53.45,36.80601284711604,50.67
2017-03-10 03:00:00+01:00,53.27,32.74818209525135,50.49
2017-03-10 04:00:00+01:00,53.17,29.97383366949105,50.4
2017-03-10 05:00:00+01:00,53.22,29.86908503504184,49.49
2017-03-10 06:00:00+01:00,55.93,33.21325549376915,47.19
2017-03-10 07:00:00+01:00,60.88,39.072326426999425,45.0
2017-03-10 08:00:00+01:00,60.88,42.82548279622124,45.0
2017-03-10 09:00:00+01:00,60.88,46.06928684830594,48.3
2017-03-10 10:00:00+01:00,58.44,48.292470737992595,48.5
2017-03-10 11:00:00+01:00,56.42,50.02209994689015,48.5
2017-03-10 12:00:00+01:00,58.08,51.950530158937354,47.22
2017-03-10 13:00:00+01:00,58.15,53.34434620895496,45.1
2017-03-10 14:00:00+01:00,56.9,53.695797353800536,44.0
2017-03-10 15:00:00+01:00,55.7,52.82388705251515,40.0
2017-03-10 16:00:00+01:00,54.49,52.543373487483834,38.55
2017-03-10 17:00:00+01:00,53.17,54.05039087475693,38.15
2017-03-10 18:00:00+01:00,53.63,58.27472969292537,38.15
2017-03-10 19:00:00+01:00,59.09,62.58163776512728,41.59
2017-03-10 20:00:00+01:00,60.88,63.89922987625005,48.31
2017-03-10 21:00:00+01:00,60.88,62.74059774713483,52.35
2017-03-10 22:00:00+01:00,57.01,58.30290430723653,53.5
2017-03-10 23:00:00+01:00,53.0,53.01248969745232,52.15
2017-03-11 00:00:00+01:00,53.67,50.94239767114226,58.08
2017-03-11 01:00:00+01:00,50.15,42.659492983364885,55.04
2017-03-11 02:00:00+01:00,48.02,37.05189264958899,53.45
2017-03-11 03:00:00+01:00,47.15,32.73120140143382,53.27
2017-03-11 04:00:00+01:00,47.04,29.687017149587447,53.17
2017-03-11 05:00:00+01:00,48.02,29.339330112414558,53.22
2017-03-11 06:00:00+01:00,56.1,32.68924339765139,55.93
2017-03-11 07:00:00+01:00,63.92,38.70998298411081,60.88
2017-03-11 08:00:00+01:00,66.41,42.49764381557525,60.88
2017-03-11 09:00:00+01:00,66.53,46.033848919228454,60.88
2017-03-11 10:00:00+01:00,64.0,48.399153278793555,58.44
2017-03-11 11:00:00+01:00,62.69,50.28201913855086,56.42
2017-03-11 12:00:00+01:00,61.6,52.382518749242564,58.08
2017-03-11 13:00:00+01:00,59.6,53.50547005093436,58.15
2017-03-11 14:00:00+01:00,58.48,53.49437652352677,56.9
2017-03-11 15:00:00+01:00,57.2,52.33399508943381,55.7
2017-03-11 16:00:00+01:00,60.88,51.66288798961604,54.49
2017-03-11 17:00:00+01:00,63.77,52.76582891798745,53.17
2017-03-11 18:00:00+01:00,65.3,56.73867576384308,53.63
2017-03-11 19:00:00+01:00,67.05,61.15199098582944,59.09
2017-03-11 20:00:00+01:00,62.58,62.18367247664854,60.88
2017-03-11 21:00:00+01:00,60.7,60.83025514845478,60.88
2017-03-11 22:00:00+01:00,60.43,56.153232621402296,57.01
2017-03-11 23:00:00+01:00,56.7,50.889448953256306,53.0
2017-03-12 00:00:00+01:00,56.5,54.69075425809653,53.67
2017-03-12 01:00:00+01:00,54.7,46.54539571651115,50.15
2017-03-12 02:00:00+01:00,53.01,40.85260367117998,48.02
2017-03-12 03:00:00+01:00,50.05,36.51414498102103,47.15
2017-03-12 04:00:00+01:00,48.94,33.42601242091844,47.04
2017-03-12 05:00:00+01:00,49.0,32.9629731137218,48.02
2017-03-12 06:00:00+01:00,50.81,36.520770744600426,56.1
2017-03-12 07:00:00+01:00,54.02,42.356203099839675,63.92
2017-03-12 08:00:00+01:00,54.59,45.923796424735286,66.41
2017-03-12 09:00:00+01:00,56.2,49.30768585428816,66.53
2017-03-12 10:00:00+01:00,60.87,51.57204828255233,64.0
2017-03-12 11:00:00+01:00,62.76,53.56745701824987,62.69
2017-03-12 12:00:00+01:00,64.92,55.68269705891276,61.6
2017-03-12 13:00:00+01:00,62.02,56.81667341140267,59.6
2017-03-12 14:00:00+01:00,58.03,56.9422243176358,58.48
2017-03-12 15:00:00+01:00,57.07,55.85709619519901,57.2
2017-03-12 16:00:00+01:00,57.31,55.48007722662456,60.88
2017-03-12 17:00:00+01:00,70.69,56.42775342231728,63.77
2017-03-12 18:00:00+01:00,76.41,60.10804092253883,65.3
2017-03-12 19:00:00+01:00,77.07,64.48778866873108,67.05
2017-03-12 20:00:00+01:00,75.13,65.33660382332351,62.58
2017-03-12 21:00:00+01:00,74.49,64.30180597551139,60.7
2017-03-12 22:00:00+01:00,72.05,59.96852419428474,60.43
2017-03-12 23:00:00+01:00,69.46,54.49163308374218,56.7
2017-03-13 00:00:00+01:00,27.04,67.7078338663248,56.5
2017-03-13 01:00:00+01:00,14.0,60.18295806334005,54.7
2017-03-13 02:00:00+01:00,12.16,54.66854901230631,53.01
2017-03-13 03:00:00+01:00,12.0,50.46122405958815,50.05
2017-03-13 04:00:00+01:00,12.0,47.71588439473256,48.94
2017-03-13 05:00:00+01:00,15.89,47.477621439562306,49.0
2017-03-13 06:00:00+01:00,33.83,51.20136196020019,50.81
2017-03-13 07:00:00+01:00,41.0,57.293602371637455,54.02
2017-03-13 08:00:00+01:00,42.86,61.1597164237058,54.59
2017-03-13 09:00:00+01:00,40.0,64.94956203697745,56.2
2017-03-13 10:00:00+01:00,34.57,67.81715142001549,60.87
2017-03-13 11:00:00+01:00,32.89,69.98758643427888,62.76
2017-03-13 12:00:00+01:00,31.97,72.42275558086203,64.92
2017-03-13 13:00:00+01:00,32.2,73.61321640720502,62.02
2017-03-13 14:00:00+01:00,31.7,74.04307998729239,58.03
2017-03-13 15:00:00+01:00,32.0,73.56205968665343,57.07
2017-03-13 16:00:00+01:00,36.61,73.55959840326149,57.31
2017-03-13 17:00:00+01:00,41.82,75.59762147984073,70.69
2017-03-13 18:00:00+01:00,44.0,78.95685764624197,76.41
2017-03-13 19:00:00+01:00,47.51,83.22968575041945,77.07
2017-03-13 20:00:00+01:00,49.51,84.43552426587128,75.13
2017-03-13 21:00:00+01:00,44.94,83.93792901642512,74.49
2017-03-13 22:00:00+01:00,39.96,80.03928726959299,72.05
2017-03-13 23:00:00+01:00,33.55,74.89290760702151,69.46
2017-03-14 00:00:00+01:00,29.58,28.488998960312465,27.04
2017-03-14 01:00:00+01:00,28.61,22.373872453683354,14.0
2017-03-14 02:00:00+01:00,27.73,16.879504868107208,12.16
2017-03-14 03:00:00+01:00,27.75,11.990288667217875,12.0
2017-03-14 04:00:00+01:00,28.43,8.39889202306665,12.0
2017-03-14 05:00:00+01:00,29.49,7.4792601069458975,15.89
2017-03-14 06:00:00+01:00,37.72,11.096704136040849,33.83
2017-03-14 07:00:00+01:00,44.92,15.59830298133405,41.0
2017-03-14 08:00:00+01:00,47.1,18.44034600670149,42.86
2017-03-14 09:00:00+01:00,45.82,21.156291626641682,40.0
2017-03-14 10:00:00+01:00,42.89,23.150723523413024,34.57
2017-03-14 11:00:00+01:00,39.18,24.86247668387768,32.89
2017-03-14 12:00:00+01:00,38.53,26.60449193210012,31.97
2017-03-14 13:00:00+01:00,37.89,27.205350547706995,32.2
2017-03-14 14:00:00+01:00,38.1,26.8947844396213,31.7
2017-03-14 15:00:00+01:00,37.53,25.77049230990593,32.0
2017-03-14 16:00:00+01:00,35.0,25.266191582672626,36.61
2017-03-14 17:00:00+01:00,41.35,26.46292774398787,41.82
2017-03-14 18:00:00+01:00,44.47,28.76899731100132,44.0
2017-03-14 19:00:00+01:00,49.51,32.291451134979766,47.51
2017-03-14 20:00:00+01:00,50.96,32.843707623909836,49.51
2017-03-14 21:00:00+01:00,43.46,31.279765783543947,44.94
2017-03-14 22:00:00+01:00,41.0,26.80331108391299,39.96
2017-03-14 23:00:00+01:00,40.01,21.114714143159706,33.55
2017-03-15 00:00:00+01:00,38.42,34.996232414242215,29.58
2017-03-15 01:00:00+01:00,32.14,29.484967857623964,28.61
2017-03-15 02:00:00+01:00,33.59,24.303285168110882,27.73
2017-03-15 03:00:00+01:00,29.68,19.759077349110637,27.75
2017-03-15 04:00:00+01:00,28.71,16.45437493589193,28.43
2017-03-15 05:00:00+01:00,33.44,15.711296242309775,29.49
2017-03-15 06:00:00+01:00,40.26,19.821653329637417,37.72
2017-03-15 07:00:00+01:00,48.9,24.540108977664104,44.92
2017-03-15 08:00:00+01:00,50.14,27.488067766086782,47.1
2017-03-15 09:00:00+01:00,48.97,30.310583686312672,45.82
2017-03-15 10:00:00+01:00,48.51,32.57505320512893,42.89
2017-03-15 11:00:00+01:00,47.0,34.59934143063998,39.18
2017-03-15 12:00:00+01:00,46.47,36.88680259496087,38.53
2017-03-15 13:00:00+01:00,46.45,37.9222504521892,37.89
2017-03-15 14:00:00+01:00,46.45,38.07441764752987,38.1
2017-03-15 15:00:00+01:00,46.25,37.29890744777561,37.53
2017-03-15 16:00:00+01:00,46.45,36.96478333888501,35.0
2017-03-15 17:00:00+01:00,46.47,38.95680796996678,41.35
2017-03-15 18:00:00+01:00,47.97,41.343501463606614,44.47
2017-03-15 19:00:00+01:00,52.09,45.22787812715836,49.51
2017-03-15 20:00:00+01:00,52.8,46.07670021993992,50.96
2017-03-15 21:00:00+01:00,50.84,44.402399186231705,43.46
2017-03-15 22:00:00+01:00,48.25,40.75855190633462,41.0
2017-03-15 23:00:00+01:00,46.47,35.267993416729084,40.01
2017-03-16 00:00:00+01:00,46.23,41.63144910694817,38.42
2017-03-16 01:00:00+01:00,37.79,36.02020404129289,32.14
2017-03-16 02:00:00+01:00,35.39,31.462514293666622,33.59
2017-03-16 03:00:00+01:00,35.14,26.713010622445527,29.68
2017-03-16 04:00:00+01:00,35.39,23.651437279988915,28.71
2017-03-16 05:00:00+01:00,36.6,23.276198275928877,33.44
2017-03-16 06:00:00+01:00,45.85,27.3743187737698,40.26
2017-03-16 07:00:00+01:00,47.2,32.31527475728177,48.9
2017-03-16 08:00:00+01:00,47.69,35.05760919524726,50.14
2017-03-16 09:00:00+01:00,48.21,37.87080759729799,48.97
2017-03-16 10:00:00+01:00,47.69,40.37681004289606,48.51
2017-03-16 11:00:00+01:00,46.86,42.52426831493565,47.0
2017-03-16 12:00:00+01:00,46.3,45.02625242914491,46.47
2017-03-16 13:00:00+01:00,46.23,46.349318392633414,46.45
2017-03-16 14:00:00+01:00,45.95,46.73494323190795,46.45
2017-03-16 15:00:00+01:00,45.95,46.175142533340114,46.25
2017-03-16 16:00:00+01:00,45.95,46.00378392564238,46.45
2017-03-16 17:00:00+01:00,46.23,47.994593009035256,46.47
2017-03-16 18:00:00+01:00,47.51,50.60590910219611,47.97
2017-03-16 19:00:00+01:00,50.1,54.732436255541344,52.09
2017-03-16 20:00:00+01:00,51.25,55.72507295601171,52.8
2017-03-16 21:00:00+01:00,51.25,54.20249509099215,50.84
2017-03-16 22:00:00+01:00,49.07,50.807770621091905,48.25
2017-03-16 23:00:00+01:00,48.21,45.71681320562853,46.47
2017-03-17 00:00:00+01:00,47.88,43.43990409262824,46.23
2017-03-17 01:00:00+01:00,45.76,37.45572594128397,37.79
2017-03-17 02:00:00+01:00,41.39,33.287994792287314,35.39
2017-03-17 03:00:00+01:00,40.35,28.7629108391983,35.14
2017-03-17 04:00:00+01:00,40.05,25.634655000921423,35.39
2017-03-17 05:00:00+01:00,41.0,25.071678694665437,36.6
2017-03-17 06:00:00+01:00,45.85,29.262125929930605,45.85
2017-03-17 07:00:00+01:00,47.0,33.40208393606549,47.2
2017-03-17 08:00:00+01:00,48.46,35.914575562015436,47.69
2017-03-17 09:00:00+01:00,50.53,38.43205899787467,48.21
2017-03-17 10:00:00+01:00,49.6,40.61933049040253,47.69
2017-03-17 11:00:00+01:00,48.87,42.56952103689843,46.86
2017-03-17 12:00:00+01:00,46.62,44.971888065962595,46.3
2017-03-17 13:00:00+01:00,47.08,46.41118353496455,46.23
2017-03-17 14:00:00+01:00,46.99,46.951237736116056,45.95
2017-03-17 15:00:00+01:00,46.4,46.632617629930365,45.95
2017-03-17 16:00:00+01:00,46.11,46.61414295609968,45.95
2017-03-17 17:00:00+01:00,46.7,48.63872046246225,46.23
2017-03-17 18:00:00+01:00,46.29,51.355107461022925,47.51
2017-03-17 19:00:00+01:00,48.99,55.564208420240995,50.1
2017-03-17 20:00:00+01:00,50.0,56.78621551472483,51.25
2017-03-17 21:00:00+01:00,49.17,55.469728983095166,51.25
2017-03-17 22:00:00+01:00,47.69,52.16902630187861,49.07
2017-03-17 23:00:00+01:00,46.29,47.28863883910018,48.21
2017-03-18 00:00:00+01:00,47.69,41.573082987129915,47.88
2017-03-18 01:00:00+01:00,45.85,35.83147258644644,45.76
2017-03-18 02:00:00+01:00,40.05,31.772341367247527,41.39
2017-03-18 03:00:00+01:00,41.63,27.879111298919405,40.35
2017-03-18 04:00:00+01:00,40.05,25.07415255246108,40.05
2017-03-18 05:00:00+01:00,40.05,24.62222248489602,41.0
2017-03-18 06:00:00+01:00,42.7,28.782483347777056,45.85
2017-03-18 07:00:00+01:00,44.32,32.27791350596948,47.0
2017-03-18 08:00:00+01:00,44.32,34.32558227452162,48.46
2017-03-18 09:00:00+01:00,44.6,36.12393246034046,50.53
2017-03-18 10:00:00+01:00,42.7,37.28529352607347,49.6
2017-03-18 11:00:00+01:00,43.3,38.50310944225366,48.87
2017-03-18 12:00:00+01:00,40.05,40.21476520063952,46.62
2017-03-18 13:00:00+01:00,41.0,41.58273661683041,47.08
2017-03-18 14:00:00+01:00,41.0,42.07374196953221,46.99
2017-03-18 15:00:00+01:00,38.9,41.84610448223605,46.4
2017-03-18 16:00:00+01:00,38.6,41.91999565248678,46.11
2017-03-18 17:00:00+01:00,39.6,43.88791183261044,46.7
2017-03-18 18:00:00+01:00,43.61,46.25053417972805,46.29
2017-03-18 19:00:00+01:00,47.69,50.37602315961258,48.99
2017-03-18 20:00:00+01:00,48.97,51.63823989444069,50.0
2017-03-18 21:00:00+01:00,48.69,50.34047905854625,49.17
2017-03-18 22:00:00+01:00,47.51,47.16732254073005,47.69
2017-03-18 23:00:00+01:00,47.69,42.43330817465222,46.29
2017-03-19 00:00:00+01:00,48.4,42.96699185681817,47.69
2017-03-19 01:00:00+01:00,47.1,36.74593314433047,45.85
2017-03-19 02:00:00+01:00,44.8,31.81828039066209,40.05
2017-03-19 03:00:00+01:00,41.63,27.883117638673518,41.63
2017-03-19 04:00:00+01:00,44.6,24.438002127883987,40.05
2017-03-19 05:00:00+01:00,45.85,23.739085242594825,40.05
2017-03-19 06:00:00+01:00,47.03,27.82372650087042,42.7
2017-03-19 07:00:00+01:00,45.85,31.874388437240487,44.32
2017-03-19 08:00:00+01:00,45.85,34.7428366347426,44.32
2017-03-19 09:00:00+01:00,45.85,37.6261792968882,44.6
2017-03-19 10:00:00+01:00,42.5,39.81619022148889,42.7
2017-03-19 11:00:00+01:00,42.87,42.15762432427558,43.3
2017-03-19 12:00:00+01:00,44.0,44.28936088724936,40.05
2017-03-19 13:00:00+01:00,44.6,46.272697008594115,41.0
2017-03-19 14:00:00+01:00,41.92,46.79515688495265,41.0
2017-03-19 15:00:00+01:00,37.89,46.267479544290225,38.9
2017-03-19 16:00:00+01:00,36.4,46.16379125836022,38.6
2017-03-19 17:00:00+01:00,36.6,47.903605829740734,39.6
2017-03-19 18:00:00+01:00,37.49,50.548610958124335,43.61
2017-03-19 19:00:00+01:00,47.52,54.655882009376576,47.69
2017-03-19 20:00:00+01:00,50.35,55.849682431084396,48.97
2017-03-19 21:00:00+01:00,50.85,54.52756880805549,48.69
2017-03-19 22:00:00+01:00,49.69,51.261835692747404,47.51
2017-03-19 23:00:00+01:00,48.23,46.48468989014725,47.69
2017-03-20 00:00:00+01:00,49.01,43.58182760087763,48.4
2017-03-20 01:00:00+01:00,47.08,37.39776231601196,47.1
2017-03-20 02:00:00+01:00,44.07,32.44035102434556,44.8
2017-03-20 03:00:00+01:00,45.89,28.57397104038106,41.63
2017-03-20 04:00:00+01:00,46.11,25.693475214556756,44.6
2017-03-20 05:00:00+01:00,48.19,24.864759644679687,45.85
2017-03-20 06:00:00+01:00,48.99,28.697311723538487,47.03
2017-03-20 07:00:00+01:00,50.35,32.51327801678323,45.85
2017-03-20 08:00:00+01:00,50.69,35.41970060883509,45.85
2017-03-20 09:00:00+01:00,51.13,38.15138284510553,45.85
2017-03-20 10:00:00+01:00,50.23,39.99120070240576,42.5
2017-03-20 11:00:00+01:00,49.01,42.479057309492845,42.87
2017-03-20 12:00:00+01:00,48.97,44.70333187236298,44.0
2017-03-20 13:00:00+01:00,48.19,46.81646999920847,44.6
2017-03-20 14:00:00+01:00,45.95,47.44625981412317,41.92
2017-03-20 15:00:00+01:00,45.01,47.15374045031899,37.89
2017-03-20 16:00:00+01:00,43.0,47.422193555295664,36.4
2017-03-20 17:00:00+01:00,42.51,49.28725927123767,36.6
2017-03-20 18:00:00+01:00,42.76,51.86143036035808,37.49
2017-03-20 19:00:00+01:00,47.02,56.37038789519192,47.52
2017-03-20 20:00:00+01:00,49.0,57.20090757176693,50.35
2017-03-20 21:00:00+01:00,48.97,55.7564431012779,50.85
2017-03-20 22:00:00+01:00,45.97,52.4168411494837,49.69
2017-03-20 23:00:00+01:00,44.59,47.72218298787795,48.23
2017-03-21 00:00:00+01:00,46.51,39.98715672217016,49.01
2017-03-21 01:00:00+01:00,37.99,33.52686316657133,47.08
2017-03-21 02:00:00+01:00,37.24,28.110698952045553,44.07
2017-03-21 03:00:00+01:00,36.89,24.09854918895008,45.89
2017-03-21 04:00:00+01:00,37.24,20.676932566123288,46.11
2017-03-21 05:00:00+01:00,37.99,19.497561543586123,48.19
2017-03-21 06:00:00+01:00,47.56,22.675536696142593,48.99
2017-03-21 07:00:00+01:00,48.65,26.391479819447426,50.35
2017-03-21 08:00:00+01:00,51.02,29.240067250240685,50.69
2017-03-21 09:00:00+01:00,52.15,31.993041189017752,51.13
2017-03-21 10:00:00+01:00,51.19,33.827217628637136,50.23
2017-03-21 11:00:00+01:00,50.19,36.179525760053274,49.01
2017-03-21 12:00:00+01:00,49.51,38.33144505221564,48.97
2017-03-21 13:00:00+01:00,48.49,40.11048572252749,48.19
2017-03-21 14:00:00+01:00,47.76,40.357839920651166,45.95
2017-03-21 15:00:00+01:00,44.02,39.79142301256852,45.01
2017-03-21 16:00:00+01:00,44.43,39.565513842900955,43.0
2017-03-21 17:00:00+01:00,47.49,41.123685355344165,42.51
2017-03-21 18:00:00+01:00,48.0,43.58110324843473,42.76
2017-03-21 19:00:00+01:00,49.69,48.15505295479664,47.02
2017-03-21 20:00:00+01:00,48.51,49.0263415814175,49.0
2017-03-21 21:00:00+01:00,48.49,47.54421152212717,48.97
2017-03-21 22:00:00+01:00,46.11,44.05138701294844,45.97
2017-03-21 23:00:00+01:00,41.57,39.44704798059947,44.59
2017-03-22 00:00:00+01:00,36.0,37.31031778853896,46.51
2017-03-22 01:00:00+01:00,30.51,30.200424154598718,37.99
2017-03-22 02:00:00+01:00,29.2,25.07236763510162,37.24
2017-03-22 03:00:00+01:00,29.05,20.905033094040668,36.89
2017-03-22 04:00:00+01:00,29.05,17.36832037532305,37.24
2017-03-22 05:00:00+01:00,30.41,15.950347535944815,37.99
2017-03-22 06:00:00+01:00,35.19,19.293573809627482,47.56
2017-03-22 07:00:00+01:00,40.19,22.321731360423772,48.65
2017-03-22 08:00:00+01:00,43.02,25.16079442865155,51.02
2017-03-22 09:00:00+01:00,41.74,27.738751481817562,52.15
2017-03-22 10:00:00+01:00,38.1,29.385657680363234,51.19
2017-03-22 11:00:00+01:00,36.69,31.5919596640079,50.19
2017-03-22 12:00:00+01:00,36.25,33.6720900414522,49.51
2017-03-22 13:00:00+01:00,35.95,35.35207355449509,48.49
2017-03-22 14:00:00+01:00,35.02,35.61400964106767,47.76
2017-03-22 15:00:00+01:00,36.35,34.80604223478881,44.02
2017-03-22 16:00:00+01:00,36.9,34.713071011397325,44.43
2017-03-22 17:00:00+01:00,39.6,36.233775848815135,47.49
2017-03-22 18:00:00+01:00,42.4,38.358444439896765,48.0
2017-03-22 19:00:00+01:00,48.42,42.74736566875674,49.69
2017-03-22 20:00:00+01:00,48.47,43.561961274364776,48.51
2017-03-22 21:00:00+01:00,47.69,42.205103942498475,48.49
2017-03-22 22:00:00+01:00,46.11,38.5931623123363,46.11
2017-03-22 23:00:00+01:00,41.56,34.004329286197176,41.57
2017-03-23 00:00:00+01:00,39.6,37.42343588678861,36.0
2017-03-23 01:00:00+01:00,34.97,30.71532216384849,30.51
2017-03-23 02:00:00+01:00,28.91,25.975618309232203,29.2
2017-03-23 03:00:00+01:00,28.65,22.057263235433734,29.05
2017-03-23 04:00:00+01:00,29.15,18.674516798700395,29.05
2017-03-23 05:00:00+01:00,34.97,17.321691087089,30.41
2017-03-23 06:00:00+01:00,38.0,20.626980998502127,35.19
2017-03-23 07:00:00+01:00,47.51,23.63551449973105,40.19
2017-03-23 08:00:00+01:00,48.72,26.254419429172163,43.02
2017-03-23 09:00:00+01:00,48.85,28.443930008537365,41.74
2017-03-23 10:00:00+01:00,48.69,29.85201577888563,38.1
2017-03-23 11:00:00+01:00,48.49,32.09560763482588,36.69
2017-03-23 12:00:00+01:00,48.49,34.26584594385698,36.25
2017-03-23 13:00:00+01:00,48.69,36.09208528624967,35.95
2017-03-23 14:00:00+01:00,48.49,36.59752857301297,35.02
2017-03-23 15:00:00+01:00,48.49,36.25980820581752,36.35
2017-03-23 16:00:00+01:00,48.51,36.356835824177345,36.9
2017-03-23 17:00:00+01:00,48.69,38.168040664192816,39.6
2017-03-23 18:00:00+01:00,49.31,40.4627707583807,42.4
2017-03-23 19:00:00+01:00,52.14,45.10902199109111,48.42
2017-03-23 20:00:00+01:00,56.97,45.97387580361739,48.47
2017-03-23 21:00:00+01:00,55.85,44.912016486895624,47.69
2017-03-23 22:00:00+01:00,52.46,41.621162636325025,46.11
2017-03-23 23:00:00+01:00,50.73,37.12752147407344,41.56
2017-03-24 00:00:00+01:00,53.19,46.68857004372638,39.6
2017-03-24 01:00:00+01:00,52.15,40.128935921253046,34.97
2017-03-24 02:00:00+01:00,51.16,35.294071677679284,28.91
2017-03-24 03:00:00+01:00,51.09,31.815211464590305,28.65
2017-03-24 04:00:00+01:00,51.09,28.631508212508542,29.15
2017-03-24 05:00:00+01:00,52.13,27.72057924636757,34.97
2017-03-24 06:00:00+01:00,53.19,30.84342928025541,38.0
2017-03-24 07:00:00+01:00,54.44,34.65706762187744,47.51
2017-03-24 08:00:00+01:00,54.78,37.231734965916154,48.72
2017-03-24 09:00:00+01:00,55.31,39.835994748810236,48.85
2017-03-24 10:00:00+01:00,54.78,41.77522860294405,48.69
2017-03-24 11:00:00+01:00,54.0,44.412964893950765,48.49
2017-03-24 12:00:00+01:00,53.19,46.97132059644124,48.49
2017-03-24 13:00:00+01:00,52.69,49.1121932720986,48.69
2017-03-24 14:00:00+01:00,51.95,49.8704445872508,48.49
2017-03-24 15:00:00+01:00,50.95,49.72868461128523,48.49
2017-03-24 16:00:00+01:00,50.28,49.89517716391546,48.51
2017-03-24 17:00:00+01:00,50.23,51.703243055156996,48.69
2017-03-24 18:00:00+01:00,50.23,54.14708834968667,49.31
2017-03-24 19:00:00+01:00,51.5,58.9510391203566,52.14
2017-03-24 20:00:00+01:00,52.15,60.35378255726121,56.97
2017-03-24 21:00:00+01:00,50.9,59.1978236354122,55.85
2017-03-24 22:00:00+01:00,48.49,56.027787887043544,52.46
2017-03-24 23:00:00+01:00,48.12,51.69010083419763,50.73
2017-03-25 00:00:00+01:00,40.0,44.0744472228334,53.19
2017-03-25 01:00:00+01:00,35.0,37.32406184631032,52.15
2017-03-25 02:00:00+01:00,33.0,32.21652527577554,51.16
2017-03-25 03:00:00+01:00,32.4,28.539492264440213,51.09
2017-03-25 04:00:00+01:00,31.7,25.127088438747734,51.09
2017-03-25 05:00:00+01:00,31.44,23.849598230421577,52.13
2017-03-25 06:00:00+01:00,32.4,26.331220627627616,53.19
2017-03-25 07:00:00+01:00,33.0,29.638281047301763,54.44
2017-03-25 08:00:00+01:00,34.95,31.709408961978134,54.78
2017-03-25 09:00:00+01:00,37.1,33.76708162540561,55.31
2017-03-25 10:00:00+01:00,45.0,35.11743309313882,54.78
2017-03-25 11:00:00+01:00,44.01,37.18313045832007,54.0
2017-03-25 12:00:00+01:00,41.63,39.31850929470288,53.19
2017-03-25 13:00:00+01:00,44.01,41.19232141119658,52.69
2017-03-25 14:00:00+01:00,41.4,41.81397223416617,51.95
2017-03-25 15:00:00+01:00,37.0,41.58245656078081,50.95
2017-03-25 16:00:00+01:00,37.1,41.65904747647251,50.28
2017-03-25 17:00:00+01:00,37.1,43.31069709670912,50.23
2017-03-25 18:00:00+01:00,46.32,45.58288967300089,50.23
2017-03-25 19:00:00+01:00,49.51,50.18294535497528,51.5
2017-03-25 20:00:00+01:00,51.16,51.65331347489172,52.15
2017-03-25 21:00:00+01:00,50.73,50.441566338161614,50.9
2017-03-25 22:00:00+01:00,48.82,47.22096275066489,48.49
2017-03-25 23:00:00+01:00,48.47,42.86948458862426,48.12
2017-03-27 00:00:00+02:00,35.93,37.6742517457286,
2017-03-27 01:00:00+02:00,32.9,32.880034876233346,
2017-03-27 02:00:00+02:00,31.9,26.28673340517328,
2017-03-27 03:00:00+02:00,31.9,21.47602502975325,
2017-03-27 04:00:00+02:00,32.2,17.86124770377917,
2017-03-27 05:00:00+02:00,33.5,14.523326150928145,
2017-03-27 06:00:00+02:00,39.31,13.141404932265782,
2017-03-27 07:00:00+02:00,48.0,15.29657300275291,
2017-03-27 08:00:00+02:00,49.62,18.594454429689087,
2017-03-27 09:00:00+02:00,50.2,21.011393380461236,
2017-03-27 10:00:00+02:00,49.62,23.27414614512203,
2017-03-27 11:00:00+02:00,48.49,25.087087792813435,
2017-03-27 12:00:00+02:00,48.48,26.59474080242903,
2017-03-27 13:00:00+02:00,48.2,28.607615841407558,
2017-03-27 14:00:00+02:00,48.01,30.922992479570652,
2017-03-27 15:00:00+02:00,46.11,31.495144059142515,
2017-03-27 16:00:00+02:00,44.97,31.227239650950786,
2017-03-27 17:00:00+02:00,45.43,31.62541147861236,
2017-03-27 18:00:00+02:00,47.23,33.460157202311535,
2017-03-27 19:00:00+02:00,49.51,36.12784288913951,
2017-03-27 20:00:00+02:00,55.21,39.8221496587814,
2017-03-27 21:00:00+02:00,56.8,41.23151131393619,
2017-03-27 22:00:00+02:00,52.19,39.56576734444401,
2017-03-27 23:00:00+02:00,49.51,36.074478356048864,
2017-03-28 00:00:00+02:00,49.31,45.11524790506141,35.93
2017-03-28 01:00:00+02:00,46.88,40.6850468811189,32.9
2017-03-28 02:00:00+02:00,43.79,34.49785228932792,31.9
2017-03-28 03:00:00+02:00,42.28,29.776567306457682,31.9
2017-03-28 04:00:00+02:00,42.5,26.219966920210112,32.2
2017-03-28 05:00:00+02:00,44.95,23.049497669520427,33.5
2017-03-28 06:00:00+02:00,48.47,21.96627466901956,39.31
2017-03-28 07:00:00+02:00,49.47,24.20845819873572,48.0
2017-03-28 08:00:00+02:00,50.51,27.06774818058232,49.62
2017-03-28 09:00:00+02:00,51.01,29.566500620397917,50.2
2017-03-28 10:00:00+02:00,50.49,31.896293147626835,49.62
2017-03-28 11:00:00+02:00,49.69,33.83806413531137,48.49
2017-03-28 12:00:00+02:00,49.56,35.58221093528997,48.48
2017-03-28 13:00:00+02:00,49.38,37.687623038464814,48.2
2017-03-28 14:00:00+02:00,48.49,40.122839938515654,48.01
2017-03-28 15:00:00+02:00,48.25,40.833485650669516,46.11
2017-03-28 16:00:00+02:00,47.9,40.8107963971762,44.97
2017-03-28 17:00:00+02:00,47.15,41.4138316862911,45.43
2017-03-28 18:00:00+02:00,47.12,43.37841866561697,47.23
2017-03-28 19:00:00+02:00,49.5,46.15307304189649,49.51
2017-03-28 20:00:00+02:00,52.15,50.1392037060305,55.21
2017-03-28 21:00:00+02:00,52.69,51.56518951860089,56.8
2017-03-28 22:00:00+02:00,50.37,49.810567376987365,52.19
2017-03-28 23:00:00+02:00,50.31,46.873258120273434,49.51
2017-03-29 00:00:00+02:00,50.63,46.48877074017579,49.31
2017-03-29 01:00:00+02:00,49.0,42.23029176955252,46.88
2017-03-29 02:00:00+02:00,46.88,36.40474589490842,43.79
2017-03-29 03:00:00+02:00,45.07,31.974018369137465,42.28
2017-03-29 04:00:00+02:00,44.95,28.757945689971525,42.5
2017-03-29 05:00:00+02:00,45.62,25.968394213155346,44.95
2017-03-29 06:00:00+02:00,48.49,24.910293541807675,48.47
2017-03-29 07:00:00+02:00,50.0,26.524545936140555,49.47
2017-03-29 08:00:00+02:00,50.69,28.82473979372007,50.51
2017-03-29 09:00:00+02:00,51.02,30.610954102108145,51.01
2017-03-29 10:00:00+02:00,49.89,31.944028684500744,50.49
2017-03-29 11:00:00+02:00,48.47,32.78864891150399,49.69
2017-03-29 12:00:00+02:00,48.49,33.407417663219825,49.56
2017-03-29 13:00:00+02:00,48.44,34.40382513033779,49.38
2017-03-29 14:00:00+02:00,47.12,35.974785078684654,48.49
2017-03-29 15:00:00+02:00,46.62,36.37852756350622,48.25
2017-03-29 16:00:00+02:00,45.52,36.28475906166461,47.9
2017-03-29 17:00:00+02:00,46.0,37.00082013770316,47.15
2017-03-29 18:00:00+02:00,47.0,39.269807967335424,47.12
2017-03-29 19:00:00+02:00,49.09,42.529197908257366,49.5
2017-03-29 20:00:00+02:00,53.01,46.77914055941327,52.15
2017-03-29 21:00:00+02:00,53.39,48.67644389185851,52.69
2017-03-29 22:00:00+02:00,50.53,47.39947894367718,50.37
2017-03-29 23:00:00+02:00,49.69,45.099963033676374,50.31
2017-03-30 00:00:00+02:00,49.69,45.57302723761008,50.63
2017-03-30 01:00:00+02:00,48.01,40.91628409464374,49.0
2017-03-30 02:00:00+02:00,45.52,34.79059097994219,46.88
2017-03-30 03:00:00+02:00,45.58,29.876780385470376,45.07
2017-03-30 04:00:00+02:00,44.1,26.17587179129912,44.95
2017-03-30 05:00:00+02:00,46.47,22.888576701429816,45.62
2017-03-30 06:00:00+02:00,48.13,21.473710553054897,48.49
2017-03-30 07:00:00+02:00,49.69,22.750402068775315,50.0
2017-03-30 08:00:00+02:00,50.96,25.155113328529705,50.69
2017-03-30 09:00:00+02:00,51.53,27.39069770820634,51.02
2017-03-30 10:00:00+02:00,50.69,29.365152128577257,49.89
2017-03-30 11:00:00+02:00,47.0,31.104545674892535,48.47
2017-03-30 12:00:00+02:00,46.5,32.81029323184031,48.49
2017-03-30 13:00:00+02:00,44.01,34.648046442688695,48.44
2017-03-30 14:00:00+02:00,42.45,36.638768048363296,47.12
2017-03-30 15:00:00+02:00,39.6,37.365452727697146,46.62
2017-03-30 16:00:00+02:00,38.6,37.132958023180045,45.52
2017-03-30 17:00:00+02:00,36.72,37.478565886269784,46.0
2017-03-30 18:00:00+02:00,39.06,39.14194471482677,47.0
2017-03-30 19:00:00+02:00,41.5,41.91827558899839,49.09
2017-03-30 20:00:00+02:00,46.5,45.87863501841626,53.01
2017-03-30 21:00:00+02:00,48.26,47.27077764087348,53.39
2017-03-30 22:00:00+02:00,46.49,45.56845522939557,50.53
2017-03-30 23:00:00+02:00,44.01,42.98235651074734,49.69
2017-03-31 00:00:00+02:00,43.19,39.92086912891789,49.69
2017-03-31 01:00:00+02:00,40.09,34.97683794177393,48.01
2017-03-31 02:00:00+02:00,39.18,28.637405054045235,45.52
2017-03-31 03:00:00+02:00,39.23,23.548590828217467,45.58
2017-03-31 04:00:00+02:00,40.0,19.397749866189947,44.1
2017-03-31 05:00:00+02:00,43.09,16.065608078744035,46.47
2017-03-31 06:00:00+02:00,46.56,14.290602201402082,48.13
2017-03-31 07:00:00+02:00,49.69,15.262590950248015,49.69
2017-03-31 08:00:00+02:00,50.96,17.535637191147252,50.96
2017-03-31 09:00:00+02:00,52.07,19.762685493499326,51.53
2017-03-31 10:00:00+02:00,51.0,21.743148218005082,50.69
2017-03-31 11:00:00+02:00,48.38,23.4096718765211,47.0
2017-03-31 12:00:00+02:00,45.32,25.403605073833145,46.5
2017-03-31 13:00:00+02:00,43.09,27.15158231424702,44.01
2017-03-31 14:00:00+02:00,38.87,29.132584894012094,42.45
2017-03-31 15:00:00+02:00,31.2,29.718627020149817,39.6
2017-03-31 16:00:00+02:00,28.66,29.458287147295817,38.6
2017-03-31 17:00:00+02:00,30.43,29.462395472278175,36.72
2017-03-31 18:00:00+02:00,34.67,31.045508959796358,39.06
2017-03-31 19:00:00+02:00,38.98,33.52933784860204,41.5
2017-03-31 20:00:00+02:00,43.19,37.36941354113202,46.5
2017-03-31 21:00:00+02:00,46.11,38.509537840165464,48.26
2017-03-31 22:00:00+02:00,43.19,36.56078442574694,46.49
2017-03-31 23:00:00+02:00,39.41,33.83621819943227,44.01
2017-04-01 00:00:00+02:00,62.69,36.28033056412363,43.19
2017-04-01 01:00:00+02:00,56.04,31.671961462560724,40.09
2017-04-01 02:00:00+02:00,54.1,26.060218382504523,39.18
2017-04-01 03:00:00+02:00,52.0,21.471991620344035,39.23
2017-04-01 04:00:00+02:00,51.36,17.82476796898337,40.0
2017-04-01 05:00:00+02:00,53.02,15.090964803149049,43.09
2017-04-01 06:00:00+02:00,62.4,13.472701634108413,46.56
2017-04-01 07:00:00+02:00,72.32,14.0154613485431,49.69
2017-04-01 08:00:00+02:00,73.01,15.470132609159812,50.96
2017-04-01 09:00:00+02:00,73.0,16.81525421594163,52.07
2017-04-01 10:00:00+02:00,72.85,17.49887635978473,51.0
2017-04-01 11:00:00+02:00,72.51,17.721803653224764,48.38
2017-04-01 12:00:00+02:00,71.72,18.30256042534264,45.32
2017-04-01 13:00:00+02:00,71.59,18.88669517433916,43.09
2017-04-01 14:00:00+02:00,69.0,19.831607488257088,38.87
2017-04-01 15:00:00+02:00,67.13,19.796453179950433,31.2
2017-04-01 16:00:00+02:00,68.26,19.889096308307927,28.66
2017-04-01 17:00:00+02:00,72.15,20.426856572037032,30.43
2017-04-01 18:00:00+02:00,73.33,22.46205796014134,34.67
2017-04-01 19:00:00+02:00,73.69,25.221953700178382,38.98
2017-04-01 20:00:00+02:00,72.48,29.217177803176583,43.19
2017-04-01 21:00:00+02:00,69.34,30.79374591432099,46.11
2017-04-01 22:00:00+02:00,64.98,29.043210531470898,43.19
2017-04-01 23:00:00+02:00,61.95,26.99237772749665,39.41
2017-04-02 00:00:00+02:00,38.11,60.22842704715449,62.69
2017-04-02 01:00:00+02:00,34.96,53.674842797024866,56.04
2017-04-02 02:00:00+02:00,34.01,48.05786488275467,54.1
2017-04-02 03:00:00+02:00,31.93,43.14916280879708,52.0
2017-04-02 04:00:00+02:00,31.89,39.255521868404145,51.36
2017-04-02 05:00:00+02:00,32.09,36.35222226674381,53.02
2017-04-02 06:00:00+02:00,33.82,35.161792182806835,62.4
2017-04-02 07:00:00+02:00,37.04,36.05047715152964,72.32
2017-04-02 08:00:00+02:00,40.63,37.647258800714994,73.01
2017-04-02 09:00:00+02:00,49.58,40.0076790745598,73.0
2017-04-02 10:00:00+02:00,51.97,42.137918611838366,72.85
2017-04-02 11:00:00+02:00,50.0,43.99596742931948,72.51
2017-04-02 12:00:00+02:00,50.0,46.15895635442567,71.72
2017-04-02 13:00:00+02:00,49.12,48.30029392307748,71.59
2017-04-02 14:00:00+02:00,47.22,50.261178618996574,69.0
2017-04-02 15:00:00+02:00,45.22,51.11412962378128,67.13
2017-04-02 16:00:00+02:00,44.22,51.741606133305986,68.26
2017-04-02 17:00:00+02:00,45.11,52.48809762352747,72.15
2017-04-02 18:00:00+02:00,52.62,54.150247550055354,73.33
2017-04-02 19:00:00+02:00,61.23,56.717612700013774,73.69
2017-04-02 20:00:00+02:00,55.49,60.52292589347655,72.48
2017-04-02 21:00:00+02:00,50.0,62.03927378768866,69.34
2017-04-02 22:00:00+02:00,50.0,60.32422390657447,64.98
2017-04-02 23:00:00+02:00,45.7,58.05214455628385,61.95
2017-04-03 00:00:00+02:00,31.6,42.30506734757695,38.11
2017-04-03 01:00:00+02:00,30.25,36.99700188276984,34.96
2017-04-03 02:00:00+02:00,24.49,31.23010298552558,34.01
2017-04-03 03:00:00+02:00,23.99,25.85828024817078,31.93
2017-04-03 04:00:00+02:00,23.01,21.66727872849127,31.89
2017-04-03 05:00:00+02:00,23.99,18.362369077740674,32.09
2017-04-03 06:00:00+02:00,28.32,16.800974265977352,33.82
2017-04-03 07:00:00+02:00,30.0,17.295391376369693,37.04
2017-04-03 08:00:00+02:00,33.96,18.513909786281,40.63
2017-04-03 09:00:00+02:00,39.34,20.818486875093377,49.58
2017-04-03 10:00:00+02:00,40.0,22.19897856667371,51.97
2017-04-03 11:00:00+02:00,40.1,23.41296903782312,50.0
2017-04-03 12:00:00+02:00,40.1,25.322633302996415,50.0
2017-04-03 13:00:00+02:00,41.69,27.073485119875578,49.12
2017-04-03 14:00:00+02:00,40.0,28.63607793960105,47.22
2017-04-03 15:00:00+02:00,39.1,29.211649510181154,45.22
2017-04-03 16:00:00+02:00,35.44,29.582799303778025,44.22
2017-04-03 17:00:00+02:00,40.44,30.107074427409174,45.11
2017-04-03 18:00:00+02:00,44.69,31.80089199676569,52.62
2017-04-03 19:00:00+02:00,47.25,34.04958988419971,61.23
2017-04-03 20:00:00+02:00,47.51,36.48452965623836,55.49
2017-04-03 21:00:00+02:00,46.44,37.75963790014913,50.0
2017-04-03 22:00:00+02:00,43.1,36.28670364605268,50.0
2017-04-03 23:00:00+02:00,39.55,33.517754466419184,45.7
2017-04-04 00:00:00+02:00,50.05,35.55223255041605,31.6
2017-04-04 01:00:00+02:00,47.7,31.207230327985194,30.25
2017-04-04 02:00:00+02:00,44.99,25.293294293646174,24.49
2017-04-04 03:00:00+02:00,40.0,20.330041879468826,23.99
2017-04-04 04:00:00+02:00,37.1,16.211295362431027,23.01
2017-04-04 05:00:00+02:00,37.1,13.197204684245461,23.99
2017-04-04 06:00:00+02:00,41.22,11.927283361586923,28.32
2017-04-04 07:00:00+02:00,51.01,12.06756749547454,30.0
2017-04-04 08:00:00+02:00,52.39,13.135138484949447,33.96
2017-04-04 09:00:00+02:00,50.94,15.178077380118506,39.34
2017-04-04 10:00:00+02:00,49.96,15.865383134640023,40.0
2017-04-04 11:00:00+02:00,46.6,16.552794128344733,40.1
2017-04-04 12:00:00+02:00,46.29,17.986021266908526,40.1
2017-04-04 13:00:00+02:00,46.11,19.54333450582133,41.69
2017-04-04 14:00:00+02:00,43.03,20.773678750213406,40.0
2017-04-04 15:00:00+02:00,42.68,21.581580013761847,39.1
2017-04-04 16:00:00+02:00,42.1,22.132611204113765,35.44
2017-04-04 17:00:00+02:00,41.41,23.687951644412742,40.44
2017-04-04 18:00:00+02:00,41.59,25.713053866138754,44.69
2017-04-04 19:00:00+02:00,45.26,28.07240154237339,47.25
2017-04-04 20:00:00+02:00,49.51,30.373783004994642,47.51
2017-04-04 21:00:00+02:00,50.05,31.69396527150066,46.44
2017-04-04 22:00:00+02:00,42.68,30.312566690852382,43.1
2017-04-04 23:00:00+02:00,40.44,27.64035177541895,39.55
2017-04-05 00:00:00+02:00,48.64,37.367509863932455,50.05
2017-04-05 01:00:00+02:00,42.25,32.247428854102026,47.7
2017-04-05 02:00:00+02:00,40.94,26.338514464639328,44.99
2017-04-05 03:00:00+02:00,37.7,21.09307081341315,40.0
2017-04-05 04:00:00+02:00,37.64,16.91276301244351,37.1
2017-04-05 05:00:00+02:00,38.7,13.824341707707719,37.1
2017-04-05 06:00:00+02:00,43.61,12.554324482206907,41.22
2017-04-05 07:00:00+02:00,50.28,13.037844710108763,51.01
2017-04-05 08:00:00+02:00,53.34,13.75155217936677,52.39
2017-04-05 09:00:00+02:00,52.91,15.81880155474227,50.94
2017-04-05 10:00:00+02:00,51.54,17.081779071475985,49.96
2017-04-05 11:00:00+02:00,51.23,18.147691661942076,46.6
2017-04-05 12:00:00+02:00,51.42,20.197243710272776,46.29
2017-04-05 13:00:00+02:00,51.04,22.12624568923959,46.11
2017-04-05 14:00:00+02:00,50.08,23.387125104723914,43.03
2017-04-05 15:00:00+02:00,49.54,24.329342793751707,42.68
2017-04-05 16:00:00+02:00,49.54,24.619640811230358,42.1
2017-04-05 17:00:00+02:00,50.84,25.672796101696036,41.41
2017-04-05 18:00:00+02:00,51.0,27.33427960985129,41.59
2017-04-05 19:00:00+02:00,51.23,29.661891079578922,45.26
2017-04-05 20:00:00+02:00,52.08,31.998929422237865,49.51
2017-04-05 21:00:00+02:00,53.4,33.1152093093812,50.05
2017-04-05 22:00:00+02:00,52.08,31.364095527193314,42.68
2017-04-05 23:00:00+02:00,49.54,29.018839935236887,40.44
2017-04-06 00:00:00+02:00,42.25,47.434859655365564,48.64
2017-04-06 01:00:00+02:00,41.94,41.65221771716652,42.25
2017-04-06 02:00:00+02:00,40.36,36.282731407682896,40.94
2017-04-06 03:00:00+02:00,40.7,31.147461197683416,37.7
2017-04-06 04:00:00+02:00,41.25,27.439651004367285,37.64
2017-04-06 05:00:00+02:00,40.93,24.773012466272267,38.7
2017-04-06 06:00:00+02:00,41.0,24.055932406350212,43.61
2017-04-06 07:00:00+02:00,40.1,24.85408356644583,50.28
2017-04-06 08:00:00+02:00,42.01,25.474941462395517,53.34
2017-04-06 09:00:00+02:00,42.5,27.333608046890784,52.91
2017-04-06 10:00:00+02:00,44.54,28.636856975940653,51.54
2017-04-06 11:00:00+02:00,46.36,29.818681384870814,51.23
2017-04-06 12:00:00+02:00,47.51,31.902757009436062,51.42
2017-04-06 13:00:00+02:00,48.0,33.91110323774214,51.04
2017-04-06 14:00:00+02:00,45.68,35.360366127089485,50.08
2017-04-06 15:00:00+02:00,40.6,36.67876988842612,49.54
2017-04-06 16:00:00+02:00,37.99,37.473473321474394,49.54
2017-04-06 17:00:00+02:00,37.49,39.04359294395422,50.84
2017-04-06 18:00:00+02:00,37.47,41.01247420775539,51.0
2017-04-06 19:00:00+02:00,38.6,43.607531431766546,51.23
2017-04-06 20:00:00+02:00,42.21,46.13965857825568,52.08
2017-04-06 21:00:00+02:00,48.15,47.50214995680659,53.4
2017-04-06 22:00:00+02:00,51.88,45.88655685990057,52.08
2017-04-06 23:00:00+02:00,49.24,43.66785240830182,49.54
2017-04-07 00:00:00+02:00,50.0,46.890440660984005,42.25
2017-04-07 01:00:00+02:00,48.13,41.952154879478094,41.94
2017-04-07 02:00:00+02:00,45.03,36.59609224773021,40.36
2017-04-07 03:00:00+02:00,42.73,31.58952323383262,40.7
2017-04-07 04:00:00+02:00,42.5,27.745843622067774,41.25
2017-04-07 05:00:00+02:00,42.73,24.818292288153852,40.93
2017-04-07 06:00:00+02:00,48.56,23.849098150501664,41.0
2017-04-07 07:00:00+02:00,48.1,24.4443269839098,40.1
2017-04-07 08:00:00+02:00,50.05,25.364300386733078,42.01
2017-04-07 09:00:00+02:00,51.05,27.223303630529138,42.5
2017-04-07 10:00:00+02:00,51.05,28.875689880360916,44.54
2017-04-07 11:00:00+02:00,51.05,30.321999545069147,46.36
2017-04-07 12:00:00+02:00,52.1,32.54407393203405,47.51
2017-04-07 13:00:00+02:00,51.65,34.70156916265667,48.0
2017-04-07 14:00:00+02:00,50.9,36.12545856904279,45.68
2017-04-07 15:00:00+02:00,51.05,37.251998798394425,40.6
2017-04-07 16:00:00+02:00,51.05,38.12298391309495,37.99
2017-04-07 17:00:00+02:00,51.05,39.62483376037872,37.49
2017-04-07 18:00:00+02:00,50.05,41.48313344109321,37.47
2017-04-07 19:00:00+02:00,50.05,44.09176370140117,38.6
2017-04-07 20:00:00+02:00,50.1,46.92262471308153,42.21
2017-04-07 21:00:00+02:00,51.11,48.68328297733183,48.15
2017-04-07 22:00:00+02:00,50.9,47.304975873281094,51.88
2017-04-07 23:00:00+02:00,46.08,44.84473245928216,49.24
2017-04-08 00:00:00+02:00,50.42,43.89365731379975,50.0
2017-04-08 01:00:00+02:00,48.27,38.76347981696155,48.13
2017-04-08 02:00:00+02:00,45.68,33.150486908292976,45.03
2017-04-08 03:00:00+02:00,43.95,27.965873049200603,42.73
2017-04-08 04:00:00+02:00,43.16,23.9791192330321,42.5
2017-04-08 05:00:00+02:00,43.4,20.820928753543654,42.73
2017-04-08 06:00:00+02:00,46.89,19.88143186923312,48.56
2017-04-08 07:00:00+02:00,49.06,19.772789992681133,48.1
2017-04-08 08:00:00+02:00,50.07,20.594418758660556,50.05
2017-04-08 09:00:00+02:00,52.89,22.139844755624495,51.05
2017-04-08 10:00:00+02:00,52.9,23.537116389860763,51.05
2017-04-08 11:00:00+02:00,53.69,24.799404544286276,51.05
2017-04-08 12:00:00+02:00,54.28,26.84681785664213,52.1
2017-04-08 13:00:00+02:00,54.87,28.71866567757253,51.65
2017-04-08 14:00:00+02:00,54.69,29.97257028562052,50.9
2017-04-08 15:00:00+02:00,53.85,30.986558591421836,51.05
2017-04-08 16:00:00+02:00,53.8,31.675778015630804,51.05
2017-04-08 17:00:00+02:00,53.12,32.94231249209346,51.05
2017-04-08 18:00:00+02:00,52.2,34.515330629362474,50.05
2017-04-08 19:00:00+02:00,50.74,36.94188832463286,50.05
2017-04-08 20:00:00+02:00,51.0,39.5706033507956,50.1
2017-04-08 21:00:00+02:00,52.89,41.27065701064075,51.11
2017-04-08 22:00:00+02:00,51.1,39.830892218819415,50.9
2017-04-08 23:00:00+02:00,46.53,37.081766867799494,46.08
2017-04-09 00:00:00+02:00,49.19,44.82482244330072,50.42
2017-04-09 01:00:00+02:00,43.4,39.43384381761025,48.27
2017-04-09 02:00:00+02:00,39.1,33.75157851132252,45.68
2017-04-09 03:00:00+02:00,38.49,28.53805741687877,43.95
2017-04-09 04:00:00+02:00,38.35,24.480060500901885,43.16
2017-04-09 05:00:00+02:00,38.49,21.27792228075224,43.4
2017-04-09 06:00:00+02:00,42.66,20.350230877494575,46.89
2017-04-09 07:00:00+02:00,48.46,20.049165654703437,49.06
2017-04-09 08:00:00+02:00,49.59,20.671367457393572,50.07
2017-04-09 09:00:00+02:00,51.75,22.227732080775397,52.89
2017-04-09 10:00:00+02:00,52.52,23.406722396176335,52.9
2017-04-09 11:00:00+02:00,53.15,24.670848707772493,53.69
2017-04-09 12:00:00+02:00,53.69,26.611834207216674,54.28
2017-04-09 13:00:00+02:00,53.69,28.44619003472413,54.87
2017-04-09 14:00:00+02:00,53.19,29.646185513301916,54.69
2017-04-09 15:00:00+02:00,53.15,30.587772186104928,53.85
2017-04-09 16:00:00+02:00,52.69,31.30352865768031,53.8
2017-04-09 17:00:00+02:00,52.46,32.45099226358462,53.12
2017-04-09 18:00:00+02:00,51.59,33.93900822277905,52.2
2017-04-09 19:00:00+02:00,51.59,36.22929974714691,50.74
2017-04-09 20:00:00+02:00,53.69,38.90956070870423,51.0
2017-04-09 21:00:00+02:00,55.19,40.739735588148626,52.89
2017-04-09 22:00:00+02:00,53.59,39.22925472977753,51.1
2017-04-09 23:00:00+02:00,52.4,36.31694889370398,46.53
2017-04-10 00:00:00+02:00,56.15,51.01633236534599,49.19
2017-04-10 01:00:00+02:00,50.25,45.512797928954335,43.4
2017-04-10 02:00:00+02:00,49.92,40.10823965735883,39.1
2017-04-10 03:00:00+02:00,49.97,35.29246475223166,38.49
2017-04-10 04:00:00+02:00,50.0,31.381002137367744,38.35
2017-04-10 05:00:00+02:00,50.25,28.3146850036305,38.49
2017-04-10 06:00:00+02:00,57.93,27.674836439975806,42.66
2017-04-10 07:00:00+02:00,61.24,27.621028289376273,48.46
2017-04-10 08:00:00+02:00,60.93,28.05730880320785,49.59
2017-04-10 09:00:00+02:00,60.86,29.775874839360853,51.75
2017-04-10 10:00:00+02:00,59.35,31.072181777622696,52.52
2017-04-10 11:00:00+02:00,57.94,32.5034472877704,53.15
2017-04-10 12:00:00+02:00,58.03,34.58072562754503,53.69
2017-04-10 13:00:00+02:00,58.25,36.572195628728984,53.69
2017-04-10 14:00:00+02:00,57.93,37.96858160702526,53.19
2017-04-10 15:00:00+02:00,56.15,39.147048664802384,53.15
2017-04-10 16:00:00+02:00,55.96,40.04185811235021,52.69
2017-04-10 17:00:00+02:00,55.45,41.36366830364951,52.46
2017-04-10 18:00:00+02:00,58.5,42.975439084488215,51.59
2017-04-10 19:00:00+02:00,64.03,45.45559674646251,51.59
2017-04-10 20:00:00+02:00,66.06,48.43713072275959,53.69
2017-04-10 21:00:00+02:00,64.46,50.478560268799804,55.19
2017-04-10 22:00:00+02:00,62.75,49.17104862986703,53.59
2017-04-10 23:00:00+02:00,58.03,46.34914701631723,52.4
2017-04-11 00:00:00+02:00,60.43,57.19849068242068,56.15
2017-04-11 01:00:00+02:00,55.0,51.386835379957056,50.25
2017-04-11 02:00:00+02:00,50.99,46.34771303405821,49.92
2017-04-11 03:00:00+02:00,50.03,41.569343224893686,49.97
2017-04-11 04:00:00+02:00,49.75,37.62397110199767,50.0
2017-04-11 05:00:00+02:00,49.75,34.53997508183309,50.25
2017-04-11 06:00:00+02:00,50.0,34.250667455298505,57.93
2017-04-11 07:00:00+02:00,53.89,33.91897434135079,61.24
2017-04-11 08:00:00+02:00,57.97,34.094624057259104,60.93
2017-04-11 09:00:00+02:00,61.61,35.76234834976622,60.86
2017-04-11 10:00:00+02:00,62.69,37.028041060113864,59.35
2017-04-11 11:00:00+02:00,62.61,38.496114996742754,57.94
2017-04-11 12:00:00+02:00,61.84,40.67297464763128,58.03
2017-04-11 13:00:00+02:00,61.61,42.72535333223331,58.25
2017-04-11 14:00:00+02:00,60.53,44.16850395187643,57.93
2017-04-11 15:00:00+02:00,49.59,45.30814361558804,56.15
2017-04-11 16:00:00+02:00,45.11,46.36222065839725,55.96
2017-04-11 17:00:00+02:00,47.65,47.684324231380934,55.45
2017-04-11 18:00:00+02:00,60.51,49.546182113445454,58.5
2017-04-11 19:00:00+02:00,56.26,52.18094028243719,64.03
2017-04-11 20:00:00+02:00,52.54,54.94182372287077,66.06
2017-04-11 21:00:00+02:00,47.3,56.8274267854201,64.46
2017-04-11 22:00:00+02:00,44.54,55.759838577914714,62.75
2017-04-11 23:00:00+02:00,41.69,53.13737690565589,58.03
2017-04-12 00:00:00+02:00,68.71,40.45929628746022,60.43
2017-04-12 01:00:00+02:00,58.25,33.913212950209115,55.0
2017-04-12 02:00:00+02:00,55.91,28.343008902009878,50.99
2017-04-12 03:00:00+02:00,55.15,23.187076248811092,50.03
2017-04-12 04:00:00+02:00,55.15,18.679087131037072,49.75
2017-04-12 05:00:00+02:00,56.71,14.990785250624684,49.75
2017-04-12 06:00:00+02:00,68.63,13.968042695608712,50.0
2017-04-12 07:00:00+02:00,77.2,13.302790218819414,53.89
2017-04-12 08:00:00+02:00,77.2,12.908458334322864,57.97
2017-04-12 09:00:00+02:00,78.2,13.883863975742358,61.61
2017-04-12 10:00:00+02:00,78.2,14.437542461856339,62.69
2017-04-12 11:00:00+02:00,77.53,15.248593247136562,62.61
2017-04-12 12:00:00+02:00,77.24,16.77334113696495,61.84
2017-04-12 13:00:00+02:00,77.26,18.31083667642359,61.61
2017-04-12 14:00:00+02:00,76.4,19.189358172602315,60.53
2017-04-12 15:00:00+02:00,77.24,19.156218130935155,49.59
2017-04-12 16:00:00+02:00,77.11,20.055889428014364,45.11
2017-04-12 17:00:00+02:00,78.9,21.301295449516253,47.65
2017-04-12 18:00:00+02:00,81.01,23.27361642540219,60.51
2017-04-12 19:00:00+02:00,81.89,24.216553112357715,56.26
2017-04-12 20:00:00+02:00,81.81,26.371783059587784,52.54
2017-04-12 21:00:00+02:00,76.54,27.6674044046619,47.3
2017-04-12 22:00:00+02:00,74.69,26.40645417668501,44.54
2017-04-12 23:00:00+02:00,69.99,23.19669466495276,41.69
2017-04-13 00:00:00+02:00,52.19,71.38472078388553,68.71
2017-04-13 01:00:00+02:00,50.84,63.442760788851814,58.25
2017-04-13 02:00:00+02:00,49.0,58.800483334092284,55.91
2017-04-13 03:00:00+02:00,46.0,54.350400763699696,55.15
2017-04-13 04:00:00+02:00,45.3,50.46005672459782,55.15
2017-04-13 05:00:00+02:00,45.65,47.423275512368406,56.71
2017-04-13 06:00:00+02:00,49.0,47.504636763927614,68.63
2017-04-13 07:00:00+02:00,52.19,47.22218249492821,77.2
2017-04-13 08:00:00+02:00,53.69,46.830098697317936,77.2
2017-04-13 09:00:00+02:00,54.15,48.34795496442707,78.2
2017-04-13 10:00:00+02:00,53.23,49.47361224535666,78.2
2017-04-13 11:00:00+02:00,51.54,50.837448026297196,77.53
2017-04-13 12:00:00+02:00,51.23,52.95388962322405,77.24
2017-04-13 13:00:00+02:00,50.69,55.12757468839758,77.26
2017-04-13 14:00:00+02:00,45.3,56.61121412895791,76.4
2017-04-13 15:00:00+02:00,40.29,57.364852892996865,77.24
2017-04-13 16:00:00+02:00,39.74,58.76650711648959,77.11
2017-04-13 17:00:00+02:00,39.31,60.72142919448948,78.9
2017-04-13 18:00:00+02:00,39.69,63.28727943300768,81.01
2017-04-13 19:00:00+02:00,40.0,64.82889638795325,81.89
2017-04-13 20:00:00+02:00,50.69,67.45562023908464,81.81
2017-04-13 21:00:00+02:00,53.96,69.07745526883461,76.54
2017-04-13 22:00:00+02:00,53.0,68.80962236574324,74.69
2017-04-13 23:00:00+02:00,49.54,66.35850599868962,69.99
2017-04-14 00:00:00+02:00,52.44,49.321696389935624,52.19
2017-04-14 01:00:00+02:00,51.69,42.61835470400861,50.84
2017-04-14 02:00:00+02:00,50.7,37.46090431961305,49.0
2017-04-14 03:00:00+02:00,50.69,32.5253272888273,46.0
2017-04-14 04:00:00+02:00,49.0,28.35576847214636,45.3
2017-04-14 05:00:00+02:00,49.0,24.952011374445465,45.65
2017-04-14 06:00:00+02:00,48.85,24.638924853615357,49.0
2017-04-14 07:00:00+02:00,43.4,23.981294908179386,52.19
2017-04-14 08:00:00+02:00,40.49,23.09955248524626,53.69
2017-04-14 09:00:00+02:00,46.16,24.03367011119147,54.15
2017-04-14 10:00:00+02:00,46.2,24.702251395835507,53.23
2017-04-14 11:00:00+02:00,46.18,25.619718201890937,51.54
2017-04-14 12:00:00+02:00,45.83,27.398847354976965,51.23
2017-04-14 13:00:00+02:00,45.69,29.182768878001863,50.69
2017-04-14 14:00:00+02:00,40.69,30.0216519254867,45.3
2017-04-14 15:00:00+02:00,38.74,30.46161470487129,40.29
2017-04-14 16:00:00+02:00,36.1,31.74791570158531,39.74
2017-04-14 17:00:00+02:00,35.72,33.31861909587131,39.31
2017-04-14 18:00:00+02:00,36.9,35.521065286933016,39.69
2017-04-14 19:00:00+02:00,38.74,36.74933803929017,40.0
2017-04-14 20:00:00+02:00,45.9,39.60569123864442,50.69
2017-04-14 21:00:00+02:00,51.53,40.45943059188467,53.96
2017-04-14 22:00:00+02:00,50.27,39.624685070223165,53.0
2017-04-14 23:00:00+02:00,46.18,36.64946872376128,49.54
2017-04-15 00:00:00+02:00,50.84,46.34825655210283,52.44
2017-04-15 01:00:00+02:00,43.4,39.93423842863235,51.69
2017-04-15 02:00:00+02:00,39.24,34.75940238712488,50.7
2017-04-15 03:00:00+02:00,37.74,29.951919794210063,50.69
2017-04-15 04:00:00+02:00,35.99,25.712525546059297,49.0
2017-04-15 05:00:00+02:00,36.0,22.447927419909647,49.0
2017-04-15 06:00:00+02:00,38.74,22.018179823271772,48.85
2017-04-15 07:00:00+02:00,40.46,21.119975412440162,43.4
2017-04-15 08:00:00+02:00,40.49,20.499923472115036,40.49
2017-04-15 09:00:00+02:00,46.2,21.988124405708042,46.16
2017-04-15 10:00:00+02:00,46.2,22.43132469364314,46.2
2017-04-15 11:00:00+02:00,45.3,23.402672573125187,46.18
2017-04-15 12:00:00+02:00,44.01,25.200882362007697,45.83
2017-04-15 13:00:00+02:00,45.3,27.094350606794904,45.69
2017-04-15 14:00:00+02:00,44.01,27.781823919339942,40.69
2017-04-15 15:00:00+02:00,40.49,28.536361164947873,38.74
2017-04-15 16:00:00+02:00,36.58,29.842082464259008,36.1
2017-04-15 17:00:00+02:00,35.72,31.64021246007868,35.72
2017-04-15 18:00:00+02:00,36.0,34.013718759846256,36.9
2017-04-15 19:00:00+02:00,39.24,35.452234594614026,38.74
2017-04-15 20:00:00+02:00,44.91,38.65173952575552,45.9
2017-04-15 21:00:00+02:00,50.9,39.641960390835564,51.53
2017-04-15 22:00:00+02:00,46.7,38.558541399611535,50.27
2017-04-15 23:00:00+02:00,46.07,35.65865062578679,46.18
2017-04-16 00:00:00+02:00,46.95,46.49167772929128,50.84
2017-04-16 01:00:00+02:00,38.59,39.864037158724926,43.4
2017-04-16 02:00:00+02:00,35.51,34.928825644851734,39.24
2017-04-16 03:00:00+02:00,33.99,30.408210625300736,37.74
2017-04-16 04:00:00+02:00,33.1,26.252468375965602,35.99
2017-04-16 05:00:00+02:00,32.62,23.161704040132612,36.0
2017-04-16 06:00:00+02:00,32.62,22.853519857153692,38.74
2017-04-16 07:00:00+02:00,32.12,22.044249973334807,40.46
2017-04-16 08:00:00+02:00,33.32,21.42007761207653,40.49
2017-04-16 09:00:00+02:00,37.84,23.26093563170926,46.2
2017-04-16 10:00:00+02:00,40.0,23.542264282343485,46.2
2017-04-16 11:00:00+02:00,40.0,24.532134730516795,45.3
2017-04-16 12:00:00+02:00,40.0,26.379815989720747,44.01
2017-04-16 13:00:00+02:00,40.49,28.567924711398252,45.3
2017-04-16 14:00:00+02:00,40.49,29.313018373641132,44.01
2017-04-16 15:00:00+02:00,39.6,30.04966690768953,40.49
2017-04-16 16:00:00+02:00,38.9,31.424506776854987,36.58
2017-04-16 17:00:00+02:00,39.24,33.527383988013696,35.72
2017-04-16 18:00:00+02:00,38.9,36.08866049775826,36.0
2017-04-16 19:00:00+02:00,40.49,37.92044704601098,39.24
2017-04-16 20:00:00+02:00,50.69,41.31114363262978,44.91
2017-04-16 21:00:00+02:00,53.12,42.596098883107324,50.9
2017-04-16 22:00:00+02:00,52.2,41.11921224307201,46.7
2017-04-16 23:00:00+02:00,51.04,38.45791737752889,46.07
2017-04-17 00:00:00+02:00,48.69,51.683666432652686,46.95
2017-04-17 01:00:00+02:00,40.69,45.17444292601435,38.59
2017-04-17 02:00:00+02:00,40.49,40.72418504953055,35.51
2017-04-17 03:00:00+02:00,40.69,36.550643426544774,33.99
2017-04-17 04:00:00+02:00,43.9,32.67162897681522,33.1
2017-04-17 05:00:00+02:00,48.69,29.792001166168866,32.62
2017-04-17 06:00:00+02:00,50.69,29.58458449367042,32.62
2017-04-17 07:00:00+02:00,53.18,29.022244200495138,32.12
2017-04-17 08:00:00+02:00,53.12,28.75470228690846,33.32
2017-04-17 09:00:00+02:00,53.96,30.914588027731725,37.84
2017-04-17 10:00:00+02:00,52.15,31.402772073192295,40.0
2017-04-17 11:00:00+02:00,51.43,32.45844993391843,40.0
2017-04-17 12:00:00+02:00,51.04,34.497873143348215,40.0
2017-04-17 13:00:00+02:00,51.43,36.95477284857117,40.49
2017-04-17 14:00:00+02:00,51.04,38.02633195305625,40.49
2017-04-17 15:00:00+02:00,49.91,38.97262696014085,39.6
2017-04-17 16:00:00+02:00,48.69,40.5779631978919,38.9
2017-04-17 17:00:00+02:00,47.89,42.96315849735752,39.24
2017-04-17 18:00:00+02:00,43.64,45.715822165362795,38.9
2017-04-17 19:00:00+02:00,40.9,47.98073445589327,40.49
2017-04-17 20:00:00+02:00,49.12,52.10236499441077,50.69
2017-04-17 21:00:00+02:00,51.04,53.30067870702598,53.12
2017-04-17 22:00:00+02:00,48.0,52.01562211966615,52.2
2017-04-17 23:00:00+02:00,41.28,49.71757786989289,51.04
2017-04-18 00:00:00+02:00,40.69,41.63224372331693,48.69
2017-04-18 01:00:00+02:00,39.31,34.77614730243128,40.69
2017-04-18 02:00:00+02:00,36.54,30.272694711123997,40.49
2017-04-18 03:00:00+02:00,36.19,25.691506070935507,40.69
2017-04-18 04:00:00+02:00,35.89,21.545343082401693,43.9
2017-04-18 05:00:00+02:00,35.94,18.26531875540897,48.69
2017-04-18 06:00:00+02:00,40.49,17.254128201280366,50.69
2017-04-18 07:00:00+02:00,49.54,16.27843437900119,53.18
2017-04-18 08:00:00+02:00,50.2,15.386932265951398,53.12
2017-04-18 09:00:00+02:00,51.04,16.99835868743713,53.96
2017-04-18 10:00:00+02:00,50.37,16.98300050989654,52.15
2017-04-18 11:00:00+02:00,49.12,17.638078171989473,51.43
2017-04-18 12:00:00+02:00,48.69,19.207243873166565,51.04
2017-04-18 13:00:00+02:00,47.89,21.255654643176904,51.43
2017-04-18 14:00:00+02:00,46.18,21.9382943490602,51.04
2017-04-18 15:00:00+02:00,40.69,22.416486417525775,49.91
2017-04-18 16:00:00+02:00,40.49,23.540028929227997,48.69
2017-04-18 17:00:00+02:00,40.49,25.469104911136583,47.89
2017-04-18 18:00:00+02:00,40.0,27.543842900400733,43.64
2017-04-18 19:00:00+02:00,40.49,29.499091153790005,40.9
2017-04-18 20:00:00+02:00,46.18,33.79608227382676,49.12
2017-04-18 21:00:00+02:00,49.54,34.3772165258803,51.04
2017-04-18 22:00:00+02:00,40.49,32.479123101955594,48.0
2017-04-18 23:00:00+02:00,37.95,29.912615814910218,41.28
2017-04-19 00:00:00+02:00,36.89,38.02535444775998,40.69
2017-04-19 01:00:00+02:00,33.44,31.424225088620755,39.31
2017-04-19 02:00:00+02:00,31.2,26.601281892511338,36.54
2017-04-19 03:00:00+02:00,30.25,22.153301149332087,36.19
2017-04-19 04:00:00+02:00,30.83,18.054422437770768,35.89
2017-04-19 05:00:00+02:00,31.81,14.88632489098299,35.94
2017-04-19 06:00:00+02:00,38.9,14.234874913033229,40.49
2017-04-19 07:00:00+02:00,46.88,13.768772576763258,49.54
2017-04-19 08:00:00+02:00,49.54,12.446595269886751,50.2
2017-04-19 09:00:00+02:00,48.02,13.94618383789985,51.04
2017-04-19 10:00:00+02:00,43.64,13.93157711064833,50.37
2017-04-19 11:00:00+02:00,40.0,14.456774968042955,49.12
2017-04-19 12:00:00+02:00,40.04,15.932351143763611,48.69
2017-04-19 13:00:00+02:00,40.49,17.83456253525767,47.89
2017-04-19 14:00:00+02:00,37.09,18.43964553364478,46.18
2017-04-19 15:00:00+02:00,36.73,18.60047873647944,40.69
2017-04-19 16:00:00+02:00,36.44,20.000752257362436,40.49
2017-04-19 17:00:00+02:00,36.89,21.933083224955894,40.49
2017-04-19 18:00:00+02:00,38.92,23.96352394625094,40.0
2017-04-19 19:00:00+02:00,41.19,25.919064272577128,40.49
2017-04-19 20:00:00+02:00,45.69,30.279707217771865,46.18
2017-04-19 21:00:00+02:00,48.67,30.707073437449406,49.54
2017-04-19 22:00:00+02:00,41.1,27.854101677718088,40.49
2017-04-19 23:00:00+02:00,37.09,25.197273487007195,37.95
2017-04-20 00:00:00+02:00,36.89,37.41883949475183,36.89
2017-04-20 01:00:00+02:00,35.11,31.250893835386556,33.44
2017-04-20 02:00:00+02:00,32.44,26.504814319865083,31.2
2017-04-20 03:00:00+02:00,31.89,22.121128365939303,30.25
2017-04-20 04:00:00+02:00,32.88,18.028954849408095,30.83
2017-04-20 05:00:00+02:00,35.05,14.671134409593432,31.81
2017-04-20 06:00:00+02:00,42.03,14.019532830176267,38.9
2017-04-20 07:00:00+02:00,48.41,13.377776252287404,46.88
2017-04-20 08:00:00+02:00,52.0,11.626109822179343,49.54
2017-04-20 09:00:00+02:00,48.69,12.553087794255415,48.02
2017-04-20 10:00:00+02:00,45.6,12.41070100897784,43.64
2017-04-20 11:00:00+02:00,42.57,12.997957143340297,40.0
2017-04-20 12:00:00+02:00,40.49,14.746428318141096,40.04
2017-04-20 13:00:00+02:00,38.6,16.761602084882245,40.49
2017-04-20 14:00:00+02:00,35.98,17.31567276050436,37.09
2017-04-20 15:00:00+02:00,35.44,17.794268498049885,36.73
2017-04-20 16:00:00+02:00,35.19,19.16302804453213,36.44
2017-04-20 17:00:00+02:00,36.89,21.09438442095643,36.89
2017-04-20 18:00:00+02:00,39.94,23.229727001363692,38.92
2017-04-20 19:00:00+02:00,45.01,25.281983752737894,41.19
2017-04-20 20:00:00+02:00,46.61,29.758628877134875,45.69
2017-04-20 21:00:00+02:00,47.19,30.587950659483973,48.67
2017-04-20 22:00:00+02:00,45.0,27.576931674837375,41.1
2017-04-20 23:00:00+02:00,41.17,25.509699580816985,37.09
2017-04-21 00:00:00+02:00,40.15,41.743158095108285,36.89
2017-04-21 01:00:00+02:00,37.09,36.05689584126117,35.11
2017-04-21 02:00:00+02:00,35.25,31.33997025720111,32.44
2017-04-21 03:00:00+02:00,35.37,27.21954578062561,31.89
2017-04-21 04:00:00+02:00,35.89,23.372180905725337,32.88
2017-04-21 05:00:00+02:00,37.09,20.203115764089063,35.05
2017-04-21 06:00:00+02:00,43.27,19.84285506732717,42.03
2017-04-21 07:00:00+02:00,51.04,19.32007196505635,48.41
2017-04-21 08:00:00+02:00,55.0,17.606299665395703,52.0
2017-04-21 09:00:00+02:00,52.76,18.056426330149627,48.69
2017-04-21 10:00:00+02:00,50.25,18.123806752555296,45.6
2017-04-21 11:00:00+02:00,47.89,18.84423658584985,42.57
2017-04-21 12:00:00+02:00,45.22,20.75081201859102,40.49
2017-04-21 13:00:00+02:00,42.81,22.934897149030366,38.6
2017-04-21 14:00:00+02:00,39.08,23.710970357323866,35.98
2017-04-21 15:00:00+02:00,38.58,24.50619533795714,35.44
2017-04-21 16:00:00+02:00,38.4,26.01508744136446,35.19
2017-04-21 17:00:00+02:00,39.19,28.202960658414753,36.89
2017-04-21 18:00:00+02:00,44.06,30.58504241561908,39.94
2017-04-21 19:00:00+02:00,48.79,32.942795491702626,45.01
2017-04-21 20:00:00+02:00,50.84,37.2058922484006,46.61
2017-04-21 21:00:00+02:00,52.15,38.34735760742542,47.19
2017-04-21 22:00:00+02:00,51.23,35.58255557938659,45.0
2017-04-21 23:00:00+02:00,48.79,33.50889991153129,41.17
2017-04-22 00:00:00+02:00,49.79,49.46322140514079,40.15
2017-04-22 01:00:00+02:00,45.74,44.24421557259528,37.09
2017-04-22 02:00:00+02:00,39.6,39.75667834273379,35.25
2017-04-22 03:00:00+02:00,38.6,35.918859226193966,35.37
2017-04-22 04:00:00+02:00,38.4,32.27520130243196,35.89
2017-04-22 05:00:00+02:00,38.05,29.295560388542278,37.09
2017-04-22 06:00:00+02:00,39.91,29.26470909033942,43.27
2017-04-22 07:00:00+02:00,39.31,29.050604735549197,51.04
2017-04-22 08:00:00+02:00,39.98,27.35673543418783,55.0
2017-04-22 09:00:00+02:00,49.0,27.437703693455425,52.76
2017-04-22 10:00:00+02:00,51.04,27.67452999179038,50.25
2017-04-22 11:00:00+02:00,50.84,28.566124751502443,47.89
2017-04-22 12:00:00+02:00,50.12,30.580393852347257,45.22
2017-04-22 13:00:00+02:00,50.84,32.966184210443416,42.81
2017-04-22 14:00:00+02:00,49.54,33.95781098079813,39.08
2017-04-22 15:00:00+02:00,47.69,35.17174774822717,38.58
2017-04-22 16:00:00+02:00,40.9,36.87382382567793,38.4
2017-04-22 17:00:00+02:00,40.98,39.28239186280546,39.19
2017-04-22 18:00:00+02:00,46.38,42.11982613879781,44.06
2017-04-22 19:00:00+02:00,49.79,44.68286845764969,48.79
2017-04-22 20:00:00+02:00,51.54,48.842017257404045,50.84
2017-04-22 21:00:00+02:00,54.86,50.317816767980034,52.15
2017-04-22 22:00:00+02:00,54.46,47.87044210460915,51.23
2017-04-22 23:00:00+02:00,52.15,45.76863256752555,48.79
2017-04-23 00:00:00+02:00,51.04,52.853061782604726,49.79
2017-04-23 01:00:00+02:00,49.79,47.72543619775334,45.74
2017-04-23 02:00:00+02:00,49.0,43.07098812441479,39.6
2017-04-23 03:00:00+02:00,48.79,39.600102381219145,38.6
2017-04-23 04:00:00+02:00,48.79,36.13558564304087,38.4
2017-04-23 05:00:00+02:00,48.79,33.26914383607453,38.05
2017-04-23 06:00:00+02:00,49.0,33.41535119325702,39.91
2017-04-23 07:00:00+02:00,48.79,33.25354497778032,39.31
2017-04-23 08:00:00+02:00,48.79,31.802656115996378,39.98
2017-04-23 09:00:00+02:00,49.79,32.293730192176646,49.0
2017-04-23 10:00:00+02:00,49.0,31.985309564322705,51.04
2017-04-23 11:00:00+02:00,49.54,32.51281028583887,50.84
2017-04-23 12:00:00+02:00,48.79,34.25602746993067,50.12
2017-04-23 13:00:00+02:00,49.0,36.58476164899654,50.84
2017-04-23 14:00:00+02:00,48.38,37.442862167018895,49.54
2017-04-23 15:00:00+02:00,41.07,38.59117028776986,47.69
2017-04-23 16:00:00+02:00,39.29,40.023540348041294,40.9
2017-04-23 17:00:00+02:00,39.29,43.0419070106987,40.98
2017-04-23 18:00:00+02:00,39.83,46.50096109632473,46.38
2017-04-23 19:00:00+02:00,47.75,49.186514965285916,49.79
2017-04-23 20:00:00+02:00,51.54,53.25079405452597,51.54
2017-04-23 21:00:00+02:00,55.69,55.03890534527716,54.86
2017-04-23 22:00:00+02:00,54.46,52.550619379762644,54.46
2017-04-23 23:00:00+02:00,51.53,50.210258344349356,52.15
2017-04-24 00:00:00+02:00,51.53,52.37525793554407,51.04
2017-04-24 01:00:00+02:00,49.0,47.839819419548135,49.79
2017-04-24 02:00:00+02:00,47.5,43.42276472448947,49.0
2017-04-24 03:00:00+02:00,44.99,40.08420660528281,48.79
2017-04-24 04:00:00+02:00,44.99,36.75414501495409,48.79
2017-04-24 05:00:00+02:00,49.54,33.90818925388271,48.79
2017-04-24 06:00:00+02:00,52.15,33.84535670872039,49.0
2017-04-24 07:00:00+02:00,55.1,33.58045668899469,48.79
2017-04-24 08:00:00+02:00,57.8,32.099887898435654,48.79
2017-04-24 09:00:00+02:00,58.22,32.35386022758412,49.79
2017-04-24 10:00:00+02:00,58.22,31.747344241078686,49.0
2017-04-24 11:00:00+02:00,57.55,32.03747882844363,49.54
2017-04-24 12:00:00+02:00,57.06,33.32112074767036,48.79
2017-04-24 13:00:00+02:00,56.07,35.35596960232386,49.0
2017-04-24 14:00:00+02:00,54.86,35.95518978807838,48.38
2017-04-24 15:00:00+02:00,54.21,36.34536580547341,41.07
2017-04-24 16:00:00+02:00,53.0,37.83527512197601,39.29
2017-04-24 17:00:00+02:00,53.96,40.65277225122911,39.29
2017-04-24 18:00:00+02:00,52.96,43.935124531892065,39.83
2017-04-24 19:00:00+02:00,54.69,47.0608394472017,47.75
2017-04-24 20:00:00+02:00,56.55,50.76397526700774,51.54
2017-04-24 21:00:00+02:00,58.8,52.75961474117453,55.69
2017-04-24 22:00:00+02:00,55.8,50.34566765592094,54.46
2017-04-24 23:00:00+02:00,54.86,48.1130995529908,51.53
2017-04-25 00:00:00+02:00,54.54,55.24969769888693,51.53
2017-04-25 01:00:00+02:00,51.51,50.57229873131231,49.0
2017-04-25 02:00:00+02:00,49.54,45.92252932852274,47.5
2017-04-25 03:00:00+02:00,47.36,42.12326585029958,44.99
2017-04-25 04:00:00+02:00,45.47,38.62398735121403,44.99
2017-04-25 05:00:00+02:00,49.0,35.74699296481751,49.54
2017-04-25 06:00:00+02:00,51.23,35.10312341514391,52.15
2017-04-25 07:00:00+02:00,55.58,34.64548334915763,55.1
2017-04-25 08:00:00+02:00,57.78,33.18746018337545,57.8
2017-04-25 09:00:00+02:00,59.58,33.30066437622196,58.22
2017-04-25 10:00:00+02:00,57.25,32.9514750044248,58.22
2017-04-25 11:00:00+02:00,56.11,33.47274371635413,57.55
2017-04-25 12:00:00+02:00,55.58,35.08210415572743,57.06
2017-04-25 13:00:00+02:00,54.54,37.41196075670953,56.07
2017-04-25 14:00:00+02:00,51.04,38.44183678216618,54.86
2017-04-25 15:00:00+02:00,45.03,39.17197989589946,54.21
2017-04-25 16:00:00+02:00,41.72,40.702963598451,53.0
2017-04-25 17:00:00+02:00,41.22,43.55795252145914,53.96
2017-04-25 18:00:00+02:00,40.72,46.56273600532954,52.96
2017-04-25 19:00:00+02:00,43.6,49.69235310981765,54.69
2017-04-25 20:00:00+02:00,49.0,53.21882376603584,56.55
2017-04-25 21:00:00+02:00,53.25,55.17331220042536,58.8
2017-04-25 22:00:00+02:00,51.0,52.569069736786844,55.8
2017-04-25 23:00:00+02:00,41.97,50.12942818177822,54.86
2017-04-26 00:00:00+02:00,43.69,42.3673812917644,54.54
2017-04-26 01:00:00+02:00,39.6,37.44596896270452,51.51
2017-04-26 02:00:00+02:00,38.46,32.45828930239192,49.54
2017-04-26 03:00:00+02:00,38.01,28.215753108790086,47.36
2017-04-26 04:00:00+02:00,38.01,24.385598669521315,45.47
2017-04-26 05:00:00+02:00,38.46,21.552465369122846,49.0
2017-04-26 06:00:00+02:00,42.8,20.441858964354253,51.23
2017-04-26 07:00:00+02:00,52.0,19.850672702216098,55.58
2017-04-26 08:00:00+02:00,55.0,17.978759644758608,57.78
2017-04-26 09:00:00+02:00,55.0,17.499254305984103,59.58
2017-04-26 10:00:00+02:00,54.43,16.374001473722746,57.25
2017-04-26 11:00:00+02:00,52.5,16.338956629966006,56.11
2017-04-26 12:00:00+02:00,52.5,17.33432213554766,55.58
2017-04-26 13:00:00+02:00,51.88,19.014897888233037,54.54
2017-04-26 14:00:00+02:00,49.54,19.422455037242482,51.04
2017-04-26 15:00:00+02:00,49.01,19.510859852745664,45.03
2017-04-26 16:00:00+02:00,49.0,20.773794303971513,41.72
2017-04-26 17:00:00+02:00,47.54,23.467572085750376,41.22
2017-04-26 18:00:00+02:00,44.86,26.247028218659405,40.72
2017-04-26 19:00:00+02:00,45.96,29.36487437759167,43.6
2017-04-26 20:00:00+02:00,49.54,32.71436175539151,49.0
2017-04-26 21:00:00+02:00,53.0,34.31129047317472,53.25
2017-04-26 22:00:00+02:00,50.63,31.0721034307198,51.0
2017-04-26 23:00:00+02:00,43.19,28.159044253348334,41.97
2017-04-27 00:00:00+02:00,38.46,44.30642780813366,43.69
2017-04-27 01:00:00+02:00,37.01,39.71163181677093,39.6
2017-04-27 02:00:00+02:00,36.5,35.28227428436947,38.46
2017-04-27 03:00:00+02:00,36.5,31.382817134730715,38.01
2017-04-27 04:00:00+02:00,36.5,27.844775054294693,38.01
2017-04-27 05:00:00+02:00,37.06,25.20688247034456,38.46
2017-04-27 06:00:00+02:00,41.31,24.411956348534783,42.8
2017-04-27 07:00:00+02:00,51.53,24.225996532422414,52.0
2017-04-27 08:00:00+02:00,55.34,22.103529654102633,55.0
2017-04-27 09:00:00+02:00,55.0,21.336133249954678,55.0
2017-04-27 10:00:00+02:00,52.22,20.19230990114259,54.43
2017-04-27 11:00:00+02:00,49.75,19.95791000950131,52.5
2017-04-27 12:00:00+02:00,47.3,20.94407125622701,52.5
2017-04-27 13:00:00+02:00,45.99,22.46308081777927,51.88
2017-04-27 14:00:00+02:00,42.55,22.752014361295394,49.54
2017-04-27 15:00:00+02:00,41.51,22.903038846578657,49.01
2017-04-27 16:00:00+02:00,41.51,24.05743595268713,49.0
2017-04-27 17:00:00+02:00,41.51,26.496018632693758,47.54
2017-04-27 18:00:00+02:00,45.04,29.15906390919816,44.86
2017-04-27 19:00:00+02:00,48.83,32.54564855779542,45.96
2017-04-27 20:00:00+02:00,49.54,36.18809686806431,49.54
2017-04-27 21:00:00+02:00,52.5,38.10348446821762,53.0
2017-04-27 22:00:00+02:00,50.09,35.08328496604565,50.63
2017-04-27 23:00:00+02:00,44.5,32.04420601651662,43.19
2017-04-28 00:00:00+02:00,39.81,46.07537368563655,38.46
2017-04-28 01:00:00+02:00,36.9,42.97500313395233,37.01
2017-04-28 02:00:00+02:00,35.3,39.50339562748,36.5
2017-04-28 03:00:00+02:00,34.79,36.45015655709316,36.5
2017-04-28 04:00:00+02:00,34.51,33.737067084581824,36.5
2017-04-28 05:00:00+02:00,35.3,31.932087181335724,37.06
2017-04-28 06:00:00+02:00,41.31,32.06579255264823,41.31
2017-04-28 07:00:00+02:00,50.95,33.01417686288051,51.53
2017-04-28 08:00:00+02:00,53.89,30.980377728275975,55.34
2017-04-28 09:00:00+02:00,53.07,29.797873459742497,55.0
2017-04-28 10:00:00+02:00,52.7,28.215491009762655,52.22
2017-04-28 11:00:00+02:00,52.52,27.443433808536483,49.75
2017-04-28 12:00:00+02:00,53.77,27.680427333161823,47.3
2017-04-28 13:00:00+02:00,54.0,28.460629793246717,45.99
2017-04-28 14:00:00+02:00,53.34,27.846268608097432,42.55
2017-04-28 15:00:00+02:00,53.6,27.3633606958794,41.51
2017-04-28 16:00:00+02:00,53.34,27.913154583969874,41.51
2017-04-28 17:00:00+02:00,53.34,29.955838563607834,41.51
2017-04-28 18:00:00+02:00,52.87,32.83694253554211,45.04
2017-04-28 19:00:00+02:00,51.04,36.45738403279769,48.83
2017-04-28 20:00:00+02:00,51.54,40.146750972459074,49.54
2017-04-28 21:00:00+02:00,53.94,42.712986010239845,52.5
2017-04-28 22:00:00+02:00,51.53,39.99409030350665,50.09
2017-04-28 23:00:00+02:00,49.0,36.9981223111201,44.5
2017-04-29 00:00:00+02:00,47.84,49.57932583871388,39.81
2017-04-29 01:00:00+02:00,47.69,46.23641716619883,36.9
2017-04-29 02:00:00+02:00,46.84,42.19239652067084,35.3
2017-04-29 03:00:00+02:00,47.69,38.442805090213035,34.79
2017-04-29 04:00:00+02:00,46.84,34.95855995714416,34.51
2017-04-29 05:00:00+02:00,46.84,32.41096987945965,35.3
2017-04-29 06:00:00+02:00,46.69,32.08403548175732,41.31
2017-04-29 07:00:00+02:00,47.84,32.623863131002246,50.95
2017-04-29 08:00:00+02:00,49.54,29.982009036005323,53.89
2017-04-29 09:00:00+02:00,51.18,28.39164259035347,53.07
2017-04-29 10:00:00+02:00,51.75,27.023006985875035,52.7
2017-04-29 11:00:00+02:00,51.35,26.615985515306434,52.52
2017-04-29 12:00:00+02:00,51.04,27.491307080889463,53.77
2017-04-29 13:00:00+02:00,50.0,28.942285401517413,54.0
2017-04-29 14:00:00+02:00,46.84,29.266717969461546,53.34
2017-04-29 15:00:00+02:00,40.65,29.806008802037677,53.6
2017-04-29 16:00:00+02:00,38.67,31.169768443363722,53.34
2017-04-29 17:00:00+02:00,38.14,33.88799589143686,53.34
2017-04-29 18:00:00+02:00,38.64,37.2419543615918,52.87
2017-04-29 19:00:00+02:00,38.67,41.072182258905926,51.04
2017-04-29 20:00:00+02:00,41.28,45.14716146569803,51.54
2017-04-29 21:00:00+02:00,48.0,47.98737207754197,53.94
2017-04-29 22:00:00+02:00,45.6,45.275516584187564,51.53
2017-04-29 23:00:00+02:00,40.65,41.87560328003225,49.0
2017-04-30 00:00:00+02:00,35.37,41.789933151196095,47.84
2017-04-30 01:00:00+02:00,32.32,39.62440052202197,47.69
2017-04-30 02:00:00+02:00,24.06,36.46425498638122,46.84
2017-04-30 03:00:00+02:00,18.0,33.65668557955804,47.69
2017-04-30 04:00:00+02:00,15.7,30.837359667502795,46.84
2017-04-30 05:00:00+02:00,15.04,29.02758999298083,46.84
2017-04-30 06:00:00+02:00,13.9,29.195413830006107,46.69
2017-04-30 07:00:00+02:00,12.89,30.33811019652257,47.84
2017-04-30 08:00:00+02:00,14.98,28.214716365294734,49.54
2017-04-30 09:00:00+02:00,15.61,26.422963847069493,51.18
2017-04-30 10:00:00+02:00,12.12,24.53885360047205,51.75
2017-04-30 11:00:00+02:00,10.0,23.308615436433918,51.35
2017-04-30 12:00:00+02:00,10.29,23.186950370487594,51.04
2017-04-30 13:00:00+02:00,7.09,23.45039197017563,50.0
2017-04-30 14:00:00+02:00,5.0,22.474920216574883,46.84
2017-04-30 15:00:00+02:00,2.3,21.502240282744374,40.65
2017-04-30 16:00:00+02:00,2.3,21.89904139468362,38.67
2017-04-30 17:00:00+02:00,5.01,23.651797294415072,38.14
2017-04-30 18:00:00+02:00,8.7,26.32785120695881,38.64
2017-04-30 19:00:00+02:00,15.67,29.677313720927987,38.67
2017-04-30 20:00:00+02:00,21.0,33.70578188537948,41.28
2017-04-30 21:00:00+02:00,36.22,36.977608956612784,48.0
2017-04-30 22:00:00+02:00,36.31,34.13790517000663,45.6
2017-04-30 23:00:00+02:00,35.81,31.004737841903523,40.65
2017-05-01 00:00:00+02:00,51.22,35.79966064369388,35.37
2017-05-01 01:00:00+02:00,48.41,33.03167164088032,32.32
2017-05-01 02:00:00+02:00,50.0,28.725854673691046,24.06
2017-05-01 03:00:00+02:00,47.46,25.188399682892353,18.0
2017-05-01 04:00:00+02:00,42.34,21.85249510594737,15.7
2017-05-01 05:00:00+02:00,45.18,19.344296542666314,15.04
2017-05-01 06:00:00+02:00,54.09,18.69004747127754,13.9
2017-05-01 07:00:00+02:00,66.21,19.177264309364016,12.89
2017-05-01 08:00:00+02:00,69.7,17.430623288634933,14.98
2017-05-01 09:00:00+02:00,72.6,16.182332739908418,15.61
2017-05-01 10:00:00+02:00,73.03,15.082930662095544,12.12
2017-05-01 11:00:00+02:00,72.6,15.300384029982693,10.0
2017-05-01 12:00:00+02:00,72.54,16.949935331525317,10.29
2017-05-01 13:00:00+02:00,71.51,18.822992430565474,7.09
2017-05-01 14:00:00+02:00,71.1,19.913135518957223,5.0
2017-05-01 15:00:00+02:00,70.51,20.7739323881371,2.3
2017-05-01 16:00:00+02:00,69.7,22.80748082700345,2.3
2017-05-01 17:00:00+02:00,73.87,25.756047442965716,5.01
2017-05-01 18:00:00+02:00,75.15,29.03960121345474,8.7
2017-05-01 19:00:00+02:00,76.1,32.7436714868416,15.67
2017-05-01 20:00:00+02:00,73.69,36.63157901784537,21.0
2017-05-01 21:00:00+02:00,71.68,40.35333031528433,36.22
2017-05-01 22:00:00+02:00,66.76,36.87836386241911,36.31
2017-05-01 23:00:00+02:00,69.2,33.252165215979716,35.81
2017-05-02 00:00:00+02:00,35.11,70.15119962693342,51.22
2017-05-02 01:00:00+02:00,31.01,66.85212318574062,48.41
2017-05-02 02:00:00+02:00,21.1,63.302708241668036,50.0
2017-05-02 03:00:00+02:00,12.4,59.90614810834781,47.46
2017-05-02 04:00:00+02:00,8.86,56.85349565118716,42.34
2017-05-02 05:00:00+02:00,8.0,55.364472637057375,45.18
2017-05-02 06:00:00+02:00,8.86,55.60596182957461,54.09
2017-05-02 07:00:00+02:00,8.86,56.86378081921393,66.21
2017-05-02 08:00:00+02:00,10.1,55.21354792407777,69.7
2017-05-02 09:00:00+02:00,20.1,54.230454347507774,72.6
2017-05-02 10:00:00+02:00,30.01,53.24024841711789,73.03
2017-05-02 11:00:00+02:00,30.01,53.553286845206785,72.6
2017-05-02 12:00:00+02:00,30.0,55.35898534190929,72.54
2017-05-02 13:00:00+02:00,31.0,57.37676706546183,71.51
2017-05-02 14:00:00+02:00,30.0,58.824597467679794,71.1
2017-05-02 15:00:00+02:00,22.1,60.00880187516224,70.51
2017-05-02 16:00:00+02:00,23.9,62.36434997061056,69.7
2017-05-02 17:00:00+02:00,31.53,66.1067292370591,73.87
2017-05-02 18:00:00+02:00,49.48,69.79458819283799,75.15
2017-05-02 19:00:00+02:00,60.07,74.07044300744195,76.1
2017-05-02 20:00:00+02:00,57.91,78.28483204591117,73.69
2017-05-02 21:00:00+02:00,53.94,82.5828069053507,71.68
2017-05-02 22:00:00+02:00,51.0,79.77351328278878,66.76
2017-05-02 23:00:00+02:00,48.89,76.79927770799627,69.2
2017-05-03 00:00:00+02:00,38.32,46.990193782263056,35.11
2017-05-03 01:00:00+02:00,30.5,47.73264840820025,31.01
2017-05-03 02:00:00+02:00,23.99,45.77483873604436,21.1
2017-05-03 03:00:00+02:00,16.29,44.24241118539813,12.4
2017-05-03 04:00:00+02:00,15.53,43.396174635163646,8.86
2017-05-03 05:00:00+02:00,12.4,43.93039833589495,8.0
2017-05-03 06:00:00+02:00,14.49,45.853639179115945,8.86
2017-05-03 07:00:00+02:00,20.0,48.61266336057924,8.86
2017-05-03 08:00:00+02:00,23.49,48.34703086445693,10.1
2017-05-03 09:00:00+02:00,28.01,48.17533433843314,20.1
2017-05-03 10:00:00+02:00,35.2,46.65887671666615,30.01
2017-05-03 11:00:00+02:00,38.68,45.07239370131682,30.01
2017-05-03 12:00:00+02:00,35.2,45.5368639151634,30.0
2017-05-03 13:00:00+02:00,31.6,46.14013690332878,31.0
2017-05-03 14:00:00+02:00,29.6,45.8226032031099,30.0
2017-05-03 15:00:00+02:00,24.99,44.406989753826736,22.1
2017-05-03 16:00:00+02:00,23.49,45.36888321256661,23.9
2017-05-03 17:00:00+02:00,27.06,47.71346375841726,31.53
2017-05-03 18:00:00+02:00,33.69,50.76503943905898,49.48
2017-05-03 19:00:00+02:00,37.95,53.3691480020188,60.07
2017-05-03 20:00:00+02:00,39.96,55.549458380066014,57.91
2017-05-03 21:00:00+02:00,40.19,59.471848086879376,53.94
2017-05-03 22:00:00+02:00,39.12,56.951390218724235,51.0
2017-05-03 23:00:00+02:00,31.67,54.0864375138621,48.89
2017-05-04 00:00:00+02:00,37.0,29.44706248099669,38.32
2017-05-04 01:00:00+02:00,31.71,27.68202212906295,30.5
2017-05-04 02:00:00+02:00,30.26,23.45767187361653,23.99
2017-05-04 03:00:00+02:00,29.87,19.28771421413773,16.29
2017-05-04 04:00:00+02:00,30.26,16.176798004677337,15.53
2017-05-04 05:00:00+02:00,31.41,13.698055785119788,12.4
2017-05-04 06:00:00+02:00,37.1,13.252168995620947,14.49
2017-05-04 07:00:00+02:00,44.2,13.616526245763218,20.0
2017-05-04 08:00:00+02:00,48.1,11.407803954121682,23.49
2017-05-04 09:00:00+02:00,45.5,10.244492410783941,28.01
2017-05-04 10:00:00+02:00,42.19,8.838904848076112,35.2
2017-05-04 11:00:00+02:00,40.99,7.5483123027651065,38.68
2017-05-04 12:00:00+02:00,41.0,8.030917283544879,35.2
2017-05-04 13:00:00+02:00,40.99,9.484441416622152,31.6
2017-05-04 14:00:00+02:00,38.6,10.429440098437304,29.6
2017-05-04 15:00:00+02:00,37.1,10.45600896563384,24.99
2017-05-04 16:00:00+02:00,37.0,12.709765910446333,23.49
2017-05-04 17:00:00+02:00,36.5,16.22357457945177,27.06
2017-05-04 18:00:00+02:00,36.4,19.901734253883784,33.69
2017-05-04 19:00:00+02:00,37.1,22.638551364770688,37.95
2017-05-04 20:00:00+02:00,42.85,24.971604192844147,39.96
2017-05-04 21:00:00+02:00,47.03,28.059142741591565,40.19
2017-05-04 22:00:00+02:00,42.19,25.39961212193358,39.12
2017-05-04 23:00:00+02:00,37.41,22.147647564750798,31.67
2017-05-05 00:00:00+02:00,45.4,35.86794905152968,37.0
2017-05-05 01:00:00+02:00,41.19,33.52246004027077,31.71
2017-05-05 02:00:00+02:00,38.14,29.77755983621364,30.26
2017-05-05 03:00:00+02:00,36.89,25.812279198486095,29.87
2017-05-05 04:00:00+02:00,36.45,22.79908672723255,30.26
2017-05-05 05:00:00+02:00,36.47,20.436981368541236,31.41
2017-05-05 06:00:00+02:00,41.06,20.26358407050136,37.1
2017-05-05 07:00:00+02:00,50.73,20.783521856571923,44.2
2017-05-05 08:00:00+02:00,52.07,18.640695132277727,48.1
2017-05-05 09:00:00+02:00,52.15,17.08910604051511,45.5
2017-05-05 10:00:00+02:00,52.07,15.736164623781978,42.19
2017-05-05 11:00:00+02:00,51.04,14.69346097228949,40.99
2017-05-05 12:00:00+02:00,49.54,15.268570176939184,41.0
2017-05-05 13:00:00+02:00,43.4,16.775846730347716,40.99
2017-05-05 14:00:00+02:00,38.17,17.716514957216063,38.6
2017-05-05 15:00:00+02:00,36.89,17.977009181227604,37.1
2017-05-05 16:00:00+02:00,36.45,20.30798123468127,37.0
2017-05-05 17:00:00+02:00,37.67,23.834343714521548,36.5
2017-05-05 18:00:00+02:00,40.33,27.64648952245677,36.4
2017-05-05 19:00:00+02:00,42.09,30.62366213998054,37.1
2017-05-05 20:00:00+02:00,41.19,33.44214589894908,42.85
2017-05-05 21:00:00+02:00,50.2,36.5172172829692,47.03
2017-05-05 22:00:00+02:00,47.53,33.75006203257637,42.19
2017-05-05 23:00:00+02:00,41.19,30.486413586834267,37.41
2017-05-06 00:00:00+02:00,41.0,40.49506020814099,45.4
2017-05-06 01:00:00+02:00,39.21,37.45190217233325,41.19
2017-05-06 02:00:00+02:00,38.2,33.83681380152202,38.14
2017-05-06 03:00:00+02:00,38.6,30.02537225903146,36.89
2017-05-06 04:00:00+02:00,38.6,27.023095183151987,36.45
2017-05-06 05:00:00+02:00,40.0,24.658023047829698,36.47
2017-05-06 06:00:00+02:00,47.01,24.648108414886075,41.06
2017-05-06 07:00:00+02:00,51.29,25.46956784117475,50.73
2017-05-06 08:00:00+02:00,51.37,22.97716074600912,52.07
2017-05-06 09:00:00+02:00,51.08,21.285869565873192,52.15
2017-05-06 10:00:00+02:00,50.12,19.910867684121314,52.07
2017-05-06 11:00:00+02:00,51.04,18.79766187329711,51.04
2017-05-06 12:00:00+02:00,52.04,19.24758850535383,49.54
2017-05-06 13:00:00+02:00,52.15,20.403840288632388,43.4
2017-05-06 14:00:00+02:00,51.8,21.44540665587095,38.17
2017-05-06 15:00:00+02:00,51.04,22.042948008300375,36.89
2017-05-06 16:00:00+02:00,50.0,24.33830272525242,36.45
2017-05-06 17:00:00+02:00,48.17,27.9124310204995,37.67
2017-05-06 18:00:00+02:00,46.65,31.822363178234387,40.33
2017-05-06 19:00:00+02:00,47.38,34.819353451859186,42.09
2017-05-06 20:00:00+02:00,48.78,37.4934790918242,41.19
2017-05-06 21:00:00+02:00,51.8,41.20561077388316,50.2
2017-05-06 22:00:00+02:00,51.01,38.10964136118185,47.53
2017-05-06 23:00:00+02:00,45.3,34.72924395101743,41.19
2017-05-07 00:00:00+02:00,46.31,44.760873482096606,41.0
2017-05-07 01:00:00+02:00,42.38,41.77021267151776,39.21
2017-05-07 02:00:00+02:00,41.09,38.24652384696982,38.2
2017-05-07 03:00:00+02:00,41.75,34.54312581979508,38.6
2017-05-07 04:00:00+02:00,42.38,31.46409145139603,38.6
2017-05-07 05:00:00+02:00,45.77,29.138753728316228,40.0
2017-05-07 06:00:00+02:00,49.39,29.337944102413477,47.01
2017-05-07 07:00:00+02:00,50.01,29.93243644442628,51.29
2017-05-07 08:00:00+02:00,50.9,27.360923420960876,51.37
2017-05-07 09:00:00+02:00,52.1,25.585808665827713,51.08
2017-05-07 10:00:00+02:00,52.1,24.141352086624927,50.12
2017-05-07 11:00:00+02:00,51.94,23.13108235929117,51.04
2017-05-07 12:00:00+02:00,50.9,23.49254907680453,52.04
2017-05-07 13:00:00+02:00,50.1,24.541381456985828,52.15
2017-05-07 14:00:00+02:00,51.22,25.55875874334592,51.8
2017-05-07 15:00:00+02:00,48.83,26.163875417081584,51.04
2017-05-07 16:00:00+02:00,48.21,28.33848552731072,50.0
2017-05-07 17:00:00+02:00,48.8,31.78014984684779,48.17
2017-05-07 18:00:00+02:00,48.21,35.693585496685394,46.65
2017-05-07 19:00:00+02:00,48.91,38.911285127710585,47.38
2017-05-07 20:00:00+02:00,50.07,41.674827634170214,48.78
2017-05-07 21:00:00+02:00,53.1,45.437020515699444,51.8
2017-05-07 22:00:00+02:00,53.1,42.54342790549731,51.01
2017-05-07 23:00:00+02:00,50.1,38.82164140164856,45.3
2017-05-08 00:00:00+02:00,51.61,49.63833590502827,46.31
2017-05-08 01:00:00+02:00,50.0,46.5672329673151,42.38
2017-05-08 02:00:00+02:00,52.5,43.315987050902415,41.09
2017-05-08 03:00:00+02:00,52.21,39.837845201353645,41.75
2017-05-08 04:00:00+02:00,49.98,36.79511077704101,42.38
2017-05-08 05:00:00+02:00,46.93,34.665714037775956,45.77
2017-05-08 06:00:00+02:00,45.4,34.79004200082172,49.39
2017-05-08 07:00:00+02:00,44.6,35.22252341124313,50.01
2017-05-08 08:00:00+02:00,43.16,32.93328957242007,50.9
2017-05-08 09:00:00+02:00,45.74,31.213029983979176,52.1
2017-05-08 10:00:00+02:00,45.53,29.739127750483355,52.1
2017-05-08 11:00:00+02:00,46.96,28.75716078628958,51.94
2017-05-08 12:00:00+02:00,48.65,29.04525996596932,50.9
2017-05-08 13:00:00+02:00,50.1,30.134872739157622,50.1
2017-05-08 14:00:00+02:00,51.5,31.358485720459033,51.22
2017-05-08 15:00:00+02:00,47.3,31.850581949805047,48.83
2017-05-08 16:00:00+02:00,43.3,34.10804929320672,48.21
2017-05-08 17:00:00+02:00,41.85,37.63048916842858,48.8
2017-05-08 18:00:00+02:00,41.85,41.520917493321306,48.21
2017-05-08 19:00:00+02:00,41.55,44.94697115782883,48.91
2017-05-08 20:00:00+02:00,42.05,47.86267369632084,50.07
2017-05-08 21:00:00+02:00,46.08,51.7676037520589,53.1
2017-05-08 22:00:00+02:00,45.7,49.19270023542144,53.1
2017-05-08 23:00:00+02:00,42.15,45.22928648157843,50.1
2017-05-09 00:00:00+02:00,52.35,41.505036838721104,51.61
2017-05-09 01:00:00+02:00,50.44,38.14680203266329,50.0
2017-05-09 02:00:00+02:00,50.44,34.909080185309676,52.5
2017-05-09 03:00:00+02:00,49.99,31.01382154780258,52.21
2017-05-09 04:00:00+02:00,49.35,27.538528600915257,49.98
2017-05-09 05:00:00+02:00,50.12,25.022544586501446,46.93
2017-05-09 06:00:00+02:00,51.56,24.832655617383715,45.4
2017-05-09 07:00:00+02:00,53.19,25.0331207386741,44.6
2017-05-09 08:00:00+02:00,53.19,22.624942521024515,43.16
2017-05-09 09:00:00+02:00,53.29,20.878713529959402,45.74
2017-05-09 10:00:00+02:00,53.19,18.95747005296674,45.53
2017-05-09 11:00:00+02:00,53.19,17.773757561061302,46.96
2017-05-09 12:00:00+02:00,53.19,17.736816290331923,48.65
2017-05-09 13:00:00+02:00,53.19,18.492081974644783,50.1
2017-05-09 14:00:00+02:00,53.0,19.43865798445426,51.5
2017-05-09 15:00:00+02:00,52.0,19.354593598741076,47.3
2017-05-09 16:00:00+02:00,51.5,21.237632720348763,43.3
2017-05-09 17:00:00+02:00,51.46,24.5895355456622,41.85
2017-05-09 18:00:00+02:00,50.34,28.308869774784387,41.85
2017-05-09 19:00:00+02:00,50.34,31.501432829636137,41.55
2017-05-09 20:00:00+02:00,52.35,34.25246469010931,42.05
2017-05-09 21:00:00+02:00,52.6,38.074781735990214,46.08
2017-05-09 22:00:00+02:00,46.65,35.387313976441774,45.7
2017-05-09 23:00:00+02:00,43.44,31.06303085131874,42.15
2017-05-10 00:00:00+02:00,60.15,43.39336894079057,52.35
2017-05-10 01:00:00+02:00,57.93,39.407378492099355,50.44
2017-05-10 02:00:00+02:00,53.27,36.189064554284705,50.44
2017-05-10 03:00:00+02:00,53.17,32.2573852085127,49.99
2017-05-10 04:00:00+02:00,53.22,28.687993953005126,49.35
2017-05-10 05:00:00+02:00,55.47,26.143807707568985,50.12
2017-05-10 06:00:00+02:00,60.08,25.79332328896068,51.56
2017-05-10 07:00:00+02:00,64.95,25.921176185622304,53.19
2017-05-10 08:00:00+02:00,64.95,23.52431065546797,53.19
2017-05-10 09:00:00+02:00,65.0,21.69386069221516,53.29
2017-05-10 10:00:00+02:00,60.52,19.717126938505977,53.19
2017-05-10 11:00:00+02:00,59.8,18.44055358734169,53.19
2017-05-10 12:00:00+02:00,60.15,18.276262801244147,53.19
2017-05-10 13:00:00+02:00,60.52,18.92705891824896,53.19
2017-05-10 14:00:00+02:00,58.34,19.79932084515551,53.0
2017-05-10 15:00:00+02:00,54.13,19.683093597189774,52.0
2017-05-10 16:00:00+02:00,52.45,21.427099115337608,51.5
2017-05-10 17:00:00+02:00,52.43,24.66446595314782,51.46
2017-05-10 18:00:00+02:00,55.03,28.244732168861027,50.34
2017-05-10 19:00:00+02:00,60.15,31.50002873658444,50.34
2017-05-10 20:00:00+02:00,62.07,34.377766989485536,52.35
2017-05-10 21:00:00+02:00,59.7,37.9832322661177,52.6
2017-05-10 22:00:00+02:00,54.5,35.26206217445836,46.65
2017-05-10 23:00:00+02:00,50.19,31.175539188932973,43.44
2017-05-11 00:00:00+02:00,44.06,51.35466090520685,60.15
2017-05-11 01:00:00+02:00,38.18,46.51229461882184,57.93
2017-05-11 02:00:00+02:00,31.0,43.07919310886376,53.27
2017-05-11 03:00:00+02:00,25.81,39.540671194451576,53.17
2017-05-11 04:00:00+02:00,23.86,36.04418914700072,53.22
2017-05-11 05:00:00+02:00,25.0,33.638545916510445,55.47
2017-05-11 06:00:00+02:00,25.23,33.36391014346013,60.08
2017-05-11 07:00:00+02:00,29.0,33.537672072874564,64.95
2017-05-11 08:00:00+02:00,32.0,31.04713099831238,64.95
2017-05-11 09:00:00+02:00,36.7,29.23625981691545,65.0
2017-05-11 10:00:00+02:00,37.0,27.038249629718244,60.52
2017-05-11 11:00:00+02:00,38.9,26.01440585275097,59.8
2017-05-11 12:00:00+02:00,41.73,25.931584904136898,60.15
2017-05-11 13:00:00+02:00,39.7,26.60162003007987,60.52
2017-05-11 14:00:00+02:00,36.66,27.361706729781247,58.34
2017-05-11 15:00:00+02:00,33.96,27.241343415435374,54.13
2017-05-11 16:00:00+02:00,35.0,29.102751521165843,52.45
2017-05-11 17:00:00+02:00,41.82,32.4325256436305,52.43
2017-05-11 18:00:00+02:00,60.43,36.2395166901567,55.03
2017-05-11 19:00:00+02:00,61.49,39.763556834374484,60.15
2017-05-11 20:00:00+02:00,59.85,42.539082590869484,62.07
2017-05-11 21:00:00+02:00,60.63,45.87718247687407,59.7
2017-05-11 22:00:00+02:00,59.69,43.43933620720257,54.5
2017-05-11 23:00:00+02:00,47.41,39.68232615528797,50.19
2017-05-12 00:00:00+02:00,71.35,48.920850030096695,44.06
2017-05-12 01:00:00+02:00,68.0,44.61924325145217,38.18
2017-05-12 02:00:00+02:00,62.75,41.19782822219111,31.0
2017-05-12 03:00:00+02:00,59.88,37.9473008227979,25.81
2017-05-12 04:00:00+02:00,59.94,34.82709585937342,23.86
2017-05-12 05:00:00+02:00,61.38,32.719630545260294,25.0
2017-05-12 06:00:00+02:00,71.4,32.40565012053088,25.23
2017-05-12 07:00:00+02:00,77.1,32.91867280412086,29.0
2017-05-12 08:00:00+02:00,80.0,30.71254345663769,32.0
2017-05-12 09:00:00+02:00,80.0,29.12113497785818,36.7
2017-05-12 10:00:00+02:00,80.0,26.809004026561166,37.0
2017-05-12 11:00:00+02:00,79.3,25.942377482855186,38.9
2017-05-12 12:00:00+02:00,78.44,26.008914275251474,41.73
2017-05-12 13:00:00+02:00,78.48,26.46436063742609,39.7
2017-05-12 14:00:00+02:00,78.48,27.28688613445688,36.66
2017-05-12 15:00:00+02:00,77.9,27.403478688014342,33.96
2017-05-12 16:00:00+02:00,78.46,29.54738126197396,35.0
2017-05-12 17:00:00+02:00,83.91,33.32479212654286,41.82
2017-05-12 18:00:00+02:00,88.89,38.03704213533176,60.43
2017-05-12 19:00:00+02:00,90.0,40.622495727049035,61.49
2017-05-12 20:00:00+02:00,90.0,43.34839794310373,59.85
2017-05-12 21:00:00+02:00,84.89,46.95786413174342,60.63
2017-05-12 22:00:00+02:00,79.8,44.95470281784774,59.69
2017-05-12 23:00:00+02:00,76.69,41.26036215384074,47.41
2017-05-13 00:00:00+02:00,49.24,79.94527629290894,71.35
2017-05-13 01:00:00+02:00,40.69,74.73073506386523,68.0
2017-05-13 02:00:00+02:00,39.69,71.44099118069353,62.75
2017-05-13 03:00:00+02:00,38.0,68.73404263912052,59.88
2017-05-13 04:00:00+02:00,37.87,66.22291767019064,59.94
2017-05-13 05:00:00+02:00,38.0,64.56554765758565,61.38
2017-05-13 06:00:00+02:00,38.13,65.1051669210472,71.4
2017-05-13 07:00:00+02:00,37.87,65.71405738802554,77.1
2017-05-13 08:00:00+02:00,38.95,63.885361163815745,80.0
2017-05-13 09:00:00+02:00,43.98,62.47109734548931,80.0
2017-05-13 10:00:00+02:00,48.99,60.60339965331289,80.0
2017-05-13 11:00:00+02:00,47.64,60.01455607680238,79.3
2017-05-13 12:00:00+02:00,42.69,60.41895019817926,78.44
2017-05-13 13:00:00+02:00,42.0,61.32341174748356,78.48
2017-05-13 14:00:00+02:00,39.69,62.5427607800519,78.48
2017-05-13 15:00:00+02:00,37.87,63.087447443571676,77.9
2017-05-13 16:00:00+02:00,37.47,65.59569575926338,78.46
2017-05-13 17:00:00+02:00,37.47,70.0032084372285,83.91
2017-05-13 18:00:00+02:00,37.68,75.05642063024095,88.89
2017-05-13 19:00:00+02:00,40.0,77.94138357907521,90.0
2017-05-13 20:00:00+02:00,48.99,80.9993453115843,90.0
2017-05-13 21:00:00+02:00,53.46,84.63819704573756,84.89
2017-05-13 22:00:00+02:00,53.25,83.40827753132358,79.8
2017-05-13 23:00:00+02:00,51.93,79.83988024965139,76.69
2017-05-14 00:00:00+02:00,48.62,52.44023613223736,49.24
2017-05-14 01:00:00+02:00,42.01,48.39778145355536,40.69
2017-05-14 02:00:00+02:00,40.69,45.15799846471508,39.69
2017-05-14 03:00:00+02:00,40.69,41.992750663437384,38.0
2017-05-14 04:00:00+02:00,40.69,39.183357296760654,37.87
2017-05-14 05:00:00+02:00,42.0,37.1440505461795,38.0
2017-05-14 06:00:00+02:00,43.0,37.23723234392506,38.13
2017-05-14 07:00:00+02:00,39.69,37.53248029461348,37.87
2017-05-14 08:00:00+02:00,39.69,35.667578766013484,38.95
2017-05-14 09:00:00+02:00,39.69,34.11389143195072,43.98
2017-05-14 10:00:00+02:00,40.69,31.770152402519564,48.99
2017-05-14 11:00:00+02:00,42.69,30.06947299051464,47.64
2017-05-14 12:00:00+02:00,45.01,29.470311349902083,42.69
2017-05-14 13:00:00+02:00,48.34,29.920601321697152,42.0
2017-05-14 14:00:00+02:00,48.99,30.369123860016238,39.69
2017-05-14 15:00:00+02:00,43.29,30.362508085582366,37.87
2017-05-14 16:00:00+02:00,40.51,32.28959430395763,37.47
2017-05-14 17:00:00+02:00,40.65,36.16630924731944,37.47
2017-05-14 18:00:00+02:00,39.97,40.87002438497781,37.68
2017-05-14 19:00:00+02:00,42.94,43.730511414671454,40.0
2017-05-14 20:00:00+02:00,48.69,46.915870078264334,48.99
2017-05-14 21:00:00+02:00,54.04,49.87263723739395,53.46
2017-05-14 22:00:00+02:00,54.93,48.24544836378378,53.25
2017-05-14 23:00:00+02:00,51.57,44.071698725048186,51.93
2017-05-15 00:00:00+02:00,50.69,52.6544870400458,48.62
2017-05-15 01:00:00+02:00,45.03,49.78747590181031,42.01
2017-05-15 02:00:00+02:00,43.0,48.34045291080257,40.69
2017-05-15 03:00:00+02:00,40.6,46.9528795699162,40.69
2017-05-15 04:00:00+02:00,40.14,45.801130418685105,40.69
2017-05-15 05:00:00+02:00,41.46,45.40865407462942,42.0
2017-05-15 06:00:00+02:00,46.6,46.850248310188405,43.0
2017-05-15 07:00:00+02:00,50.69,48.181604238240865,39.69
2017-05-15 08:00:00+02:00,51.44,47.94066374127787,39.69
2017-05-15 09:00:00+02:00,51.64,47.170267899027166,39.69
2017-05-15 10:00:00+02:00,51.19,45.150207340425716,40.69
2017-05-15 11:00:00+02:00,50.71,43.159439821631125,42.69
2017-05-15 12:00:00+02:00,50.94,41.75361567456133,45.01
2017-05-15 13:00:00+02:00,50.94,41.16551016682487,48.34
2017-05-15 14:00:00+02:00,50.69,40.18980859697664,48.99
2017-05-15 15:00:00+02:00,50.45,38.40451392852363,43.29
2017-05-15 16:00:00+02:00,50.45,39.08168460817571,40.51
2017-05-15 17:00:00+02:00,50.54,42.00815083697249,40.65
2017-05-15 18:00:00+02:00,50.45,45.96714476593397,39.97
2017-05-15 19:00:00+02:00,50.69,48.87074437654309,42.94
2017-05-15 20:00:00+02:00,51.57,52.23809380208456,48.69
2017-05-15 21:00:00+02:00,55.03,55.394048921408064,54.04
2017-05-15 22:00:00+02:00,52.87,54.40630511582959,54.93
2017-05-15 23:00:00+02:00,50.8,50.920445980302425,51.57
2017-05-16 00:00:00+02:00,52.69,50.97637145572973,50.69
2017-05-16 01:00:00+02:00,50.53,47.10890601323976,45.03
2017-05-16 02:00:00+02:00,48.22,44.428246264269276,43.0
2017-05-16 03:00:00+02:00,45.0,41.39906279289005,40.6
2017-05-16 04:00:00+02:00,44.69,38.6851903116899,40.14
2017-05-16 05:00:00+02:00,48.22,36.71215022324042,41.46
2017-05-16 06:00:00+02:00,52.19,36.689135474384344,46.6
2017-05-16 07:00:00+02:00,53.69,36.504392389924554,50.69
2017-05-16 08:00:00+02:00,54.53,34.75009741798594,51.44
2017-05-16 09:00:00+02:00,55.0,33.14343023813528,51.64
2017-05-16 10:00:00+02:00,54.53,31.024694940348446,51.19
2017-05-16 11:00:00+02:00,53.93,29.52370651438222,50.71
2017-05-16 12:00:00+02:00,54.04,29.128502216287792,50.94
2017-05-16 13:00:00+02:00,53.95,29.78606233793875,50.94
2017-05-16 14:00:00+02:00,52.69,30.340608221276007,50.69
2017-05-16 15:00:00+02:00,52.15,30.242938946607737,50.45
2017-05-16 16:00:00+02:00,52.19,32.27571715029764,50.45
2017-05-16 17:00:00+02:00,52.4,36.1828463708829,50.54
2017-05-16 18:00:00+02:00,52.1,40.70497345690927,50.45
2017-05-16 19:00:00+02:00,52.19,43.984032358191655,50.69
2017-05-16 20:00:00+02:00,53.93,47.345923267513776,51.57
2017-05-16 21:00:00+02:00,55.44,50.49397613201043,55.03
2017-05-16 22:00:00+02:00,52.69,48.82240133296746,52.87
2017-05-16 23:00:00+02:00,50.99,44.87454815019475,50.8
2017-05-17 00:00:00+02:00,50.54,51.06993405863073,52.69
2017-05-17 01:00:00+02:00,44.69,47.14277801719027,50.53
2017-05-17 02:00:00+02:00,42.01,44.30784981479203,48.22
2017-05-17 03:00:00+02:00,41.69,41.170404389119525,45.0
2017-05-17 04:00:00+02:00,41.69,38.55797639922114,44.69
2017-05-17 05:00:00+02:00,41.69,36.72975731863332,48.22
2017-05-17 06:00:00+02:00,45.69,36.54910722359818,52.19
2017-05-17 07:00:00+02:00,50.38,36.13498059727926,53.69
2017-05-17 08:00:00+02:00,52.19,34.35992670706002,54.53
2017-05-17 09:00:00+02:00,53.69,32.65430116096406,55.0
2017-05-17 10:00:00+02:00,52.52,30.43760779964533,54.53
2017-05-17 11:00:00+02:00,51.69,28.81905009328268,53.93
2017-05-17 12:00:00+02:00,52.15,28.32932223178055,54.04
2017-05-17 13:00:00+02:00,51.5,28.839447123455543,53.95
2017-05-17 14:00:00+02:00,49.0,29.257242151301757,52.69
2017-05-17 15:00:00+02:00,47.62,29.184225967270745,52.15
2017-05-17 16:00:00+02:00,45.53,31.061391865413377,52.19
2017-05-17 17:00:00+02:00,45.93,34.792164706899506,52.4
2017-05-17 18:00:00+02:00,44.91,39.17751260700154,52.1
2017-05-17 19:00:00+02:00,45.53,42.504078460241274,52.19
2017-05-17 20:00:00+02:00,50.19,45.91961837004551,53.93
2017-05-17 21:00:00+02:00,53.3,49.01530179691367,55.44
2017-05-17 22:00:00+02:00,49.01,47.32032394239876,52.69
2017-05-17 23:00:00+02:00,45.82,43.50599333802064,50.99
2017-05-18 00:00:00+02:00,49.33,45.931590283359824,50.54
2017-05-18 01:00:00+02:00,48.0,42.04448026499447,44.69
2017-05-18 02:00:00+02:00,47.05,39.567031708615595,42.01
2017-05-18 03:00:00+02:00,47.0,36.890064220974764,41.69
2017-05-18 04:00:00+02:00,44.44,34.57128644521597,41.69
2017-05-18 05:00:00+02:00,43.02,32.98547321932087,41.69
2017-05-18 06:00:00+02:00,46.4,33.22967631093078,45.69
2017-05-18 07:00:00+02:00,50.33,33.10113740266556,50.38
2017-05-18 08:00:00+02:00,51.33,31.37668203093113,52.19
2017-05-18 09:00:00+02:00,50.34,29.640070809620827,53.69
2017-05-18 10:00:00+02:00,48.3,27.10611524704104,52.52
2017-05-18 11:00:00+02:00,45.53,25.129424457353554,51.69
2017-05-18 12:00:00+02:00,44.62,24.188493251455515,52.15
2017-05-18 13:00:00+02:00,39.69,24.014120695060342,51.5
2017-05-18 14:00:00+02:00,37.49,23.72630644822984,49.0
2017-05-18 15:00:00+02:00,36.59,23.183533005533725,47.62
2017-05-18 16:00:00+02:00,36.17,24.371950394148087,45.53
2017-05-18 17:00:00+02:00,36.09,27.72449796811684,45.93
2017-05-18 18:00:00+02:00,37.43,31.69651126285392,44.91
2017-05-18 19:00:00+02:00,37.87,35.03004779322181,45.53
2017-05-18 20:00:00+02:00,38.69,38.632495850968354,50.19
2017-05-18 21:00:00+02:00,45.53,41.6193404876055,53.3
2017-05-18 22:00:00+02:00,44.01,39.76405291276853,49.01
2017-05-18 23:00:00+02:00,40.6,36.306595314037615,45.82
2017-05-19 00:00:00+02:00,40.02,41.00017289882535,49.33
2017-05-19 01:00:00+02:00,39.69,37.43173093833805,48.0
2017-05-19 02:00:00+02:00,39.58,35.919523326036064,47.05
2017-05-19 03:00:00+02:00,39.63,34.91726047453313,47.0
2017-05-19 04:00:00+02:00,39.69,34.219286695028515,44.44
2017-05-19 05:00:00+02:00,40.6,34.55803562987808,43.02
2017-05-19 06:00:00+02:00,46.6,36.90625830172922,46.4
2017-05-19 07:00:00+02:00,48.33,38.50037919540985,50.33
2017-05-19 08:00:00+02:00,50.54,38.2738626911683,51.33
2017-05-19 09:00:00+02:00,50.34,37.55494612973255,50.34
2017-05-19 10:00:00+02:00,49.33,35.492839596530125,48.3
2017-05-19 11:00:00+02:00,48.5,33.24533431047123,45.53
2017-05-19 12:00:00+02:00,49.48,31.656621885570818,44.62
2017-05-19 13:00:00+02:00,49.26,29.951605334406857,39.69
2017-05-19 14:00:00+02:00,46.6,28.47569662905343,37.49
2017-05-19 15:00:00+02:00,45.95,26.5648075336178,36.59
2017-05-19 16:00:00+02:00,45.95,25.938803278144434,36.17
2017-05-19 17:00:00+02:00,45.95,27.552769850905754,36.09
2017-05-19 18:00:00+02:00,45.97,30.280516861472076,37.43
2017-05-19 19:00:00+02:00,47.0,32.703008101304185,37.87
2017-05-19 20:00:00+02:00,50.34,35.72248671696354,38.69
2017-05-19 21:00:00+02:00,52.52,38.75229113471937,45.53
2017-05-19 22:00:00+02:00,50.59,36.503030416451644,44.01
2017-05-19 23:00:00+02:00,50.33,33.07608488802163,40.6
2017-05-20 00:00:00+02:00,49.33,50.41796483847409,40.02
2017-05-20 01:00:00+02:00,46.5,46.77427001732974,39.69
2017-05-20 02:00:00+02:00,43.66,44.06831612007558,39.58
2017-05-20 03:00:00+02:00,43.66,41.308530167328755,39.63
2017-05-20 04:00:00+02:00,43.66,38.61604917102041,39.69
2017-05-20 05:00:00+02:00,42.95,36.852809800206295,40.6
2017-05-20 06:00:00+02:00,42.95,37.322458650668075,46.6
2017-05-20 07:00:00+02:00,43.56,36.91113944685611,48.33
2017-05-20 08:00:00+02:00,44.47,35.17688572979193,50.54
2017-05-20 09:00:00+02:00,48.33,33.2425475927646,50.34
2017-05-20 10:00:00+02:00,49.99,30.92431660483192,49.33
2017-05-20 11:00:00+02:00,49.33,29.266421238688224,48.5
2017-05-20 12:00:00+02:00,49.63,28.97748269177765,49.48
2017-05-20 13:00:00+02:00,50.02,29.051928486142504,49.26
2017-05-20 14:00:00+02:00,49.63,29.45067992150465,46.6
2017-05-20 15:00:00+02:00,45.88,29.868484706039546,45.95
2017-05-20 16:00:00+02:00,44.06,31.60012116564468,45.95
2017-05-20 17:00:00+02:00,43.84,35.25155707554131,45.95
2017-05-20 18:00:00+02:00,44.38,39.65286238556666,45.97
2017-05-20 19:00:00+02:00,45.1,43.40656400151802,47.0
2017-05-20 20:00:00+02:00,46.01,47.39188039166018,50.34
2017-05-20 21:00:00+02:00,49.63,50.94197098526215,52.52
2017-05-20 22:00:00+02:00,45.1,49.087994726948246,50.59
2017-05-20 23:00:00+02:00,40.5,45.69261695718568,50.33
2017-05-21 00:00:00+02:00,39.19,40.31722772237128,49.33
2017-05-21 01:00:00+02:00,37.44,36.459644099497865,46.5
2017-05-21 02:00:00+02:00,36.1,33.36552916883137,43.66
2017-05-21 03:00:00+02:00,35.75,30.455405199264547,43.66
2017-05-21 04:00:00+02:00,34.98,27.432603772381068,43.66
2017-05-21 05:00:00+02:00,34.49,25.223278788759984,42.95
2017-05-21 06:00:00+02:00,34.21,25.249168499882042,42.95
2017-05-21 07:00:00+02:00,32.0,24.593326266940412,43.56
2017-05-21 08:00:00+02:00,35.5,22.635361727536967,44.47
2017-05-21 09:00:00+02:00,37.45,20.5745017782182,48.33
2017-05-21 10:00:00+02:00,39.69,17.80824104612359,49.99
2017-05-21 11:00:00+02:00,40.69,15.606019107626256,49.33
2017-05-21 12:00:00+02:00,40.69,14.938989064028046,49.63
2017-05-21 13:00:00+02:00,42.7,14.658117167454785,50.02
2017-05-21 14:00:00+02:00,43.01,14.650018592787655,49.63
2017-05-21 15:00:00+02:00,39.9,14.511744154249822,45.88
2017-05-21 16:00:00+02:00,39.19,15.942305089650723,44.06
2017-05-21 17:00:00+02:00,39.9,19.250182704316895,43.84
2017-05-21 18:00:00+02:00,39.7,23.326421350676487,44.38
2017-05-21 19:00:00+02:00,41.3,26.809220024722585,45.1
2017-05-21 20:00:00+02:00,47.69,30.46932145290681,46.01
2017-05-21 21:00:00+02:00,52.33,33.89662033590484,49.63
2017-05-21 22:00:00+02:00,52.69,31.546165651799612,45.1
2017-05-21 23:00:00+02:00,49.9,28.18623637763837,40.5
2017-05-22 00:00:00+02:00,44.65,49.94741750428564,39.19
2017-05-22 01:00:00+02:00,40.19,46.66575920295705,37.44
2017-05-22 02:00:00+02:00,39.36,43.96252433430109,36.1
2017-05-22 03:00:00+02:00,39.22,41.56504642740511,35.75
2017-05-22 04:00:00+02:00,39.36,39.0094156572349,34.98
2017-05-22 05:00:00+02:00,40.6,37.283104890264234,34.49
2017-05-22 06:00:00+02:00,48.82,37.74270660754644,34.21
2017-05-22 07:00:00+02:00,51.21,37.58007588223621,32.0
2017-05-22 08:00:00+02:00,54.04,36.69967966257973,35.5
2017-05-22 09:00:00+02:00,54.93,35.113983639261335,37.45
2017-05-22 10:00:00+02:00,54.93,32.83606265192928,39.69
2017-05-22 11:00:00+02:00,54.04,30.83174353574079,40.69
2017-05-22 12:00:00+02:00,54.1,30.231055316128437,40.69
2017-05-22 13:00:00+02:00,53.66,30.23498498780701,42.7
2017-05-22 14:00:00+02:00,52.46,30.284957356867835,43.01
2017-05-22 15:00:00+02:00,51.66,30.13740604644607,39.9
2017-05-22 16:00:00+02:00,51.04,31.88045214553107,39.19
2017-05-22 17:00:00+02:00,50.3,35.52424422536381,39.9
2017-05-22 18:00:00+02:00,48.25,39.96194177949619,39.7
2017-05-22 19:00:00+02:00,45.98,44.16575257044222,41.3
2017-05-22 20:00:00+02:00,50.03,48.736985433479354,47.69
2017-05-22 21:00:00+02:00,51.57,52.63922826078408,52.33
2017-05-22 22:00:00+02:00,50.03,50.87661951170633,52.69
2017-05-22 23:00:00+02:00,46.11,47.707176714240646,49.9
2017-05-23 00:00:00+02:00,46.56,45.599914092836215,44.65
2017-05-23 01:00:00+02:00,43.62,42.33205366046966,40.19
2017-05-23 02:00:00+02:00,40.2,39.611365055039506,39.36
2017-05-23 03:00:00+02:00,40.19,37.007564296342984,39.22
2017-05-23 04:00:00+02:00,40.14,34.23353286717845,39.36
2017-05-23 05:00:00+02:00,40.19,32.2760436487991,40.6
2017-05-23 06:00:00+02:00,44.02,32.807611664647595,48.82
2017-05-23 07:00:00+02:00,45.08,32.057920424713025,51.21
2017-05-23 08:00:00+02:00,50.12,30.977836432942897,54.04
2017-05-23 09:00:00+02:00,50.21,29.0606464486401,54.93
2017-05-23 10:00:00+02:00,50.0,26.513572704702177,54.93
2017-05-23 11:00:00+02:00,48.07,24.18088932229979,54.04
2017-05-23 12:00:00+02:00,48.38,23.297531011808296,54.1
2017-05-23 13:00:00+02:00,48.11,22.979585259959435,53.66
2017-05-23 14:00:00+02:00,47.39,22.72679322719437,52.46
2017-05-23 15:00:00+02:00,46.25,22.37378862868178,51.66
2017-05-23 16:00:00+02:00,46.84,23.761933274259206,51.04
2017-05-23 17:00:00+02:00,46.84,27.02107124854486,50.3
2017-05-23 18:00:00+02:00,45.76,31.06992540622211,48.25
2017-05-23 19:00:00+02:00,47.3,35.03101258586667,45.98
2017-05-23 20:00:00+02:00,50.21,39.77021810480121,50.03
2017-05-23 21:00:00+02:00,51.9,43.33519455390889,51.57
2017-05-23 22:00:00+02:00,50.0,41.49649568434123,50.03
2017-05-23 23:00:00+02:00,45.11,38.08863247335998,46.11
2017-05-24 00:00:00+02:00,43.55,44.73799867571961,46.56
2017-05-24 01:00:00+02:00,40.14,41.39445056655657,43.62
2017-05-24 02:00:00+02:00,39.2,38.56482839784063,40.2
2017-05-24 03:00:00+02:00,39.19,36.14269014967532,40.19
2017-05-24 04:00:00+02:00,39.2,33.353745362980895,40.14
2017-05-24 05:00:00+02:00,40.19,31.308517432993543,40.19
2017-05-24 06:00:00+02:00,43.64,31.883480698380993,44.02
2017-05-24 07:00:00+02:00,45.98,30.99815903197448,45.08
2017-05-24 08:00:00+02:00,50.17,30.161742446137538,50.12
2017-05-24 09:00:00+02:00,50.5,27.942602979026475,50.21
2017-05-24 10:00:00+02:00,50.5,25.358221951965966,50.0
2017-05-24 11:00:00+02:00,50.52,22.856809591906554,48.07
2017-05-24 12:00:00+02:00,50.54,21.98193197437901,48.38
2017-05-24 13:00:00+02:00,50.5,21.55461120953941,48.11
2017-05-24 14:00:00+02:00,50.38,21.227703525307305,47.39
2017-05-24 15:00:00+02:00,50.5,20.817379738328412,46.25
2017-05-24 16:00:00+02:00,50.54,22.170612633336617,46.84
2017-05-24 17:00:00+02:00,51.01,25.231304067973156,46.84
2017-05-24 18:00:00+02:00,51.26,29.113317636977506,45.76
2017-05-24 19:00:00+02:00,52.1,33.22174803305576,47.3
2017-05-24 20:00:00+02:00,52.54,37.984564601347756,50.21
2017-05-24 21:00:00+02:00,53.65,41.518688390173864,51.9
2017-05-24 22:00:00+02:00,52.21,39.76990969559261,50.0
2017-05-24 23:00:00+02:00,52.01,36.30637865458672,45.11
2017-05-25 00:00:00+02:00,52.19,51.55153720162998,43.55
2017-05-25 01:00:00+02:00,50.49,48.52235431126634,40.14
2017-05-25 02:00:00+02:00,47.57,46.04048436231785,39.2
2017-05-25 03:00:00+02:00,47.66,43.81236487794273,39.19
2017-05-25 04:00:00+02:00,49.06,41.17594933027627,39.2
2017-05-25 05:00:00+02:00,50.59,39.24062892369768,40.19
2017-05-25 06:00:00+02:00,53.79,39.83950357400854,43.64
2017-05-25 07:00:00+02:00,54.04,39.01464483353134,45.98
2017-05-25 08:00:00+02:00,54.89,38.277555785141615,50.17
2017-05-25 09:00:00+02:00,54.93,35.96041169473514,50.5
2017-05-25 10:00:00+02:00,54.69,33.517824821434296,50.5
2017-05-25 11:00:00+02:00,54.5,31.282628111592512,50.52
2017-05-25 12:00:00+02:00,54.69,30.649717451890467,50.54
2017-05-25 13:00:00+02:00,54.5,30.595683018860115,50.5
2017-05-25 14:00:00+02:00,54.04,30.68896111679328,50.38
2017-05-25 15:00:00+02:00,54.04,30.709349769392432,50.5
2017-05-25 16:00:00+02:00,54.04,32.309408483798,50.54
2017-05-25 17:00:00+02:00,54.04,35.57325656108809,51.01
2017-05-25 18:00:00+02:00,52.7,39.57512453492833,51.26
2017-05-25 19:00:00+02:00,53.02,43.78384812207122,52.1
2017-05-25 20:00:00+02:00,53.66,48.5062128911585,52.54
2017-05-25 21:00:00+02:00,55.89,52.227216545797745,53.65
2017-05-25 22:00:00+02:00,54.89,50.77107012847598,52.21
2017-05-25 23:00:00+02:00,53.65,47.3799530492924,52.01
2017-05-26 00:00:00+02:00,54.93,52.98136847306181,52.19
2017-05-26 01:00:00+02:00,53.25,49.89076755945428,50.49
2017-05-26 02:00:00+02:00,51.53,47.212959124650425,47.57
2017-05-26 03:00:00+02:00,50.54,45.14071637859011,47.66
2017-05-26 04:00:00+02:00,49.39,42.63438734007722,49.06
2017-05-26 05:00:00+02:00,50.86,40.69774491215987,50.59
2017-05-26 06:00:00+02:00,54.04,41.320481837381706,53.79
2017-05-26 07:00:00+02:00,54.0,40.47527195007592,54.04
2017-05-26 08:00:00+02:00,55.23,39.91169668007161,54.89
2017-05-26 09:00:00+02:00,55.39,37.71910083047597,54.93
2017-05-26 10:00:00+02:00,54.9,35.252536341466346,54.69
2017-05-26 11:00:00+02:00,54.04,32.872174264105,54.5
2017-05-26 12:00:00+02:00,54.53,31.939578591754746,54.69
2017-05-26 13:00:00+02:00,54.04,31.538069354177313,54.5
2017-05-26 14:00:00+02:00,51.65,31.30210306113527,54.04
2017-05-26 15:00:00+02:00,50.34,31.083429226337593,54.04
2017-05-26 16:00:00+02:00,50.15,32.344840519227255,54.04
2017-05-26 17:00:00+02:00,50.15,35.32789995419859,54.04
2017-05-26 18:00:00+02:00,50.15,39.12513984600175,52.7
2017-05-26 19:00:00+02:00,50.54,43.48539851707437,53.02
2017-05-26 20:00:00+02:00,51.47,48.32046247280058,53.66
2017-05-26 21:00:00+02:00,54.0,52.30652678007888,55.89
2017-05-26 22:00:00+02:00,52.71,51.0428121201567,54.89
2017-05-26 23:00:00+02:00,52.53,47.8110834823412,53.65
2017-05-27 00:00:00+02:00,54.9,51.76531447919745,54.93
2017-05-27 01:00:00+02:00,54.04,48.622660078019976,53.25
2017-05-27 02:00:00+02:00,53.25,45.86214120643185,51.53
2017-05-27 03:00:00+02:00,52.79,43.681182729955665,50.54
2017-05-27 04:00:00+02:00,52.02,41.050595184525314,49.39
2017-05-27 05:00:00+02:00,51.57,39.080275018685064,50.86
2017-05-27 06:00:00+02:00,50.31,39.432736608351114,54.04
2017-05-27 07:00:00+02:00,47.91,38.243899406988284,54.0
2017-05-27 08:00:00+02:00,47.9,37.45546929395812,55.23
2017-05-27 09:00:00+02:00,51.04,35.0881243299476,55.39
2017-05-27 10:00:00+02:00,50.5,32.47124451702682,54.9
2017-05-27 11:00:00+02:00,47.62,30.04650376100458,54.04
2017-05-27 12:00:00+02:00,44.59,29.18089971085784,54.53
2017-05-27 13:00:00+02:00,42.74,28.820974756388956,54.04
2017-05-27 14:00:00+02:00,41.32,28.610221010303054,51.65
2017-05-27 15:00:00+02:00,40.6,28.59975767296195,50.34
2017-05-27 16:00:00+02:00,38.58,29.957598721114636,50.15
2017-05-27 17:00:00+02:00,39.6,32.887602389591756,50.15
2017-05-27 18:00:00+02:00,41.0,36.576716269360574,50.15
2017-05-27 19:00:00+02:00,41.98,40.752343123990094,50.54
2017-05-27 20:00:00+02:00,46.0,45.36363682572499,51.47
2017-05-27 21:00:00+02:00,51.94,49.29759630992094,54.0
2017-05-27 22:00:00+02:00,51.83,47.95896494877432,52.71
2017-05-27 23:00:00+02:00,50.38,44.74644312976609,52.53
2017-05-28 00:00:00+02:00,50.54,49.73745914571773,54.9
2017-05-28 01:00:00+02:00,45.27,46.56281286170408,54.04
2017-05-28 02:00:00+02:00,42.41,43.78789543948004,53.25
2017-05-28 03:00:00+02:00,42.36,41.5988407003741,52.79
2017-05-28 04:00:00+02:00,42.16,38.98660148039087,52.02
2017-05-28 05:00:00+02:00,42.16,37.005360655500425,51.57
2017-05-28 06:00:00+02:00,42.1,37.16425620118377,50.31
2017-05-28 07:00:00+02:00,41.39,36.003956948233146,47.91
2017-05-28 08:00:00+02:00,42.16,35.3635089495431,47.9
2017-05-28 09:00:00+02:00,45.27,33.326737486820065,51.04
2017-05-28 10:00:00+02:00,47.9,30.514722840783,50.5
2017-05-28 11:00:00+02:00,45.0,27.91997103088616,47.62
2017-05-28 12:00:00+02:00,42.41,26.94550227014654,44.59
2017-05-28 13:00:00+02:00,42.16,26.639922007951647,42.74
2017-05-28 14:00:00+02:00,42.16,26.46906752781365,41.32
2017-05-28 15:00:00+02:00,39.21,26.510805840041815,40.6
2017-05-28 16:00:00+02:00,38.1,27.714984295361887,38.58
2017-05-28 17:00:00+02:00,38.58,30.749481327801156,39.6
2017-05-28 18:00:00+02:00,39.21,34.43991891271375,41.0
2017-05-28 19:00:00+02:00,42.39,38.575242449145094,41.98
2017-05-28 20:00:00+02:00,50.54,43.37265669389478,46.0
2017-05-28 21:00:00+02:00,55.68,47.503990645338405,51.94
2017-05-28 22:00:00+02:00,56.9,46.13878041238331,51.83
2017-05-28 23:00:00+02:00,55.68,43.048248004189276,50.38
2017-05-29 00:00:00+02:00,52.17,55.186488617534096,50.54
2017-05-29 01:00:00+02:00,49.6,52.02519696695822,45.27
2017-05-29 02:00:00+02:00,46.95,49.60268129209064,42.41
2017-05-29 03:00:00+02:00,45.4,47.862138160760566,42.36
2017-05-29 04:00:00+02:00,45.27,45.59929866278205,42.16
2017-05-29 05:00:00+02:00,48.07,43.938178721297334,42.16
2017-05-29 06:00:00+02:00,52.06,44.33303898795883,42.1
2017-05-29 07:00:00+02:00,52.71,43.60921356633792,41.39
2017-05-29 08:00:00+02:00,54.09,43.499960223820786,42.16
2017-05-29 09:00:00+02:00,55.1,42.138352452522525,45.27
2017-05-29 10:00:00+02:00,55.39,39.673980863248694,47.9
2017-05-29 11:00:00+02:00,55.3,36.88712501029593,45.0
2017-05-29 12:00:00+02:00,55.69,35.90862043610818,42.41
2017-05-29 13:00:00+02:00,55.01,35.759586388167506,42.16
2017-05-29 14:00:00+02:00,54.09,35.623704518034366,42.16
2017-05-29 15:00:00+02:00,53.73,35.4934040010173,39.21
2017-05-29 16:00:00+02:00,53.0,36.79506128073562,38.1
2017-05-29 17:00:00+02:00,52.71,39.9516619020302,38.58
2017-05-29 18:00:00+02:00,52.16,43.83607942961136,39.21
2017-05-29 19:00:00+02:00,52.23,48.460458080369484,42.39
2017-05-29 20:00:00+02:00,53.9,53.98001251180203,50.54
2017-05-29 21:00:00+02:00,54.93,58.390572666310575,55.68
2017-05-29 22:00:00+02:00,54.04,57.496798483679825,56.9
2017-05-29 23:00:00+02:00,53.01,54.66792923695454,55.68
2017-05-30 00:00:00+02:00,54.09,52.01825193436158,52.17
2017-05-30 01:00:00+02:00,51.66,48.92883146114414,49.6
2017-05-30 02:00:00+02:00,50.54,46.28610260955809,46.95
2017-05-30 03:00:00+02:00,49.6,44.326182426863966,45.4
2017-05-30 04:00:00+02:00,49.51,41.9148029849459,45.27
2017-05-30 05:00:00+02:00,50.3,40.106555926013854,48.07
2017-05-30 06:00:00+02:00,52.73,40.1106657414114,52.06
2017-05-30 07:00:00+02:00,54.53,38.87438290003226,52.71
2017-05-30 08:00:00+02:00,54.93,38.34121467834117,54.09
2017-05-30 09:00:00+02:00,55.02,36.64714444838353,55.1
2017-05-30 10:00:00+02:00,54.09,33.92576413967458,55.39
2017-05-30 11:00:00+02:00,54.1,30.979134032488595,55.3
2017-05-30 12:00:00+02:00,55.02,29.840559659641933,55.69
2017-05-30 13:00:00+02:00,55.73,29.54973783979185,55.01
2017-05-30 14:00:00+02:00,54.93,29.415555199512802,54.09
2017-05-30 15:00:00+02:00,54.48,29.338641948927357,53.73
2017-05-30 16:00:00+02:00,54.09,30.515068285208454,53.0
2017-05-30 17:00:00+02:00,53.7,33.49897150641115,52.71
2017-05-30 18:00:00+02:00,52.04,37.15225098668158,52.16
2017-05-30 19:00:00+02:00,52.01,41.482068863209406,52.23
2017-05-30 20:00:00+02:00,52.53,46.68042827304137,53.9
2017-05-30 21:00:00+02:00,54.09,50.76394393026823,54.93
2017-05-30 22:00:00+02:00,52.07,49.76220987448816,54.04
2017-05-30 23:00:00+02:00,52.01,46.76699933280416,53.01
2017-05-31 00:00:00+02:00,54.04,50.85096636517602,54.09
2017-05-31 01:00:00+02:00,51.57,47.57299114049025,51.66
2017-05-31 02:00:00+02:00,49.46,44.87543323956374,50.54
2017-05-31 03:00:00+02:00,48.34,42.7806321630514,49.6
2017-05-31 04:00:00+02:00,47.91,40.346418395081415,49.51
2017-05-31 05:00:00+02:00,50.0,38.45479570566243,50.3
2017-05-31 06:00:00+02:00,54.12,38.341176953413786,52.73
2017-05-31 07:00:00+02:00,54.93,37.03583499814731,54.53
2017-05-31 08:00:00+02:00,55.39,36.260123220835204,54.93
2017-05-31 09:00:00+02:00,55.0,34.50650470749788,55.02
2017-05-31 10:00:00+02:00,54.48,31.683314815778118,54.09
2017-05-31 11:00:00+02:00,54.48,28.7067911899994,54.1
2017-05-31 12:00:00+02:00,55.0,27.407556489200708,55.02
2017-05-31 13:00:00+02:00,55.31,26.937639442138575,55.73
2017-05-31 14:00:00+02:00,54.93,26.58586360055852,54.93
2017-05-31 15:00:00+02:00,54.93,26.41923282352829,54.48
2017-05-31 16:00:00+02:00,54.5,27.418766046156648,54.09
2017-05-31 17:00:00+02:00,54.53,30.181663092829623,53.7
2017-05-31 18:00:00+02:00,54.48,33.60577581980932,52.04
2017-05-31 19:00:00+02:00,54.48,37.897545962524326,52.01
2017-05-31 20:00:00+02:00,55.02,42.98772811300659,52.53
2017-05-31 21:00:00+02:00,56.3,47.11844376410454,54.09
2017-05-31 22:00:00+02:00,54.8,46.12876978042068,52.07
2017-05-31 23:00:00+02:00,54.45,43.23214231415795,52.01
2017-06-01 00:00:00+02:00,59.58,53.390101097455315,54.04
2017-06-01 01:00:00+02:00,53.98,50.00427468144777,51.57
2017-06-01 02:00:00+02:00,52.11,47.31700836127496,49.46
2017-06-01 03:00:00+02:00,48.14,45.28174246720925,48.34
2017-06-01 04:00:00+02:00,46.74,42.95177228517447,47.91
2017-06-01 05:00:00+02:00,48.41,41.227191121734506,50.0
2017-06-01 06:00:00+02:00,53.29,41.169295695100715,54.12
2017-06-01 07:00:00+02:00,60.15,39.75684789499163,54.93
2017-06-01 08:00:00+02:00,63.2,38.946664555289914,55.39
2017-06-01 09:00:00+02:00,66.21,37.23173994747951,55.0
2017-06-01 10:00:00+02:00,70.55,34.50542291618012,54.48
2017-06-01 11:00:00+02:00,71.0,31.611021919958013,54.48
2017-06-01 12:00:00+02:00,71.51,30.272579152272705,55.0
2017-06-01 13:00:00+02:00,70.99,29.76435245886313,55.31
2017-06-01 14:00:00+02:00,68.53,29.39173823989045,54.93
2017-06-01 15:00:00+02:00,65.62,29.27253187218248,54.93
2017-06-01 16:00:00+02:00,66.21,30.20811216251596,54.5
2017-06-01 17:00:00+02:00,70.55,32.920837297296075,54.53
2017-06-01 18:00:00+02:00,73.87,36.33507949843089,54.48
2017-06-01 19:00:00+02:00,74.69,40.61657012017768,54.48
2017-06-01 20:00:00+02:00,75.1,45.734249136393046,55.02
2017-06-01 21:00:00+02:00,75.1,50.02270237405031,56.3
2017-06-01 22:00:00+02:00,73.87,49.23841892023122,54.8
2017-06-01 23:00:00+02:00,71.69,46.61736649885221,54.45
2017-06-02 00:00:00+02:00,43.31,71.41185501228598,59.58
2017-06-02 01:00:00+02:00,37.01,67.84158369211906,53.98
2017-06-02 02:00:00+02:00,33.84,65.6583409281769,52.11
2017-06-02 03:00:00+02:00,31.0,63.798805230457965,48.14
2017-06-02 04:00:00+02:00,30.4,61.9895221324142,46.74
2017-06-02 05:00:00+02:00,33.76,60.78016694625177,48.41
2017-06-02 06:00:00+02:00,40.01,61.171852498589566,53.29
2017-06-02 07:00:00+02:00,50.24,60.316898939662494,60.15
2017-06-02 08:00:00+02:00,60.1,59.56284917075452,63.2
2017-06-02 09:00:00+02:00,60.71,58.21764972658935,66.21
2017-06-02 10:00:00+02:00,60.51,55.97979540662425,70.55
2017-06-02 11:00:00+02:00,58.28,53.18475648139264,71.0
2017-06-02 12:00:00+02:00,52.58,52.06839249372835,71.51
2017-06-02 13:00:00+02:00,50.24,51.771730598589535,70.99
2017-06-02 14:00:00+02:00,49.73,51.600073205328954,68.53
2017-06-02 15:00:00+02:00,48.89,51.77457628645286,65.62
2017-06-02 16:00:00+02:00,48.5,53.216795556744465,66.21
2017-06-02 17:00:00+02:00,49.73,56.41645685909463,70.55
2017-06-02 18:00:00+02:00,58.19,60.07184010288008,73.87
2017-06-02 19:00:00+02:00,62.25,64.47228801280022,74.69
2017-06-02 20:00:00+02:00,64.69,69.84442278555836,75.1
2017-06-02 21:00:00+02:00,60.69,74.50848269520219,75.1
2017-06-02 22:00:00+02:00,56.98,74.33013408153776,73.87
2017-06-02 23:00:00+02:00,50.24,72.28398847924353,71.69
2017-06-03 00:00:00+02:00,31.33,47.86222771452758,43.31
2017-06-03 01:00:00+02:00,29.04,45.273794411862056,37.01
2017-06-03 02:00:00+02:00,27.99,42.74551397045781,33.84
2017-06-03 03:00:00+02:00,25.35,40.3540276964134,31.0
2017-06-03 04:00:00+02:00,27.3,38.19802832975891,30.4
2017-06-03 05:00:00+02:00,29.07,36.762201524685146,33.76
2017-06-03 06:00:00+02:00,34.98,36.80993558839029,40.01
2017-06-03 07:00:00+02:00,42.4,35.87999662487744,50.24
2017-06-03 08:00:00+02:00,44.28,34.71058252105099,60.1
2017-06-03 09:00:00+02:00,47.03,32.37971908233564,60.71
2017-06-03 10:00:00+02:00,46.58,29.643555086596372,60.51
2017-06-03 11:00:00+02:00,46.36,26.16131462639477,58.28
2017-06-03 12:00:00+02:00,46.86,24.007692351615855,52.58
2017-06-03 13:00:00+02:00,46.7,23.11029171163893,50.24
2017-06-03 14:00:00+02:00,45.1,22.273677282967924,49.73
2017-06-03 15:00:00+02:00,43.2,21.623919137159106,48.89
2017-06-03 16:00:00+02:00,42.91,22.240314575040575,48.5
2017-06-03 17:00:00+02:00,46.15,24.71000840049778,49.73
2017-06-03 18:00:00+02:00,49.59,28.177048899651663,58.19
2017-06-03 19:00:00+02:00,55.1,31.724146699451275,62.25
2017-06-03 20:00:00+02:00,55.58,36.46123238962718,64.69
2017-06-03 21:00:00+02:00,54.01,40.32503410041666,60.69
2017-06-03 22:00:00+02:00,48.87,40.06850754687545,56.98
2017-06-03 23:00:00+02:00,46.1,37.81957620547381,50.24
2017-06-04 00:00:00+02:00,33.81,42.78351520010098,31.33
2017-06-04 01:00:00+02:00,30.59,41.346866229310194,29.04
2017-06-04 02:00:00+02:00,30.26,39.08051367688445,27.99
2017-06-04 03:00:00+02:00,29.27,36.658365871870345,25.35
2017-06-04 04:00:00+02:00,29.07,34.790909582377225,27.3
2017-06-04 05:00:00+02:00,30.34,33.28177886333559,29.07
2017-06-04 06:00:00+02:00,37.0,33.44471286506622,34.98
2017-06-04 07:00:00+02:00,44.22,32.603595918365485,42.4
2017-06-04 08:00:00+02:00,45.5,30.99061376968688,44.28
2017-06-04 09:00:00+02:00,42.71,28.67464298143907,47.03
2017-06-04 10:00:00+02:00,40.97,25.724340030323052,46.58
2017-06-04 11:00:00+02:00,39.1,22.38272917292381,46.36
2017-06-04 12:00:00+02:00,39.68,20.39437846009958,46.86
2017-06-04 13:00:00+02:00,37.38,19.63122128718244,46.7
2017-06-04 14:00:00+02:00,36.56,18.996924316764563,45.1
2017-06-04 15:00:00+02:00,36.47,18.622627293478345,43.2
2017-06-04 16:00:00+02:00,36.47,19.557589182166193,42.91
2017-06-04 17:00:00+02:00,36.45,22.38678975003355,46.15
2017-06-04 18:00:00+02:00,38.05,25.969066591644648,49.59
2017-06-04 19:00:00+02:00,40.99,29.71333298721797,55.1
2017-06-04 20:00:00+02:00,44.34,34.02437018258986,55.58
2017-06-04 21:00:00+02:00,48.52,37.73362360988918,54.01
2017-06-04 22:00:00+02:00,45.34,37.44042505453215,48.87
2017-06-04 23:00:00+02:00,37.89,35.216695754289354,46.1
2017-06-05 00:00:00+02:00,37.68,34.32895947373411,33.81
2017-06-05 01:00:00+02:00,36.45,33.25992870626106,30.59
2017-06-05 02:00:00+02:00,35.46,31.199496348511538,30.26
2017-06-05 03:00:00+02:00,35.46,28.688066751433794,29.27
2017-06-05 04:00:00+02:00,34.73,26.75747490882324,29.07
2017-06-05 05:00:00+02:00,35.33,25.243739698457393,30.34
2017-06-05 06:00:00+02:00,35.83,25.57346693829858,37.0
2017-06-05 07:00:00+02:00,36.4,24.76473969360266,44.22
2017-06-05 08:00:00+02:00,36.47,22.733720415786895,45.5
2017-06-05 09:00:00+02:00,36.67,20.093404447013587,42.71
2017-06-05 10:00:00+02:00,36.68,17.161613982377645,40.97
2017-06-05 11:00:00+02:00,36.88,13.769217104554706,39.1
2017-06-05 12:00:00+02:00,37.68,11.778337619316707,39.68
2017-06-05 13:00:00+02:00,38.6,10.676469979939775,37.38
2017-06-05 14:00:00+02:00,41.5,10.040510177151823,36.56
2017-06-05 15:00:00+02:00,37.73,9.630617476121554,36.47
2017-06-05 16:00:00+02:00,37.56,10.416590696998856,36.47
2017-06-05 17:00:00+02:00,38.02,13.04550788501875,36.45
2017-06-05 18:00:00+02:00,47.51,16.608125904786515,38.05
2017-06-05 19:00:00+02:00,50.1,20.36489964525048,40.99
2017-06-05 20:00:00+02:00,54.24,24.601538692934426,44.34
2017-06-05 21:00:00+02:00,57.15,28.332941349948975,48.52
2017-06-05 22:00:00+02:00,56.63,27.755362751356678,45.34
2017-06-05 23:00:00+02:00,56.0,25.617067217487612,37.89
2017-06-06 00:00:00+02:00,39.8,53.15189279238556,37.68
2017-06-06 01:00:00+02:00,38.95,52.510982995651595,36.45
2017-06-06 02:00:00+02:00,38.95,51.16042043906318,35.46
2017-06-06 03:00:00+02:00,38.95,49.3917889894375,35.46
2017-06-06 04:00:00+02:00,39.21,48.02485168811228,34.73
2017-06-06 05:00:00+02:00,39.9,47.20815911114697,35.33
2017-06-06 06:00:00+02:00,41.25,48.05803994872416,35.83
2017-06-06 07:00:00+02:00,48.65,47.96462264621365,36.4
2017-06-06 08:00:00+02:00,49.55,46.62995995693053,36.47
2017-06-06 09:00:00+02:00,50.0,44.684090279714084,36.67
2017-06-06 10:00:00+02:00,49.6,42.40368972964806,36.68
2017-06-06 11:00:00+02:00,50.69,39.69490428506114,36.88
2017-06-06 12:00:00+02:00,51.12,38.294660434001784,37.68
2017-06-06 13:00:00+02:00,51.38,37.7802646565909,38.6
2017-06-06 14:00:00+02:00,51.06,37.88157234875342,41.5
2017-06-06 15:00:00+02:00,50.8,37.6716133568087,37.73
2017-06-06 16:00:00+02:00,50.54,39.23452895729354,37.56
2017-06-06 17:00:00+02:00,50.54,42.44520670967925,38.02
2017-06-06 18:00:00+02:00,50.12,47.18100521860102,47.51
2017-06-06 19:00:00+02:00,50.0,51.153242905584,50.1
2017-06-06 20:00:00+02:00,50.8,56.07631590903707,54.24
2017-06-06 21:00:00+02:00,52.15,60.41206157893315,57.15
2017-06-06 22:00:00+02:00,51.0,60.53802287157307,56.63
2017-06-06 23:00:00+02:00,49.29,58.73285777850056,56.0
2017-06-07 00:00:00+02:00,53.25,45.05761529852437,39.8
2017-06-07 01:00:00+02:00,50.81,44.83701805546689,38.95
2017-06-07 02:00:00+02:00,49.27,43.306674221688404,38.95
2017-06-07 03:00:00+02:00,48.21,41.290351986778774,38.95
2017-06-07 04:00:00+02:00,48.83,39.714081125294456,39.21
2017-06-07 05:00:00+02:00,49.39,38.761701341492945,39.9
2017-06-07 06:00:00+02:00,50.5,39.47649111636039,41.25
2017-06-07 07:00:00+02:00,52.15,39.821108449954906,48.65
2017-06-07 08:00:00+02:00,53.25,38.153553225803094,49.55
2017-06-07 09:00:00+02:00,53.99,36.18293402436671,50.0
2017-06-07 10:00:00+02:00,53.87,33.81834277723862,49.6
2017-06-07 11:00:00+02:00,53.99,31.097705678105207,50.69
2017-06-07 12:00:00+02:00,54.03,29.33083561922475,51.12
2017-06-07 13:00:00+02:00,53.8,28.39614818499701,51.38
2017-06-07 14:00:00+02:00,53.1,27.996355591947456,51.06
2017-06-07 15:00:00+02:00,52.77,27.31935463900585,50.8
2017-06-07 16:00:00+02:00,52.5,28.24004123576084,50.54
2017-06-07 17:00:00+02:00,52.71,30.799836931009672,50.54
2017-06-07 18:00:00+02:00,53.31,34.866140861826175,50.12
2017-06-07 19:00:00+02:00,53.71,38.37711465488053,50.0
2017-06-07 20:00:00+02:00,53.1,42.81425152398087,50.8
2017-06-07 21:00:00+02:00,53.25,46.761874590202034,52.15
2017-06-07 22:00:00+02:00,53.4,46.566971343682106,51.0
2017-06-07 23:00:00+02:00,50.9,44.47697135186513,49.29
2017-06-08 00:00:00+02:00,41.96,47.378057586105946,53.25
2017-06-08 01:00:00+02:00,38.7,46.6591290357195,50.81
2017-06-08 02:00:00+02:00,35.99,45.37882440852058,49.27
2017-06-08 03:00:00+02:00,32.92,43.538605759388716,48.21
2017-06-08 04:00:00+02:00,30.0,42.15069280677214,48.83
2017-06-08 05:00:00+02:00,28.5,41.23025654582005,49.39
2017-06-08 06:00:00+02:00,28.5,41.89011693305291,50.5
2017-06-08 07:00:00+02:00,28.0,42.29786889171724,52.15
2017-06-08 08:00:00+02:00,29.77,40.63447798667457,53.25
2017-06-08 09:00:00+02:00,32.29,38.52640426453988,53.99
2017-06-08 10:00:00+02:00,33.58,35.91079998287122,53.87
2017-06-08 11:00:00+02:00,35.99,32.87957616203616,53.99
2017-06-08 12:00:00+02:00,38.8,30.54661581546167,54.03
2017-06-08 13:00:00+02:00,43.6,28.949327301547676,53.8
2017-06-08 14:00:00+02:00,50.86,27.88058184636722,53.1
2017-06-08 15:00:00+02:00,51.53,26.665185755244735,52.77
2017-06-08 16:00:00+02:00,50.0,26.979206096979674,52.5
2017-06-08 17:00:00+02:00,49.0,29.051040222264717,52.71
2017-06-08 18:00:00+02:00,46.89,32.810370598547905,53.31
2017-06-08 19:00:00+02:00,47.0,36.267552102392784,53.71
2017-06-08 20:00:00+02:00,51.53,40.674140145261575,53.1
2017-06-08 21:00:00+02:00,54.69,44.930552590740575,53.25
2017-06-08 22:00:00+02:00,56.05,45.343027602319744,53.4
2017-06-08 23:00:00+02:00,54.64,43.608006786598075,50.9
2017-06-09 00:00:00+02:00,46.0,50.926357319294745,41.96
2017-06-09 01:00:00+02:00,44.74,50.47359295668802,38.7
2017-06-09 02:00:00+02:00,41.29,49.32372272319772,35.99
2017-06-09 03:00:00+02:00,39.91,47.52957548894361,32.92
2017-06-09 04:00:00+02:00,38.55,46.07072676468772,30.0
2017-06-09 05:00:00+02:00,39.91,45.109893586438304,28.5
2017-06-09 06:00:00+02:00,44.2,45.65492853027072,28.5
2017-06-09 07:00:00+02:00,47.93,45.89107345654843,28.0
2017-06-09 08:00:00+02:00,50.91,44.444043910268256,29.77
2017-06-09 09:00:00+02:00,51.49,42.404112484834606,32.29
2017-06-09 10:00:00+02:00,51.09,39.826238255254545,33.58
2017-06-09 11:00:00+02:00,51.04,37.17329810624415,35.99
2017-06-09 12:00:00+02:00,51.57,35.36665698590011,38.8
2017-06-09 13:00:00+02:00,51.69,34.58001016188169,43.6
2017-06-09 14:00:00+02:00,51.5,34.47128400629843,50.86
2017-06-09 15:00:00+02:00,51.5,33.72630003027389,51.53
2017-06-09 16:00:00+02:00,51.46,34.64301763118291,50.0
2017-06-09 17:00:00+02:00,51.04,37.43077233149005,49.0
2017-06-09 18:00:00+02:00,49.9,41.64349149400024,46.89
2017-06-09 19:00:00+02:00,49.7,45.731245408320554,47.0
2017-06-09 20:00:00+02:00,51.46,50.65476993651263,51.53
2017-06-09 21:00:00+02:00,51.72,54.952899165187475,54.69
2017-06-09 22:00:00+02:00,47.23,55.46857304272946,56.05
2017-06-09 23:00:00+02:00,42.84,53.58844809399791,54.64
2017-06-10 00:00:00+02:00,49.84,38.543785258469846,46.0
2017-06-10 01:00:00+02:00,45.0,37.88309476565819,44.74
2017-06-10 02:00:00+02:00,43.89,36.19645747140309,41.29
2017-06-10 03:00:00+02:00,43.99,34.11607437883158,39.91
2017-06-10 04:00:00+02:00,43.89,32.18781062711478,38.55
2017-06-10 05:00:00+02:00,43.99,30.90861888763639,39.91
2017-06-10 06:00:00+02:00,48.84,31.09043509739248,44.2
2017-06-10 07:00:00+02:00,58.96,30.84814607027939,47.93
2017-06-10 08:00:00+02:00,61.3,28.99136340360458,50.91
2017-06-10 09:00:00+02:00,60.94,26.367414383064002,51.49
2017-06-10 10:00:00+02:00,59.0,23.284804005785595,51.09
2017-06-10 11:00:00+02:00,54.74,20.190783819475172,51.04
2017-06-10 12:00:00+02:00,51.03,17.90237888016444,51.57
2017-06-10 13:00:00+02:00,50.82,16.556018432451587,51.69
2017-06-10 14:00:00+02:00,49.68,15.913484803716441,51.5
2017-06-10 15:00:00+02:00,46.43,14.756689996107838,51.5
2017-06-10 16:00:00+02:00,46.0,15.105212860031187,51.46
2017-06-10 17:00:00+02:00,48.45,17.280668311401936,51.04
2017-06-10 18:00:00+02:00,50.73,20.889415025190274,49.9
2017-06-10 19:00:00+02:00,61.51,24.586663612615745,49.7
2017-06-10 20:00:00+02:00,62.17,29.137455932810923,51.46
2017-06-10 21:00:00+02:00,58.38,32.93168050882969,51.72
2017-06-10 22:00:00+02:00,51.53,32.928839035235754,47.23
2017-06-10 23:00:00+02:00,48.93,30.951139290822432,42.84
2017-06-11 00:00:00+02:00,45.15,45.550896681581726,49.84
2017-06-11 01:00:00+02:00,42.25,44.03787446895631,45.0
2017-06-11 02:00:00+02:00,35.5,42.71354019119356,43.89
2017-06-11 03:00:00+02:00,35.5,40.87517734774878,43.99
2017-06-11 04:00:00+02:00,35.31,39.04902436262521,43.89
2017-06-11 05:00:00+02:00,41.15,37.85561437076153,43.99
2017-06-11 06:00:00+02:00,51.52,38.36564153990163,48.84
2017-06-11 07:00:00+02:00,62.58,38.61940791046674,58.96
2017-06-11 08:00:00+02:00,62.0,36.489815672425166,61.3
2017-06-11 09:00:00+02:00,61.0,33.82195381158209,60.94
2017-06-11 10:00:00+02:00,58.48,30.770602191298998,59.0
2017-06-11 11:00:00+02:00,56.69,27.639280102139356,54.74
2017-06-11 12:00:00+02:00,56.69,25.44658342198133,51.03
2017-06-11 13:00:00+02:00,57.0,24.389355741986606,50.82
2017-06-11 14:00:00+02:00,57.69,23.77320037622966,49.68
2017-06-11 15:00:00+02:00,57.6,22.628313797312096,46.43
2017-06-11 16:00:00+02:00,58.48,23.179939941408197,46.0
2017-06-11 17:00:00+02:00,61.0,25.553357260432072,48.45
2017-06-11 18:00:00+02:00,62.99,29.18480765036968,50.73
2017-06-11 19:00:00+02:00,65.26,33.54449842737747,61.51
2017-06-11 20:00:00+02:00,65.58,37.53094739847217,62.17
2017-06-11 21:00:00+02:00,63.47,41.16205117279347,58.38
2017-06-11 22:00:00+02:00,61.52,41.32294579573107,51.53
2017-06-11 23:00:00+02:00,57.1,39.8126021808453,48.93
2017-06-12 00:00:00+02:00,80.0,54.105416044426875,45.15
2017-06-12 01:00:00+02:00,75.69,52.69849741622285,42.25
2017-06-12 02:00:00+02:00,73.12,51.28125765727227,35.5
2017-06-12 03:00:00+02:00,71.18,50.076802691474995,35.5
2017-06-12 04:00:00+02:00,70.9,48.44040503285848,35.31
2017-06-12 05:00:00+02:00,71.18,47.76592996031066,41.15
2017-06-12 06:00:00+02:00,74.04,48.64198161932761,51.52
2017-06-12 07:00:00+02:00,70.62,49.122004211115915,62.58
2017-06-12 08:00:00+02:00,71.01,46.544197602834416,62.0
2017-06-12 09:00:00+02:00,76.2,44.00506714915889,61.0
2017-06-12 10:00:00+02:00,77.28,41.04604248626207,58.48
2017-06-12 11:00:00+02:00,77.02,38.13311067761356,56.69
2017-06-12 12:00:00+02:00,76.13,36.16954439388227,56.69
2017-06-12 13:00:00+02:00,76.2,35.23160501515883,57.0
2017-06-12 14:00:00+02:00,76.12,34.77767307325681,57.69
2017-06-12 15:00:00+02:00,71.7,33.786202805280325,57.6
2017-06-12 16:00:00+02:00,71.69,34.46030018725312,58.48
2017-06-12 17:00:00+02:00,77.21,36.99074031932766,61.0
2017-06-12 18:00:00+02:00,84.39,40.678037748973516,62.99
2017-06-12 19:00:00+02:00,86.99,45.17651621672626,65.26
2017-06-12 20:00:00+02:00,84.97,49.235821143499706,65.58
2017-06-12 21:00:00+02:00,77.71,52.905589539720154,63.47
2017-06-12 22:00:00+02:00,74.05,53.47698899877783,61.52
2017-06-12 23:00:00+02:00,71.39,52.25301421777117,57.1
2017-06-13 00:00:00+02:00,47.13,70.22902071073376,80.0
2017-06-13 01:00:00+02:00,43.08,67.08440963114984,75.69
2017-06-13 02:00:00+02:00,42.01,65.70563624221025,73.12
2017-06-13 03:00:00+02:00,41.99,64.58820360862778,71.18
2017-06-13 04:00:00+02:00,42.19,63.15024592386196,70.9
2017-06-13 05:00:00+02:00,43.21,62.51632947729431,71.18
2017-06-13 06:00:00+02:00,46.01,63.51440557726993,74.04
2017-06-13 07:00:00+02:00,49.97,63.6718996840922,70.62
2017-06-13 08:00:00+02:00,52.71,61.57748480688662,71.01
2017-06-13 09:00:00+02:00,52.89,59.432571243564716,76.2
2017-06-13 10:00:00+02:00,53.03,56.30186608188243,77.28
2017-06-13 11:00:00+02:00,53.11,53.33117344928093,77.02
2017-06-13 12:00:00+02:00,53.99,51.30956462032006,76.13
2017-06-13 13:00:00+02:00,53.99,50.41544476093099,76.2
2017-06-13 14:00:00+02:00,53.69,49.97657985641342,76.12
2017-06-13 15:00:00+02:00,53.11,48.79370503375141,71.7
2017-06-13 16:00:00+02:00,53.54,49.693509613718575,71.69
2017-06-13 17:00:00+02:00,53.9,52.53620981459146,77.21
2017-06-13 18:00:00+02:00,53.6,56.32848882086641,84.39
2017-06-13 19:00:00+02:00,53.25,60.53221195984179,86.99
2017-06-13 20:00:00+02:00,54.0,64.35617995696069,84.97
2017-06-13 21:00:00+02:00,54.61,67.76090676997774,77.71
2017-06-13 22:00:00+02:00,54.49,68.8247057152554,74.05
2017-06-13 23:00:00+02:00,53.11,67.79424327392137,71.39
2017-06-14 00:00:00+02:00,53.1,50.1208433443835,47.13
2017-06-14 01:00:00+02:00,51.12,47.967008283052174,43.08
2017-06-14 02:00:00+02:00,49.97,46.42232275137854,42.01
2017-06-14 03:00:00+02:00,50.04,45.05271211499593,41.99
2017-06-14 04:00:00+02:00,50.51,43.3582274563208,42.19
2017-06-14 05:00:00+02:00,51.09,42.476405993750404,43.21
2017-06-14 06:00:00+02:00,53.0,43.270857673348466,46.01
2017-06-14 07:00:00+02:00,54.71,43.37924376785877,49.97
2017-06-14 08:00:00+02:00,55.45,41.16896004665382,52.71
2017-06-14 09:00:00+02:00,55.89,38.67530256641074,52.89
2017-06-14 10:00:00+02:00,55.89,35.37368975433756,53.03
2017-06-14 11:00:00+02:00,55.89,32.10755426627668,53.11
2017-06-14 12:00:00+02:00,56.29,29.685747848120393,53.99
2017-06-14 13:00:00+02:00,56.0,28.176917280885377,53.99
2017-06-14 14:00:00+02:00,55.3,27.139337111512848,53.69
2017-06-14 15:00:00+02:00,54.97,25.396932637564696,53.11
2017-06-14 16:00:00+02:00,54.93,25.64985937626536,53.54
2017-06-14 17:00:00+02:00,54.54,27.809825944341945,53.9
2017-06-14 18:00:00+02:00,54.5,30.99933106030634,53.6
2017-06-14 19:00:00+02:00,54.04,34.77411891059223,53.25
2017-06-14 20:00:00+02:00,53.69,38.36158691376916,54.0
2017-06-14 21:00:00+02:00,54.53,41.512545316416876,54.61
2017-06-14 22:00:00+02:00,53.1,42.49453196441738,54.49
2017-06-14 23:00:00+02:00,52.32,41.23402653402293,53.11
2017-06-15 00:00:00+02:00,54.97,49.503363090441255,53.1
2017-06-15 01:00:00+02:00,52.89,47.25397538838627,51.12
2017-06-15 02:00:00+02:00,51.57,45.763567643834705,49.97
2017-06-15 03:00:00+02:00,51.04,44.47856676359688,50.04
2017-06-15 04:00:00+02:00,51.04,42.82680687054903,50.51
2017-06-15 05:00:00+02:00,51.57,41.84762870338802,51.09
2017-06-15 06:00:00+02:00,51.57,42.52311876699527,53.0
2017-06-15 07:00:00+02:00,53.52,42.53438966917348,54.71
2017-06-15 08:00:00+02:00,54.71,40.29253904641878,55.45
2017-06-15 09:00:00+02:00,55.7,37.67762582262213,55.89
2017-06-15 10:00:00+02:00,55.23,34.304633633501226,55.89
2017-06-15 11:00:00+02:00,56.08,31.003279458662927,55.89
2017-06-15 12:00:00+02:00,57.5,28.62062496248184,56.29
2017-06-15 13:00:00+02:00,57.47,27.169969365173202,56.0
2017-06-15 14:00:00+02:00,55.55,26.298172529887854,55.3
2017-06-15 15:00:00+02:00,54.53,24.902816667971607,54.97
2017-06-15 16:00:00+02:00,54.04,25.327409039421838,54.93
2017-06-15 17:00:00+02:00,53.62,27.585228547594063,54.54
2017-06-15 18:00:00+02:00,53.1,30.92345078634056,54.5
2017-06-15 19:00:00+02:00,52.5,34.74380492847523,54.04
2017-06-15 20:00:00+02:00,52.69,38.40065106282055,53.69
2017-06-15 21:00:00+02:00,53.0,41.65838833367816,54.53
2017-06-15 22:00:00+02:00,53.0,42.54864064261996,53.1
2017-06-15 23:00:00+02:00,52.14,41.34450011602163,52.32
2017-06-16 00:00:00+02:00,51.17,49.6982063554576,54.97
2017-06-16 01:00:00+02:00,48.99,47.151554006566094,52.89
2017-06-16 02:00:00+02:00,44.86,45.666404602966765,51.57
2017-06-16 03:00:00+02:00,43.18,44.4482507686537,51.04
2017-06-16 04:00:00+02:00,43.1,42.887121963388175,51.04
2017-06-16 05:00:00+02:00,43.1,41.93103400331499,51.57
2017-06-16 06:00:00+02:00,45.0,42.492219691936896,51.57
2017-06-16 07:00:00+02:00,50.51,42.694815245822106,53.52
2017-06-16 08:00:00+02:00,52.37,40.58959619580006,54.71
2017-06-16 09:00:00+02:00,54.53,38.018158291195796,55.7
2017-06-16 10:00:00+02:00,54.87,34.62440498077321,55.23
2017-06-16 11:00:00+02:00,54.93,31.42562942552869,56.08
2017-06-16 12:00:00+02:00,55.02,29.048977476455157,57.5
2017-06-16 13:00:00+02:00,55.3,27.465842411017867,57.47
2017-06-16 14:00:00+02:00,55.0,26.450612850269348,55.55
2017-06-16 15:00:00+02:00,54.04,25.169120323826704,54.53
2017-06-16 16:00:00+02:00,54.04,25.548330266182198,54.04
2017-06-16 17:00:00+02:00,53.51,27.720408340378775,53.62
2017-06-16 18:00:00+02:00,53.1,31.011347510744322,53.1
2017-06-16 19:00:00+02:00,52.37,34.82992809439705,52.5
2017-06-16 20:00:00+02:00,51.89,38.58784151321576,52.69
2017-06-16 21:00:00+02:00,52.15,41.92402018140831,53.0
2017-06-16 22:00:00+02:00,51.04,42.98933336712727,53.0
2017-06-16 23:00:00+02:00,50.51,41.92135804034665,52.14
2017-06-17 00:00:00+02:00,51.89,48.141962312293664,51.17
2017-06-17 01:00:00+02:00,47.14,45.52981631661977,48.99
2017-06-17 02:00:00+02:00,43.1,43.84524686044314,44.86
2017-06-17 03:00:00+02:00,43.01,42.76101943984946,43.18
2017-06-17 04:00:00+02:00,43.0,41.339305017084854,43.1
2017-06-17 05:00:00+02:00,42.95,40.35853042449399,43.1
2017-06-17 06:00:00+02:00,42.95,40.94236188745248,45.0
2017-06-17 07:00:00+02:00,42.95,41.40324951646136,50.51
2017-06-17 08:00:00+02:00,46.52,39.22139710009772,52.37
2017-06-17 09:00:00+02:00,51.04,36.68728692210171,54.53
2017-06-17 10:00:00+02:00,53.62,33.22389885690818,54.87
2017-06-17 11:00:00+02:00,54.52,29.983579724322265,54.93
2017-06-17 12:00:00+02:00,55.55,27.548307311142235,55.02
2017-06-17 13:00:00+02:00,55.83,25.919417664917933,55.3
2017-06-17 14:00:00+02:00,55.81,24.825589512237734,55.0
2017-06-17 15:00:00+02:00,53.62,23.51450640963354,54.04
2017-06-17 16:00:00+02:00,52.15,23.848915077172922,54.04
2017-06-17 17:00:00+02:00,51.57,25.87124637312788,53.51
2017-06-17 18:00:00+02:00,51.89,29.095220220059172,53.1
2017-06-17 19:00:00+02:00,52.37,32.865099762820506,52.37
2017-06-17 20:00:00+02:00,53.4,36.65247166750419,51.89
2017-06-17 21:00:00+02:00,54.87,40.07839092343361,52.15
2017-06-17 22:00:00+02:00,54.04,41.21830341027412,51.04
2017-06-17 23:00:00+02:00,51.57,40.32907115122164,50.51
2017-06-18 00:00:00+02:00,51.87,49.67418863451277,51.89
2017-06-18 01:00:00+02:00,48.01,46.77042911801314,47.14
2017-06-18 02:00:00+02:00,43.99,45.127328709822635,43.1
2017-06-18 03:00:00+02:00,43.79,44.342503714796614,43.01
2017-06-18 04:00:00+02:00,43.99,43.04247583506355,43.0
2017-06-18 05:00:00+02:00,43.99,42.110295962979144,42.95
2017-06-18 06:00:00+02:00,43.74,42.671087789738515,42.95
2017-06-18 07:00:00+02:00,43.54,43.21303482615781,42.95
2017-06-18 08:00:00+02:00,43.99,41.515294303183985,46.52
2017-06-18 09:00:00+02:00,45.77,39.16433498597604,51.04
2017-06-18 10:00:00+02:00,49.21,35.70792814911721,53.62
2017-06-18 11:00:00+02:00,51.57,32.40563945443119,54.52
2017-06-18 12:00:00+02:00,51.87,29.987353974220607,55.55
2017-06-18 13:00:00+02:00,53.17,28.326215150272944,55.83
2017-06-18 14:00:00+02:00,53.9,27.24676276145521,55.81
2017-06-18 15:00:00+02:00,53.1,25.883115500271007,53.62
2017-06-18 16:00:00+02:00,52.81,26.230741666340815,52.15
2017-06-18 17:00:00+02:00,52.71,28.28165198274952,51.57
2017-06-18 18:00:00+02:00,54.35,31.569191382538136,51.89
2017-06-18 19:00:00+02:00,54.37,35.40032582877614,52.37
2017-06-18 20:00:00+02:00,55.87,39.308962826278254,53.4
2017-06-18 21:00:00+02:00,57.6,42.87682799751015,54.87
2017-06-18 22:00:00+02:00,59.05,44.10536031180847,54.04
2017-06-18 23:00:00+02:00,56.4,43.472218359932654,51.57
2017-06-19 00:00:00+02:00,54.04,55.49598902931551,51.87
2017-06-19 01:00:00+02:00,46.05,52.51492081122325,48.01
2017-06-19 02:00:00+02:00,43.98,51.366106385970554,43.99
2017-06-19 03:00:00+02:00,42.77,52.2571946254737,43.79
2017-06-19 04:00:00+02:00,42.4,52.983204801130455,43.99
2017-06-19 05:00:00+02:00,43.19,54.325950002118546,43.99
2017-06-19 06:00:00+02:00,45.95,57.3690057717062,43.74
2017-06-19 07:00:00+02:00,52.28,60.90291702291649,43.54
2017-06-19 08:00:00+02:00,54.9,62.399849640105685,43.99
2017-06-19 09:00:00+02:00,55.81,62.90061490365339,45.77
2017-06-19 10:00:00+02:00,54.83,61.93668108784549,49.21
2017-06-19 11:00:00+02:00,54.87,60.35146780466863,51.57
2017-06-19 12:00:00+02:00,56.08,58.78170007560222,51.87
2017-06-19 13:00:00+02:00,56.69,57.35407107099707,53.17
2017-06-19 14:00:00+02:00,56.75,55.66724688553497,53.9
2017-06-19 15:00:00+02:00,56.9,53.06554678745385,53.1
2017-06-19 16:00:00+02:00,57.19,51.690598361737486,52.81
2017-06-19 17:00:00+02:00,58.03,51.63878396803807,52.71
2017-06-19 18:00:00+02:00,57.59,52.868881951743084,54.35
2017-06-19 19:00:00+02:00,57.07,54.57883510856271,54.37
2017-06-19 20:00:00+02:00,57.19,56.91717051230145,55.87
2017-06-19 21:00:00+02:00,57.5,59.28791712266606,57.6
2017-06-19 22:00:00+02:00,56.69,60.2639306139159,59.05
2017-06-19 23:00:00+02:00,54.04,59.8545268609018,56.4
2017-06-20 00:00:00+02:00,56.75,52.474299720631926,54.04
2017-06-20 01:00:00+02:00,51.04,48.97321451359847,46.05
2017-06-20 02:00:00+02:00,48.69,47.47705564101256,43.98
2017-06-20 03:00:00+02:00,48.69,46.98782721092563,42.77
2017-06-20 04:00:00+02:00,47.97,46.07003274663414,42.4
2017-06-20 05:00:00+02:00,47.61,45.48001739777193,43.19
2017-06-20 06:00:00+02:00,48.69,46.36860896736307,45.95
2017-06-20 07:00:00+02:00,52.15,47.6583752940878,52.28
2017-06-20 08:00:00+02:00,54.89,46.61721378841582,54.9
2017-06-20 09:00:00+02:00,54.83,44.89727595267689,55.81
2017-06-20 10:00:00+02:00,54.85,42.08650458595943,54.83
2017-06-20 11:00:00+02:00,54.83,39.20780747045206,54.87
2017-06-20 12:00:00+02:00,56.75,36.89449775306516,56.08
2017-06-20 13:00:00+02:00,57.01,35.2384468048416,56.69
2017-06-20 14:00:00+02:00,56.93,33.96224271619438,56.75
2017-06-20 15:00:00+02:00,56.75,32.36731214405286,56.9
2017-06-20 16:00:00+02:00,56.75,32.2693146058283,57.19
2017-06-20 17:00:00+02:00,56.93,33.82015766217478,58.03
2017-06-20 18:00:00+02:00,56.75,36.6381686537863,57.59
2017-06-20 19:00:00+02:00,56.0,40.01645103007034,57.07
2017-06-20 20:00:00+02:00,56.69,43.821392968106224,57.19
2017-06-20 21:00:00+02:00,58.03,47.322242207477935,57.5
2017-06-20 22:00:00+02:00,57.59,48.70925363136908,56.69
2017-06-20 23:00:00+02:00,53.89,47.980762942429564,54.04
2017-06-21 00:00:00+02:00,59.84,52.86142024144273,56.75
2017-06-21 01:00:00+02:00,54.21,49.092630908125486,51.04
2017-06-21 02:00:00+02:00,51.57,47.717253497901076,48.69
2017-06-21 03:00:00+02:00,51.04,47.24906463187324,48.69
2017-06-21 04:00:00+02:00,50.97,46.13393079121023,47.97
2017-06-21 05:00:00+02:00,51.57,45.25844424600656,47.61
2017-06-21 06:00:00+02:00,54.04,45.7618569358176,48.69
2017-06-21 07:00:00+02:00,58.01,46.679353400153474,52.15
2017-06-21 08:00:00+02:00,58.62,45.199629347130056,54.89
2017-06-21 09:00:00+02:00,57.52,42.78743101812912,54.83
2017-06-21 10:00:00+02:00,57.35,39.52418096207975,54.85
2017-06-21 11:00:00+02:00,57.61,36.21895937482284,54.83
2017-06-21 12:00:00+02:00,58.99,33.70971572473313,56.75
2017-06-21 13:00:00+02:00,59.0,31.79221287220459,57.01
2017-06-21 14:00:00+02:00,58.99,30.499701783004273,56.93
2017-06-21 15:00:00+02:00,58.93,29.083841061941083,56.75
2017-06-21 16:00:00+02:00,59.03,29.17132729891685,56.75
2017-06-21 17:00:00+02:00,59.03,30.95620753313409,56.93
2017-06-21 18:00:00+02:00,58.62,34.01205476001563,56.75
2017-06-21 19:00:00+02:00,58.0,37.626480531445395,56.0
2017-06-21 20:00:00+02:00,58.43,41.75085862598429,56.69
2017-06-21 21:00:00+02:00,59.35,45.51789963511182,58.03
2017-06-21 22:00:00+02:00,58.62,47.033732468218176,57.59
2017-06-21 23:00:00+02:00,54.83,46.35837791683377,53.89
2017-06-22 00:00:00+02:00,59.99,54.43615032163917,59.84
2017-06-22 01:00:00+02:00,55.21,50.08818637930341,54.21
2017-06-22 02:00:00+02:00,51.57,48.687340918013355,51.57
2017-06-22 03:00:00+02:00,50.54,48.274950700344114,51.04
2017-06-22 04:00:00+02:00,50.0,47.21297621109818,50.97
2017-06-22 05:00:00+02:00,49.93,46.344052428950704,51.57
2017-06-22 06:00:00+02:00,50.54,46.85342933882691,54.04
2017-06-22 07:00:00+02:00,56.2,47.81445301214993,58.01
2017-06-22 08:00:00+02:00,58.62,46.245961523772024,58.62
2017-06-22 09:00:00+02:00,56.57,43.74900514755199,57.52
2017-06-22 10:00:00+02:00,56.75,40.569223598383694,57.35
2017-06-22 11:00:00+02:00,57.0,37.271804731210324,57.61
2017-06-22 12:00:00+02:00,59.0,34.753981027563896,58.99
2017-06-22 13:00:00+02:00,59.03,32.67778255814695,59.0
2017-06-22 14:00:00+02:00,59.0,31.304880266288418,58.99
2017-06-22 15:00:00+02:00,58.8,29.862914356200523,58.93
2017-06-22 16:00:00+02:00,58.62,29.836485615838054,59.03
2017-06-22 17:00:00+02:00,58.1,31.47413477352641,59.03
2017-06-22 18:00:00+02:00,56.93,34.391637527738304,58.62
2017-06-22 19:00:00+02:00,56.75,37.93117587107668,58.0
2017-06-22 20:00:00+02:00,56.93,42.07196252939418,58.43
2017-06-22 21:00:00+02:00,57.85,45.88094249795484,59.35
2017-06-22 22:00:00+02:00,56.88,47.422541767110175,58.62
2017-06-22 23:00:00+02:00,52.86,46.69046002442466,54.83
2017-06-23 00:00:00+02:00,54.52,52.971763532409476,59.99
2017-06-23 01:00:00+02:00,48.77,48.17849092995063,55.21
2017-06-23 02:00:00+02:00,45.8,46.55981916946408,51.57
2017-06-23 03:00:00+02:00,45.6,46.17393078006435,50.54
2017-06-23 04:00:00+02:00,45.8,45.12253945315469,50.0
2017-06-23 05:00:00+02:00,45.83,44.20437445036114,49.93
2017-06-23 06:00:00+02:00,47.28,44.59594587936038,50.54
2017-06-23 07:00:00+02:00,53.25,45.779141276541814,56.2
2017-06-23 08:00:00+02:00,58.0,44.104699172813284,58.62
2017-06-23 09:00:00+02:00,57.61,41.29427061732142,56.57
2017-06-23 10:00:00+02:00,58.01,38.21179688935045,56.75
2017-06-23 11:00:00+02:00,58.1,34.86054871903534,57.0
2017-06-23 12:00:00+02:00,59.2,32.327654692229544,59.0
2017-06-23 13:00:00+02:00,59.15,30.01800949488775,59.03
2017-06-23 14:00:00+02:00,58.03,28.5071849138977,59.0
2017-06-23 15:00:00+02:00,57.61,26.979578060334802,58.8
2017-06-23 16:00:00+02:00,56.75,26.787858625750175,58.62
2017-06-23 17:00:00+02:00,54.04,28.217622356643133,58.1
2017-06-23 18:00:00+02:00,52.38,30.933108338088346,56.93
2017-06-23 19:00:00+02:00,52.02,34.424288937505445,56.75
2017-06-23 20:00:00+02:00,51.57,38.488044452816595,56.93
2017-06-23 21:00:00+02:00,52.02,42.30317321438355,57.85
2017-06-23 22:00:00+02:00,50.0,43.80965680088369,56.88
2017-06-23 23:00:00+02:00,45.8,42.986153476711905,52.86
2017-06-24 00:00:00+02:00,56.75,46.050385532596025,54.52
2017-06-24 01:00:00+02:00,50.69,40.91736295446661,48.77
2017-06-24 02:00:00+02:00,46.15,39.0813221904763,45.8
2017-06-24 03:00:00+02:00,46.23,38.61383320207912,45.6
2017-06-24 04:00:00+02:00,45.95,37.4573431998765,45.8
2017-06-24 05:00:00+02:00,45.95,36.341051717891084,45.83
2017-06-24 06:00:00+02:00,45.6,36.55481033873554,47.28
2017-06-24 07:00:00+02:00,45.8,37.79641888977671,53.25
2017-06-24 08:00:00+02:00,49.99,36.054996367851814,58.0
2017-06-24 09:00:00+02:00,53.02,32.79833464617144,57.61
2017-06-24 10:00:00+02:00,57.0,29.578062644643655,58.01
2017-06-24 11:00:00+02:00,57.07,26.03938282591608,58.1
2017-06-24 12:00:00+02:00,57.85,23.33059623532464,59.2
2017-06-24 13:00:00+02:00,58.0,20.74419272998353,59.15
2017-06-24 14:00:00+02:00,57.04,18.919821801422128,58.03
2017-06-24 15:00:00+02:00,53.0,17.24785811308539,57.61
2017-06-24 16:00:00+02:00,51.97,16.761643966036864,56.75
2017-06-24 17:00:00+02:00,51.95,17.779076430208377,54.04
2017-06-24 18:00:00+02:00,51.77,20.290603699315778,52.38
2017-06-24 19:00:00+02:00,51.95,23.643633699454913,52.02
2017-06-24 20:00:00+02:00,51.95,27.495819984904465,51.57
2017-06-24 21:00:00+02:00,53.0,31.21231186469359,52.02
2017-06-24 22:00:00+02:00,55.62,32.54106864546854,50.0
2017-06-24 23:00:00+02:00,52.71,31.57091171567525,45.8
2017-06-25 00:00:00+02:00,52.11,54.05862428878665,56.75
2017-06-25 01:00:00+02:00,47.7,48.489194367776165,50.69
2017-06-25 02:00:00+02:00,44.7,46.771484713647865,46.15
2017-06-25 03:00:00+02:00,43.02,46.79601694116471,46.23
2017-06-25 04:00:00+02:00,42.61,45.96371071923476,45.95
2017-06-25 05:00:00+02:00,42.53,45.15194672909859,45.95
2017-06-25 06:00:00+02:00,42.43,45.543612343655255,45.6
2017-06-25 07:00:00+02:00,42.36,47.03502984441286,45.8
2017-06-25 08:00:00+02:00,42.38,46.033600805495475,49.99
2017-06-25 09:00:00+02:00,43.35,43.110249032745415,53.02
2017-06-25 10:00:00+02:00,44.95,40.22728388115305,57.0
2017-06-25 11:00:00+02:00,44.95,36.73226013455219,57.07
2017-06-25 12:00:00+02:00,45.4,34.27791865199636,57.85
2017-06-25 13:00:00+02:00,48.78,31.92191955969082,58.0
2017-06-25 14:00:00+02:00,48.78,30.25527738678651,57.04
2017-06-25 15:00:00+02:00,46.23,28.651361385529473,53.0
2017-06-25 16:00:00+02:00,45.15,28.561516197752635,51.97
2017-06-25 17:00:00+02:00,45.05,29.846305709772338,51.95
2017-06-25 18:00:00+02:00,50.0,32.54074958184416,51.77
2017-06-25 19:00:00+02:00,52.12,36.14971175986772,51.95
2017-06-25 20:00:00+02:00,54.52,40.25153104542915,51.95
2017-06-25 21:00:00+02:00,59.15,44.3394031156383,53.0
2017-06-25 22:00:00+02:00,60.15,46.22600480649628,55.62
2017-06-25 23:00:00+02:00,59.99,45.278712555376956,52.71
2017-06-26 00:00:00+02:00,56.96,61.49624164084344,52.11
2017-06-26 01:00:00+02:00,53.0,56.466387843916294,47.7
2017-06-26 02:00:00+02:00,51.04,54.946304473813036,44.7
2017-06-26 03:00:00+02:00,50.54,55.2782463052071,43.02
2017-06-26 04:00:00+02:00,50.53,54.928232103851094,42.61
2017-06-26 05:00:00+02:00,50.54,54.489663638404295,42.53
2017-06-26 06:00:00+02:00,53.02,55.14584196678883,42.43
2017-06-26 07:00:00+02:00,56.69,56.90601414591172,42.36
2017-06-26 08:00:00+02:00,56.93,56.413070362319104,42.38
2017-06-26 09:00:00+02:00,55.96,54.0298932561556,43.35
2017-06-26 10:00:00+02:00,55.77,51.535160138501034,44.95
2017-06-26 11:00:00+02:00,55.77,48.31306695796019,44.95
2017-06-26 12:00:00+02:00,55.89,46.150938467973155,45.4
2017-06-26 13:00:00+02:00,55.89,44.31233617093207,48.78
2017-06-26 14:00:00+02:00,55.65,42.72677462257098,48.78
2017-06-26 15:00:00+02:00,54.69,41.27373763199822,46.23
2017-06-26 16:00:00+02:00,54.52,41.51284958779544,45.15
2017-06-26 17:00:00+02:00,55.77,43.11778677763001,45.05
2017-06-26 18:00:00+02:00,54.96,46.394310410251904,50.0
2017-06-26 19:00:00+02:00,55.2,50.11837108146635,52.12
2017-06-26 20:00:00+02:00,55.77,54.536354346258264,54.52
2017-06-26 21:00:00+02:00,56.89,59.11591865554775,59.15
2017-06-26 22:00:00+02:00,56.34,61.26446262373152,60.15
2017-06-26 23:00:00+02:00,53.0,60.61095803752376,59.99
2017-06-27 00:00:00+02:00,57.77,54.09740602488243,56.96
2017-06-27 01:00:00+02:00,55.65,49.09457458819702,53.0
2017-06-27 02:00:00+02:00,53.02,47.177461266041,51.04
2017-06-27 03:00:00+02:00,52.12,47.1551219212645,50.54
2017-06-27 04:00:00+02:00,51.04,46.55652602747825,50.53
2017-06-27 05:00:00+02:00,50.59,45.80598540039947,50.54
2017-06-27 06:00:00+02:00,52.32,46.22722308474538,53.02
2017-06-27 07:00:00+02:00,57.1,47.671805062811956,56.69
2017-06-27 08:00:00+02:00,58.57,46.77494514222377,56.93
2017-06-27 09:00:00+02:00,58.59,44.10422158536974,55.96
2017-06-27 10:00:00+02:00,56.93,41.34331933011146,55.77
2017-06-27 11:00:00+02:00,55.97,37.85652586714853,55.77
2017-06-27 12:00:00+02:00,54.96,35.30740090304922,55.89
2017-06-27 13:00:00+02:00,52.28,33.106759150062494,55.89
2017-06-27 14:00:00+02:00,50.53,31.15904343423958,55.65
2017-06-27 15:00:00+02:00,49.0,29.321726534205276,54.69
2017-06-27 16:00:00+02:00,46.28,29.173575611327436,54.52
2017-06-27 17:00:00+02:00,45.2,30.455094697242018,55.77
2017-06-27 18:00:00+02:00,44.95,33.167333076328354,54.96
2017-06-27 19:00:00+02:00,43.95,36.597750687873585,55.2
2017-06-27 20:00:00+02:00,44.95,40.678910879400945,55.77
2017-06-27 21:00:00+02:00,46.28,44.96761941314172,56.89
2017-06-27 22:00:00+02:00,49.0,46.851925820563636,56.34
2017-06-27 23:00:00+02:00,43.95,46.090661497999534,53.0
2017-06-28 00:00:00+02:00,46.1,45.293985587434975,57.77
2017-06-28 01:00:00+02:00,41.81,39.99089407167621,55.65
2017-06-28 02:00:00+02:00,41.36,37.57157788300011,53.02
2017-06-28 03:00:00+02:00,41.16,37.262085986200816,52.12
2017-06-28 04:00:00+02:00,40.96,36.42990426962201,51.04
2017-06-28 05:00:00+02:00,40.96,35.474043675416965,50.59
2017-06-28 06:00:00+02:00,41.61,35.705071790416056,52.32
2017-06-28 07:00:00+02:00,44.95,37.02448981105928,57.1
2017-06-28 08:00:00+02:00,50.0,35.80875670012007,58.57
2017-06-28 09:00:00+02:00,51.57,32.89024721124499,58.59
2017-06-28 10:00:00+02:00,42.63,29.762376115070342,56.93
2017-06-28 11:00:00+02:00,42.7,26.098703620355714,55.97
2017-06-28 12:00:00+02:00,42.26,23.227842498840303,54.96
2017-06-28 13:00:00+02:00,42.53,20.629567931708927,52.28
2017-06-28 14:00:00+02:00,41.96,18.45777940614652,50.53
2017-06-28 15:00:00+02:00,41.61,16.371581555675384,49.0
2017-06-28 16:00:00+02:00,41.36,15.778370126923894,46.28
2017-06-28 17:00:00+02:00,41.36,16.806348055879127,45.2
2017-06-28 18:00:00+02:00,41.16,19.226721702910837,44.95
2017-06-28 19:00:00+02:00,41.58,22.30710027020585,43.95
2017-06-28 20:00:00+02:00,42.26,26.219527076639565,44.95
2017-06-28 21:00:00+02:00,47.81,30.27074018749397,46.28
2017-06-28 22:00:00+02:00,53.25,32.149950411302434,49.0
2017-06-28 23:00:00+02:00,44.97,30.905273444352282,43.95
2017-06-29 00:00:00+02:00,42.53,47.05848650671541,46.1
2017-06-29 01:00:00+02:00,40.96,41.97889157299648,41.81
2017-06-29 02:00:00+02:00,40.6,39.82842350449081,41.36
2017-06-29 03:00:00+02:00,40.46,39.60652452949863,41.16
2017-06-29 04:00:00+02:00,40.37,39.00663437966113,40.96
2017-06-29 05:00:00+02:00,40.86,38.28032925779471,40.96
2017-06-29 06:00:00+02:00,41.81,38.68416673109468,41.61
2017-06-29 07:00:00+02:00,46.83,40.31198745179637,44.95
2017-06-29 08:00:00+02:00,50.65,39.583299143179346,50.0
2017-06-29 09:00:00+02:00,50.77,36.76568332030884,51.57
2017-06-29 10:00:00+02:00,49.26,33.15969761061242,42.63
2017-06-29 11:00:00+02:00,48.97,30.28376618379898,42.7
2017-06-29 12:00:00+02:00,49.96,27.574085297485578,42.26
2017-06-29 13:00:00+02:00,45.2,25.203961979921953,42.53
2017-06-29 14:00:00+02:00,41.96,23.15417032545259,41.96
2017-06-29 15:00:00+02:00,41.46,21.275560571043876,41.61
2017-06-29 16:00:00+02:00,40.96,20.79729804489364,41.36
2017-06-29 17:00:00+02:00,40.96,21.937561732664722,41.36
2017-06-29 18:00:00+02:00,40.86,24.45868430498704,41.16
2017-06-29 19:00:00+02:00,41.26,27.743070970649757,41.58
2017-06-29 20:00:00+02:00,42.29,31.8329140136108,42.26
2017-06-29 21:00:00+02:00,50.05,36.40466071319235,47.81
2017-06-29 22:00:00+02:00,52.15,38.64726039725215,53.25
2017-06-29 23:00:00+02:00,45.41,37.1412887082063,44.97
2017-06-30 00:00:00+02:00,44.7,47.58672849010132,42.53
2017-06-30 01:00:00+02:00,41.51,43.09229012682446,40.96
2017-06-30 02:00:00+02:00,40.0,40.9384275983999,40.6
2017-06-30 03:00:00+02:00,40.49,40.67178410321968,40.46
2017-06-30 04:00:00+02:00,40.42,40.166511879557774,40.37
2017-06-30 05:00:00+02:00,41.18,39.56287083162387,40.86
2017-06-30 06:00:00+02:00,42.03,40.00069797441097,41.81
2017-06-30 07:00:00+02:00,44.95,41.885329626807014,46.83
2017-06-30 08:00:00+02:00,49.89,41.3149707514216,50.65
2017-06-30 09:00:00+02:00,49.89,38.466026907809706,50.77
2017-06-30 10:00:00+02:00,49.89,34.867698963946246,49.26
2017-06-30 11:00:00+02:00,48.13,32.090970418317255,48.97
2017-06-30 12:00:00+02:00,49.96,29.52718748740341,49.96
2017-06-30 13:00:00+02:00,50.05,26.83682042151088,45.2
2017-06-30 14:00:00+02:00,48.22,24.917099194730262,41.96
2017-06-30 15:00:00+02:00,45.04,23.289813644313487,41.46
2017-06-30 16:00:00+02:00,44.08,22.80893219280686,40.96
2017-06-30 17:00:00+02:00,43.5,23.94814138541538,40.96
2017-06-30 18:00:00+02:00,42.2,26.44726570561263,40.86
2017-06-30 19:00:00+02:00,42.43,29.790202917956496,41.26
2017-06-30 20:00:00+02:00,43.55,33.95096023144301,42.29
2017-06-30 21:00:00+02:00,47.03,39.01160806260648,50.05
2017-06-30 22:00:00+02:00,48.15,41.14005200353385,52.15
2017-06-30 23:00:00+02:00,44.08,39.27027834461168,45.41
2017-07-01 00:00:00+02:00,66.0,46.13192185720166,44.7
2017-07-01 01:00:00+02:00,60.0,41.86708903716891,41.51
2017-07-01 02:00:00+02:00,55.95,39.6537723544628,40.0
2017-07-01 03:00:00+02:00,52.0,39.35677912994066,40.49
2017-07-01 04:00:00+02:00,50.78,38.79506540880095,40.42
2017-07-01 05:00:00+02:00,50.74,38.21481869770169,41.18
2017-07-01 06:00:00+02:00,54.08,38.558266999790696,42.03
2017-07-01 07:00:00+02:00,56.28,40.44370130232963,44.95
2017-07-01 08:00:00+02:00,61.28,40.130219829085384,49.89
2017-07-01 09:00:00+02:00,67.2,37.08519583056568,49.89
2017-07-01 10:00:00+02:00,73.48,33.48297034059705,49.89
2017-07-01 11:00:00+02:00,70.69,30.4997644213759,48.13
2017-07-01 12:00:00+02:00,70.69,28.10632344107625,49.96
2017-07-01 13:00:00+02:00,70.1,25.284487738766337,50.05
2017-07-01 14:00:00+02:00,70.0,23.143616173427024,48.22
2017-07-01 15:00:00+02:00,64.88,21.362334105600947,45.04
2017-07-01 16:00:00+02:00,60.15,20.91259804675572,44.08
2017-07-01 17:00:00+02:00,69.99,21.944751429377142,43.5
2017-07-01 18:00:00+02:00,76.52,24.274160493358394,42.2
2017-07-01 19:00:00+02:00,78.28,27.626442479175196,42.43
2017-07-01 20:00:00+02:00,73.94,31.76887838947923,43.55
2017-07-01 21:00:00+02:00,73.48,36.898683508503666,47.03
2017-07-01 22:00:00+02:00,70.1,39.04201657760723,48.15
2017-07-01 23:00:00+02:00,66.09,36.89116934313148,44.08
2017-07-02 00:00:00+02:00,49.41,69.97799462895543,66.0
2017-07-02 01:00:00+02:00,44.33,64.73263176318659,60.0
2017-07-02 02:00:00+02:00,41.79,62.7772909727613,55.95
2017-07-02 03:00:00+02:00,40.22,62.72413394927733,52.0
2017-07-02 04:00:00+02:00,39.95,62.721235391029374,50.78
2017-07-02 05:00:00+02:00,43.44,62.600939735420326,50.74
2017-07-02 06:00:00+02:00,49.83,63.475465040955235,54.08
2017-07-02 07:00:00+02:00,64.5,65.55863104760503,56.28
2017-07-02 08:00:00+02:00,67.88,65.92139851887467,61.28
2017-07-02 09:00:00+02:00,69.01,63.49155296110016,67.2
2017-07-02 10:00:00+02:00,66.96,60.31450185409576,73.48
2017-07-02 11:00:00+02:00,65.04,57.05184709718646,70.69
2017-07-02 12:00:00+02:00,62.69,55.117575406786166,70.69
2017-07-02 13:00:00+02:00,60.69,52.654563593675164,70.1
2017-07-02 14:00:00+02:00,55.0,50.86319729841853,70.0
2017-07-02 15:00:00+02:00,49.83,49.09446289189158,64.88
2017-07-02 16:00:00+02:00,49.83,48.930922734807694,60.15
2017-07-02 17:00:00+02:00,50.0,51.182969485088165,69.99
2017-07-02 18:00:00+02:00,60.11,53.62751228241278,76.52
2017-07-02 19:00:00+02:00,63.19,56.942232640830746,78.28
2017-07-02 20:00:00+02:00,65.25,60.97706068838297,73.94
2017-07-02 21:00:00+02:00,62.28,66.64377981506763,73.48
2017-07-02 22:00:00+02:00,60.0,69.18396383129907,70.1
2017-07-02 23:00:00+02:00,49.83,67.70524888597461,66.09
2017-07-03 00:00:00+02:00,49.07,52.524657904918485,49.41
2017-07-03 01:00:00+02:00,40.61,48.04166408362166,44.33
2017-07-03 02:00:00+02:00,36.01,45.58161907472328,41.79
2017-07-03 03:00:00+02:00,35.92,44.973674823768235,40.22
2017-07-03 04:00:00+02:00,35.86,44.64718087462898,39.95
2017-07-03 05:00:00+02:00,35.92,44.455595709121866,43.44
2017-07-03 06:00:00+02:00,41.69,45.18478195875937,49.83
2017-07-03 07:00:00+02:00,50.19,47.51661837003007,64.5
2017-07-03 08:00:00+02:00,54.25,47.09340224774533,67.88
2017-07-03 09:00:00+02:00,54.1,44.46325706936795,69.01
2017-07-03 10:00:00+02:00,53.93,40.895804029053714,66.96
2017-07-03 11:00:00+02:00,51.98,37.354968476397055,65.04
2017-07-03 12:00:00+02:00,49.9,34.95146180492011,62.69
2017-07-03 13:00:00+02:00,49.07,32.05546164823794,60.69
2017-07-03 14:00:00+02:00,48.69,29.372243287911523,55.0
2017-07-03 15:00:00+02:00,47.75,26.914268830113944,49.83
2017-07-03 16:00:00+02:00,48.0,26.212942380657076,49.83
2017-07-03 17:00:00+02:00,50.31,27.515537575762202,50.0
2017-07-03 18:00:00+02:00,55.0,29.73766582212881,60.11
2017-07-03 19:00:00+02:00,61.05,31.713463411879047,63.19
2017-07-03 20:00:00+02:00,55.71,34.79665462861842,65.25
2017-07-03 21:00:00+02:00,55.46,39.31409506918119,62.28
2017-07-03 22:00:00+02:00,50.39,41.45785017533994,60.0
2017-07-03 23:00:00+02:00,50.23,39.55944551420152,49.83
2017-07-04 00:00:00+02:00,35.19,52.59835402502785,49.07
2017-07-04 01:00:00+02:00,32.6,48.2113807591679,40.61
2017-07-04 02:00:00+02:00,31.57,46.046326567613036,36.01
2017-07-04 03:00:00+02:00,32.01,45.744261074907456,35.92
2017-07-04 04:00:00+02:00,33.1,45.44058923244727,35.86
2017-07-04 05:00:00+02:00,34.6,45.197478397417875,35.92
2017-07-04 06:00:00+02:00,40.82,46.13659046634948,41.69
2017-07-04 07:00:00+02:00,48.69,48.38356016632704,50.19
2017-07-04 08:00:00+02:00,52.07,47.63549747618195,54.25
2017-07-04 09:00:00+02:00,51.23,44.65410621557774,54.1
2017-07-04 10:00:00+02:00,50.0,40.96745908118462,53.93
2017-07-04 11:00:00+02:00,49.0,37.19679263233547,51.98
2017-07-04 12:00:00+02:00,49.03,34.6640888497104,49.9
2017-07-04 13:00:00+02:00,49.5,31.965593228411414,49.07
2017-07-04 14:00:00+02:00,48.69,29.52380623219769,48.69
2017-07-04 15:00:00+02:00,48.5,27.332856079052497,47.75
2017-07-04 16:00:00+02:00,48.13,26.980654949387166,48.0
2017-07-04 17:00:00+02:00,48.13,28.720616242033167,50.31
2017-07-04 18:00:00+02:00,47.69,31.503219935726666,55.0
2017-07-04 19:00:00+02:00,49.01,34.062979219134235,61.05
2017-07-04 20:00:00+02:00,51.09,36.76055473150843,55.71
2017-07-04 21:00:00+02:00,53.53,41.807367283908384,55.46
2017-07-04 22:00:00+02:00,51.23,44.0727754654454,50.39
2017-07-04 23:00:00+02:00,49.51,42.35450260861975,50.23
2017-07-05 00:00:00+02:00,54.24,50.91011160453485,35.19
2017-07-05 01:00:00+02:00,51.5,47.81916388506825,32.6
2017-07-05 02:00:00+02:00,49.69,45.79906892506577,31.57
2017-07-05 03:00:00+02:00,49.37,45.57082299932311,32.01
2017-07-05 04:00:00+02:00,49.12,45.404186910920146,33.1
2017-07-05 05:00:00+02:00,48.87,45.28209832620003,34.6
2017-07-05 06:00:00+02:00,49.12,46.54725368470073,40.82
2017-07-05 07:00:00+02:00,47.05,48.92122932931921,48.69
2017-07-05 08:00:00+02:00,43.97,48.16500544972078,52.07
2017-07-05 09:00:00+02:00,46.5,45.13671267564377,51.23
2017-07-05 10:00:00+02:00,46.3,41.55425132780614,50.0
2017-07-05 11:00:00+02:00,47.0,37.89897945722246,49.0
2017-07-05 12:00:00+02:00,44.0,35.4481382719621,49.03
2017-07-05 13:00:00+02:00,46.0,32.88233330519101,49.5
2017-07-05 14:00:00+02:00,43.0,30.436989121337966,48.69
2017-07-05 15:00:00+02:00,39.19,28.359111720308043,48.5
2017-07-05 16:00:00+02:00,38.29,27.973411651489123,48.13
2017-07-05 17:00:00+02:00,38.04,29.69223034161734,48.13
2017-07-05 18:00:00+02:00,37.94,32.47398642145629,47.69
2017-07-05 19:00:00+02:00,38.74,35.26251065856751,49.01
2017-07-05 20:00:00+02:00,42.97,38.11383975648269,51.09
2017-07-05 21:00:00+02:00,50.54,43.137531786570165,53.53
2017-07-05 22:00:00+02:00,50.54,45.372293774134015,51.23
2017-07-05 23:00:00+02:00,48.69,44.18148698073468,49.51
2017-07-06 00:00:00+02:00,48.15,50.506900454750784,54.24
2017-07-06 01:00:00+02:00,45.3,47.82540522902929,51.5
2017-07-06 02:00:00+02:00,44.24,46.26296695641286,49.69
2017-07-06 03:00:00+02:00,44.0,46.75922079214486,49.37
2017-07-06 04:00:00+02:00,43.93,47.8431168265697,49.12
2017-07-06 05:00:00+02:00,44.82,49.398146399778966,48.87
2017-07-06 06:00:00+02:00,45.73,52.60205025707401,49.12
2017-07-06 07:00:00+02:00,50.89,56.97974117880217,47.05
2017-07-06 08:00:00+02:00,52.9,58.72121333282189,43.97
2017-07-06 09:00:00+02:00,51.97,58.54931816613929,46.5
2017-07-06 10:00:00+02:00,51.28,56.865703483605046,46.3
2017-07-06 11:00:00+02:00,51.28,54.96682405970498,47.0
2017-07-06 12:00:00+02:00,51.97,53.472445897779345,44.0
2017-07-06 13:00:00+02:00,51.97,51.984163764989006,46.0
2017-07-06 14:00:00+02:00,51.97,49.16231501200468,43.0
2017-07-06 15:00:00+02:00,51.28,46.35145235029332,39.19
2017-07-06 16:00:00+02:00,51.28,44.93476323609358,38.29
2017-07-06 17:00:00+02:00,51.28,45.07261576398695,38.04
2017-07-06 18:00:00+02:00,51.12,46.01862943422794,37.94
2017-07-06 19:00:00+02:00,51.04,46.93968678957831,38.74
2017-07-06 20:00:00+02:00,51.28,48.15019830389314,42.97
2017-07-06 21:00:00+02:00,52.03,51.91490144813649,50.54
2017-07-06 22:00:00+02:00,51.28,52.93981509621276,50.54
2017-07-06 23:00:00+02:00,48.0,51.456757521972655,48.69
2017-07-07 00:00:00+02:00,52.15,49.672938877763684,48.15
2017-07-07 01:00:00+02:00,49.89,46.53362640479712,45.3
2017-07-07 02:00:00+02:00,47.91,44.50827403235931,44.24
2017-07-07 03:00:00+02:00,46.91,44.167289706603015,44.0
2017-07-07 04:00:00+02:00,46.91,43.97144680023104,43.93
2017-07-07 05:00:00+02:00,47.49,43.8768924276757,44.82
2017-07-07 06:00:00+02:00,49.39,44.97267980596561,45.73
2017-07-07 07:00:00+02:00,51.01,47.301755223713535,50.89
2017-07-07 08:00:00+02:00,54.81,46.63165844760805,52.9
2017-07-07 09:00:00+02:00,54.31,44.024896784500214,51.97
2017-07-07 10:00:00+02:00,54.26,40.38448019948872,51.28
2017-07-07 11:00:00+02:00,54.26,36.78631336566445,51.28
2017-07-07 12:00:00+02:00,54.31,33.96865745806275,51.97
2017-07-07 13:00:00+02:00,54.01,31.595814063557782,51.97
2017-07-07 14:00:00+02:00,50.9,28.825698870449997,51.97
2017-07-07 15:00:00+02:00,48.69,26.533461607448743,51.28
2017-07-07 16:00:00+02:00,47.4,26.10946815757317,51.28
2017-07-07 17:00:00+02:00,46.76,27.58055295636287,51.28
2017-07-07 18:00:00+02:00,46.61,30.185775569998366,51.12
2017-07-07 19:00:00+02:00,47.07,33.002950073453775,51.04
2017-07-07 20:00:00+02:00,48.8,36.066088893885336,51.28
2017-07-07 21:00:00+02:00,49.93,41.06030283961208,52.03
2017-07-07 22:00:00+02:00,51.03,43.06980198315843,51.28
2017-07-07 23:00:00+02:00,50.05,42.103929079488154,48.0
2017-07-08 00:00:00+02:00,51.61,51.89957453980631,52.15
2017-07-08 01:00:00+02:00,44.02,48.705899044702136,49.89
2017-07-08 02:00:00+02:00,41.0,46.659322691791544,47.91
2017-07-08 03:00:00+02:00,40.7,46.31004188133483,46.91
2017-07-08 04:00:00+02:00,40.7,46.20967101197326,46.91
2017-07-08 05:00:00+02:00,41.0,46.192350026856374,47.49
2017-07-08 06:00:00+02:00,44.25,47.34022988297464,49.39
2017-07-08 07:00:00+02:00,50.77,49.612558730308066,51.01
2017-07-08 08:00:00+02:00,52.8,49.31493382756349,54.81
2017-07-08 09:00:00+02:00,53.6,46.61319992348473,54.31
2017-07-08 10:00:00+02:00,53.2,43.096422300360814,54.26
2017-07-08 11:00:00+02:00,53.8,39.540087762645484,54.26
2017-07-08 12:00:00+02:00,53.85,36.71017155453293,54.31
2017-07-08 13:00:00+02:00,53.06,34.31852375369473,54.01
2017-07-08 14:00:00+02:00,51.38,31.426040825252308,50.9
2017-07-08 15:00:00+02:00,49.8,29.192779016330466,48.69
2017-07-08 16:00:00+02:00,48.29,28.752027896889317,47.4
2017-07-08 17:00:00+02:00,45.97,30.183223816691477,46.76
2017-07-08 18:00:00+02:00,44.08,32.78840470720499,46.61
2017-07-08 19:00:00+02:00,45.11,35.67752813767369,47.07
2017-07-08 20:00:00+02:00,44.9,38.857751984910976,48.8
2017-07-08 21:00:00+02:00,50.77,43.73938088559997,49.93
2017-07-08 22:00:00+02:00,49.0,45.97982113212376,51.03
2017-07-08 23:00:00+02:00,44.05,44.98397898060989,50.05
2017-07-09 00:00:00+02:00,42.66,46.02922185774541,51.61
2017-07-09 01:00:00+02:00,38.5,42.39684650083608,44.02
2017-07-09 02:00:00+02:00,37.09,40.389869209411856,41.0
2017-07-09 03:00:00+02:00,37.09,39.9539589969395,40.7
2017-07-09 04:00:00+02:00,37.51,39.69166494037601,40.7
2017-07-09 05:00:00+02:00,39.19,39.51718559896138,41.0
2017-07-09 06:00:00+02:00,44.66,40.60956897111878,44.25
2017-07-09 07:00:00+02:00,51.0,42.853844880432526,50.77
2017-07-09 08:00:00+02:00,51.0,42.26186183597783,52.8
2017-07-09 09:00:00+02:00,51.46,39.45030307006312,53.6
2017-07-09 10:00:00+02:00,51.19,35.73454546491168,53.2
2017-07-09 11:00:00+02:00,51.46,32.06580280505524,53.8
2017-07-09 12:00:00+02:00,52.0,28.97786610051471,53.85
2017-07-09 13:00:00+02:00,52.09,26.31979507151594,53.06
2017-07-09 14:00:00+02:00,51.69,23.220961854367808,51.38
2017-07-09 15:00:00+02:00,51.46,20.77596921304228,49.8
2017-07-09 16:00:00+02:00,51.69,20.048862383331397,48.29
2017-07-09 17:00:00+02:00,51.69,21.12942578535484,45.97
2017-07-09 18:00:00+02:00,50.79,23.510549867144434,44.08
2017-07-09 19:00:00+02:00,51.1,26.40622556407071,45.11
2017-07-09 20:00:00+02:00,52.5,29.33439299062031,44.9
2017-07-09 21:00:00+02:00,55.04,34.330465829838445,50.77
2017-07-09 22:00:00+02:00,51.94,36.09548196150695,49.0
2017-07-09 23:00:00+02:00,49.98,35.19143531327327,44.05
2017-07-10 00:00:00+02:00,52.29,51.96874462223103,42.66
2017-07-10 01:00:00+02:00,46.94,48.657812231732706,38.5
2017-07-10 02:00:00+02:00,45.78,46.80861487345087,37.09
2017-07-10 03:00:00+02:00,45.88,46.40715123185286,37.09
2017-07-10 04:00:00+02:00,45.88,46.24991887516396,37.51
2017-07-10 05:00:00+02:00,45.78,46.31691993404081,39.19
2017-07-10 06:00:00+02:00,45.88,47.82002173487418,44.66
2017-07-10 07:00:00+02:00,49.4,50.37957498462181,51.0
2017-07-10 08:00:00+02:00,48.77,49.95873238360844,51.0
2017-07-10 09:00:00+02:00,53.2,47.77771204521615,51.46
2017-07-10 10:00:00+02:00,55.0,44.57509699741607,51.19
2017-07-10 11:00:00+02:00,54.45,41.43602529333338,51.46
2017-07-10 12:00:00+02:00,54.51,38.79246755325709,52.0
2017-07-10 13:00:00+02:00,57.04,36.48132295448995,52.09
2017-07-10 14:00:00+02:00,56.15,33.67283204197646,51.69
2017-07-10 15:00:00+02:00,54.51,31.40572413033735,51.46
2017-07-10 16:00:00+02:00,53.0,30.728771465271336,51.69
2017-07-10 17:00:00+02:00,51.66,31.743408456676356,51.69
2017-07-10 18:00:00+02:00,54.51,34.008240653227986,50.79
2017-07-10 19:00:00+02:00,61.84,36.96716820452787,51.1
2017-07-10 20:00:00+02:00,63.84,39.986158598593704,52.5
2017-07-10 21:00:00+02:00,64.05,44.997181110029906,55.04
2017-07-10 22:00:00+02:00,60.08,46.70747023501366,51.94
2017-07-10 23:00:00+02:00,57.97,46.03608091909539,49.98
2017-07-11 00:00:00+02:00,52.67,60.31917860245952,52.29
2017-07-11 01:00:00+02:00,50.0,57.138167900362475,46.94
2017-07-11 02:00:00+02:00,47.49,55.84679925189454,45.78
2017-07-11 03:00:00+02:00,45.7,55.909936558076026,45.88
2017-07-11 04:00:00+02:00,45.01,56.241010317729994,45.88
2017-07-11 05:00:00+02:00,49.0,56.82020486835098,45.78
2017-07-11 06:00:00+02:00,58.1,58.77767232288357,45.88
2017-07-11 07:00:00+02:00,62.79,62.007524940186094,49.4
2017-07-11 08:00:00+02:00,63.63,61.99413032891984,48.77
2017-07-11 09:00:00+02:00,63.69,60.676201142494094,53.2
2017-07-11 10:00:00+02:00,63.0,57.73578308376432,55.0
2017-07-11 11:00:00+02:00,62.05,54.68908677340347,54.45
2017-07-11 12:00:00+02:00,62.58,52.22738347625954,54.51
2017-07-11 13:00:00+02:00,61.55,50.17204885236388,57.04
2017-07-11 14:00:00+02:00,60.52,47.23240334645044,56.15
2017-07-11 15:00:00+02:00,59.99,44.86997637280412,54.51
2017-07-11 16:00:00+02:00,58.07,44.05542389541827,53.0
2017-07-11 17:00:00+02:00,59.59,44.90597966079345,51.66
2017-07-11 18:00:00+02:00,61.88,47.29644848754621,54.51
2017-07-11 19:00:00+02:00,63.45,50.46048162606958,61.84
2017-07-11 20:00:00+02:00,63.36,53.09936248435993,63.84
2017-07-11 21:00:00+02:00,60.33,57.83302618726273,64.05
2017-07-11 22:00:00+02:00,60.53,59.52618692853289,60.08
2017-07-11 23:00:00+02:00,56.98,59.306075513986464,57.97
2017-07-12 00:00:00+02:00,71.7,58.924745962774416,52.67
2017-07-12 01:00:00+02:00,61.01,56.0414332645885,50.0
2017-07-12 02:00:00+02:00,60.0,54.43058509782548,47.49
2017-07-12 03:00:00+02:00,54.0,54.16042294976125,45.7
2017-07-12 04:00:00+02:00,53.72,54.16791837290444,45.01
2017-07-12 05:00:00+02:00,55.0,54.56627874496045,49.0
2017-07-12 06:00:00+02:00,61.19,56.2253356922021,58.1
2017-07-12 07:00:00+02:00,71.7,58.464996067922435,62.79
2017-07-12 08:00:00+02:00,78.9,57.72030082573042,63.63
2017-07-12 09:00:00+02:00,80.0,55.748176637542755,63.69
2017-07-12 10:00:00+02:00,78.0,52.232349170271206,63.0
2017-07-12 11:00:00+02:00,76.2,48.615387374967035,62.05
2017-07-12 12:00:00+02:00,74.26,45.74856056372111,62.58
2017-07-12 13:00:00+02:00,73.8,43.22990210867731,61.55
2017-07-12 14:00:00+02:00,71.7,40.17086234529799,60.52
2017-07-12 15:00:00+02:00,71.01,37.782227708294506,59.99
2017-07-12 16:00:00+02:00,71.01,36.873164259285865,58.07
2017-07-12 17:00:00+02:00,77.53,38.02018509772815,59.59
2017-07-12 18:00:00+02:00,84.47,40.609654655253365,61.88
2017-07-12 19:00:00+02:00,84.89,43.924887468924865,63.45
2017-07-12 20:00:00+02:00,79.46,46.734262299028195,63.36
2017-07-12 21:00:00+02:00,76.89,51.31284595338295,60.33
2017-07-12 22:00:00+02:00,71.69,53.48335034713391,60.53
2017-07-12 23:00:00+02:00,67.61,53.23505427443402,56.98
2017-07-13 00:00:00+02:00,54.95,70.91042492594693,71.7
2017-07-13 01:00:00+02:00,53.46,67.00753093102232,61.01
2017-07-13 02:00:00+02:00,52.38,66.34071747969308,60.0
2017-07-13 03:00:00+02:00,50.41,66.12515144549187,54.0
2017-07-13 04:00:00+02:00,50.0,67.20010143487181,53.72
2017-07-13 05:00:00+02:00,51.03,68.71243598465804,55.0
2017-07-13 06:00:00+02:00,53.12,71.87022507051928,61.19
2017-07-13 07:00:00+02:00,53.78,75.75395102759047,71.7
2017-07-13 08:00:00+02:00,53.82,76.46097712740567,78.9
2017-07-13 09:00:00+02:00,54.89,75.68502023233485,80.0
2017-07-13 10:00:00+02:00,54.9,73.42888960102125,78.0
2017-07-13 11:00:00+02:00,54.89,71.01619435977706,76.2
2017-07-13 12:00:00+02:00,55.08,69.00998918664592,74.26
2017-07-13 13:00:00+02:00,54.95,67.14257524943334,73.8
2017-07-13 14:00:00+02:00,54.51,64.07810239008573,71.7
2017-07-13 15:00:00+02:00,53.41,61.35622865237897,71.01
2017-07-13 16:00:00+02:00,53.0,59.60981496918561,71.01
2017-07-13 17:00:00+02:00,52.44,60.01412469268798,77.53
2017-07-13 18:00:00+02:00,51.79,61.30861547591311,84.47
2017-07-13 19:00:00+02:00,51.36,62.79537504777226,84.89
2017-07-13 20:00:00+02:00,51.88,63.85416959966288,79.46
2017-07-13 21:00:00+02:00,53.78,67.40052526499699,76.89
2017-07-13 22:00:00+02:00,53.39,68.89701097071311,71.69
2017-07-13 23:00:00+02:00,51.41,68.76291734537116,67.61
2017-07-14 00:00:00+02:00,53.36,53.2704466602022,54.95
2017-07-14 01:00:00+02:00,47.91,49.96559397331864,53.46
2017-07-14 02:00:00+02:00,43.41,48.456743032493755,52.38
2017-07-14 03:00:00+02:00,41.1,47.43975117653522,50.41
2017-07-14 04:00:00+02:00,41.1,47.54256703442267,50.0
2017-07-14 05:00:00+02:00,41.1,47.85732780291588,51.03
2017-07-14 06:00:00+02:00,42.38,49.46881881273578,53.12
2017-07-14 07:00:00+02:00,47.91,51.553412192383945,53.78
2017-07-14 08:00:00+02:00,51.73,50.6800552734413,53.82
2017-07-14 09:00:00+02:00,53.25,48.27752417101956,54.89
2017-07-14 10:00:00+02:00,53.12,44.3799831374134,54.9
2017-07-14 11:00:00+02:00,53.25,40.48687076701437,54.89
2017-07-14 12:00:00+02:00,54.01,37.247138824427466,55.08
2017-07-14 13:00:00+02:00,54.22,34.46231821202867,54.95
2017-07-14 14:00:00+02:00,53.46,31.07569851259023,54.51
2017-07-14 15:00:00+02:00,53.12,28.35850726081907,53.41
2017-07-14 16:00:00+02:00,52.44,27.071624619839227,53.0
2017-07-14 17:00:00+02:00,51.73,28.0616676541995,52.44
2017-07-14 18:00:00+02:00,49.57,30.23869383549765,51.79
2017-07-14 19:00:00+02:00,49.53,32.79502655055847,51.36
2017-07-14 20:00:00+02:00,49.57,35.05069501448854,51.88
2017-07-14 21:00:00+02:00,49.8,39.37636353063056,53.78
2017-07-14 22:00:00+02:00,48.21,41.29572284912645,53.39
2017-07-14 23:00:00+02:00,45.68,40.98567719673206,51.41
2017-07-15 00:00:00+02:00,47.05,47.69320690904811,53.36
2017-07-15 01:00:00+02:00,45.04,44.22252342064973,47.91
2017-07-15 02:00:00+02:00,41.75,42.63114479943568,43.41
2017-07-15 03:00:00+02:00,41.4,41.704987076037305,41.1
2017-07-15 04:00:00+02:00,41.09,41.87525779059834,41.1
2017-07-15 05:00:00+02:00,40.93,42.16190675683371,41.1
2017-07-15 06:00:00+02:00,40.93,43.75094237984935,42.38
2017-07-15 07:00:00+02:00,40.77,46.05975152001534,47.91
2017-07-15 08:00:00+02:00,41.9,45.2574026446072,51.73
2017-07-15 09:00:00+02:00,45.0,42.78035202574981,53.25
2017-07-15 10:00:00+02:00,47.07,38.8389309682735,53.12
2017-07-15 11:00:00+02:00,48.23,34.93162508237157,53.25
2017-07-15 12:00:00+02:00,50.0,31.661626672951506,54.01
2017-07-15 13:00:00+02:00,52.11,28.781914607893043,54.22
2017-07-15 14:00:00+02:00,52.71,25.33916773865689,53.46
2017-07-15 15:00:00+02:00,52.11,22.577601992030836,53.12
2017-07-15 16:00:00+02:00,50.0,21.14927039206734,52.44
2017-07-15 17:00:00+02:00,48.79,21.95949842323838,51.73
2017-07-15 18:00:00+02:00,50.0,23.937407855111715,49.57
2017-07-15 19:00:00+02:00,49.57,26.582898573163163,49.53
2017-07-15 20:00:00+02:00,52.0,28.857801058463167,49.57
2017-07-15 21:00:00+02:00,53.21,33.04942193101193,49.8
2017-07-15 22:00:00+02:00,53.21,34.986761478809456,48.21
2017-07-15 23:00:00+02:00,48.63,34.80441844034358,45.68
2017-07-16 00:00:00+02:00,48.12,51.16147898136051,47.05
2017-07-16 01:00:00+02:00,43.32,48.04772579681173,45.04
2017-07-16 02:00:00+02:00,41.9,46.48080399310105,41.75
2017-07-16 03:00:00+02:00,41.75,45.912848833000815,41.4
2017-07-16 04:00:00+02:00,41.4,46.24610062625925,41.09
2017-07-16 05:00:00+02:00,41.4,46.7535663959391,40.93
2017-07-16 06:00:00+02:00,41.0,48.49152204110964,40.93
2017-07-16 07:00:00+02:00,40.77,50.96317029868908,40.77
2017-07-16 08:00:00+02:00,41.4,50.66931533340589,41.9
2017-07-16 09:00:00+02:00,41.49,48.66877957549323,45.0
2017-07-16 10:00:00+02:00,41.9,44.985062417105276,47.07
2017-07-16 11:00:00+02:00,45.01,41.228310044733085,48.23
2017-07-16 12:00:00+02:00,47.15,38.16251924906982,50.0
2017-07-16 13:00:00+02:00,50.0,35.49015620118502,52.11
2017-07-16 14:00:00+02:00,51.63,32.19727447710176,52.71
2017-07-16 15:00:00+02:00,50.0,29.522882565580673,52.11
2017-07-16 16:00:00+02:00,48.18,28.118816251386605,50.0
2017-07-16 17:00:00+02:00,47.15,29.05246063666484,48.79
2017-07-16 18:00:00+02:00,51.03,31.33256289529718,50.0
2017-07-16 19:00:00+02:00,52.71,34.06022209921008,49.57
2017-07-16 20:00:00+02:00,54.08,36.764481713979585,52.0
2017-07-16 21:00:00+02:00,55.46,40.99196802270355,53.21
2017-07-16 22:00:00+02:00,57.0,43.21261521265777,53.21
2017-07-16 23:00:00+02:00,55.01,43.265496458476335,48.63
2017-07-17 00:00:00+02:00,49.04,57.73112637536042,48.12
2017-07-17 01:00:00+02:00,42.02,54.971090249925595,43.32
2017-07-17 02:00:00+02:00,41.49,53.807340448633916,41.9
2017-07-17 03:00:00+02:00,40.93,53.540849932878054,41.75
2017-07-17 04:00:00+02:00,40.77,54.07795577316439,41.4
2017-07-17 05:00:00+02:00,40.93,54.86699349593676,41.4
2017-07-17 06:00:00+02:00,41.75,56.77495695113046,41.0
2017-07-17 07:00:00+02:00,45.68,59.480704094316145,40.77
2017-07-17 08:00:00+02:00,48.18,59.69894809593259,41.4
2017-07-17 09:00:00+02:00,50.71,58.06446836521732,41.49
2017-07-17 10:00:00+02:00,52.56,54.78713884876964,41.9
2017-07-17 11:00:00+02:00,52.01,51.48561558014439,45.01
2017-07-17 12:00:00+02:00,53.25,48.58527499550341,47.15
2017-07-17 13:00:00+02:00,53.36,46.18820898272499,50.0
2017-07-17 14:00:00+02:00,53.36,43.11946492474456,51.63
2017-07-17 15:00:00+02:00,53.25,40.45412861800284,50.0
2017-07-17 16:00:00+02:00,53.46,39.20816482756416,48.18
2017-07-17 17:00:00+02:00,53.56,40.309207406439825,47.15
2017-07-17 18:00:00+02:00,52.71,43.09250923130019,51.03
2017-07-17 19:00:00+02:00,52.56,45.9384679338621,52.71
2017-07-17 20:00:00+02:00,53.1,48.89004708123929,54.08
2017-07-17 21:00:00+02:00,53.69,53.295874937723156,55.46
2017-07-17 22:00:00+02:00,53.46,55.931511240347135,57.0
2017-07-17 23:00:00+02:00,50.0,56.0327941866316,55.01
2017-07-18 00:00:00+02:00,51.51,52.21499758528857,49.04
2017-07-18 01:00:00+02:00,45.01,49.52755911453973,42.02
2017-07-18 02:00:00+02:00,42.73,48.520709921174706,41.49
2017-07-18 03:00:00+02:00,41.89,48.0287537468114,40.93
2017-07-18 04:00:00+02:00,41.49,48.346546466108414,40.77
2017-07-18 05:00:00+02:00,41.49,48.94827076380375,40.93
2017-07-18 06:00:00+02:00,42.92,50.637054102924715,41.75
2017-07-18 07:00:00+02:00,48.21,53.30196942035616,45.68
2017-07-18 08:00:00+02:00,53.25,53.40673327730288,48.18
2017-07-18 09:00:00+02:00,53.69,51.704403167963164,50.71
2017-07-18 10:00:00+02:00,53.0,48.299111539101986,52.56
2017-07-18 11:00:00+02:00,52.5,44.64643624986193,52.01
2017-07-18 12:00:00+02:00,52.71,41.62745666605676,53.25
2017-07-18 13:00:00+02:00,52.3,38.930966995624615,53.36
2017-07-18 14:00:00+02:00,50.37,35.695017812056804,53.36
2017-07-18 15:00:00+02:00,49.64,32.8019913930226,53.25
2017-07-18 16:00:00+02:00,50.01,31.28691884996473,53.46
2017-07-18 17:00:00+02:00,50.33,32.0301084044406,53.56
2017-07-18 18:00:00+02:00,50.0,34.442771766992394,52.71
2017-07-18 19:00:00+02:00,50.51,37.135026355926854,52.56
2017-07-18 20:00:00+02:00,51.61,39.94473706317464,53.1
2017-07-18 21:00:00+02:00,53.03,44.07900807355818,53.69
2017-07-18 22:00:00+02:00,53.36,46.588643470372,53.46
2017-07-18 23:00:00+02:00,51.61,46.56689723220693,50.0
2017-07-19 00:00:00+02:00,52.89,52.587847963108,51.51
2017-07-19 01:00:00+02:00,48.21,49.22554754812617,45.01
2017-07-19 02:00:00+02:00,44.99,48.38033958668563,42.73
2017-07-19 03:00:00+02:00,43.21,47.92743471027278,41.89
2017-07-19 04:00:00+02:00,42.8,48.44074220887492,41.49
2017-07-19 05:00:00+02:00,42.8,49.79554172801051,41.49
2017-07-19 06:00:00+02:00,43.09,52.76294397292925,42.92
2017-07-19 07:00:00+02:00,48.77,57.45891484848158,48.21
2017-07-19 08:00:00+02:00,50.5,60.09591248864258,53.25
2017-07-19 09:00:00+02:00,52.36,60.84271936322696,53.69
2017-07-19 10:00:00+02:00,52.01,60.16199152540785,53.0
2017-07-19 11:00:00+02:00,51.03,59.050662526509754,52.5
2017-07-19 12:00:00+02:00,52.15,58.26864915219952,52.71
2017-07-19 13:00:00+02:00,52.01,57.31774614168323,52.3
2017-07-19 14:00:00+02:00,50.71,55.19323187368968,50.37
2017-07-19 15:00:00+02:00,50.33,52.73601262196286,49.64
2017-07-19 16:00:00+02:00,50.5,50.758351627143895,50.01
2017-07-19 17:00:00+02:00,50.5,50.19412674554321,50.33
2017-07-19 18:00:00+02:00,49.39,50.82073626746547,50.0
2017-07-19 19:00:00+02:00,48.91,51.47475301065965,50.51
2017-07-19 20:00:00+02:00,50.05,51.910380827263715,51.61
2017-07-19 21:00:00+02:00,52.01,53.27489983660919,53.03
2017-07-19 22:00:00+02:00,51.7,53.5587535049085,53.36
2017-07-19 23:00:00+02:00,49.98,51.59307774475592,51.61
2017-07-20 00:00:00+02:00,49.58,51.00279073415153,52.89
2017-07-20 01:00:00+02:00,45.06,47.522885832787,48.21
2017-07-20 02:00:00+02:00,42.73,46.58115014830581,44.99
2017-07-20 03:00:00+02:00,42.02,46.221605794110786,43.21
2017-07-20 04:00:00+02:00,41.89,46.796162144438554,42.8
2017-07-20 05:00:00+02:00,42.14,48.13380304295212,42.8
2017-07-20 06:00:00+02:00,45.64,50.99395799363613,43.09
2017-07-20 07:00:00+02:00,50.33,55.98250511948632,48.77
2017-07-20 08:00:00+02:00,52.01,58.46095006555708,50.5
2017-07-20 09:00:00+02:00,51.6,59.33340686868145,52.36
2017-07-20 10:00:00+02:00,51.5,58.55788782114383,52.01
2017-07-20 11:00:00+02:00,51.56,57.38310465918082,51.03
2017-07-20 12:00:00+02:00,52.11,56.70801560346824,52.15
2017-07-20 13:00:00+02:00,52.69,55.63837376711442,52.01
2017-07-20 14:00:00+02:00,52.56,53.473995456416986,50.71
2017-07-20 15:00:00+02:00,52.15,51.099444612287314,50.33
2017-07-20 16:00:00+02:00,52.01,49.12875392042167,50.5
2017-07-20 17:00:00+02:00,51.5,48.436974559926725,50.5
2017-07-20 18:00:00+02:00,49.99,48.86907964853121,49.39
2017-07-20 19:00:00+02:00,48.21,49.57666406895614,48.91
2017-07-20 20:00:00+02:00,47.91,50.20156211141443,50.05
2017-07-20 21:00:00+02:00,48.91,51.61932459801109,52.01
2017-07-20 22:00:00+02:00,48.91,51.84832537595791,51.7
2017-07-20 23:00:00+02:00,47.91,49.98921966486072,49.98
2017-07-21 00:00:00+02:00,47.0,48.70457365920647,49.58
2017-07-21 01:00:00+02:00,40.7,45.226717199435434,45.06
2017-07-21 02:00:00+02:00,40.54,44.25015805749154,42.73
2017-07-21 03:00:00+02:00,40.7,43.964629462007935,42.02
2017-07-21 04:00:00+02:00,40.7,44.49667709931539,41.89
2017-07-21 05:00:00+02:00,41.21,45.782740386593,42.14
2017-07-21 06:00:00+02:00,45.04,48.778014539706525,45.64
2017-07-21 07:00:00+02:00,52.03,53.707591439004446,50.33
2017-07-21 08:00:00+02:00,57.0,56.15936342362593,52.01
2017-07-21 09:00:00+02:00,55.34,57.02105838361458,51.6
2017-07-21 10:00:00+02:00,53.0,56.450729613836934,51.5
2017-07-21 11:00:00+02:00,53.0,55.3801681409112,51.56
2017-07-21 12:00:00+02:00,53.25,54.752702105113,52.11
2017-07-21 13:00:00+02:00,53.06,53.7588871211284,52.69
2017-07-21 14:00:00+02:00,52.1,51.66552165116549,52.56
2017-07-21 15:00:00+02:00,51.5,49.31319184292287,52.15
2017-07-21 16:00:00+02:00,51.5,47.34037365468689,52.01
2017-07-21 17:00:00+02:00,50.1,46.501139504293484,51.5
2017-07-21 18:00:00+02:00,48.21,46.72609808246644,49.99
2017-07-21 19:00:00+02:00,47.07,47.350661030453296,48.21
2017-07-21 20:00:00+02:00,48.04,48.074712582974215,47.91
2017-07-21 21:00:00+02:00,49.64,49.498645902044615,48.91
2017-07-21 22:00:00+02:00,49.07,49.70090272522471,48.91
2017-07-21 23:00:00+02:00,45.97,47.833266974809575,47.91
2017-07-22 00:00:00+02:00,55.0,46.73511419984983,47.0
2017-07-22 01:00:00+02:00,50.0,43.14875645732819,40.7
2017-07-22 02:00:00+02:00,49.0,42.47415568041015,40.54
2017-07-22 03:00:00+02:00,49.34,42.18261724971946,40.7
2017-07-22 04:00:00+02:00,48.6,42.6302128754882,40.7
2017-07-22 05:00:00+02:00,48.6,43.8879107889246,41.21
2017-07-22 06:00:00+02:00,47.38,47.01848062604201,45.04
2017-07-22 07:00:00+02:00,47.18,52.06480076002984,52.03
2017-07-22 08:00:00+02:00,47.91,54.566333290179415,57.0
2017-07-22 09:00:00+02:00,49.44,55.00207730752644,55.34
2017-07-22 10:00:00+02:00,50.11,54.460712876884756,53.0
2017-07-22 11:00:00+02:00,50.19,53.63659129751224,53.0
2017-07-22 12:00:00+02:00,50.19,53.01465620033767,53.25
2017-07-22 13:00:00+02:00,50.11,52.01584279471818,53.06
2017-07-22 14:00:00+02:00,49.49,49.950930303798806,52.1
2017-07-22 15:00:00+02:00,47.91,47.65438896689307,51.5
2017-07-22 16:00:00+02:00,45.59,45.70520645867957,51.5
2017-07-22 17:00:00+02:00,45.0,44.65087260627528,50.1
2017-07-22 18:00:00+02:00,45.2,44.72389288066327,48.21
2017-07-22 19:00:00+02:00,46.36,45.364743836757086,47.07
2017-07-22 20:00:00+02:00,49.46,46.26134227773289,48.04
2017-07-22 21:00:00+02:00,50.44,47.69278881248416,49.64
2017-07-22 22:00:00+02:00,50.1,47.81336835742313,49.07
2017-07-22 23:00:00+02:00,47.17,46.08350279910433,45.97
2017-07-23 00:00:00+02:00,48.13,48.708088763802635,55.0
2017-07-23 01:00:00+02:00,45.96,44.33347511642649,50.0
2017-07-23 02:00:00+02:00,43.9,43.71751365216061,49.0
2017-07-23 03:00:00+02:00,45.0,43.541834292891295,49.34
2017-07-23 04:00:00+02:00,45.0,43.85376931073699,48.6
2017-07-23 05:00:00+02:00,44.01,45.1095429955242,48.6
2017-07-23 06:00:00+02:00,44.01,48.00235755569967,47.38
2017-07-23 07:00:00+02:00,42.72,53.004652512268265,47.18
2017-07-23 08:00:00+02:00,43.4,55.873731226886896,47.91
2017-07-23 09:00:00+02:00,47.14,56.66230184203928,49.44
2017-07-23 10:00:00+02:00,49.73,56.24291361655763,50.11
2017-07-23 11:00:00+02:00,50.11,55.474965921884575,50.19
2017-07-23 12:00:00+02:00,50.41,54.88712869067103,50.19
2017-07-23 13:00:00+02:00,51.1,53.95087268064146,50.11
2017-07-23 14:00:00+02:00,50.41,51.95313597206965,49.49
2017-07-23 15:00:00+02:00,48.72,49.590150135767075,47.91
2017-07-23 16:00:00+02:00,44.95,47.50034472266654,45.59
2017-07-23 17:00:00+02:00,42.57,46.43450011938586,45.0
2017-07-23 18:00:00+02:00,40.93,46.39487920628305,45.2
2017-07-23 19:00:00+02:00,42.72,46.980296988940815,46.36
2017-07-23 20:00:00+02:00,45.84,47.941147246936815,49.46
2017-07-23 21:00:00+02:00,51.1,49.04833773173803,50.44
2017-07-23 22:00:00+02:00,52.5,49.05240763972255,50.1
2017-07-23 23:00:00+02:00,51.5,47.17449732725177,47.17
2017-07-24 00:00:00+02:00,50.19,52.92731535087284,48.13
2017-07-24 01:00:00+02:00,46.0,48.80827409642762,45.96
2017-07-24 02:00:00+02:00,42.72,47.87380430512876,43.9
2017-07-24 03:00:00+02:00,40.93,47.87480778556927,45.0
2017-07-24 04:00:00+02:00,40.3,48.054692098291206,45.0
2017-07-24 05:00:00+02:00,40.54,49.118706769489556,44.01
2017-07-24 06:00:00+02:00,45.0,51.91406190992361,44.01
2017-07-24 07:00:00+02:00,50.1,56.5668292348487,42.72
2017-07-24 08:00:00+02:00,51.1,59.68505039391913,43.4
2017-07-24 09:00:00+02:00,51.5,60.8588556561853,47.14
2017-07-24 10:00:00+02:00,51.37,60.39620600043148,49.73
2017-07-24 11:00:00+02:00,51.37,59.39263276247007,50.11
2017-07-24 12:00:00+02:00,51.6,58.707423557267546,50.41
2017-07-24 13:00:00+02:00,51.75,57.7901062991485,51.1
2017-07-24 14:00:00+02:00,51.5,55.74843313744171,50.41
2017-07-24 15:00:00+02:00,50.78,53.3350509718066,48.72
2017-07-24 16:00:00+02:00,50.41,51.07888578110456,44.95
2017-07-24 17:00:00+02:00,49.12,50.09861083782301,42.57
2017-07-24 18:00:00+02:00,45.0,50.123712764065885,40.93
2017-07-24 19:00:00+02:00,45.0,51.03446047670117,42.72
2017-07-24 20:00:00+02:00,45.97,52.18058768866044,45.84
2017-07-24 21:00:00+02:00,49.54,53.57490274703888,51.1
2017-07-24 22:00:00+02:00,49.68,53.457185958628884,52.5
2017-07-24 23:00:00+02:00,42.72,51.41370969887004,51.5
2017-07-25 00:00:00+02:00,39.78,44.265003902725084,50.19
2017-07-25 01:00:00+02:00,38.95,40.28911570083765,46.0
2017-07-25 02:00:00+02:00,38.6,39.18371499386446,42.72
2017-07-25 03:00:00+02:00,38.6,39.293746714192636,40.93
2017-07-25 04:00:00+02:00,38.6,39.73882381279873,40.3
2017-07-25 05:00:00+02:00,38.6,41.07427903260777,40.54
2017-07-25 06:00:00+02:00,39.07,44.44282044525634,45.0
2017-07-25 07:00:00+02:00,44.53,49.45800362976088,50.1
2017-07-25 08:00:00+02:00,48.06,52.823297824793656,51.1
2017-07-25 09:00:00+02:00,51.0,54.5525048324963,51.5
2017-07-25 10:00:00+02:00,51.1,54.58553001387922,51.37
2017-07-25 11:00:00+02:00,51.07,53.933408819453916,51.37
2017-07-25 12:00:00+02:00,51.66,53.39868587946314,51.6
2017-07-25 13:00:00+02:00,52.1,52.50012911394644,51.75
2017-07-25 14:00:00+02:00,51.5,50.37755347296101,51.5
2017-07-25 15:00:00+02:00,51.1,47.682549133998094,50.78
2017-07-25 16:00:00+02:00,51.1,45.05576163467018,50.41
2017-07-25 17:00:00+02:00,51.07,43.43011447610303,49.12
2017-07-25 18:00:00+02:00,50.09,42.61955024262287,45.0
2017-07-25 19:00:00+02:00,49.02,43.2550069574628,45.0
2017-07-25 20:00:00+02:00,51.06,43.98299309716452,45.97
2017-07-25 21:00:00+02:00,52.0,45.13717718881583,49.54
2017-07-25 22:00:00+02:00,52.32,44.50154725422653,49.68
2017-07-25 23:00:00+02:00,46.15,42.213162736971356,42.72
2017-07-26 00:00:00+02:00,50.1,47.77197410084266,39.78
2017-07-26 01:00:00+02:00,48.43,44.69830631706032,38.95
2017-07-26 02:00:00+02:00,45.0,43.7705300658837,38.6
2017-07-26 03:00:00+02:00,44.53,44.14967646796314,38.6
2017-07-26 04:00:00+02:00,44.98,44.755129108144075,38.6
2017-07-26 05:00:00+02:00,46.75,46.04559574184965,38.6
2017-07-26 06:00:00+02:00,50.95,49.21862958575613,39.07
2017-07-26 07:00:00+02:00,51.07,54.43717801471273,44.53
2017-07-26 08:00:00+02:00,51.5,57.799887631048286,48.06
2017-07-26 09:00:00+02:00,52.0,59.7129470306052,51.0
2017-07-26 10:00:00+02:00,51.87,59.80423386056171,51.1
2017-07-26 11:00:00+02:00,51.82,59.392295141676726,51.07
2017-07-26 12:00:00+02:00,52.37,59.145899437544955,51.66
2017-07-26 13:00:00+02:00,52.39,58.5480260193438,52.1
2017-07-26 14:00:00+02:00,52.11,56.75329484527859,51.5
2017-07-26 15:00:00+02:00,51.78,54.419864399801305,51.1
2017-07-26 16:00:00+02:00,51.85,52.03752104662146,51.1
2017-07-26 17:00:00+02:00,51.5,50.41987740786258,51.07
2017-07-26 18:00:00+02:00,51.07,49.456659462458916,50.09
2017-07-26 19:00:00+02:00,51.07,50.04110893491117,49.02
2017-07-26 20:00:00+02:00,51.5,51.17500750366942,51.06
2017-07-26 21:00:00+02:00,52.32,52.27036013011134,52.0
2017-07-26 22:00:00+02:00,52.11,51.69918427610375,52.32
2017-07-26 23:00:00+02:00,51.5,48.926810131793594,46.15
2017-07-27 00:00:00+02:00,58.0,53.32146402600982,50.1
2017-07-27 01:00:00+02:00,55.43,50.3300716255309,48.43
2017-07-27 02:00:00+02:00,54.05,49.10496668224284,45.0
2017-07-27 03:00:00+02:00,53.78,49.522630483493096,44.53
2017-07-27 04:00:00+02:00,52.57,50.17448176644721,44.98
2017-07-27 05:00:00+02:00,53.0,51.574320612468185,46.75
2017-07-27 06:00:00+02:00,54.1,54.8799119787441,50.95
2017-07-27 07:00:00+02:00,54.1,59.64225325201551,51.07
2017-07-27 08:00:00+02:00,54.69,63.13741571388004,51.5
2017-07-27 09:00:00+02:00,55.57,65.10053748900836,52.0
2017-07-27 10:00:00+02:00,55.0,65.16929028529951,51.87
2017-07-27 11:00:00+02:00,54.95,64.64905231789865,51.82
2017-07-27 12:00:00+02:00,54.96,64.27441633493346,52.37
2017-07-27 13:00:00+02:00,54.86,63.51174592032835,52.39
2017-07-27 14:00:00+02:00,54.05,61.670231516365845,52.11
2017-07-27 15:00:00+02:00,53.8,59.338571777812604,51.78
2017-07-27 16:00:00+02:00,53.27,57.087434866658626,51.85
2017-07-27 17:00:00+02:00,52.8,55.63122437963414,51.5
2017-07-27 18:00:00+02:00,51.97,55.00180603423261,51.07
2017-07-27 19:00:00+02:00,51.5,55.88824288563533,51.07
2017-07-27 20:00:00+02:00,52.05,57.38135823615326,51.5
2017-07-27 21:00:00+02:00,53.19,58.99266924378945,52.32
2017-07-27 22:00:00+02:00,52.61,59.01598070452746,52.11
2017-07-27 23:00:00+02:00,51.35,56.47250180726289,51.5
2017-07-28 00:00:00+02:00,48.5,53.14468125601654,58.0
2017-07-28 01:00:00+02:00,45.16,49.56196761213103,55.43
2017-07-28 02:00:00+02:00,44.53,48.05548105355656,54.05
2017-07-28 03:00:00+02:00,45.0,48.29156156778972,53.78
2017-07-28 04:00:00+02:00,45.04,48.80956063319944,52.57
2017-07-28 05:00:00+02:00,45.02,50.33507927185641,53.0
2017-07-28 06:00:00+02:00,47.2,53.67319497189528,54.1
2017-07-28 07:00:00+02:00,50.49,58.394423130717215,54.1
2017-07-28 08:00:00+02:00,52.99,62.22045034550697,54.69
2017-07-28 09:00:00+02:00,54.91,64.54163872128639,55.57
2017-07-28 10:00:00+02:00,54.98,64.84070582065556,55.0
2017-07-28 11:00:00+02:00,54.98,64.56685239319329,54.95
2017-07-28 12:00:00+02:00,55.19,64.30183996379526,54.96
2017-07-28 13:00:00+02:00,55.3,63.61701542471114,54.86
2017-07-28 14:00:00+02:00,54.69,61.79858544696152,54.05
2017-07-28 15:00:00+02:00,54.1,59.482376035943986,53.8
2017-07-28 16:00:00+02:00,52.61,57.07287035967575,53.27
2017-07-28 17:00:00+02:00,51.69,55.362668727158045,52.8
2017-07-28 18:00:00+02:00,50.49,54.38601320946599,51.97
2017-07-28 19:00:00+02:00,51.0,54.864382116665574,51.5
2017-07-28 20:00:00+02:00,51.43,56.03638187916427,52.05
2017-07-28 21:00:00+02:00,51.97,57.33985716543066,53.19
2017-07-28 22:00:00+02:00,51.69,57.01447992707252,52.61
2017-07-28 23:00:00+02:00,48.75,54.337885182719766,51.35
2017-07-29 00:00:00+02:00,54.92,50.13902385986332,48.5
2017-07-29 01:00:00+02:00,50.0,46.846835443134964,45.16
2017-07-29 02:00:00+02:00,45.96,45.345487897410095,44.53
2017-07-29 03:00:00+02:00,46.36,45.446994377635974,45.0
2017-07-29 04:00:00+02:00,46.01,45.81226618258662,45.04
2017-07-29 05:00:00+02:00,45.73,47.15702699481617,45.02
2017-07-29 06:00:00+02:00,45.03,50.4369380210772,47.2
2017-07-29 07:00:00+02:00,45.73,55.05861513397416,50.49
2017-07-29 08:00:00+02:00,51.62,58.81386458368013,52.99
2017-07-29 09:00:00+02:00,53.9,61.136347196706055,54.91
2017-07-29 10:00:00+02:00,53.55,61.38024868628001,54.98
2017-07-29 11:00:00+02:00,53.8,61.07292638952789,54.98
2017-07-29 12:00:00+02:00,52.59,60.75097652287312,55.19
2017-07-29 13:00:00+02:00,53.27,60.01637155445579,55.3
2017-07-29 14:00:00+02:00,51.61,58.155906969991264,54.69
2017-07-29 15:00:00+02:00,48.13,55.80572788830324,54.1
2017-07-29 16:00:00+02:00,44.1,53.25106314220918,52.61
2017-07-29 17:00:00+02:00,43.05,51.441745285529606,51.69
2017-07-29 18:00:00+02:00,43.4,50.29705817418967,50.49
2017-07-29 19:00:00+02:00,45.06,50.70710875824406,51.0
2017-07-29 20:00:00+02:00,48.0,51.7339838622309,51.43
2017-07-29 21:00:00+02:00,50.64,52.94756943732672,51.97
2017-07-29 22:00:00+02:00,53.8,52.60614876728686,51.69
2017-07-29 23:00:00+02:00,51.07,49.961854290257406,48.75
2017-07-30 00:00:00+02:00,51.1,53.22490775259171,54.92
2017-07-30 01:00:00+02:00,48.22,49.77417237837137,50.0
2017-07-30 02:00:00+02:00,45.76,48.453794900533055,45.96
2017-07-30 03:00:00+02:00,45.0,49.05096152496599,46.36
2017-07-30 04:00:00+02:00,44.96,49.53393952659165,46.01
2017-07-30 05:00:00+02:00,43.4,50.891920057346276,45.73
2017-07-30 06:00:00+02:00,43.16,53.995130866061636,45.03
2017-07-30 07:00:00+02:00,41.58,58.58319251201161,45.73
2017-07-30 08:00:00+02:00,41.72,62.82604481121753,51.62
2017-07-30 09:00:00+02:00,41.72,64.97947861587497,53.9
2017-07-30 10:00:00+02:00,41.72,65.12277201824047,53.55
2017-07-30 11:00:00+02:00,43.16,64.8770949987474,53.8
2017-07-30 12:00:00+02:00,43.4,64.42554817773774,52.59
2017-07-30 13:00:00+02:00,43.4,63.8889229240602,53.27
2017-07-30 14:00:00+02:00,41.72,61.99561189480234,51.61
2017-07-30 15:00:00+02:00,40.7,59.62057764366392,48.13
2017-07-30 16:00:00+02:00,40.28,57.16147082982762,44.1
2017-07-30 17:00:00+02:00,40.26,55.71273195172482,43.05
2017-07-30 18:00:00+02:00,41.14,54.85999172719659,43.4
2017-07-30 19:00:00+02:00,41.58,55.527525805790255,45.06
2017-07-30 20:00:00+02:00,45.4,56.93739317962696,48.0
2017-07-30 21:00:00+02:00,53.55,58.462246292208484,50.64
2017-07-30 22:00:00+02:00,56.35,58.6457706405807,53.8
2017-07-30 23:00:00+02:00,55.19,56.04278667448047,51.07
2017-07-31 00:00:00+02:00,47.41,56.87769430065585,51.1
2017-07-31 01:00:00+02:00,41.49,53.42633740848473,48.22
2017-07-31 02:00:00+02:00,40.3,51.7278505146697,45.76
2017-07-31 03:00:00+02:00,40.3,52.01496137513138,45.0
2017-07-31 04:00:00+02:00,40.3,52.28463731626272,44.96
2017-07-31 05:00:00+02:00,40.3,53.170655690140165,43.4
2017-07-31 06:00:00+02:00,41.8,55.9168227006393,43.16
2017-07-31 07:00:00+02:00,48.4,59.90447724025921,41.58
2017-07-31 08:00:00+02:00,50.2,63.87046310873252,41.72
2017-07-31 09:00:00+02:00,53.0,65.7331026549687,41.72
2017-07-31 10:00:00+02:00,53.27,65.61666390577713,41.72
2017-07-31 11:00:00+02:00,53.4,65.15410884044036,43.16
2017-07-31 12:00:00+02:00,54.58,64.33020095475193,43.4
2017-07-31 13:00:00+02:00,54.19,63.563258605874125,43.4
2017-07-31 14:00:00+02:00,52.59,61.52264838026947,41.72
2017-07-31 15:00:00+02:00,51.26,59.216611348357546,40.7
2017-07-31 16:00:00+02:00,50.71,56.883900045988966,40.28
2017-07-31 17:00:00+02:00,50.0,55.51366517523319,40.26
2017-07-31 18:00:00+02:00,47.26,54.835133435612654,41.14
2017-07-31 19:00:00+02:00,45.97,55.47317513829659,41.58
2017-07-31 20:00:00+02:00,48.0,57.17674305282378,45.4
2017-07-31 21:00:00+02:00,50.1,59.12550995261526,53.55
2017-07-31 22:00:00+02:00,50.44,59.02068600971475,56.35
2017-07-31 23:00:00+02:00,46.95,56.10202913378244,55.19
2017-08-01 00:00:00+02:00,69.2,47.848189614004426,47.41
2017-08-01 01:00:00+02:00,61.07,44.930040071402345,41.49
2017-08-01 02:00:00+02:00,55.47,43.60198457385912,40.3
2017-08-01 03:00:00+02:00,50.22,43.9406598573092,40.3
2017-08-01 04:00:00+02:00,47.99,44.33339391331453,40.3
2017-08-01 05:00:00+02:00,48.0,45.33162251396941,40.3
2017-08-01 06:00:00+02:00,47.89,48.26586181220615,41.8
2017-08-01 07:00:00+02:00,50.13,52.8747526967368,48.4
2017-08-01 08:00:00+02:00,51.3,56.82627702749269,50.2
2017-08-01 09:00:00+02:00,54.0,59.31042823120248,53.0
2017-08-01 10:00:00+02:00,58.07,59.54687719214178,53.27
2017-08-01 11:00:00+02:00,61.28,59.41766167326214,53.4
2017-08-01 12:00:00+02:00,67.1,58.95676451884175,54.58
2017-08-01 13:00:00+02:00,64.6,58.21450177569092,54.19
2017-08-01 14:00:00+02:00,58.23,56.229346104064305,52.59
2017-08-01 15:00:00+02:00,53.0,53.938199209507,51.26
2017-08-01 16:00:00+02:00,54.08,51.56521077178921,50.71
2017-08-01 17:00:00+02:00,60.95,49.92854944140862,50.0
2017-08-01 18:00:00+02:00,70.51,48.8005395017703,47.26
2017-08-01 19:00:00+02:00,75.52,49.20966139618674,45.97
2017-08-01 20:00:00+02:00,73.2,50.89260520434884,48.0
2017-08-01 21:00:00+02:00,70.69,52.65264152513915,50.1
2017-08-01 22:00:00+02:00,71.21,52.3989418883692,50.44
2017-08-01 23:00:00+02:00,65.88,49.447913074153796,46.95
2017-08-02 00:00:00+02:00,47.63,69.4124593287367,69.2
2017-08-02 01:00:00+02:00,42.34,64.77126893385696,61.07
2017-08-02 02:00:00+02:00,39.74,63.84669289800834,55.47
2017-08-02 03:00:00+02:00,36.7,64.66412150988477,50.22
2017-08-02 04:00:00+02:00,36.01,65.84771052117644,47.99
2017-08-02 05:00:00+02:00,38.93,67.36844140654198,48.0
2017-08-02 06:00:00+02:00,45.3,70.31485913849596,47.89
2017-08-02 07:00:00+02:00,55.1,75.04869928359633,50.13
2017-08-02 08:00:00+02:00,61.97,79.0888905119687,51.3
2017-08-02 09:00:00+02:00,62.57,82.08414350638122,54.0
2017-08-02 10:00:00+02:00,62.49,82.96328618110826,58.07
2017-08-02 11:00:00+02:00,60.38,83.16889512080425,61.28
2017-08-02 12:00:00+02:00,59.66,83.34271555614757,67.1
2017-08-02 13:00:00+02:00,59.66,82.29126451707944,64.6
2017-08-02 14:00:00+02:00,55.0,80.45437750717629,58.23
2017-08-02 15:00:00+02:00,53.62,78.795633283054,53.0
2017-08-02 16:00:00+02:00,56.45,77.54380576608462,54.08
2017-08-02 17:00:00+02:00,60.69,76.868428484251,60.95
2017-08-02 18:00:00+02:00,65.0,76.31283065988762,70.51
2017-08-02 19:00:00+02:00,71.62,76.50182035914474,75.52
2017-08-02 20:00:00+02:00,72.6,77.78208354176363,73.2
2017-08-02 21:00:00+02:00,65.5,79.90092677188434,70.69
2017-08-02 22:00:00+02:00,61.59,80.50653040352097,71.21
2017-08-02 23:00:00+02:00,59.69,77.85392517608308,65.88
2017-08-03 00:00:00+02:00,47.47,60.81698840906119,47.63
2017-08-03 01:00:00+02:00,43.69,57.69854975647735,42.34
2017-08-03 02:00:00+02:00,40.61,56.646976085215165,39.74
2017-08-03 03:00:00+02:00,40.61,57.03131371423616,36.7
2017-08-03 04:00:00+02:00,40.04,58.13519975829944,36.01
2017-08-03 05:00:00+02:00,43.0,59.73210021192984,38.93
2017-08-03 06:00:00+02:00,47.47,62.648430762909236,45.3
2017-08-03 07:00:00+02:00,50.02,67.29800793465913,55.1
2017-08-03 08:00:00+02:00,51.58,70.88450982066773,61.97
2017-08-03 09:00:00+02:00,52.34,73.11210047259371,62.57
2017-08-03 10:00:00+02:00,52.29,73.81657408252529,62.49
2017-08-03 11:00:00+02:00,51.58,73.65795377278822,60.38
2017-08-03 12:00:00+02:00,51.69,73.70527627640841,59.66
2017-08-03 13:00:00+02:00,50.5,72.60075050524193,59.66
2017-08-03 14:00:00+02:00,50.0,70.17670760844892,55.0
2017-08-03 15:00:00+02:00,49.69,68.52188197223126,53.62
2017-08-03 16:00:00+02:00,49.51,67.4018950798999,56.45
2017-08-03 17:00:00+02:00,50.23,66.5887521312041,60.69
2017-08-03 18:00:00+02:00,51.58,65.77903697057204,65.0
2017-08-03 19:00:00+02:00,55.98,65.84968978512694,71.62
2017-08-03 20:00:00+02:00,55.49,66.25770900741385,72.6
2017-08-03 21:00:00+02:00,55.0,67.23069131409822,65.5
2017-08-03 22:00:00+02:00,51.97,67.94164569231297,61.59
2017-08-03 23:00:00+02:00,51.09,65.29544657029463,59.69
2017-08-04 00:00:00+02:00,51.09,50.74724154180031,47.47
2017-08-04 01:00:00+02:00,49.69,48.33986088074217,43.69
2017-08-04 02:00:00+02:00,48.69,46.940322501972005,40.61
2017-08-04 03:00:00+02:00,47.12,47.116712741088726,40.61
2017-08-04 04:00:00+02:00,45.87,47.77898506938253,40.04
2017-08-04 05:00:00+02:00,45.51,49.391271660918946,43.0
2017-08-04 06:00:00+02:00,46.02,52.25756345895796,47.47
2017-08-04 07:00:00+02:00,48.34,56.59764304347856,50.02
2017-08-04 08:00:00+02:00,49.51,60.19622570207939,51.58
2017-08-04 09:00:00+02:00,50.12,62.453776412755715,52.34
2017-08-04 10:00:00+02:00,49.69,63.12770733432589,52.29
2017-08-04 11:00:00+02:00,48.69,62.86952381051957,51.58
2017-08-04 12:00:00+02:00,48.01,62.80324058445407,51.69
2017-08-04 13:00:00+02:00,48.01,61.535533067544016,50.5
2017-08-04 14:00:00+02:00,47.01,59.118815039597855,50.0
2017-08-04 15:00:00+02:00,43.99,57.16614184235136,49.69
2017-08-04 16:00:00+02:00,43.88,55.68485054786073,49.51
2017-08-04 17:00:00+02:00,43.5,54.64691025375612,50.23
2017-08-04 18:00:00+02:00,43.97,53.71769754148426,51.58
2017-08-04 19:00:00+02:00,47.83,53.85277423331664,55.98
2017-08-04 20:00:00+02:00,49.87,53.69709473907572,55.49
2017-08-04 21:00:00+02:00,53.12,54.42388163794928,55.0
2017-08-04 22:00:00+02:00,51.01,54.6989749550511,51.97
2017-08-04 23:00:00+02:00,50.07,52.235247094324095,51.09
2017-08-05 00:00:00+02:00,48.72,49.75722340755408,51.09
2017-08-05 01:00:00+02:00,39.69,47.454859309498104,49.69
2017-08-05 02:00:00+02:00,38.0,46.07796002646167,48.69
2017-08-05 03:00:00+02:00,37.92,46.13217675030962,47.12
2017-08-05 04:00:00+02:00,37.92,46.83989953121909,45.87
2017-08-05 05:00:00+02:00,38.69,48.54513586669155,45.51
2017-08-05 06:00:00+02:00,43.34,51.516909027119134,46.02
2017-08-05 07:00:00+02:00,49.89,56.055616862962516,48.34
2017-08-05 08:00:00+02:00,51.22,59.81593109465346,49.51
2017-08-05 09:00:00+02:00,51.89,62.34078035447875,50.12
2017-08-05 10:00:00+02:00,51.89,63.27063594536431,49.69
2017-08-05 11:00:00+02:00,51.89,63.251063644191476,48.69
2017-08-05 12:00:00+02:00,52.15,63.38420928042341,48.01
2017-08-05 13:00:00+02:00,51.93,62.455300603966,48.01
2017-08-05 14:00:00+02:00,51.8,60.22070193879759,47.01
2017-08-05 15:00:00+02:00,51.19,58.18126172814735,43.99
2017-08-05 16:00:00+02:00,51.04,56.98594581107207,43.88
2017-08-05 17:00:00+02:00,51.04,55.99220354668778,43.5
2017-08-05 18:00:00+02:00,50.09,55.20108619574598,43.97
2017-08-05 19:00:00+02:00,50.54,55.6068142602441,47.83
2017-08-05 20:00:00+02:00,52.71,55.407381737498575,49.87
2017-08-05 21:00:00+02:00,56.42,56.20917175442365,53.12
2017-08-05 22:00:00+02:00,54.53,56.12291772256231,51.01
2017-08-05 23:00:00+02:00,51.89,54.044714163364816,50.07
2017-08-06 00:00:00+02:00,50.52,51.76267639045556,48.72
2017-08-06 01:00:00+02:00,45.7,49.101488973603594,39.69
2017-08-06 02:00:00+02:00,44.01,48.34783913559845,38.0
2017-08-06 03:00:00+02:00,42.2,48.56160668410537,37.92
2017-08-06 04:00:00+02:00,41.24,49.28762547402643,37.92
2017-08-06 05:00:00+02:00,42.5,51.000610324788994,38.69
2017-08-06 06:00:00+02:00,45.7,54.19436241202942,43.34
2017-08-06 07:00:00+02:00,50.13,58.758006092274385,49.89
2017-08-06 08:00:00+02:00,51.28,62.108471971265985,51.22
2017-08-06 09:00:00+02:00,51.28,64.62268706196932,51.89
2017-08-06 10:00:00+02:00,50.99,65.62585990095552,51.89
2017-08-06 11:00:00+02:00,50.19,65.69800738482573,51.89
2017-08-06 12:00:00+02:00,50.86,65.86551267724818,52.15
2017-08-06 13:00:00+02:00,50.01,65.0191987729589,51.93
2017-08-06 14:00:00+02:00,48.26,62.958527550539486,51.8
2017-08-06 15:00:00+02:00,46.95,60.94573599387112,51.19
2017-08-06 16:00:00+02:00,47.01,59.812221205690406,51.04
2017-08-06 17:00:00+02:00,48.26,58.92736030051625,51.04
2017-08-06 18:00:00+02:00,48.26,58.167145919988585,50.09
2017-08-06 19:00:00+02:00,49.02,58.72588976360826,50.54
2017-08-06 20:00:00+02:00,50.99,58.877069432890295,52.71
2017-08-06 21:00:00+02:00,51.49,59.89873346712663,56.42
2017-08-06 22:00:00+02:00,51.04,59.56922726903102,54.53
2017-08-06 23:00:00+02:00,46.95,57.89092934058182,51.89
2017-08-07 00:00:00+02:00,45.0,46.769179779222014,50.52
2017-08-07 01:00:00+02:00,45.0,43.88694814164269,45.7
2017-08-07 02:00:00+02:00,42.38,43.125900950961075,44.01
2017-08-07 03:00:00+02:00,42.38,43.16898598049423,42.2
2017-08-07 04:00:00+02:00,41.11,43.841537281992544,41.24
2017-08-07 05:00:00+02:00,41.04,45.593015223854785,42.5
2017-08-07 06:00:00+02:00,41.0,48.761147448043154,45.7
2017-08-07 07:00:00+02:00,40.3,53.2303696202572,50.13
2017-08-07 08:00:00+02:00,45.4,56.30461206537453,51.28
2017-08-07 09:00:00+02:00,52.15,58.67235406043805,51.28
2017-08-07 10:00:00+02:00,53.81,59.66538287876265,50.99
2017-08-07 11:00:00+02:00,53.89,59.65370050688792,50.19
2017-08-07 12:00:00+02:00,54.52,59.79153276058601,50.86
2017-08-07 13:00:00+02:00,54.81,58.73635842331626,50.01
2017-08-07 14:00:00+02:00,53.93,56.50063747215623,48.26
2017-08-07 15:00:00+02:00,50.1,54.308212426939754,46.95
2017-08-07 16:00:00+02:00,45.99,52.99295620851533,47.01
2017-08-07 17:00:00+02:00,45.5,51.95253706431947,48.26
2017-08-07 18:00:00+02:00,46.84,50.83151436294359,48.26
2017-08-07 19:00:00+02:00,48.01,51.082334348049066,49.02
2017-08-07 20:00:00+02:00,52.71,51.124705908960344,50.99
2017-08-07 21:00:00+02:00,54.81,51.72969742694586,51.49
2017-08-07 22:00:00+02:00,54.89,51.20609848044184,51.04
2017-08-07 23:00:00+02:00,53.02,49.25935664797937,46.95
2017-08-08 00:00:00+02:00,44.01,52.91711652977475,45.0
2017-08-08 01:00:00+02:00,40.56,50.66492715485212,45.0
2017-08-08 02:00:00+02:00,39.42,49.75676775912876,42.38
2017-08-08 03:00:00+02:00,39.42,50.12898247312063,42.38
2017-08-08 04:00:00+02:00,39.42,50.85823240135755,41.11
2017-08-08 05:00:00+02:00,39.61,52.811784146338,41.04
2017-08-08 06:00:00+02:00,40.56,56.07871628644876,41.0
2017-08-08 07:00:00+02:00,41.01,60.59724902121776,40.3
2017-08-08 08:00:00+02:00,44.01,64.49132746110051,45.4
2017-08-08 09:00:00+02:00,47.7,67.3104024328241,52.15
2017-08-08 10:00:00+02:00,45.88,68.17733173968925,53.81
2017-08-08 11:00:00+02:00,47.16,68.25434654208277,53.89
2017-08-08 12:00:00+02:00,49.7,68.59482983268836,54.52
2017-08-08 13:00:00+02:00,50.5,67.80991884791904,54.81
2017-08-08 14:00:00+02:00,50.1,65.79275694258246,53.93
2017-08-08 15:00:00+02:00,48.4,63.57208486727343,50.1
2017-08-08 16:00:00+02:00,50.68,62.3728696321203,45.99
2017-08-08 17:00:00+02:00,50.5,61.87115462553658,45.5
2017-08-08 18:00:00+02:00,50.68,61.231285959186515,46.84
2017-08-08 19:00:00+02:00,50.1,61.66777507182982,48.01
2017-08-08 20:00:00+02:00,50.95,62.319163649664006,52.71
2017-08-08 21:00:00+02:00,55.47,62.98526044396776,54.81
2017-08-08 22:00:00+02:00,51.89,62.656237216972,54.89
2017-08-08 23:00:00+02:00,50.03,60.75724374900668,53.02
2017-08-09 00:00:00+02:00,50.79,49.061204612744426,44.01
2017-08-09 01:00:00+02:00,49.63,47.32438389881231,40.56
2017-08-09 02:00:00+02:00,47.51,46.50025326156106,39.42
2017-08-09 03:00:00+02:00,46.9,46.81833095195503,39.42
2017-08-09 04:00:00+02:00,46.73,47.46140374797224,39.42
2017-08-09 05:00:00+02:00,48.9,49.27070580513222,39.61
2017-08-09 06:00:00+02:00,50.9,52.42416409691881,40.56
2017-08-09 07:00:00+02:00,52.27,56.72803100048328,41.01
2017-08-09 08:00:00+02:00,52.5,60.836528412342055,44.01
2017-08-09 09:00:00+02:00,53.96,63.80631585600711,47.7
2017-08-09 10:00:00+02:00,53.29,64.36728939937646,45.88
2017-08-09 11:00:00+02:00,53.29,64.73935431062523,47.16
2017-08-09 12:00:00+02:00,53.01,65.18165611774457,49.7
2017-08-09 13:00:00+02:00,52.94,64.3220008285237,50.5
2017-08-09 14:00:00+02:00,52.0,62.25439416134817,50.1
2017-08-09 15:00:00+02:00,50.95,59.875962492406245,48.4
2017-08-09 16:00:00+02:00,50.57,58.85191726089656,50.68
2017-08-09 17:00:00+02:00,49.88,58.0146080012893,50.5
2017-08-09 18:00:00+02:00,49.6,57.27731124118912,50.68
2017-08-09 19:00:00+02:00,49.63,57.42827615793366,50.1
2017-08-09 20:00:00+02:00,51.68,58.03727911691756,50.95
2017-08-09 21:00:00+02:00,52.1,58.8853561500198,55.47
2017-08-09 22:00:00+02:00,50.34,57.838076984833364,51.89
2017-08-09 23:00:00+02:00,45.97,56.06300798454245,50.03
2017-08-10 00:00:00+02:00,57.51,45.099997845356825,50.79
2017-08-10 01:00:00+02:00,53.0,43.109489073793874,49.63
2017-08-10 02:00:00+02:00,49.51,41.99574539017106,47.51
2017-08-10 03:00:00+02:00,48.59,42.25243905998224,46.9
2017-08-10 04:00:00+02:00,48.06,42.82032190297592,46.73
2017-08-10 05:00:00+02:00,48.59,44.61359149811541,48.9
2017-08-10 06:00:00+02:00,49.48,47.401546716060196,50.9
2017-08-10 07:00:00+02:00,48.59,51.14002687553979,52.27
2017-08-10 08:00:00+02:00,48.59,54.72352619586563,52.5
2017-08-10 09:00:00+02:00,52.01,57.50064056335089,53.96
2017-08-10 10:00:00+02:00,56.87,57.71182550599751,53.29
2017-08-10 11:00:00+02:00,55.04,57.85196680414006,53.29
2017-08-10 12:00:00+02:00,56.86,58.00998816874541,53.01
2017-08-10 13:00:00+02:00,57.81,57.039668977641874,52.94
2017-08-10 14:00:00+02:00,58.47,54.79458713020034,52.0
2017-08-10 15:00:00+02:00,51.56,52.23695185816586,50.95
2017-08-10 16:00:00+02:00,48.59,51.053143989761516,50.57
2017-08-10 17:00:00+02:00,47.57,50.074727289576,49.88
2017-08-10 18:00:00+02:00,49.2,49.22444219544843,49.6
2017-08-10 19:00:00+02:00,58.14,49.11656551748936,49.63
2017-08-10 20:00:00+02:00,63.76,49.649945856015876,51.68
2017-08-10 21:00:00+02:00,64.64,50.094613628719536,52.1
2017-08-10 22:00:00+02:00,62.46,48.693566639161844,50.34
2017-08-10 23:00:00+02:00,60.53,46.73854052408393,45.97
2017-08-11 00:00:00+02:00,54.88,61.35351604657245,57.51
2017-08-11 01:00:00+02:00,51.03,58.6753963794678,53.0
2017-08-11 02:00:00+02:00,48.6,57.89352993696023,49.51
2017-08-11 03:00:00+02:00,47.95,58.645194343190994,48.59
2017-08-11 04:00:00+02:00,47.81,59.63089250866627,48.06
2017-08-11 05:00:00+02:00,49.59,61.82930672354265,48.59
2017-08-11 06:00:00+02:00,55.0,65.08736174022064,49.48
2017-08-11 07:00:00+02:00,60.43,69.25826550198227,48.59
2017-08-11 08:00:00+02:00,61.14,73.61037037645511,48.59
2017-08-11 09:00:00+02:00,62.0,77.40769153579816,52.01
2017-08-11 10:00:00+02:00,61.0,78.62487775166937,56.87
2017-08-11 11:00:00+02:00,60.43,78.7585760991868,55.04
2017-08-11 12:00:00+02:00,60.53,79.64012889382491,56.86
2017-08-11 13:00:00+02:00,60.53,79.15382492635386,57.81
2017-08-11 14:00:00+02:00,59.47,77.41026410256103,58.47
2017-08-11 15:00:00+02:00,57.0,74.63999479908209,51.56
2017-08-11 16:00:00+02:00,56.02,73.94168631360998,48.59
2017-08-11 17:00:00+02:00,57.32,73.45706350154684,47.57
2017-08-11 18:00:00+02:00,60.53,73.21847866056108,49.2
2017-08-11 19:00:00+02:00,62.65,74.15856798729618,58.14
2017-08-11 20:00:00+02:00,63.21,74.87694860432238,63.76
2017-08-11 21:00:00+02:00,62.68,75.42527843615036,64.64
2017-08-11 22:00:00+02:00,60.58,74.49593655070026,62.46
2017-08-11 23:00:00+02:00,58.5,72.99138253589939,60.53
2017-08-12 00:00:00+02:00,60.07,58.37495761589333,54.88
2017-08-12 01:00:00+02:00,57.04,55.67933187883536,51.03
2017-08-12 02:00:00+02:00,56.08,54.486940875844326,48.6
2017-08-12 03:00:00+02:00,50.93,54.869054276921304,47.95
2017-08-12 04:00:00+02:00,49.92,55.51628589716118,47.81
2017-08-12 05:00:00+02:00,49.92,57.437736237197,49.59
2017-08-12 06:00:00+02:00,58.0,60.59745561215901,55.0
2017-08-12 07:00:00+02:00,66.08,64.38614518757707,60.43
2017-08-12 08:00:00+02:00,68.2,67.98463837961778,61.14
2017-08-12 09:00:00+02:00,69.94,71.50220259702336,62.0
2017-08-12 10:00:00+02:00,70.51,72.52418571572952,61.0
2017-08-12 11:00:00+02:00,70.62,72.56361834267203,60.43
2017-08-12 12:00:00+02:00,71.01,73.25098362150976,60.53
2017-08-12 13:00:00+02:00,67.9,72.6996330963753,60.53
2017-08-12 14:00:00+02:00,63.56,70.8229222247239,59.47
2017-08-12 15:00:00+02:00,62.2,67.85854885001545,57.0
2017-08-12 16:00:00+02:00,65.36,66.94101202033853,56.02
2017-08-12 17:00:00+02:00,71.69,66.46138126529564,57.32
2017-08-12 18:00:00+02:00,78.66,66.19483128129072,60.53
2017-08-12 19:00:00+02:00,79.45,66.73090093650211,62.65
2017-08-12 20:00:00+02:00,80.59,67.04951691299345,63.21
2017-08-12 21:00:00+02:00,80.0,67.19475156253836,62.68
2017-08-12 22:00:00+02:00,74.26,65.89155558847212,60.58
2017-08-12 23:00:00+02:00,66.87,64.03249334310736,58.5
2017-08-13 00:00:00+02:00,46.46,67.77648498372132,60.07
2017-08-13 01:00:00+02:00,42.42,65.11567282972206,57.04
2017-08-13 02:00:00+02:00,39.4,64.15559234109813,56.08
2017-08-13 03:00:00+02:00,38.83,64.23859499749675,50.93
2017-08-13 04:00:00+02:00,36.4,65.35492344391271,49.92
2017-08-13 05:00:00+02:00,34.83,67.45202326240371,49.92
2017-08-13 06:00:00+02:00,35.0,71.35185071697362,58.0
2017-08-13 07:00:00+02:00,34.83,75.28230158183108,66.08
2017-08-13 08:00:00+02:00,35.66,78.52676448199176,68.2
2017-08-13 09:00:00+02:00,38.93,82.11971395722544,69.94
2017-08-13 10:00:00+02:00,43.4,83.38661536276662,70.51
2017-08-13 11:00:00+02:00,42.19,83.59788074608916,70.62
2017-08-13 12:00:00+02:00,45.15,84.35009866528057,71.01
2017-08-13 13:00:00+02:00,46.46,83.66591531950765,67.9
2017-08-13 14:00:00+02:00,46.46,81.82619021233876,63.56
2017-08-13 15:00:00+02:00,43.4,79.24914599014647,62.2
2017-08-13 16:00:00+02:00,40.0,78.60826756236423,65.36
2017-08-13 17:00:00+02:00,40.0,78.39754991849854,71.69
2017-08-13 18:00:00+02:00,42.01,78.19370245378605,78.66
2017-08-13 19:00:00+02:00,44.01,78.14773130277511,79.45
2017-08-13 20:00:00+02:00,46.46,78.5053112606449,80.59
2017-08-13 21:00:00+02:00,47.81,78.60616178382259,80.0
2017-08-13 22:00:00+02:00,48.1,77.10351328051316,74.26
2017-08-13 23:00:00+02:00,47.5,75.82459093948371,66.87
2017-08-14 00:00:00+02:00,45.0,45.99016571536698,46.46
2017-08-14 01:00:00+02:00,42.11,44.5920869653941,42.42
2017-08-14 02:00:00+02:00,37.51,43.43917596180076,39.4
2017-08-14 03:00:00+02:00,36.61,43.33341166464747,38.83
2017-08-14 04:00:00+02:00,37.01,43.88389340010787,36.4
2017-08-14 05:00:00+02:00,37.65,45.62810931109729,34.83
2017-08-14 06:00:00+02:00,43.1,49.21813864302718,35.0
2017-08-14 07:00:00+02:00,46.51,52.86789766606607,34.83
2017-08-14 08:00:00+02:00,46.96,56.03081977812672,35.66
2017-08-14 09:00:00+02:00,46.96,59.56567129517414,38.93
2017-08-14 10:00:00+02:00,46.51,60.88194490774319,43.4
2017-08-14 11:00:00+02:00,46.76,60.4612822399273,42.19
2017-08-14 12:00:00+02:00,46.51,61.20592468897056,45.15
2017-08-14 13:00:00+02:00,46.76,60.25892748037558,46.46
2017-08-14 14:00:00+02:00,45.39,58.14038462131113,46.46
2017-08-14 15:00:00+02:00,42.35,55.115667577161986,43.4
2017-08-14 16:00:00+02:00,42.31,54.00609693321956,40.0
2017-08-14 17:00:00+02:00,44.68,53.76944786488212,40.0
2017-08-14 18:00:00+02:00,45.79,53.51056373268947,42.01
2017-08-14 19:00:00+02:00,46.51,53.242261489794046,44.01
2017-08-14 20:00:00+02:00,46.96,53.37403466381851,46.46
2017-08-14 21:00:00+02:00,49.0,53.17962725830658,47.81
2017-08-14 22:00:00+02:00,47.25,51.494140663052264,48.1
2017-08-14 23:00:00+02:00,45.7,49.21206376783487,47.5
2017-08-15 00:00:00+02:00,45.51,44.091019313040654,45.0
2017-08-15 01:00:00+02:00,43.4,42.67496655180058,42.11
2017-08-15 02:00:00+02:00,41.98,41.387583577838356,37.51
2017-08-15 03:00:00+02:00,41.98,41.534248792598504,36.61
2017-08-15 04:00:00+02:00,40.1,42.20634497706189,37.01
2017-08-15 05:00:00+02:00,38.56,43.92245999537754,37.65
2017-08-15 06:00:00+02:00,41.6,47.80653451253145,43.1
2017-08-15 07:00:00+02:00,37.33,51.338053615074685,46.51
2017-08-15 08:00:00+02:00,37.33,54.31828671877125,46.96
2017-08-15 09:00:00+02:00,41.0,57.841459957245114,46.96
2017-08-15 10:00:00+02:00,40.0,59.40977269376769,46.51
2017-08-15 11:00:00+02:00,42.0,59.328465971607955,46.76
2017-08-15 12:00:00+02:00,43.9,60.08610697582422,46.51
2017-08-15 13:00:00+02:00,46.46,59.44915023828373,46.76
2017-08-15 14:00:00+02:00,46.46,57.443003398952044,45.39
2017-08-15 15:00:00+02:00,42.08,54.47467509926472,42.35
2017-08-15 16:00:00+02:00,38.47,53.57608928908989,42.31
2017-08-15 17:00:00+02:00,38.55,53.59998505245893,44.68
2017-08-15 18:00:00+02:00,42.79,53.34969022543946,45.79
2017-08-15 19:00:00+02:00,44.85,53.11136994609373,46.51
2017-08-15 20:00:00+02:00,46.76,53.23845380949312,46.96
2017-08-15 21:00:00+02:00,48.02,53.23871983358189,49.0
2017-08-15 22:00:00+02:00,47.81,51.39284931953294,47.25
2017-08-15 23:00:00+02:00,47.02,49.26977736659607,45.7
2017-08-16 00:00:00+02:00,50.0,45.41740096605873,45.51
2017-08-16 01:00:00+02:00,46.69,43.82035898863063,43.4
2017-08-16 02:00:00+02:00,40.6,42.490752282660445,41.98
2017-08-16 03:00:00+02:00,41.56,42.55221951483587,41.98
2017-08-16 04:00:00+02:00,40.1,42.910927732057566,40.1
2017-08-16 05:00:00+02:00,41.59,44.422839568043315,38.56
2017-08-16 06:00:00+02:00,45.4,48.36540597948592,41.6
2017-08-16 07:00:00+02:00,50.05,51.102945489133035,37.33
2017-08-16 08:00:00+02:00,50.59,54.19255184162667,37.33
2017-08-16 09:00:00+02:00,50.98,57.71155138277946,41.0
2017-08-16 10:00:00+02:00,50.9,58.708727563727464,40.0
2017-08-16 11:00:00+02:00,50.89,58.622269374706065,42.0
2017-08-16 12:00:00+02:00,51.39,58.973842796432535,43.9
2017-08-16 13:00:00+02:00,52.0,58.18782272312977,46.46
2017-08-16 14:00:00+02:00,51.69,55.8265731867846,46.46
2017-08-16 15:00:00+02:00,51.38,52.34759373299245,42.08
2017-08-16 16:00:00+02:00,50.89,51.18588130607151,38.47
2017-08-16 17:00:00+02:00,50.63,51.385302321255054,38.55
2017-08-16 18:00:00+02:00,49.63,51.54567826071376,42.79
2017-08-16 19:00:00+02:00,47.02,51.21324240584098,44.85
2017-08-16 20:00:00+02:00,49.3,51.39017190797122,46.76
2017-08-16 21:00:00+02:00,50.98,51.451678743513895,48.02
2017-08-16 22:00:00+02:00,49.31,49.72144913034901,47.81
2017-08-16 23:00:00+02:00,49.0,47.57375855792407,47.02
2017-08-17 00:00:00+02:00,49.98,47.78365811266134,50.0
2017-08-17 01:00:00+02:00,44.07,45.90262611212526,46.69
2017-08-17 02:00:00+02:00,39.64,44.5603656884212,40.6
2017-08-17 03:00:00+02:00,39.21,45.41131749663127,41.56
2017-08-17 04:00:00+02:00,39.21,45.92572470297219,40.1
2017-08-17 05:00:00+02:00,39.64,47.91645582644313,41.59
2017-08-17 06:00:00+02:00,43.69,52.20255338428875,45.4
2017-08-17 07:00:00+02:00,49.62,55.47730970154976,50.05
2017-08-17 08:00:00+02:00,50.07,58.56200621826693,50.59
2017-08-17 09:00:00+02:00,51.01,62.40284487737636,50.98
2017-08-17 10:00:00+02:00,50.95,64.01968533287958,50.9
2017-08-17 11:00:00+02:00,50.85,64.49502620248143,50.89
2017-08-17 12:00:00+02:00,51.01,65.27162527548383,51.39
2017-08-17 13:00:00+02:00,51.5,64.94454228214865,52.0
2017-08-17 14:00:00+02:00,50.97,62.93583077073307,51.69
2017-08-17 15:00:00+02:00,50.95,59.776595897584684,51.38
2017-08-17 16:00:00+02:00,50.51,58.56098844294816,50.89
2017-08-17 17:00:00+02:00,50.85,58.74999798270712,50.63
2017-08-17 18:00:00+02:00,50.55,58.90415193611213,49.63
2017-08-17 19:00:00+02:00,49.98,58.489384469795745,47.02
2017-08-17 20:00:00+02:00,50.25,59.01750189826753,49.3
2017-08-17 21:00:00+02:00,53.21,59.06973080560929,50.98
2017-08-17 22:00:00+02:00,51.9,57.239706394068996,49.31
2017-08-17 23:00:00+02:00,50.25,55.279996057654614,49.0
2017-08-18 00:00:00+02:00,50.7,49.25717360293541,49.98
2017-08-18 01:00:00+02:00,43.69,46.86719086893189,44.07
2017-08-18 02:00:00+02:00,39.19,45.55387684498839,39.64
2017-08-18 03:00:00+02:00,38.97,46.54969118626873,39.21
2017-08-18 04:00:00+02:00,38.81,47.13161085359936,39.21
2017-08-18 05:00:00+02:00,39.19,49.024907897567175,39.64
2017-08-18 06:00:00+02:00,43.4,53.400877311059695,43.69
2017-08-18 07:00:00+02:00,47.25,56.94100266902412,49.62
2017-08-18 08:00:00+02:00,50.5,59.62028617933265,50.07
2017-08-18 09:00:00+02:00,51.79,63.41331230196377,51.01
2017-08-18 10:00:00+02:00,51.49,65.14203574405673,50.95
2017-08-18 11:00:00+02:00,51.49,65.72922065964987,50.85
2017-08-18 12:00:00+02:00,51.9,66.51554537525385,51.01
2017-08-18 13:00:00+02:00,52.41,66.30914707742267,51.5
2017-08-18 14:00:00+02:00,51.49,64.36900962931188,50.97
2017-08-18 15:00:00+02:00,50.79,61.36374660690036,50.95
2017-08-18 16:00:00+02:00,50.1,59.963465725169556,50.51
2017-08-18 17:00:00+02:00,48.5,60.07557054560316,50.85
2017-08-18 18:00:00+02:00,46.22,60.17171324369433,50.55
2017-08-18 19:00:00+02:00,45.66,59.79672229492869,49.98
2017-08-18 20:00:00+02:00,45.92,60.340294948796334,50.25
2017-08-18 21:00:00+02:00,48.1,60.6876740266414,53.21
2017-08-18 22:00:00+02:00,45.92,58.70789425344811,51.9
2017-08-18 23:00:00+02:00,41.08,56.841873722468236,50.25
2017-08-19 00:00:00+02:00,50.0,39.96718612677424,50.7
2017-08-19 01:00:00+02:00,44.9,36.53548705967351,43.69
2017-08-19 02:00:00+02:00,40.0,34.740571853424264,39.19
2017-08-19 03:00:00+02:00,38.1,35.353815984609994,38.97
2017-08-19 04:00:00+02:00,37.22,35.46682807377215,38.81
2017-08-19 05:00:00+02:00,37.07,36.81514873887515,39.19
2017-08-19 06:00:00+02:00,37.07,40.85749149359252,43.4
2017-08-19 07:00:00+02:00,37.07,44.0821168420072,47.25
2017-08-19 08:00:00+02:00,38.07,46.490092882792425,50.5
2017-08-19 09:00:00+02:00,42.55,49.75253832285226,51.79
2017-08-19 10:00:00+02:00,44.5,51.24383554365908,51.49
2017-08-19 11:00:00+02:00,45.01,51.72564460303086,51.49
2017-08-19 12:00:00+02:00,45.66,52.33133014458692,51.9
2017-08-19 13:00:00+02:00,49.49,52.014056239376444,52.41
2017-08-19 14:00:00+02:00,50.1,49.90837659364153,51.49
2017-08-19 15:00:00+02:00,49.49,46.81139208638311,50.79
2017-08-19 16:00:00+02:00,48.0,45.062374627887344,50.1
2017-08-19 17:00:00+02:00,45.92,44.68952895573724,48.5
2017-08-19 18:00:00+02:00,44.5,44.40747520940715,46.22
2017-08-19 19:00:00+02:00,45.0,43.88749695770759,45.66
2017-08-19 20:00:00+02:00,44.9,44.072105790601164,45.92
2017-08-19 21:00:00+02:00,49.49,44.18415047092317,48.1
2017-08-19 22:00:00+02:00,45.92,41.60425564870212,45.92
2017-08-19 23:00:00+02:00,40.0,39.22726777273162,41.08
2017-08-20 00:00:00+02:00,39.41,39.956391907732765,50.0
2017-08-20 01:00:00+02:00,37.22,35.417881756522775,44.9
2017-08-20 02:00:00+02:00,36.92,33.42671355028316,40.0
2017-08-20 03:00:00+02:00,36.22,34.318837629320925,38.1
2017-08-20 04:00:00+02:00,35.91,34.88349644889098,37.22
2017-08-20 05:00:00+02:00,35.91,36.54355706777366,37.07
2017-08-20 06:00:00+02:00,35.88,40.75417805968527,37.07
2017-08-20 07:00:00+02:00,35.07,44.31371660195528,37.07
2017-08-20 08:00:00+02:00,35.44,47.01988063877821,38.07
2017-08-20 09:00:00+02:00,36.22,50.674860722061425,42.55
2017-08-20 10:00:00+02:00,37.07,52.3318502406531,44.5
2017-08-20 11:00:00+02:00,37.4,53.009565097989565,45.01
2017-08-20 12:00:00+02:00,41.15,53.8364856015395,45.66
2017-08-20 13:00:00+02:00,44.46,54.119942967652335,49.49
2017-08-20 14:00:00+02:00,44.7,52.086759362367076,50.1
2017-08-20 15:00:00+02:00,43.4,49.03406266462855,49.49
2017-08-20 16:00:00+02:00,42.01,47.082855590163774,48.0
2017-08-20 17:00:00+02:00,41.0,46.54307982668022,45.92
2017-08-20 18:00:00+02:00,40.0,46.3223673707381,44.5
2017-08-20 19:00:00+02:00,42.46,45.92991073582075,45.0
2017-08-20 20:00:00+02:00,49.01,45.87810974852453,44.9
2017-08-20 21:00:00+02:00,51.22,46.23487297934645,49.49
2017-08-20 22:00:00+02:00,51.21,42.91854246879331,45.92
2017-08-20 23:00:00+02:00,50.1,40.12689088531043,40.0
2017-08-21 00:00:00+02:00,47.9,50.6119334028908,39.41
2017-08-21 01:00:00+02:00,40.64,47.26096528654904,37.22
2017-08-21 02:00:00+02:00,38.9,46.050025159867445,36.92
2017-08-21 03:00:00+02:00,38.84,47.29035538412273,36.22
2017-08-21 04:00:00+02:00,38.84,48.43405372493247,35.91
2017-08-21 05:00:00+02:00,39.41,50.51831012636954,35.91
2017-08-21 06:00:00+02:00,42.81,54.91195515920395,35.88
2017-08-21 07:00:00+02:00,47.7,58.870184303389266,35.07
2017-08-21 08:00:00+02:00,49.29,62.2434792013985,35.44
2017-08-21 09:00:00+02:00,51.59,66.31268976597127,36.22
2017-08-21 10:00:00+02:00,51.69,68.4968115096791,37.07
2017-08-21 11:00:00+02:00,52.0,69.50909686722014,37.4
2017-08-21 12:00:00+02:00,53.11,70.86279014519326,41.15
2017-08-21 13:00:00+02:00,53.42,71.36493893167008,44.46
2017-08-21 14:00:00+02:00,53.35,69.49425529455834,44.7
2017-08-21 15:00:00+02:00,52.9,66.68029903723637,43.4
2017-08-21 16:00:00+02:00,52.23,64.99761047773231,42.01
2017-08-21 17:00:00+02:00,52.09,64.75573349862384,41.0
2017-08-21 18:00:00+02:00,51.68,64.92924153004067,40.0
2017-08-21 19:00:00+02:00,51.58,65.38425379776581,42.46
2017-08-21 20:00:00+02:00,52.01,66.33976166706368,49.01
2017-08-21 21:00:00+02:00,53.89,67.03891082282898,51.22
2017-08-21 22:00:00+02:00,52.9,64.70364895295133,51.21
2017-08-21 23:00:00+02:00,51.49,62.322449125223045,50.1
2017-08-22 00:00:00+02:00,51.09,51.377671181184894,47.9
2017-08-22 01:00:00+02:00,45.37,47.52263074760397,40.64
2017-08-22 02:00:00+02:00,43.48,46.31363236897417,38.9
2017-08-22 03:00:00+02:00,43.18,47.33283317924199,38.84
2017-08-22 04:00:00+02:00,43.18,48.34711742295373,38.84
2017-08-22 05:00:00+02:00,43.4,50.2323576265274,39.41
2017-08-22 06:00:00+02:00,45.0,54.48888886063403,42.81
2017-08-22 07:00:00+02:00,50.67,58.34779525962469,47.7
2017-08-22 08:00:00+02:00,51.69,61.0613117207088,49.29
2017-08-22 09:00:00+02:00,53.9,64.6564629708503,51.59
2017-08-22 10:00:00+02:00,53.11,66.43940490501402,51.69
2017-08-22 11:00:00+02:00,53.11,67.27912118556378,52.0
2017-08-22 12:00:00+02:00,54.55,68.46324499549522,53.11
2017-08-22 13:00:00+02:00,54.6,68.842462344213,53.42
2017-08-22 14:00:00+02:00,54.49,67.02791091458157,53.35
2017-08-22 15:00:00+02:00,54.0,64.1590137772083,52.9
2017-08-22 16:00:00+02:00,53.89,62.22130035154206,52.23
2017-08-22 17:00:00+02:00,53.42,61.82827948200383,52.09
2017-08-22 18:00:00+02:00,53.2,61.95444358085281,51.68
2017-08-22 19:00:00+02:00,52.89,62.427425378511735,51.58
2017-08-22 20:00:00+02:00,53.11,63.34614532648199,52.01
2017-08-22 21:00:00+02:00,54.01,64.0845414511024,53.89
2017-08-22 22:00:00+02:00,52.58,61.50050308762974,52.9
2017-08-22 23:00:00+02:00,51.49,58.73276662200331,51.49
2017-08-23 00:00:00+02:00,50.05,51.137162239222036,51.09
2017-08-23 01:00:00+02:00,44.1,47.13745637852436,45.37
2017-08-23 02:00:00+02:00,43.25,45.910808534827325,43.48
2017-08-23 03:00:00+02:00,43.19,46.67236079055503,43.18
2017-08-23 04:00:00+02:00,43.4,47.434770751961906,43.18
2017-08-23 05:00:00+02:00,44.02,49.003448434611535,43.4
2017-08-23 06:00:00+02:00,47.11,52.921593163003685,45.0
2017-08-23 07:00:00+02:00,51.09,56.997512453727474,50.67
2017-08-23 08:00:00+02:00,51.49,59.45659185669325,51.69
2017-08-23 09:00:00+02:00,52.69,63.13061082130856,53.9
2017-08-23 10:00:00+02:00,52.75,64.8866203346364,53.11
2017-08-23 11:00:00+02:00,52.58,65.92375158862087,53.11
2017-08-23 12:00:00+02:00,52.84,67.25832037490336,54.55
2017-08-23 13:00:00+02:00,53.2,67.59902977410219,54.6
2017-08-23 14:00:00+02:00,52.75,65.96373680006698,54.49
2017-08-23 15:00:00+02:00,52.1,63.19288908569495,54.0
2017-08-23 16:00:00+02:00,52.1,61.26263101607976,53.89
2017-08-23 17:00:00+02:00,52.21,60.68585827206712,53.42
2017-08-23 18:00:00+02:00,51.98,60.680214454366265,53.2
2017-08-23 19:00:00+02:00,51.98,60.992708747569566,52.89
2017-08-23 20:00:00+02:00,52.69,61.81298462886754,53.11
2017-08-23 21:00:00+02:00,53.89,62.54335299517286,54.01
2017-08-23 22:00:00+02:00,52.1,60.063409696146195,52.58
2017-08-23 23:00:00+02:00,51.07,57.34417344119562,51.49
2017-08-24 00:00:00+02:00,50.19,50.433959914453695,50.05
2017-08-24 01:00:00+02:00,46.49,46.304776472986745,44.1
2017-08-24 02:00:00+02:00,44.08,45.21202600991563,43.25
2017-08-24 03:00:00+02:00,43.18,45.81639248936406,43.19
2017-08-24 04:00:00+02:00,42.98,46.51000764145617,43.4
2017-08-24 05:00:00+02:00,43.18,47.959406951263475,44.02
2017-08-24 06:00:00+02:00,44.89,51.79713255298898,47.11
2017-08-24 07:00:00+02:00,47.6,55.85151507055727,51.09
2017-08-24 08:00:00+02:00,51.07,58.07317653313421,51.49
2017-08-24 09:00:00+02:00,52.0,61.62906527710334,52.69
2017-08-24 10:00:00+02:00,51.97,63.387924590287305,52.75
2017-08-24 11:00:00+02:00,51.49,64.41791971660129,52.58
2017-08-24 12:00:00+02:00,51.75,65.71778144080632,52.84
2017-08-24 13:00:00+02:00,51.55,66.10860478506514,53.2
2017-08-24 14:00:00+02:00,51.44,64.54296941680984,52.75
2017-08-24 15:00:00+02:00,50.52,61.82863827655639,52.1
2017-08-24 16:00:00+02:00,50.44,59.861845451630714,52.1
2017-08-24 17:00:00+02:00,50.99,59.15146979314596,52.21
2017-08-24 18:00:00+02:00,50.0,59.03408925972039,51.98
2017-08-24 19:00:00+02:00,50.35,59.31146291002008,51.98
2017-08-24 20:00:00+02:00,51.49,60.129978579297784,52.69
2017-08-24 21:00:00+02:00,53.1,60.890971684743576,53.89
2017-08-24 22:00:00+02:00,53.01,58.41109056749271,52.1
2017-08-24 23:00:00+02:00,51.49,55.73486818582057,51.07
2017-08-25 00:00:00+02:00,52.25,51.04747546547762,50.19
2017-08-25 01:00:00+02:00,51.1,47.321519338084784,46.49
2017-08-25 02:00:00+02:00,49.4,46.46024565001112,44.08
2017-08-25 03:00:00+02:00,46.85,47.423456547943644,43.18
2017-08-25 04:00:00+02:00,46.29,48.54908333518025,42.98
2017-08-25 05:00:00+02:00,47.0,50.330172014390556,43.18
2017-08-25 06:00:00+02:00,50.39,54.40229384486565,44.89
2017-08-25 07:00:00+02:00,52.01,58.768928288710484,47.6
2017-08-25 08:00:00+02:00,52.07,61.404300211683946,51.07
2017-08-25 09:00:00+02:00,52.41,64.74806826719399,52.0
2017-08-25 10:00:00+02:00,52.66,66.5581146590021,51.97
2017-08-25 11:00:00+02:00,51.99,67.54364651135,51.49
2017-08-25 12:00:00+02:00,52.02,68.740127223398,51.75
2017-08-25 13:00:00+02:00,51.97,68.9679821939123,51.55
2017-08-25 14:00:00+02:00,51.69,67.33714710381273,51.44
2017-08-25 15:00:00+02:00,51.33,64.4070639014184,50.52
2017-08-25 16:00:00+02:00,51.09,62.19654367957607,50.44
2017-08-25 17:00:00+02:00,51.34,61.20350614466867,50.99
2017-08-25 18:00:00+02:00,51.69,60.71460527138589,50.0
2017-08-25 19:00:00+02:00,51.69,60.939340411109335,50.35
2017-08-25 20:00:00+02:00,51.99,61.74995033994017,51.49
2017-08-25 21:00:00+02:00,53.76,62.60659452812371,53.1
2017-08-25 22:00:00+02:00,52.84,60.3986609751411,53.01
2017-08-25 23:00:00+02:00,51.55,57.884608583656004,51.49
2017-08-26 00:00:00+02:00,52.89,50.80917914053403,52.25
2017-08-26 01:00:00+02:00,52.0,46.90698823297103,51.1
2017-08-26 02:00:00+02:00,51.49,45.42030246533127,49.4
2017-08-26 03:00:00+02:00,51.19,45.765376383870965,46.85
2017-08-26 04:00:00+02:00,50.48,46.667431782220525,46.29
2017-08-26 05:00:00+02:00,49.05,48.19264936781319,47.0
2017-08-26 06:00:00+02:00,47.76,52.02760172751201,50.39
2017-08-26 07:00:00+02:00,45.79,56.00687785267428,52.01
2017-08-26 08:00:00+02:00,44.89,58.51243287857104,52.07
2017-08-26 09:00:00+02:00,51.03,61.770325441531824,52.41
2017-08-26 10:00:00+02:00,50.96,63.71057222495236,52.66
2017-08-26 11:00:00+02:00,48.03,64.76655747801004,51.99
2017-08-26 12:00:00+02:00,49.42,66.12301376094206,52.02
2017-08-26 13:00:00+02:00,49.44,66.58865437322805,51.97
2017-08-26 14:00:00+02:00,49.0,65.28874887456092,51.69
2017-08-26 15:00:00+02:00,46.36,62.675384004375076,51.33
2017-08-26 16:00:00+02:00,45.11,60.62167940794319,51.09
2017-08-26 17:00:00+02:00,47.01,59.7330269508568,51.34
2017-08-26 18:00:00+02:00,49.44,59.32971541061416,51.69
2017-08-26 19:00:00+02:00,51.69,59.53127528637591,51.69
2017-08-26 20:00:00+02:00,52.25,60.32022850052084,51.99
2017-08-26 21:00:00+02:00,53.1,61.23879141493448,53.76
2017-08-26 22:00:00+02:00,53.01,58.95367655515802,52.84
2017-08-26 23:00:00+02:00,52.09,56.203351149461966,51.55
2017-08-27 00:00:00+02:00,50.51,51.496490663139,52.89
2017-08-27 01:00:00+02:00,48.57,47.85840200515591,52.0
2017-08-27 02:00:00+02:00,50.4,46.40056409512701,51.49
2017-08-27 03:00:00+02:00,47.19,46.80988150016914,51.19
2017-08-27 04:00:00+02:00,44.5,47.85282214360562,50.48
2017-08-27 05:00:00+02:00,44.01,49.485431136377365,49.05
2017-08-27 06:00:00+02:00,43.4,53.33728396293347,47.76
2017-08-27 07:00:00+02:00,40.99,57.41470210616645,45.79
2017-08-27 08:00:00+02:00,40.99,60.27030921558306,44.89
2017-08-27 09:00:00+02:00,45.25,64.17937079677993,51.03
2017-08-27 10:00:00+02:00,49.82,65.80727665886536,50.96
2017-08-27 11:00:00+02:00,49.75,66.68124814369747,48.03
2017-08-27 12:00:00+02:00,49.19,68.36412482280187,49.42
2017-08-27 13:00:00+02:00,48.03,68.79586987743502,49.44
2017-08-27 14:00:00+02:00,50.2,67.55732770796297,49.0
2017-08-27 15:00:00+02:00,50.0,64.8079053282625,46.36
2017-08-27 16:00:00+02:00,50.4,62.734276814219236,45.11
2017-08-27 17:00:00+02:00,50.69,61.942365614178165,47.01
2017-08-27 18:00:00+02:00,46.01,61.49683711053451,49.44
2017-08-27 19:00:00+02:00,47.75,61.594377666654104,51.69
2017-08-27 20:00:00+02:00,51.46,62.17404600556232,52.25
2017-08-27 21:00:00+02:00,53.95,63.119348424549635,53.1
2017-08-27 22:00:00+02:00,54.77,61.09124749579072,53.01
2017-08-27 23:00:00+02:00,53.01,58.37955927196088,52.09
2017-08-28 00:00:00+02:00,54.15,52.30772333226706,50.51
2017-08-28 01:00:00+02:00,51.7,48.94020996446548,48.57
2017-08-28 02:00:00+02:00,46.47,47.68350649552916,50.4
2017-08-28 03:00:00+02:00,45.07,47.55589883262421,47.19
2017-08-28 04:00:00+02:00,44.25,48.58328058920884,44.5
2017-08-28 05:00:00+02:00,45.0,50.410418138103786,44.01
2017-08-28 06:00:00+02:00,50.94,54.141734505602415,43.4
2017-08-28 07:00:00+02:00,51.17,58.101724090014095,40.99
2017-08-28 08:00:00+02:00,50.69,61.334396473722514,40.99
2017-08-28 09:00:00+02:00,53.15,65.63275530365176,45.25
2017-08-28 10:00:00+02:00,53.49,67.59226483441972,49.82
2017-08-28 11:00:00+02:00,53.22,68.234489546913,49.75
2017-08-28 12:00:00+02:00,53.96,69.8600215430338,49.19
2017-08-28 13:00:00+02:00,54.19,70.42863240234523,48.03
2017-08-28 14:00:00+02:00,54.19,69.71968656664161,50.2
2017-08-28 15:00:00+02:00,53.89,67.0273995113429,50.0
2017-08-28 16:00:00+02:00,53.89,65.02526821976167,50.4
2017-08-28 17:00:00+02:00,53.95,64.19228979917665,50.69
2017-08-28 18:00:00+02:00,53.8,63.359489330935375,46.01
2017-08-28 19:00:00+02:00,53.45,63.99920200690768,47.75
2017-08-28 20:00:00+02:00,53.49,64.8269829414858,51.46
2017-08-28 21:00:00+02:00,54.89,65.71357523164154,53.95
2017-08-28 22:00:00+02:00,53.89,63.838240714627325,54.77
2017-08-28 23:00:00+02:00,54.19,61.074968214128646,53.01
2017-08-29 00:00:00+02:00,54.43,53.28042342083779,54.15
2017-08-29 01:00:00+02:00,53.89,49.81518276340813,51.7
2017-08-29 02:00:00+02:00,53.4,48.10146736759872,46.47
2017-08-29 03:00:00+02:00,52.25,48.1404764701083,45.07
2017-08-29 04:00:00+02:00,51.5,49.11543947827958,44.25
2017-08-29 05:00:00+02:00,51.7,50.979386316532526,45.0
2017-08-29 06:00:00+02:00,53.4,54.96673806773956,50.94
2017-08-29 07:00:00+02:00,53.01,58.40629913044362,51.17
2017-08-29 08:00:00+02:00,54.0,61.555010191700596,50.69
2017-08-29 09:00:00+02:00,54.19,65.97404123475216,53.15
2017-08-29 10:00:00+02:00,54.08,67.92582267428847,53.49
2017-08-29 11:00:00+02:00,54.08,68.58269998703462,53.22
2017-08-29 12:00:00+02:00,53.9,70.16151299991525,53.96
2017-08-29 13:00:00+02:00,54.08,70.71818023441028,54.19
2017-08-29 14:00:00+02:00,53.87,70.04043172614527,54.19
2017-08-29 15:00:00+02:00,53.15,67.43476577773752,53.89
2017-08-29 16:00:00+02:00,52.7,65.34398171447056,53.89
2017-08-29 17:00:00+02:00,52.49,64.34446098072583,53.95
2017-08-29 18:00:00+02:00,52.47,63.419815023612536,53.8
2017-08-29 19:00:00+02:00,52.47,63.85551610502897,53.45
2017-08-29 20:00:00+02:00,52.69,64.63613286790408,53.49
2017-08-29 21:00:00+02:00,54.69,65.5905641366137,54.89
2017-08-29 22:00:00+02:00,53.96,63.71550061120737,53.89
2017-08-29 23:00:00+02:00,52.28,60.9135730454276,54.19
2017-08-30 00:00:00+02:00,52.56,51.200640987028265,54.43
2017-08-30 01:00:00+02:00,50.5,47.68036952122821,53.89
2017-08-30 02:00:00+02:00,49.99,45.61954626533575,53.4
2017-08-30 03:00:00+02:00,48.58,45.22991478449025,52.25
2017-08-30 04:00:00+02:00,47.07,45.94373034923278,51.5
2017-08-30 05:00:00+02:00,49.4,47.63219260399577,51.7
2017-08-30 06:00:00+02:00,51.22,51.41332524001875,53.4
2017-08-30 07:00:00+02:00,51.71,54.58857768523644,53.01
2017-08-30 08:00:00+02:00,53.01,57.76464890081759,54.0
2017-08-30 09:00:00+02:00,53.25,61.93729304012232,54.19
2017-08-30 10:00:00+02:00,53.24,63.99309453281701,54.08
2017-08-30 11:00:00+02:00,53.22,64.73034091239896,54.08
2017-08-30 12:00:00+02:00,53.89,66.1710093590034,53.9
2017-08-30 13:00:00+02:00,54.08,66.77855093672466,54.08
2017-08-30 14:00:00+02:00,54.19,66.11645090412453,53.87
2017-08-30 15:00:00+02:00,53.01,63.56151615305729,53.15
2017-08-30 16:00:00+02:00,52.69,61.36973010895402,52.7
2017-08-30 17:00:00+02:00,52.5,60.18754259125723,52.49
2017-08-30 18:00:00+02:00,52.19,59.13961698641601,52.47
2017-08-30 19:00:00+02:00,51.5,59.314764844198336,52.47
2017-08-30 20:00:00+02:00,51.77,59.90997877425914,52.69
2017-08-30 21:00:00+02:00,52.5,60.819502334432784,54.69
2017-08-30 22:00:00+02:00,50.88,58.76947701949569,53.96
2017-08-30 23:00:00+02:00,45.1,55.90461898542981,52.28
2017-08-31 00:00:00+02:00,44.15,44.24198919359103,52.56
2017-08-31 01:00:00+02:00,40.15,40.467229301872585,50.5
2017-08-31 02:00:00+02:00,39.82,38.10495131016839,49.99
2017-08-31 03:00:00+02:00,39.74,37.15639960334497,48.58
2017-08-31 04:00:00+02:00,39.49,37.39513784468542,47.07
2017-08-31 05:00:00+02:00,39.64,38.9527835960925,49.4
2017-08-31 06:00:00+02:00,40.45,42.13946875653041,51.22
2017-08-31 07:00:00+02:00,43.4,44.81223022099771,51.71
2017-08-31 08:00:00+02:00,45.0,47.62331948578895,53.01
2017-08-31 09:00:00+02:00,49.46,51.196422393006536,53.25
2017-08-31 10:00:00+02:00,47.57,52.98452857929562,53.24
2017-08-31 11:00:00+02:00,47.97,53.4615417987764,53.22
2017-08-31 12:00:00+02:00,51.58,54.55966754346146,53.89
2017-08-31 13:00:00+02:00,52.97,54.885590811814204,54.08
2017-08-31 14:00:00+02:00,52.69,54.058929299502886,54.19
2017-08-31 15:00:00+02:00,52.01,51.322846078205785,53.01
2017-08-31 16:00:00+02:00,52.25,48.95363821974456,52.69
2017-08-31 17:00:00+02:00,51.89,47.49335600032018,52.5
2017-08-31 18:00:00+02:00,51.45,46.230500722056135,52.19
2017-08-31 19:00:00+02:00,50.39,46.1004677571505,51.5
2017-08-31 20:00:00+02:00,51.66,46.572023244541036,51.77
2017-08-31 21:00:00+02:00,52.33,47.33717721078764,52.5
2017-08-31 22:00:00+02:00,49.1,45.15999015046166,50.88
2017-08-31 23:00:00+02:00,44.5,42.14416870715052,45.1
2017-09-01 00:00:00+02:00,58.0,43.86801652602597,44.15
2017-09-01 01:00:00+02:00,52.9,40.212837967570366,40.15
2017-09-01 02:00:00+02:00,50.04,38.18332681433243,39.82
2017-09-01 03:00:00+02:00,47.79,37.295218653139116,39.74
2017-09-01 04:00:00+02:00,47.89,37.53787784347079,39.49
2017-09-01 05:00:00+02:00,52.24,39.12773184192605,39.64
2017-09-01 06:00:00+02:00,65.75,42.35897539505006,40.45
2017-09-01 07:00:00+02:00,78.01,45.40008374847836,43.4
2017-09-01 08:00:00+02:00,78.39,48.25287086559307,45.0
2017-09-01 09:00:00+02:00,79.31,52.140379515236525,49.46
2017-09-01 10:00:00+02:00,80.0,53.6850579677769,47.57
2017-09-01 11:00:00+02:00,80.0,54.5469349830407,47.97
2017-09-01 12:00:00+02:00,80.0,55.98122200514192,51.58
2017-09-01 13:00:00+02:00,79.89,56.26352105770451,52.97
2017-09-01 14:00:00+02:00,78.7,55.4140436656754,52.69
2017-09-01 15:00:00+02:00,77.0,52.83177276369746,52.01
2017-09-01 16:00:00+02:00,75.75,50.55924068258012,52.25
2017-09-01 17:00:00+02:00,77.51,49.01828704025543,51.89
2017-09-01 18:00:00+02:00,80.37,47.76573702692628,51.45
2017-09-01 19:00:00+02:00,80.1,47.53044642123167,50.39
2017-09-01 20:00:00+02:00,77.07,48.19078764172742,51.66
2017-09-01 21:00:00+02:00,74.11,48.95974521929347,52.33
2017-09-01 22:00:00+02:00,70.59,46.78076639192931,49.1
2017-09-01 23:00:00+02:00,65.82,43.74312013786781,44.5
2017-09-02 00:00:00+02:00,51.83,66.91717869687946,58.0
2017-09-02 01:00:00+02:00,49.04,62.390728566083595,52.9
2017-09-02 02:00:00+02:00,45.95,60.612464120593124,50.04
2017-09-02 03:00:00+02:00,43.75,60.005137046937854,47.79
2017-09-02 04:00:00+02:00,42.64,60.66462276057448,47.89
2017-09-02 05:00:00+02:00,47.2,62.825241420457694,52.24
2017-09-02 06:00:00+02:00,55.1,67.04711724146745,65.75
2017-09-02 07:00:00+02:00,65.3,70.40264437255557,78.01
2017-09-02 08:00:00+02:00,67.81,72.60539532588562,78.39
2017-09-02 09:00:00+02:00,68.56,76.69133494208647,79.31
2017-09-02 10:00:00+02:00,68.0,78.73236984749991,80.0
2017-09-02 11:00:00+02:00,67.88,79.90912410372641,80.0
2017-09-02 12:00:00+02:00,66.91,81.5720474063338,80.0
2017-09-02 13:00:00+02:00,65.64,82.20215450754543,79.89
2017-09-02 14:00:00+02:00,65.0,81.62241801380812,78.7
2017-09-02 15:00:00+02:00,64.89,79.41609066657466,77.0
2017-09-02 16:00:00+02:00,65.71,77.46090571008483,75.75
2017-09-02 17:00:00+02:00,66.51,76.41979132562695,77.51
2017-09-02 18:00:00+02:00,69.41,75.55424087264015,80.37
2017-09-02 19:00:00+02:00,75.01,75.27030166086226,80.1
2017-09-02 20:00:00+02:00,70.69,75.88376364078579,77.07
2017-09-02 21:00:00+02:00,64.98,76.93086951402665,74.11
2017-09-02 22:00:00+02:00,61.69,75.28623805753061,70.59
2017-09-02 23:00:00+02:00,57.07,72.6500638289453,65.82
2017-09-03 00:00:00+02:00,51.37,56.62344454549642,51.83
2017-09-03 01:00:00+02:00,48.56,52.998205500822564,49.04
2017-09-03 02:00:00+02:00,45.87,50.694424116040615,45.95
2017-09-03 03:00:00+02:00,45.68,49.647150526800324,43.75
2017-09-03 04:00:00+02:00,44.04,49.90905582627735,42.64
2017-09-03 05:00:00+02:00,46.51,52.05622049312272,47.2
2017-09-03 06:00:00+02:00,50.23,56.035212679774965,55.1
2017-09-03 07:00:00+02:00,51.69,59.25251485239801,65.3
2017-09-03 08:00:00+02:00,52.31,60.484032956385754,67.81
2017-09-03 09:00:00+02:00,51.96,63.81047989119419,68.56
2017-09-03 10:00:00+02:00,51.0,65.53249443586743,68.0
2017-09-03 11:00:00+02:00,49.07,66.52216088778998,67.88
2017-09-03 12:00:00+02:00,48.51,67.80845323463213,66.91
2017-09-03 13:00:00+02:00,48.33,68.23626983916637,65.64
2017-09-03 14:00:00+02:00,47.51,67.57358408912735,65.0
2017-09-03 15:00:00+02:00,47.51,65.30315921640499,64.89
2017-09-03 16:00:00+02:00,47.51,63.1227923921364,65.71
2017-09-03 17:00:00+02:00,47.62,61.68252521418543,66.51
2017-09-03 18:00:00+02:00,49.81,60.638492053460794,69.41
2017-09-03 19:00:00+02:00,53.49,60.20339949846438,75.01
2017-09-03 20:00:00+02:00,53.49,59.558902933727026,70.69
2017-09-03 21:00:00+02:00,53.0,60.01307207266312,64.98
2017-09-03 22:00:00+02:00,51.48,58.42759414971894,61.69
2017-09-03 23:00:00+02:00,50.54,55.383494893033465,57.07
2017-09-04 00:00:00+02:00,51.0,49.42676068736819,51.37
2017-09-04 01:00:00+02:00,49.69,46.38130815332003,48.56
2017-09-04 02:00:00+02:00,46.02,44.137719508359,45.87
2017-09-04 03:00:00+02:00,43.97,43.31718511791118,45.68
2017-09-04 04:00:00+02:00,42.85,43.49257817671747,44.04
2017-09-04 05:00:00+02:00,42.15,45.96272271510834,46.51
2017-09-04 06:00:00+02:00,43.97,50.06637416712203,50.23
2017-09-04 07:00:00+02:00,43.97,53.30503229270603,51.69
2017-09-04 08:00:00+02:00,43.95,54.76591054843868,52.31
2017-09-04 09:00:00+02:00,44.82,57.97533780698428,51.96
2017-09-04 10:00:00+02:00,43.97,59.888121195720935,51.0
2017-09-04 11:00:00+02:00,42.64,60.98388552737407,49.07
2017-09-04 12:00:00+02:00,39.5,62.46551776026313,48.51
2017-09-04 13:00:00+02:00,39.3,63.09612200043621,48.33
2017-09-04 14:00:00+02:00,37.75,62.553136945774405,47.51
2017-09-04 15:00:00+02:00,34.93,60.546958740189034,47.51
2017-09-04 16:00:00+02:00,34.01,58.410718075151586,47.51
2017-09-04 17:00:00+02:00,34.72,56.934529017116944,47.62
2017-09-04 18:00:00+02:00,35.51,56.04217871741911,49.81
2017-09-04 19:00:00+02:00,39.71,55.70648004193844,53.49
2017-09-04 20:00:00+02:00,49.03,54.78378024222075,53.49
2017-09-04 21:00:00+02:00,52.2,55.09992617326,53.0
2017-09-04 22:00:00+02:00,51.02,53.632132590877205,51.48
2017-09-04 23:00:00+02:00,47.83,50.502492633971315,50.54
2017-09-05 00:00:00+02:00,51.69,47.12157757049724,51.0
2017-09-05 01:00:00+02:00,50.54,44.245033061720704,49.69
2017-09-05 02:00:00+02:00,48.72,41.854673867766905,46.02
2017-09-05 03:00:00+02:00,48.18,41.137054660555904,43.97
2017-09-05 04:00:00+02:00,48.72,41.41410063158304,42.85
2017-09-05 05:00:00+02:00,50.54,43.830286700531445,42.15
2017-09-05 06:00:00+02:00,52.0,48.108846649496044,43.97
2017-09-05 07:00:00+02:00,53.18,51.39843806488492,43.97
2017-09-05 08:00:00+02:00,54.99,53.145666611589185,43.95
2017-09-05 09:00:00+02:00,54.35,56.45750597873365,44.82
2017-09-05 10:00:00+02:00,54.02,58.51263751575621,43.97
2017-09-05 11:00:00+02:00,53.49,59.84366484096019,42.64
2017-09-05 12:00:00+02:00,53.41,61.37537450960753,39.5
2017-09-05 13:00:00+02:00,52.69,62.572798851128496,39.3
2017-09-05 14:00:00+02:00,51.6,62.320189562648636,37.75
2017-09-05 15:00:00+02:00,50.49,60.61669830493606,34.93
2017-09-05 16:00:00+02:00,48.18,58.94761027022809,34.01
2017-09-05 17:00:00+02:00,48.07,57.86123750788887,34.72
2017-09-05 18:00:00+02:00,46.7,57.21634636268221,35.51
2017-09-05 19:00:00+02:00,48.87,57.3903671870655,39.71
2017-09-05 20:00:00+02:00,51.83,57.22666130173743,49.03
2017-09-05 21:00:00+02:00,54.69,57.17498398858072,52.2
2017-09-05 22:00:00+02:00,53.49,55.62739425065026,51.02
2017-09-05 23:00:00+02:00,51.83,52.83997864262259,47.83
2017-09-06 00:00:00+02:00,46.65,51.390427955475715,51.69
2017-09-06 01:00:00+02:00,45.68,48.34434497449461,50.54
2017-09-06 02:00:00+02:00,45.36,45.87899599988753,48.72
2017-09-06 03:00:00+02:00,45.52,45.18031454621327,48.18
2017-09-06 04:00:00+02:00,45.7,45.54326387389622,48.72
2017-09-06 05:00:00+02:00,47.34,47.986526956737364,50.54
2017-09-06 06:00:00+02:00,49.37,52.178645369081245,52.0
2017-09-06 07:00:00+02:00,51.69,55.626831300390194,53.18
2017-09-06 08:00:00+02:00,54.04,57.67816051357234,54.99
2017-09-06 09:00:00+02:00,54.5,60.769744292118126,54.35
2017-09-06 10:00:00+02:00,54.04,63.03565182688967,54.02
2017-09-06 11:00:00+02:00,53.79,64.52913331508302,53.49
2017-09-06 12:00:00+02:00,54.05,66.18551865818029,53.41
2017-09-06 13:00:00+02:00,54.04,67.4495463216102,52.69
2017-09-06 14:00:00+02:00,53.5,67.36754235631383,51.6
2017-09-06 15:00:00+02:00,53.38,65.86226288255811,50.49
2017-09-06 16:00:00+02:00,52.8,64.14674708394689,48.18
2017-09-06 17:00:00+02:00,52.89,63.22104167825742,48.07
2017-09-06 18:00:00+02:00,52.69,62.46285480947756,46.7
2017-09-06 19:00:00+02:00,52.48,62.87256119646436,48.87
2017-09-06 20:00:00+02:00,52.8,62.83401610167266,51.83
2017-09-06 21:00:00+02:00,53.44,62.77540455328229,54.69
2017-09-06 22:00:00+02:00,52.21,61.01263955255492,53.49
2017-09-06 23:00:00+02:00,50.74,58.144700183019914,51.83
2017-09-07 00:00:00+02:00,50.0,49.83747985375495,46.65
2017-09-07 01:00:00+02:00,47.27,47.4366592243895,45.68
2017-09-07 02:00:00+02:00,42.38,45.15029193415555,45.36
2017-09-07 03:00:00+02:00,42.38,44.46392652726133,45.52
2017-09-07 04:00:00+02:00,41.09,44.83445912802728,45.7
2017-09-07 05:00:00+02:00,41.08,47.298695740281254,47.34
2017-09-07 06:00:00+02:00,41.04,51.42256737230208,49.37
2017-09-07 07:00:00+02:00,41.0,54.967634037922345,51.69
2017-09-07 08:00:00+02:00,42.38,57.12898966208965,54.04
2017-09-07 09:00:00+02:00,44.92,59.91566692437033,54.5
2017-09-07 10:00:00+02:00,47.0,62.030879732464584,54.04
2017-09-07 11:00:00+02:00,48.0,63.436968449564425,53.79
2017-09-07 12:00:00+02:00,50.0,64.9164650964627,54.05
2017-09-07 13:00:00+02:00,52.09,65.93888152172941,54.04
2017-09-07 14:00:00+02:00,52.0,65.64500413271679,53.5
2017-09-07 15:00:00+02:00,45.0,64.00796065072848,53.38
2017-09-07 16:00:00+02:00,42.38,61.996058956812234,52.8
2017-09-07 17:00:00+02:00,41.04,60.78935458881648,52.89
2017-09-07 18:00:00+02:00,44.29,59.754866159226744,52.69
2017-09-07 19:00:00+02:00,45.0,59.86459177141443,52.48
2017-09-07 20:00:00+02:00,52.09,59.758143750491826,52.8
2017-09-07 21:00:00+02:00,57.04,59.64985040137253,53.44
2017-09-07 22:00:00+02:00,58.62,57.83877803506762,52.21
2017-09-07 23:00:00+02:00,54.52,55.036481672731206,50.74
2017-09-08 00:00:00+02:00,49.6,53.732743906265476,50.0
2017-09-08 01:00:00+02:00,47.25,51.27787356553333,47.27
2017-09-08 02:00:00+02:00,43.4,48.66656314585336,42.38
2017-09-08 03:00:00+02:00,41.32,48.12911198487111,42.38
2017-09-08 04:00:00+02:00,40.81,48.22641901337067,41.09
2017-09-08 05:00:00+02:00,40.81,50.64057207836136,41.08
2017-09-08 06:00:00+02:00,44.11,54.728384208738206,41.04
2017-09-08 07:00:00+02:00,47.77,58.468132225466576,41.0
2017-09-08 08:00:00+02:00,50.22,60.99546597325889,42.38
2017-09-08 09:00:00+02:00,51.47,63.84954899909728,44.92
2017-09-08 10:00:00+02:00,49.6,66.02895724527724,47.0
2017-09-08 11:00:00+02:00,49.6,67.50619247594966,48.0
2017-09-08 12:00:00+02:00,50.5,69.21247991679276,50.0
2017-09-08 13:00:00+02:00,50.25,70.53234651541234,52.09
2017-09-08 14:00:00+02:00,49.19,70.49634643932099,52.0
2017-09-08 15:00:00+02:00,46.53,68.75196670034356,45.0
2017-09-08 16:00:00+02:00,45.4,67.51259321724089,42.38
2017-09-08 17:00:00+02:00,43.16,66.72697096987842,41.04
2017-09-08 18:00:00+02:00,40.81,66.3896382872088,44.29
2017-09-08 19:00:00+02:00,40.61,66.47714765648647,45.0
2017-09-08 20:00:00+02:00,41.91,67.1709119704528,52.09
2017-09-08 21:00:00+02:00,47.31,67.05865790846235,57.04
2017-09-08 22:00:00+02:00,44.99,65.18840002501305,58.62
2017-09-08 23:00:00+02:00,40.4,62.19473863479101,54.52
2017-09-09 00:00:00+02:00,47.25,39.076279039852274,49.6
2017-09-09 01:00:00+02:00,46.54,36.59876978739416,47.25
2017-09-09 02:00:00+02:00,42.7,33.63422128883696,43.4
2017-09-09 03:00:00+02:00,41.9,32.76577795343691,41.32
2017-09-09 04:00:00+02:00,38.45,32.61597774131405,40.81
2017-09-09 05:00:00+02:00,38.04,34.428740477297374,40.81
2017-09-09 06:00:00+02:00,37.2,38.11792577627083,44.11
2017-09-09 07:00:00+02:00,38.0,41.38902335545102,47.77
2017-09-09 08:00:00+02:00,38.2,43.44831001739526,50.22
2017-09-09 09:00:00+02:00,43.95,45.85519923284593,51.47
2017-09-09 10:00:00+02:00,46.3,47.5018502531212,49.6
2017-09-09 11:00:00+02:00,43.4,48.845127063981344,49.6
2017-09-09 12:00:00+02:00,42.01,50.28029191856204,50.5
2017-09-09 13:00:00+02:00,39.54,51.12980365411722,50.25
2017-09-09 14:00:00+02:00,37.45,50.6603517026861,49.19
2017-09-09 15:00:00+02:00,34.83,48.424893147610284,46.53
2017-09-09 16:00:00+02:00,33.59,46.75073528967599,45.4
2017-09-09 17:00:00+02:00,34.54,45.381494459499294,43.16
2017-09-09 18:00:00+02:00,35.55,44.545801042644136,40.81
2017-09-09 19:00:00+02:00,38.45,44.36557014252732,40.61
2017-09-09 20:00:00+02:00,41.53,44.70133296875355,41.91
2017-09-09 21:00:00+02:00,48.95,44.650700111873356,47.31
2017-09-09 22:00:00+02:00,42.9,41.93414322223906,44.99
2017-09-09 23:00:00+02:00,38.5,38.469786223103405,40.4
2017-09-10 00:00:00+02:00,59.0,37.96707102824955,47.25
2017-09-10 01:00:00+02:00,53.15,34.99762284594882,46.54
2017-09-10 02:00:00+02:00,51.66,31.664072360877,42.7
2017-09-10 03:00:00+02:00,51.66,30.805785035950805,41.9
2017-09-10 04:00:00+02:00,52.45,30.344502437336274,38.45
2017-09-10 05:00:00+02:00,54.45,32.328463109098735,38.04
2017-09-10 06:00:00+02:00,60.43,36.01054092086942,37.2
2017-09-10 07:00:00+02:00,64.73,39.67420276559104,38.0
2017-09-10 08:00:00+02:00,64.05,41.966604225965895,38.2
2017-09-10 09:00:00+02:00,64.79,44.85534280267714,43.95
2017-09-10 10:00:00+02:00,64.12,46.267275322024716,46.3
2017-09-10 11:00:00+02:00,63.04,47.13761417773554,43.4
2017-09-10 12:00:00+02:00,60.58,48.68006067285901,42.01
2017-09-10 13:00:00+02:00,62.1,49.57079206779743,39.54
2017-09-10 14:00:00+02:00,61.6,49.39824544597457,37.45
2017-09-10 15:00:00+02:00,60.53,47.46661042671856,34.83
2017-09-10 16:00:00+02:00,60.1,46.07604161003519,33.59
2017-09-10 17:00:00+02:00,60.1,45.00757533693548,34.54
2017-09-10 18:00:00+02:00,63.86,44.23916603170337,35.55
2017-09-10 19:00:00+02:00,65.26,44.248634796293594,38.45
2017-09-10 20:00:00+02:00,67.91,44.6729979322655,41.53
2017-09-10 21:00:00+02:00,65.71,45.11318429150158,48.95
2017-09-10 22:00:00+02:00,63.0,41.431493529712206,42.9
2017-09-10 23:00:00+02:00,61.35,38.07582160760405,38.5
2017-09-11 00:00:00+02:00,58.07,62.98677110595005,59.0
2017-09-11 01:00:00+02:00,52.5,58.41483066507778,53.15
2017-09-11 02:00:00+02:00,50.46,55.709856398930725,51.66
2017-09-11 03:00:00+02:00,48.06,55.21190632780511,51.66
2017-09-11 04:00:00+02:00,47.0,55.208661824095486,52.45
2017-09-11 05:00:00+02:00,49.36,57.51138718943727,54.45
2017-09-11 06:00:00+02:00,54.15,61.823756975036694,60.43
2017-09-11 07:00:00+02:00,60.53,65.78504000260823,64.73
2017-09-11 08:00:00+02:00,61.34,68.1598077275055,64.05
2017-09-11 09:00:00+02:00,62.58,71.5244761545404,64.79
2017-09-11 10:00:00+02:00,61.0,73.38771110884704,64.12
2017-09-11 11:00:00+02:00,59.47,74.71170855527754,63.04
2017-09-11 12:00:00+02:00,59.47,76.50571059904044,60.58
2017-09-11 13:00:00+02:00,57.97,78.24590305801948,62.1
2017-09-11 14:00:00+02:00,56.83,78.46560143433899,61.6
2017-09-11 15:00:00+02:00,53.74,77.07099702266407,60.53
2017-09-11 16:00:00+02:00,52.15,76.1307077007406,60.1
2017-09-11 17:00:00+02:00,58.07,75.50229614607304,60.1
2017-09-11 18:00:00+02:00,61.84,75.48168302593508,63.86
2017-09-11 19:00:00+02:00,63.95,75.65721494925108,65.26
2017-09-11 20:00:00+02:00,65.01,76.55297159074823,67.91
2017-09-11 21:00:00+02:00,63.92,76.9733276831103,65.71
2017-09-11 22:00:00+02:00,60.52,74.00905036110593,63.0
2017-09-11 23:00:00+02:00,60.25,70.95463618042122,61.35
2017-09-12 00:00:00+02:00,67.71,61.07588166327221,58.07
2017-09-12 01:00:00+02:00,60.58,56.919015683935754,52.5
2017-09-12 02:00:00+02:00,57.99,54.488489911642105,50.46
2017-09-12 03:00:00+02:00,56.0,53.87301732357551,48.06
2017-09-12 04:00:00+02:00,55.54,53.99962031664949,47.0
2017-09-12 05:00:00+02:00,56.69,56.38742054029288,49.36
2017-09-12 06:00:00+02:00,59.76,60.62752162444952,54.15
2017-09-12 07:00:00+02:00,64.7,64.59336948600335,60.53
2017-09-12 08:00:00+02:00,69.46,66.52719206104074,61.34
2017-09-12 09:00:00+02:00,75.42,69.77693735492151,62.58
2017-09-12 10:00:00+02:00,76.81,71.56047249525247,61.0
2017-09-12 11:00:00+02:00,74.33,72.95785676357445,59.47
2017-09-12 12:00:00+02:00,73.62,74.84358266000972,59.47
2017-09-12 13:00:00+02:00,71.7,76.37528731888054,57.97
2017-09-12 14:00:00+02:00,68.02,76.58966656852661,56.83
2017-09-12 15:00:00+02:00,65.08,74.96731334998702,53.74
2017-09-12 16:00:00+02:00,67.7,73.86752136546659,52.15
2017-09-12 17:00:00+02:00,73.62,73.65154109054173,58.07
2017-09-12 18:00:00+02:00,82.92,73.24356395277987,61.84
2017-09-12 19:00:00+02:00,83.11,73.07164717845534,63.95
2017-09-12 20:00:00+02:00,76.89,73.61241253952684,65.01
2017-09-12 21:00:00+02:00,70.97,73.74308171457363,63.92
2017-09-12 22:00:00+02:00,69.19,70.83777440444031,60.52
2017-09-12 23:00:00+02:00,64.4,67.94662405017147,60.25
2017-09-13 00:00:00+02:00,52.01,65.8960199419952,67.71
2017-09-13 01:00:00+02:00,50.37,60.764448616560685,60.58
2017-09-13 02:00:00+02:00,49.5,58.28022406909764,57.99
2017-09-13 03:00:00+02:00,49.01,57.35264593498345,56.0
2017-09-13 04:00:00+02:00,47.33,57.30320461234194,55.54
2017-09-13 05:00:00+02:00,47.8,59.399653847722504,56.69
2017-09-13 06:00:00+02:00,50.65,63.398052144040385,59.76
2017-09-13 07:00:00+02:00,51.76,67.30755926323594,64.7
2017-09-13 08:00:00+02:00,52.01,69.18026538309117,69.46
2017-09-13 09:00:00+02:00,53.5,72.20170887185243,75.42
2017-09-13 10:00:00+02:00,52.51,73.49497211162435,76.81
2017-09-13 11:00:00+02:00,51.76,74.3639168796377,74.33
2017-09-13 12:00:00+02:00,52.01,76.15064532567698,73.62
2017-09-13 13:00:00+02:00,52.0,77.4610448855175,71.7
2017-09-13 14:00:00+02:00,50.65,77.49265670948023,68.02
2017-09-13 15:00:00+02:00,49.59,75.96323605778913,65.08
2017-09-13 16:00:00+02:00,47.64,75.19737745330147,67.7
2017-09-13 17:00:00+02:00,47.4,75.10730876524698,73.62
2017-09-13 18:00:00+02:00,47.0,74.89338199437498,82.92
2017-09-13 19:00:00+02:00,47.0,73.80798613272017,83.11
2017-09-13 20:00:00+02:00,52.41,73.52564677457697,76.89
2017-09-13 21:00:00+02:00,53.76,73.52844882071044,70.97
2017-09-13 22:00:00+02:00,49.88,71.11046875325201,69.19
2017-09-13 23:00:00+02:00,45.4,68.24774747199004,64.4
2017-09-14 00:00:00+02:00,47.35,45.376783319522275,52.01
2017-09-14 01:00:00+02:00,45.0,41.19349716058176,50.37
2017-09-14 02:00:00+02:00,43.98,38.21661405037953,49.5
2017-09-14 03:00:00+02:00,43.98,36.672717799300926,49.01
2017-09-14 04:00:00+02:00,43.4,35.95173165307125,47.33
2017-09-14 05:00:00+02:00,44.78,37.64964163983234,47.8
2017-09-14 06:00:00+02:00,47.98,41.415271657294696,50.65
2017-09-14 07:00:00+02:00,50.25,44.9762169094232,51.76
2017-09-14 08:00:00+02:00,50.57,46.67610909222851,52.01
2017-09-14 09:00:00+02:00,51.17,49.36661845341308,53.5
2017-09-14 10:00:00+02:00,50.57,50.13613874202646,52.51
2017-09-14 11:00:00+02:00,49.78,50.58400969716558,51.76
2017-09-14 12:00:00+02:00,49.73,51.956142837834946,52.01
2017-09-14 13:00:00+02:00,50.01,52.904269611107914,52.0
2017-09-14 14:00:00+02:00,48.09,52.60997276813127,50.65
2017-09-14 15:00:00+02:00,47.0,50.98542297979455,49.59
2017-09-14 16:00:00+02:00,46.57,49.8698020914307,47.64
2017-09-14 17:00:00+02:00,47.4,49.64247524032976,47.4
2017-09-14 18:00:00+02:00,46.6,49.1625518945539,47.0
2017-09-14 19:00:00+02:00,47.99,47.79007438985227,47.0
2017-09-14 20:00:00+02:00,50.64,47.535583840271286,52.41
2017-09-14 21:00:00+02:00,51.36,46.77930522388196,53.76
2017-09-14 22:00:00+02:00,47.64,43.6496560602076,49.88
2017-09-14 23:00:00+02:00,42.49,40.25193592603289,45.4
2017-09-15 00:00:00+02:00,39.93,42.906329818740986,47.35
2017-09-15 01:00:00+02:00,38.08,38.85194655070238,45.0
2017-09-15 02:00:00+02:00,38.03,36.04957324363242,43.98
2017-09-15 03:00:00+02:00,38.5,34.67236577447829,43.98
2017-09-15 04:00:00+02:00,38.5,34.015621221770814,43.4
2017-09-15 05:00:00+02:00,39.93,35.766655303805095,44.78
2017-09-15 06:00:00+02:00,44.88,39.51483275035852,47.98
2017-09-15 07:00:00+02:00,49.97,42.96389449521318,50.25
2017-09-15 08:00:00+02:00,50.65,44.652951648394705,50.57
2017-09-15 09:00:00+02:00,52.01,47.37420399494479,51.17
2017-09-15 10:00:00+02:00,51.4,48.403753409036504,50.57
2017-09-15 11:00:00+02:00,51.15,49.08547756871575,49.78
2017-09-15 12:00:00+02:00,51.61,50.60872631939037,49.73
2017-09-15 13:00:00+02:00,51.89,51.72758369408331,50.01
2017-09-15 14:00:00+02:00,50.51,51.39399164755372,48.09
2017-09-15 15:00:00+02:00,47.99,49.902046915174495,47.0
2017-09-15 16:00:00+02:00,45.45,48.72598486148245,46.57
2017-09-15 17:00:00+02:00,45.3,48.42066724486263,47.4
2017-09-15 18:00:00+02:00,45.47,47.761272124814504,46.6
2017-09-15 19:00:00+02:00,48.0,46.69402399480014,47.99
2017-09-15 20:00:00+02:00,50.4,46.5107901884576,50.64
2017-09-15 21:00:00+02:00,51.5,45.70391435194437,51.36
2017-09-15 22:00:00+02:00,47.23,42.47359443097265,47.64
2017-09-15 23:00:00+02:00,43.0,39.137027281323036,42.49
2017-09-16 00:00:00+02:00,48.83,43.463135863971814,39.93
2017-09-16 01:00:00+02:00,47.47,40.04180008166898,38.08
2017-09-16 02:00:00+02:00,47.4,37.52244976013173,38.03
2017-09-16 03:00:00+02:00,47.45,36.24307095336378,38.5
2017-09-16 04:00:00+02:00,46.66,35.616871451125036,38.5
2017-09-16 05:00:00+02:00,47.45,37.38392294898325,39.93
2017-09-16 06:00:00+02:00,47.47,41.33490934244473,44.88
2017-09-16 07:00:00+02:00,47.45,44.88996712009596,49.97
2017-09-16 08:00:00+02:00,47.45,46.39721308644191,50.65
2017-09-16 09:00:00+02:00,50.43,49.097422232599065,52.01
2017-09-16 10:00:00+02:00,50.75,50.12514079140009,51.4
2017-09-16 11:00:00+02:00,50.75,50.8856760712533,51.15
2017-09-16 12:00:00+02:00,51.2,52.42240672775885,51.61
2017-09-16 13:00:00+02:00,50.93,53.584123591400456,51.89
2017-09-16 14:00:00+02:00,49.98,53.27299652653625,50.51
2017-09-16 15:00:00+02:00,47.01,51.83868217604881,47.99
2017-09-16 16:00:00+02:00,43.4,50.719639525799124,45.45
2017-09-16 17:00:00+02:00,42.5,50.65653052233581,45.3
2017-09-16 18:00:00+02:00,44.64,50.21346762396036,45.47
2017-09-16 19:00:00+02:00,48.01,49.56154848930433,48.0
2017-09-16 20:00:00+02:00,51.89,49.50523390419495,50.4
2017-09-16 21:00:00+02:00,54.77,48.84128826884695,51.5
2017-09-16 22:00:00+02:00,51.97,45.5748294077632,47.23
2017-09-16 23:00:00+02:00,51.51,42.40316565371837,43.0
2017-09-17 00:00:00+02:00,50.8,52.2218283730259,48.83
2017-09-17 01:00:00+02:00,50.02,48.67934555825079,47.47
2017-09-17 02:00:00+02:00,49.3,46.25600268866789,47.4
2017-09-17 03:00:00+02:00,49.98,44.92843257095034,47.45
2017-09-17 04:00:00+02:00,49.98,44.22851648110486,46.66
2017-09-17 05:00:00+02:00,50.02,46.089936406785,47.45
2017-09-17 06:00:00+02:00,49.98,50.09266467238401,47.47
2017-09-17 07:00:00+02:00,47.77,54.07730958830267,47.45
2017-09-17 08:00:00+02:00,47.63,56.175711292627916,47.45
2017-09-17 09:00:00+02:00,49.98,59.39789924630217,50.43
2017-09-17 10:00:00+02:00,49.51,60.59824884086739,50.75
2017-09-17 11:00:00+02:00,47.45,61.5725380842105,50.75
2017-09-17 12:00:00+02:00,47.47,63.33769539523759,51.2
2017-09-17 13:00:00+02:00,49.88,64.77873399904242,50.93
2017-09-17 14:00:00+02:00,47.91,64.89609781938441,49.98
2017-09-17 15:00:00+02:00,44.8,63.81972243415407,47.01
2017-09-17 16:00:00+02:00,42.4,63.053940413073164,43.4
2017-09-17 17:00:00+02:00,41.3,63.589819792028464,42.5
2017-09-17 18:00:00+02:00,41.9,63.85209669687492,44.64
2017-09-17 19:00:00+02:00,45.97,63.636283314396266,48.01
2017-09-17 20:00:00+02:00,50.88,63.793165694182306,51.89
2017-09-17 21:00:00+02:00,54.77,63.22540399574201,54.77
2017-09-17 22:00:00+02:00,52.71,59.74532594543488,51.97
2017-09-17 23:00:00+02:00,50.74,56.46863103108794,51.51
2017-09-18 00:00:00+02:00,43.6,51.21870037492339,50.8
2017-09-18 01:00:00+02:00,41.39,48.03261108828398,50.02
2017-09-18 02:00:00+02:00,40.6,45.5310845055231,49.3
2017-09-18 03:00:00+02:00,40.0,44.20156602093168,49.98
2017-09-18 04:00:00+02:00,40.0,43.35958845246192,49.98
2017-09-18 05:00:00+02:00,40.79,44.95391139411523,50.02
2017-09-18 06:00:00+02:00,43.89,48.70951168655458,49.98
2017-09-18 07:00:00+02:00,51.06,52.462257979611806,47.77
2017-09-18 08:00:00+02:00,53.23,54.90029970496011,47.63
2017-09-18 09:00:00+02:00,53.47,58.2803899499738,49.98
2017-09-18 10:00:00+02:00,51.59,59.41217936800835,49.51
2017-09-18 11:00:00+02:00,51.96,60.24012610050519,47.45
2017-09-18 12:00:00+02:00,51.29,62.098046885499606,47.47
2017-09-18 13:00:00+02:00,51.07,63.78830332104006,49.88
2017-09-18 14:00:00+02:00,49.98,63.63301804399968,47.91
2017-09-18 15:00:00+02:00,45.9,62.51636171588759,44.8
2017-09-18 16:00:00+02:00,43.92,61.77023319424271,42.4
2017-09-18 17:00:00+02:00,45.61,62.29470143404308,41.3
2017-09-18 18:00:00+02:00,49.41,62.723998015983156,41.9
2017-09-18 19:00:00+02:00,52.89,62.87332698614441,45.97
2017-09-18 20:00:00+02:00,54.01,63.086706513089744,50.88
2017-09-18 21:00:00+02:00,55.93,62.466520368457054,54.77
2017-09-18 22:00:00+02:00,51.89,58.66917318864783,52.71
2017-09-18 23:00:00+02:00,50.9,55.44284043492034,50.74
2017-09-19 00:00:00+02:00,53.07,50.6394294431274,43.6
2017-09-19 01:00:00+02:00,52.68,48.21602180851171,41.39
2017-09-19 02:00:00+02:00,51.79,45.983165229280814,40.6
2017-09-19 03:00:00+02:00,51.97,44.76255455612801,40.0
2017-09-19 04:00:00+02:00,51.68,44.12857696232244,40.0
2017-09-19 05:00:00+02:00,51.07,45.73884834893376,40.79
2017-09-19 06:00:00+02:00,52.52,49.56376910143234,43.89
2017-09-19 07:00:00+02:00,51.9,53.6542199915091,51.06
2017-09-19 08:00:00+02:00,53.76,55.763272570119604,53.23
2017-09-19 09:00:00+02:00,54.19,58.88413543415691,53.47
2017-09-19 10:00:00+02:00,52.69,60.14163785070136,51.59
2017-09-19 11:00:00+02:00,51.51,61.37885465861845,51.96
2017-09-19 12:00:00+02:00,51.62,63.24292861281987,51.29
2017-09-19 13:00:00+02:00,52.01,65.07436525796737,51.07
2017-09-19 14:00:00+02:00,50.22,65.08754067521058,49.98
2017-09-19 15:00:00+02:00,48.87,63.80499871268553,45.9
2017-09-19 16:00:00+02:00,48.59,63.1448564515245,43.92
2017-09-19 17:00:00+02:00,49.39,63.794786782450444,45.61
2017-09-19 18:00:00+02:00,50.8,64.33893915957073,49.41
2017-09-19 19:00:00+02:00,51.97,64.45028423797194,52.89
2017-09-19 20:00:00+02:00,55.12,64.46347917564556,54.01
2017-09-19 21:00:00+02:00,55.97,64.03326923078055,55.93
2017-09-19 22:00:00+02:00,52.69,60.162139618363376,51.89
2017-09-19 23:00:00+02:00,52.51,57.19403359703597,50.9
2017-09-20 00:00:00+02:00,54.94,52.14297520060014,53.07
2017-09-20 01:00:00+02:00,54.66,49.646434804518314,52.68
2017-09-20 02:00:00+02:00,54.54,47.3127072260756,51.79
2017-09-20 03:00:00+02:00,53.86,46.07419562732698,51.97
2017-09-20 04:00:00+02:00,53.86,45.35177976600909,51.68
2017-09-20 05:00:00+02:00,53.78,46.748415709258694,51.07
2017-09-20 06:00:00+02:00,53.86,50.557296666744946,52.52
2017-09-20 07:00:00+02:00,54.54,54.46883033540961,51.9
2017-09-20 08:00:00+02:00,54.96,56.97509472767101,53.76
2017-09-20 09:00:00+02:00,54.96,59.97489873898206,54.19
2017-09-20 10:00:00+02:00,54.66,61.27323448403638,52.69
2017-09-20 11:00:00+02:00,53.78,62.59941870829609,51.51
2017-09-20 12:00:00+02:00,54.54,64.57134539398801,51.62
2017-09-20 13:00:00+02:00,54.73,66.45700302741665,52.01
2017-09-20 14:00:00+02:00,52.51,66.44140172566772,50.22
2017-09-20 15:00:00+02:00,52.0,65.27653351028283,48.87
2017-09-20 16:00:00+02:00,51.98,64.61510603192357,48.59
2017-09-20 17:00:00+02:00,52.38,65.17461392050738,49.39
2017-09-20 18:00:00+02:00,51.98,65.6917412640631,50.8
2017-09-20 19:00:00+02:00,53.0,65.73885752841072,51.97
2017-09-20 20:00:00+02:00,55.76,65.84840268822761,55.12
2017-09-20 21:00:00+02:00,56.17,65.19690244203454,55.97
2017-09-20 22:00:00+02:00,53.26,61.18822254011556,52.69
2017-09-20 23:00:00+02:00,51.94,58.250590860013084,52.51
2017-09-21 00:00:00+02:00,55.83,51.47507173572329,54.94
2017-09-21 01:00:00+02:00,54.59,48.84418556365769,54.66
2017-09-21 02:00:00+02:00,53.78,46.32454809947903,54.54
2017-09-21 03:00:00+02:00,52.12,44.663766819446465,53.86
2017-09-21 04:00:00+02:00,51.31,43.61847775979694,53.86
2017-09-21 05:00:00+02:00,49.02,44.49665909619413,53.78
2017-09-21 06:00:00+02:00,48.56,47.86168060055323,53.86
2017-09-21 07:00:00+02:00,51.2,51.68481980481326,54.54
2017-09-21 08:00:00+02:00,52.95,54.231531337513466,54.96
2017-09-21 09:00:00+02:00,54.54,56.985298815111264,54.96
2017-09-21 10:00:00+02:00,54.36,58.12965253823237,54.66
2017-09-21 11:00:00+02:00,52.95,59.104181071632155,53.78
2017-09-21 12:00:00+02:00,54.42,60.86221916660511,54.54
2017-09-21 13:00:00+02:00,54.59,62.489033654125066,54.73
2017-09-21 14:00:00+02:00,53.01,62.24895931236024,52.51
2017-09-21 15:00:00+02:00,51.94,61.26365980098547,52.0
2017-09-21 16:00:00+02:00,51.62,60.63099968934184,51.98
2017-09-21 17:00:00+02:00,51.2,61.189414896512275,52.38
2017-09-21 18:00:00+02:00,49.51,61.7228096975012,51.98
2017-09-21 19:00:00+02:00,52.77,61.98018912471043,53.0
2017-09-21 20:00:00+02:00,52.93,62.23371036665624,55.76
2017-09-21 21:00:00+02:00,53.88,61.347390773571334,56.17
2017-09-21 22:00:00+02:00,48.18,57.11266761427228,53.26
2017-09-21 23:00:00+02:00,45.61,54.11492430175459,51.94
2017-09-22 00:00:00+02:00,46.8,45.42521780138714,55.83
2017-09-22 01:00:00+02:00,44.1,42.35778614647181,54.59
2017-09-22 02:00:00+02:00,42.88,39.659238683323885,53.78
2017-09-22 03:00:00+02:00,43.4,37.74374424917101,52.12
2017-09-22 04:00:00+02:00,43.4,36.62241912378447,51.31
2017-09-22 05:00:00+02:00,45.61,37.12725766762051,49.02
2017-09-22 06:00:00+02:00,48.76,40.229627434545655,48.56
2017-09-22 07:00:00+02:00,52.52,43.967611886980535,51.2
2017-09-22 08:00:00+02:00,52.52,46.198652468723346,52.95
2017-09-22 09:00:00+02:00,53.52,48.64646606038389,54.54
2017-09-22 10:00:00+02:00,53.46,49.57951306990445,54.36
2017-09-22 11:00:00+02:00,52.51,50.32087917792775,52.95
2017-09-22 12:00:00+02:00,52.67,52.10839176339232,54.42
2017-09-22 13:00:00+02:00,52.52,53.46565293469972,54.59
2017-09-22 14:00:00+02:00,52.5,53.01307253190948,53.01
2017-09-22 15:00:00+02:00,52.5,51.83252229922891,51.94
2017-09-22 16:00:00+02:00,52.38,50.8915131925403,51.62
2017-09-22 17:00:00+02:00,52.5,50.950572789150584,51.2
2017-09-22 18:00:00+02:00,51.62,50.97068366723723,49.51
2017-09-22 19:00:00+02:00,51.9,51.30642354259123,52.77
2017-09-22 20:00:00+02:00,53.79,51.05148959527757,52.93
2017-09-22 21:00:00+02:00,54.73,50.1143139052395,53.88
2017-09-22 22:00:00+02:00,52.2,45.51912828262943,48.18
2017-09-22 23:00:00+02:00,51.62,42.64563180686854,45.61
2017-09-23 00:00:00+02:00,52.12,51.3329667106072,46.8
2017-09-23 01:00:00+02:00,51.66,48.25017806738521,44.1
2017-09-23 02:00:00+02:00,51.21,45.709339053423534,42.88
2017-09-23 03:00:00+02:00,51.21,43.96710554958178,43.4
2017-09-23 04:00:00+02:00,50.37,42.84187366759133,43.4
2017-09-23 05:00:00+02:00,48.33,43.512026896939226,45.61
2017-09-23 06:00:00+02:00,49.7,46.644923738544364,48.76
2017-09-23 07:00:00+02:00,51.07,50.59588712712748,52.52
2017-09-23 08:00:00+02:00,51.0,52.92490286187277,52.52
2017-09-23 09:00:00+02:00,52.51,55.75399975560867,53.52
2017-09-23 10:00:00+02:00,51.66,57.08276094768368,53.46
2017-09-23 11:00:00+02:00,50.52,58.12299872934464,52.51
2017-09-23 12:00:00+02:00,50.31,60.26429496360449,52.67
2017-09-23 13:00:00+02:00,50.3,61.985045335355416,52.52
2017-09-23 14:00:00+02:00,49.71,62.046638648074406,52.5
2017-09-23 15:00:00+02:00,45.0,61.286943191057595,52.5
2017-09-23 16:00:00+02:00,44.72,60.65232254843281,52.38
2017-09-23 17:00:00+02:00,46.66,60.95617746033382,52.5
2017-09-23 18:00:00+02:00,47.86,61.17667361526792,51.62
2017-09-23 19:00:00+02:00,51.51,61.838322178996485,51.9
2017-09-23 20:00:00+02:00,55.93,62.00002994449227,53.79
2017-09-23 21:00:00+02:00,58.08,61.229518683919174,54.73
2017-09-23 22:00:00+02:00,54.73,56.76378820108291,52.2
2017-09-23 23:00:00+02:00,52.51,53.79316500005141,51.62
2017-09-24 00:00:00+02:00,52.12,52.403191990976055,52.12
2017-09-24 01:00:00+02:00,50.4,49.666087237375415,51.66
2017-09-24 02:00:00+02:00,49.61,47.25045442850296,51.21
2017-09-24 03:00:00+02:00,48.5,45.545141334044175,51.21
2017-09-24 04:00:00+02:00,46.74,44.298441663713206,50.37
2017-09-24 05:00:00+02:00,45.01,44.6601440399625,48.33
2017-09-24 06:00:00+02:00,45.0,47.87823663583563,49.7
2017-09-24 07:00:00+02:00,45.61,51.88703593833381,51.07
2017-09-24 08:00:00+02:00,45.77,54.35297121668147,51.0
2017-09-24 09:00:00+02:00,48.86,57.31482629334904,52.51
2017-09-24 10:00:00+02:00,48.78,58.50448747391154,51.66
2017-09-24 11:00:00+02:00,47.67,59.38970625062299,50.52
2017-09-24 12:00:00+02:00,47.84,61.37615825408925,50.31
2017-09-24 13:00:00+02:00,49.46,63.03919177484026,50.3
2017-09-24 14:00:00+02:00,49.29,63.138905219228405,49.71
2017-09-24 15:00:00+02:00,47.45,62.10179678847525,45.0
2017-09-24 16:00:00+02:00,45.0,61.90284114764155,44.72
2017-09-24 17:00:00+02:00,45.02,62.471799640977814,46.66
2017-09-24 18:00:00+02:00,45.02,62.77680500810046,47.86
2017-09-24 19:00:00+02:00,50.76,63.79258360217897,51.51
2017-09-24 20:00:00+02:00,55.62,64.21214902755156,55.93
2017-09-24 21:00:00+02:00,59.08,63.40740599977758,58.08
2017-09-24 22:00:00+02:00,57.28,58.76815721040023,54.73
2017-09-24 23:00:00+02:00,53.85,55.97033283791653,52.51
2017-09-25 00:00:00+02:00,52.4,54.097830626030174,52.12
2017-09-25 01:00:00+02:00,48.33,51.706404241173196,50.4
2017-09-25 02:00:00+02:00,45.48,49.59425386561057,49.61
2017-09-25 03:00:00+02:00,44.87,48.10150286185396,48.5
2017-09-25 04:00:00+02:00,44.72,47.09035062336295,46.74
2017-09-25 05:00:00+02:00,44.87,47.67166552520575,45.01
2017-09-25 06:00:00+02:00,48.76,51.05946022414386,45.0
2017-09-25 07:00:00+02:00,53.32,55.19267841413672,45.61
2017-09-25 08:00:00+02:00,54.39,57.82425090151909,45.77
2017-09-25 09:00:00+02:00,55.04,61.09500842769095,48.86
2017-09-25 10:00:00+02:00,53.4,62.34256594816538,48.78
2017-09-25 11:00:00+02:00,53.0,63.370686687967975,47.67
2017-09-25 12:00:00+02:00,55.04,65.58179500360268,47.84
2017-09-25 13:00:00+02:00,55.03,67.59183780480225,49.46
2017-09-25 14:00:00+02:00,52.0,67.83909317544149,49.29
2017-09-25 15:00:00+02:00,51.7,66.86398526474134,47.45
2017-09-25 16:00:00+02:00,51.64,66.56795338606914,45.0
2017-09-25 17:00:00+02:00,50.61,67.28782875685181,45.02
2017-09-25 18:00:00+02:00,49.81,67.65597058935847,45.02
2017-09-25 19:00:00+02:00,52.0,69.1063911222097,50.76
2017-09-25 20:00:00+02:00,57.5,69.60970756416276,55.62
2017-09-25 21:00:00+02:00,58.15,68.95332873952536,59.08
2017-09-25 22:00:00+02:00,55.07,64.4777122968669,57.28
2017-09-25 23:00:00+02:00,51.66,61.75205333807618,53.85
2017-09-26 00:00:00+02:00,48.74,51.50682500958551,52.4
2017-09-26 01:00:00+02:00,47.4,48.841785004655875,48.33
2017-09-26 02:00:00+02:00,45.52,46.5540972238773,45.48
2017-09-26 03:00:00+02:00,45.07,44.96228670908893,44.87
2017-09-26 04:00:00+02:00,45.36,43.729283832789385,44.72
2017-09-26 05:00:00+02:00,45.61,43.98420187656748,44.87
2017-09-26 06:00:00+02:00,47.64,47.246601464834924,48.76
2017-09-26 07:00:00+02:00,51.94,51.21051989982037,53.32
2017-09-26 08:00:00+02:00,55.2,53.52994469177077,54.39
2017-09-26 09:00:00+02:00,55.01,56.5824557824694,55.04
2017-09-26 10:00:00+02:00,54.85,57.71395595453664,53.4
2017-09-26 11:00:00+02:00,53.6,58.79797629452253,53.0
2017-09-26 12:00:00+02:00,54.85,61.06778342750571,55.04
2017-09-26 13:00:00+02:00,54.9,62.868176728296824,55.03
2017-09-26 14:00:00+02:00,53.6,62.92736217139977,52.0
2017-09-26 15:00:00+02:00,53.5,62.20520751784531,51.7
2017-09-26 16:00:00+02:00,53.5,61.810695984918254,51.64
2017-09-26 17:00:00+02:00,53.6,62.244573529238835,50.61
2017-09-26 18:00:00+02:00,53.1,62.511959333221,49.81
2017-09-26 19:00:00+02:00,55.93,63.97123066901697,52.0
2017-09-26 20:00:00+02:00,58.42,64.67081621410492,57.5
2017-09-26 21:00:00+02:00,59.69,63.52044247764461,58.15
2017-09-26 22:00:00+02:00,54.9,58.78830165931367,55.07
2017-09-26 23:00:00+02:00,53.9,55.5951267270628,51.66
2017-09-27 00:00:00+02:00,56.65,53.384510901939926,48.74
2017-09-27 01:00:00+02:00,55.04,51.18971424554471,47.4
2017-09-27 02:00:00+02:00,53.5,49.00104317485734,45.52
2017-09-27 03:00:00+02:00,52.69,47.60750829663858,45.07
2017-09-27 04:00:00+02:00,51.07,46.54495053517609,45.36
2017-09-27 05:00:00+02:00,51.22,46.79193437714545,45.61
2017-09-27 06:00:00+02:00,53.5,50.044718223199425,47.64
2017-09-27 07:00:00+02:00,55.55,54.22451471279906,51.94
2017-09-27 08:00:00+02:00,57.91,56.67557986073995,55.2
2017-09-27 09:00:00+02:00,56.03,59.41536080501455,55.01
2017-09-27 10:00:00+02:00,55.3,60.698412912315426,54.85
2017-09-27 11:00:00+02:00,55.11,61.706934456597565,53.6
2017-09-27 12:00:00+02:00,55.93,64.066943478191,54.85
2017-09-27 13:00:00+02:00,55.93,65.78824613279144,54.9
2017-09-27 14:00:00+02:00,54.86,65.84322524127225,53.6
2017-09-27 15:00:00+02:00,54.86,65.26169731692012,53.5
2017-09-27 16:00:00+02:00,54.5,64.83426443869061,53.5
2017-09-27 17:00:00+02:00,54.86,65.18330818046996,53.6
2017-09-27 18:00:00+02:00,54.15,65.40175341595008,53.1
2017-09-27 19:00:00+02:00,54.86,67.05648333450353,55.93
2017-09-27 20:00:00+02:00,59.11,67.84241869838438,58.42
2017-09-27 21:00:00+02:00,59.69,66.80055938218673,59.69
2017-09-27 22:00:00+02:00,53.5,61.93267129771339,54.9
2017-09-27 23:00:00+02:00,52.97,58.80699247147093,53.9
2017-09-28 00:00:00+02:00,57.41,52.40304336234949,56.65
2017-09-28 01:00:00+02:00,55.04,49.872699430567025,55.04
2017-09-28 02:00:00+02:00,53.09,47.522619190977416,53.5
2017-09-28 03:00:00+02:00,52.5,45.96699404740416,52.69
2017-09-28 04:00:00+02:00,50.99,44.64328711176172,51.07
2017-09-28 05:00:00+02:00,51.0,44.75256744464136,51.22
2017-09-28 06:00:00+02:00,53.0,47.75915370592446,53.5
2017-09-28 07:00:00+02:00,54.52,51.653902665970826,55.55
2017-09-28 08:00:00+02:00,56.19,54.09241429818419,57.91
2017-09-28 09:00:00+02:00,57.8,56.292377507401326,56.03
2017-09-28 10:00:00+02:00,56.03,57.60813756517536,55.3
2017-09-28 11:00:00+02:00,55.59,58.56518586621155,55.11
2017-09-28 12:00:00+02:00,54.86,60.772582965469255,55.93
2017-09-28 13:00:00+02:00,54.23,62.35558487313601,55.93
2017-09-28 14:00:00+02:00,53.51,62.350527454374586,54.86
2017-09-28 15:00:00+02:00,53.11,61.817689965684735,54.86
2017-09-28 16:00:00+02:00,52.99,61.264416155381745,54.5
2017-09-28 17:00:00+02:00,53.13,61.515030306795296,54.86
2017-09-28 18:00:00+02:00,52.5,61.56794270972148,54.15
2017-09-28 19:00:00+02:00,55.4,63.13030376710154,54.86
2017-09-28 20:00:00+02:00,57.0,64.20998459431974,59.11
2017-09-28 21:00:00+02:00,57.19,62.95893880060562,59.69
2017-09-28 22:00:00+02:00,52.94,57.7340702000543,53.5
2017-09-28 23:00:00+02:00,50.98,54.779058565720156,52.97
2017-09-29 00:00:00+02:00,55.93,50.718918892853296,57.41
2017-09-29 01:00:00+02:00,54.15,47.756117334062715,55.04
2017-09-29 02:00:00+02:00,53.0,45.34557502033281,53.09
2017-09-29 03:00:00+02:00,51.69,43.80683210678515,52.5
2017-09-29 04:00:00+02:00,51.69,42.36439032481708,50.99
2017-09-29 05:00:00+02:00,53.0,42.450464168724594,51.0
2017-09-29 06:00:00+02:00,52.17,45.36010624420334,53.0
2017-09-29 07:00:00+02:00,55.52,49.111074054550095,54.52
2017-09-29 08:00:00+02:00,56.58,51.6512267820422,56.19
2017-09-29 09:00:00+02:00,58.49,53.83788967039989,57.8
2017-09-29 10:00:00+02:00,58.02,54.88473416989371,56.03
2017-09-29 11:00:00+02:00,56.07,55.89309488133667,55.59
2017-09-29 12:00:00+02:00,56.03,57.89345571853361,54.86
2017-09-29 13:00:00+02:00,56.93,59.425755600307156,54.23
2017-09-29 14:00:00+02:00,54.86,59.44139162418526,53.51
2017-09-29 15:00:00+02:00,53.51,58.87038807247038,53.11
2017-09-29 16:00:00+02:00,52.98,58.21696182899409,52.99
2017-09-29 17:00:00+02:00,51.93,58.28544648696569,53.13
2017-09-29 18:00:00+02:00,50.5,58.14759981737912,52.5
2017-09-29 19:00:00+02:00,51.86,59.748813968477336,55.4
2017-09-29 20:00:00+02:00,54.69,60.6511075759206,57.0
2017-09-29 21:00:00+02:00,56.18,59.35499893858153,57.19
2017-09-29 22:00:00+02:00,51.07,53.98862158492667,52.94
2017-09-29 23:00:00+02:00,50.97,51.04534114614306,50.98
2017-09-30 00:00:00+02:00,54.54,50.917051919662065,55.93
2017-09-30 01:00:00+02:00,54.63,47.71424464240636,54.15
2017-09-30 02:00:00+02:00,54.15,45.346247676428376,53.0
2017-09-30 03:00:00+02:00,54.15,43.80387605356711,51.69
2017-09-30 04:00:00+02:00,53.0,42.56243389042862,51.69
2017-09-30 05:00:00+02:00,52.98,42.75369703518864,53.0
2017-09-30 06:00:00+02:00,51.79,45.34540518015288,52.17
2017-09-30 07:00:00+02:00,52.1,49.416788228131985,55.52
2017-09-30 08:00:00+02:00,51.44,51.940489222155136,56.58
2017-09-30 09:00:00+02:00,54.2,54.2726994385826,58.49
2017-09-30 10:00:00+02:00,55.14,55.26596179218494,58.02
2017-09-30 11:00:00+02:00,55.04,56.172142671453024,56.07
2017-09-30 12:00:00+02:00,55.04,58.24676894806477,56.03
2017-09-30 13:00:00+02:00,55.93,59.882705216403814,56.93
2017-09-30 14:00:00+02:00,54.52,59.73015483639898,54.86
2017-09-30 15:00:00+02:00,51.79,59.16740855638828,53.51
2017-09-30 16:00:00+02:00,50.01,58.492719566550456,52.98
2017-09-30 17:00:00+02:00,48.85,58.35295346180809,51.93
2017-09-30 18:00:00+02:00,48.85,58.08889686758462,50.5
2017-09-30 19:00:00+02:00,49.83,59.675419933049334,51.86
2017-09-30 20:00:00+02:00,54.54,60.691480637072395,54.69
2017-09-30 21:00:00+02:00,55.75,59.454088179837484,56.18
2017-09-30 22:00:00+02:00,49.46,53.899260369781665,51.07
2017-09-30 23:00:00+02:00,48.98,51.027593830040814,50.97
2017-10-01 00:00:00+02:00,59.99,49.006350884118824,54.54
2017-10-01 01:00:00+02:00,55.8,45.69923880944691,54.63
2017-10-01 02:00:00+02:00,52.98,43.064849440466936,54.15
2017-10-01 03:00:00+02:00,50.0,41.2914003093542,54.15
2017-10-01 04:00:00+02:00,49.19,39.69040307715171,53.0
2017-10-01 05:00:00+02:00,52.07,39.5803131877711,52.98
2017-10-01 06:00:00+02:00,58.78,41.5884112133568,51.79
2017-10-01 07:00:00+02:00,70.51,45.383959986498205,52.1
2017-10-01 08:00:00+02:00,73.68,47.730264714664685,51.44
2017-10-01 09:00:00+02:00,74.69,50.154988308484214,54.2
2017-10-01 10:00:00+02:00,75.15,50.923494882095,55.14
2017-10-01 11:00:00+02:00,73.64,51.557680110255845,55.04
2017-10-01 12:00:00+02:00,71.68,53.39208662025243,55.04
2017-10-01 13:00:00+02:00,70.69,55.05201110436978,55.93
2017-10-01 14:00:00+02:00,69.48,54.84449495593904,54.52
2017-10-01 15:00:00+02:00,66.07,54.24359002306387,51.79
2017-10-01 16:00:00+02:00,64.6,53.74195637899282,50.01
2017-10-01 17:00:00+02:00,67.59,53.734023244150634,48.85
2017-10-01 18:00:00+02:00,72.15,53.709785398577225,48.85
2017-10-01 19:00:00+02:00,73.87,55.373385227141995,49.83
2017-10-01 20:00:00+02:00,74.53,56.87598489243801,54.54
2017-10-01 21:00:00+02:00,70.49,55.638023300481265,55.75
2017-10-01 22:00:00+02:00,68.39,49.809990024334425,49.46
2017-10-01 23:00:00+02:00,60.15,47.19378123092308,48.98
2017-10-02 00:00:00+02:00,52.07,61.75859174352484,59.99
2017-10-02 01:00:00+02:00,49.8,57.50212853691819,55.8
2017-10-02 02:00:00+02:00,46.3,54.815541890448955,52.98
2017-10-02 03:00:00+02:00,45.6,52.96936062406572,50.0
2017-10-02 04:00:00+02:00,45.6,51.58714110195456,49.19
2017-10-02 05:00:00+02:00,46.87,51.77736931484856,52.07
2017-10-02 06:00:00+02:00,53.67,54.0847994446696,58.78
2017-10-02 07:00:00+02:00,67.96,58.31869423186067,70.51
2017-10-02 08:00:00+02:00,71.49,60.26459405103335,73.68
2017-10-02 09:00:00+02:00,75.0,62.667623735304716,74.69
2017-10-02 10:00:00+02:00,75.51,63.78429262172159,75.15
2017-10-02 11:00:00+02:00,73.01,64.57831857887263,73.64
2017-10-02 12:00:00+02:00,71.41,66.57622276880718,71.68
2017-10-02 13:00:00+02:00,70.6,68.6271442955387,70.69
2017-10-02 14:00:00+02:00,69.3,68.85419635284283,69.48
2017-10-02 15:00:00+02:00,68.69,68.35938133887068,66.07
2017-10-02 16:00:00+02:00,67.88,68.20396992750359,64.6
2017-10-02 17:00:00+02:00,70.56,68.70966786371714,67.59
2017-10-02 18:00:00+02:00,73.01,68.9680045257236,72.15
2017-10-02 19:00:00+02:00,77.52,70.32508755804251,73.87
2017-10-02 20:00:00+02:00,74.0,71.74233971734344,74.53
2017-10-02 21:00:00+02:00,67.47,70.35253833722933,70.49
2017-10-02 22:00:00+02:00,67.27,65.08724560768772,68.39
2017-10-02 23:00:00+02:00,66.69,62.37468074704849,60.15
2017-10-03 00:00:00+02:00,49.51,67.24769963997686,52.07
2017-10-03 01:00:00+02:00,47.89,64.18968076499927,49.8
2017-10-03 02:00:00+02:00,45.68,61.66212141772044,46.3
2017-10-03 03:00:00+02:00,43.07,60.279270346195126,45.6
2017-10-03 04:00:00+02:00,40.74,59.23768260920673,45.6
2017-10-03 05:00:00+02:00,43.52,59.69387239880823,46.87
2017-10-03 06:00:00+02:00,48.2,62.55510709792321,53.67
2017-10-03 07:00:00+02:00,49.69,67.54036224890363,67.96
2017-10-03 08:00:00+02:00,50.7,69.0117003088733,71.49
2017-10-03 09:00:00+02:00,50.23,71.47212238056221,75.0
2017-10-03 10:00:00+02:00,49.51,72.55714914825779,75.51
2017-10-03 11:00:00+02:00,49.0,73.18676986908451,73.01
2017-10-03 12:00:00+02:00,48.42,75.18604062793122,71.41
2017-10-03 13:00:00+02:00,48.2,77.33137904231265,70.6
2017-10-03 14:00:00+02:00,48.2,77.69977038424915,69.3
2017-10-03 15:00:00+02:00,47.51,77.35381933241267,68.69
2017-10-03 16:00:00+02:00,47.5,77.18659958050736,67.88
2017-10-03 17:00:00+02:00,48.25,77.96168630237756,70.56
2017-10-03 18:00:00+02:00,49.7,78.28749956357198,73.01
2017-10-03 19:00:00+02:00,53.56,79.79500264880012,77.52
2017-10-03 20:00:00+02:00,54.69,80.63252591487294,74.0
2017-10-03 21:00:00+02:00,53.01,79.29355970720823,67.47
2017-10-03 22:00:00+02:00,51.95,75.05983617642136,67.27
2017-10-03 23:00:00+02:00,50.7,71.6732001299872,66.69
2017-10-04 00:00:00+02:00,39.71,49.2282138360228,49.51
2017-10-04 01:00:00+02:00,37.86,47.33891016122841,47.89
2017-10-04 02:00:00+02:00,36.8,44.514078786117295,45.68
2017-10-04 03:00:00+02:00,37.35,42.618292251141845,43.07
2017-10-04 04:00:00+02:00,37.35,41.1642054828366,40.74
2017-10-04 05:00:00+02:00,38.92,41.53121783875846,43.52
2017-10-04 06:00:00+02:00,43.99,43.98335606558919,48.2
2017-10-04 07:00:00+02:00,49.91,48.11634871130256,49.69
2017-10-04 08:00:00+02:00,51.24,49.43354160188421,50.7
2017-10-04 09:00:00+02:00,51.85,51.36282037933331,50.23
2017-10-04 10:00:00+02:00,51.03,52.2162050743437,49.51
2017-10-04 11:00:00+02:00,50.68,52.63750026185262,49.0
2017-10-04 12:00:00+02:00,50.69,54.27431559607045,48.42
2017-10-04 13:00:00+02:00,50.5,56.19995793251487,48.2
2017-10-04 14:00:00+02:00,49.91,56.52879253261763,48.2
2017-10-04 15:00:00+02:00,49.51,55.99783587884289,47.51
2017-10-04 16:00:00+02:00,49.5,55.67285577148594,47.5
2017-10-04 17:00:00+02:00,49.69,56.23341138455352,48.25
2017-10-04 18:00:00+02:00,48.87,56.45096661438714,49.7
2017-10-04 19:00:00+02:00,49.69,57.855554126175434,53.56
2017-10-04 20:00:00+02:00,52.02,58.29638514970992,54.69
2017-10-04 21:00:00+02:00,53.77,56.64423734179294,53.01
2017-10-04 22:00:00+02:00,51.09,52.4409023203924,51.95
2017-10-04 23:00:00+02:00,48.5,48.72278168458777,50.7
2017-10-05 00:00:00+02:00,51.57,46.33505325542713,39.71
2017-10-05 01:00:00+02:00,46.66,45.35232325909982,37.86
2017-10-05 02:00:00+02:00,41.99,42.94218777200865,36.8
2017-10-05 03:00:00+02:00,41.69,41.31878376073137,37.35
2017-10-05 04:00:00+02:00,41.19,39.98269438971671,37.35
2017-10-05 05:00:00+02:00,42.01,40.5143354755615,38.92
2017-10-05 06:00:00+02:00,49.92,43.271565197445355,43.99
2017-10-05 07:00:00+02:00,51.04,47.51299956691817,49.91
2017-10-05 08:00:00+02:00,53.69,48.82467213508226,51.24
2017-10-05 09:00:00+02:00,53.46,50.75915544929768,51.85
2017-10-05 10:00:00+02:00,52.98,51.68590446881177,51.03
2017-10-05 11:00:00+02:00,51.57,52.27694222811606,50.68
2017-10-05 12:00:00+02:00,50.54,53.92213999553381,50.69
2017-10-05 13:00:00+02:00,47.05,55.848473567297916,50.5
2017-10-05 14:00:00+02:00,41.69,56.303269300514586,49.91
2017-10-05 15:00:00+02:00,40.94,55.88369557697531,49.51
2017-10-05 16:00:00+02:00,40.65,55.584571987196185,49.5
2017-10-05 17:00:00+02:00,41.08,56.08742107359802,49.69
2017-10-05 18:00:00+02:00,44.01,56.25005103732262,48.87
2017-10-05 19:00:00+02:00,48.04,57.70842786986209,49.69
2017-10-05 20:00:00+02:00,50.0,58.403756654165946,52.02
2017-10-05 21:00:00+02:00,53.46,56.96407829425747,53.77
2017-10-05 22:00:00+02:00,51.57,52.70001957843806,51.09
2017-10-05 23:00:00+02:00,47.05,49.171427068069434,48.5
2017-10-06 00:00:00+02:00,52.99,45.41412065601811,51.57
2017-10-06 01:00:00+02:00,51.04,43.677846041601136,46.66
2017-10-06 02:00:00+02:00,50.5,41.299566488978016,41.99
2017-10-06 03:00:00+02:00,50.51,39.937243066183754,41.69
2017-10-06 04:00:00+02:00,50.5,38.51343826604659,41.19
2017-10-06 05:00:00+02:00,49.46,38.90779593126054,42.01
2017-10-06 06:00:00+02:00,47.0,41.98426227090215,49.92
2017-10-06 07:00:00+02:00,47.0,45.47859182332279,51.04
2017-10-06 08:00:00+02:00,47.62,47.04484736786032,53.69
2017-10-06 09:00:00+02:00,51.04,48.67057818476522,53.46
2017-10-06 10:00:00+02:00,52.15,49.615133662318016,52.98
2017-10-06 11:00:00+02:00,51.53,50.157150917523104,51.57
2017-10-06 12:00:00+02:00,50.86,51.76025968760339,50.54
2017-10-06 13:00:00+02:00,50.86,53.50408489042207,47.05
2017-10-06 14:00:00+02:00,49.87,54.00018116349592,41.69
2017-10-06 15:00:00+02:00,47.45,54.1740521111754,40.94
2017-10-06 16:00:00+02:00,44.24,54.09255173386478,40.65
2017-10-06 17:00:00+02:00,43.93,54.74199103767365,41.08
2017-10-06 18:00:00+02:00,45.0,55.28979740450609,44.01
2017-10-06 19:00:00+02:00,47.47,56.8867862977144,48.04
2017-10-06 20:00:00+02:00,50.54,57.58135203863275,50.0
2017-10-06 21:00:00+02:00,52.71,56.52134489648552,53.46
2017-10-06 22:00:00+02:00,51.1,52.11602395304723,51.57
2017-10-06 23:00:00+02:00,49.36,48.4304946887262,47.05
2017-10-07 00:00:00+02:00,45.68,48.132799171145564,52.99
2017-10-07 01:00:00+02:00,41.01,45.85974863148202,51.04
2017-10-07 02:00:00+02:00,40.0,43.696781467115386,50.5
2017-10-07 03:00:00+02:00,39.21,42.45330685400481,50.51
2017-10-07 04:00:00+02:00,39.9,41.22470098541892,50.5
2017-10-07 05:00:00+02:00,41.0,41.61223462607872,49.46
2017-10-07 06:00:00+02:00,42.38,44.58276831372676,47.0
2017-10-07 07:00:00+02:00,47.68,48.50544326978276,47.0
2017-10-07 08:00:00+02:00,53.0,50.587424103549544,47.62
2017-10-07 09:00:00+02:00,54.89,52.7434450439863,51.04
2017-10-07 10:00:00+02:00,54.89,53.82750886311093,52.15
2017-10-07 11:00:00+02:00,54.81,54.48220710932574,51.53
2017-10-07 12:00:00+02:00,54.89,56.19459688123007,50.86
2017-10-07 13:00:00+02:00,54.89,58.14860667434278,50.86
2017-10-07 14:00:00+02:00,54.3,58.78933921946175,49.87
2017-10-07 15:00:00+02:00,53.1,58.928685130232545,47.45
2017-10-07 16:00:00+02:00,53.1,58.801065779654195,44.24
2017-10-07 17:00:00+02:00,52.8,59.59532726690328,43.93
2017-10-07 18:00:00+02:00,50.41,60.216437863155406,45.0
2017-10-07 19:00:00+02:00,47.21,61.76344214881451,47.47
2017-10-07 20:00:00+02:00,48.69,62.49052194345574,50.54
2017-10-07 21:00:00+02:00,51.03,61.42688110765742,52.71
2017-10-07 22:00:00+02:00,49.62,56.933797243237805,51.1
2017-10-07 23:00:00+02:00,47.59,52.896304708025625,49.36
2017-10-08 00:00:00+02:00,38.55,45.779013585293484,45.68
2017-10-08 01:00:00+02:00,36.68,43.335892590914725,41.01
2017-10-08 02:00:00+02:00,34.1,41.32085403424312,40.0
2017-10-08 03:00:00+02:00,34.5,39.85509632794275,39.21
2017-10-08 04:00:00+02:00,35.1,38.513584441332156,39.9
2017-10-08 05:00:00+02:00,36.68,38.53624424479786,41.0
2017-10-08 06:00:00+02:00,39.19,41.01381914466816,42.38
2017-10-08 07:00:00+02:00,41.96,44.89839769776795,47.68
2017-10-08 08:00:00+02:00,44.95,46.91669712701167,53.0
2017-10-08 09:00:00+02:00,46.9,48.53779523793435,54.89
2017-10-08 10:00:00+02:00,44.93,49.28296859648477,54.89
2017-10-08 11:00:00+02:00,45.1,49.72551115280731,54.81
2017-10-08 12:00:00+02:00,47.21,51.14164797480962,54.89
2017-10-08 13:00:00+02:00,47.8,52.88171600512744,54.89
2017-10-08 14:00:00+02:00,47.97,53.4624943398237,54.3
2017-10-08 15:00:00+02:00,47.97,53.54110379217783,53.1
2017-10-08 16:00:00+02:00,48.5,53.52677360752989,53.1
2017-10-08 17:00:00+02:00,48.69,54.25287330301921,52.8
2017-10-08 18:00:00+02:00,48.27,54.748498412877694,50.41
2017-10-08 19:00:00+02:00,47.96,56.18902739110709,47.21
2017-10-08 20:00:00+02:00,48.23,57.43275111522543,48.69
2017-10-08 21:00:00+02:00,50.19,56.66528795234757,51.03
2017-10-08 22:00:00+02:00,49.0,52.12816631989313,49.62
2017-10-08 23:00:00+02:00,47.44,47.85675171765578,47.59
2017-10-09 00:00:00+02:00,36.36,44.826774777740795,38.55
2017-10-09 01:00:00+02:00,35.15,43.049968925273205,36.68
2017-10-09 02:00:00+02:00,34.05,41.032241376643384,34.1
2017-10-09 03:00:00+02:00,33.52,39.8000586651516,34.5
2017-10-09 04:00:00+02:00,33.25,38.52043283965635,35.1
2017-10-09 05:00:00+02:00,33.25,38.562175214025814,36.68
2017-10-09 06:00:00+02:00,33.57,40.96867573060422,39.19
2017-10-09 07:00:00+02:00,33.25,44.81043939429701,41.96
2017-10-09 08:00:00+02:00,33.25,47.0701002278296,44.95
2017-10-09 09:00:00+02:00,33.8,48.75077642904877,46.9
2017-10-09 10:00:00+02:00,33.6,49.348834499682454,44.93
2017-10-09 11:00:00+02:00,33.25,50.1191959512256,45.1
2017-10-09 12:00:00+02:00,34.05,51.80156749458142,47.21
2017-10-09 13:00:00+02:00,34.81,53.55739746666387,47.8
2017-10-09 14:00:00+02:00,35.15,54.339980464314635,47.97
2017-10-09 15:00:00+02:00,34.05,54.590059300152234,47.97
2017-10-09 16:00:00+02:00,33.25,54.75472639365417,48.5
2017-10-09 17:00:00+02:00,33.59,55.50093274043792,48.69
2017-10-09 18:00:00+02:00,35.15,56.05006334256137,48.27
2017-10-09 19:00:00+02:00,37.8,57.50003349397125,47.96
2017-10-09 20:00:00+02:00,50.1,58.87085992954827,48.23
2017-10-09 21:00:00+02:00,53.99,58.48797619653124,50.19
2017-10-09 22:00:00+02:00,53.82,54.09693575463162,49.0
2017-10-09 23:00:00+02:00,51.97,49.78767204144705,47.44
2017-10-10 00:00:00+02:00,67.6,48.810270339759775,36.36
2017-10-10 01:00:00+02:00,64.05,48.13153118923702,35.15
2017-10-10 02:00:00+02:00,62.65,46.5889951446434,34.05
2017-10-10 03:00:00+02:00,61.84,45.695559918700084,33.52
2017-10-10 04:00:00+02:00,60.53,44.76978072638018,33.25
2017-10-10 05:00:00+02:00,60.43,45.03853965377988,33.25
2017-10-10 06:00:00+02:00,64.05,47.57434024920998,33.57
2017-10-10 07:00:00+02:00,66.5,51.54981808055184,33.25
2017-10-10 08:00:00+02:00,67.6,54.310885302803506,33.25
2017-10-10 09:00:00+02:00,67.47,56.46774807243673,33.8
2017-10-10 10:00:00+02:00,67.09,57.47853630805383,33.6
2017-10-10 11:00:00+02:00,66.46,58.613671187009004,33.25
2017-10-10 12:00:00+02:00,64.72,60.718210236121536,34.05
2017-10-10 13:00:00+02:00,64.22,62.89228423272427,34.81
2017-10-10 14:00:00+02:00,63.65,64.17743100107619,35.15
2017-10-10 15:00:00+02:00,62.58,64.83486947805326,34.05
2017-10-10 16:00:00+02:00,61.5,65.52578884682127,33.25
2017-10-10 17:00:00+02:00,62.65,66.83298466094392,33.59
2017-10-10 18:00:00+02:00,65.0,68.02072206862667,35.15
2017-10-10 19:00:00+02:00,66.98,70.00204200360793,37.8
2017-10-10 20:00:00+02:00,70.0,72.70416970440525,50.1
2017-10-10 21:00:00+02:00,67.6,72.28615287229532,53.99
2017-10-10 22:00:00+02:00,64.22,68.26358705668994,53.82
2017-10-10 23:00:00+02:00,60.53,64.21339931319851,51.97
2017-10-11 00:00:00+02:00,55.46,58.84451206173783,67.6
2017-10-11 01:00:00+02:00,50.46,56.30127092316938,64.05
2017-10-11 02:00:00+02:00,49.75,54.70889638236957,62.65
2017-10-11 03:00:00+02:00,49.5,53.71032479636599,61.84
2017-10-11 04:00:00+02:00,49.45,52.64037470119318,60.53
2017-10-11 05:00:00+02:00,49.45,52.79908065917347,60.43
2017-10-11 06:00:00+02:00,50.46,55.33631955305553,64.05
2017-10-11 07:00:00+02:00,60.43,58.9459892569929,66.5
2017-10-11 08:00:00+02:00,62.44,61.479045981860075,67.6
2017-10-11 09:00:00+02:00,63.63,63.35229835238475,67.47
2017-10-11 10:00:00+02:00,62.42,64.17420788276321,67.09
2017-10-11 11:00:00+02:00,60.9,64.98903294610668,66.46
2017-10-11 12:00:00+02:00,60.93,66.58980980976143,64.72
2017-10-11 13:00:00+02:00,60.53,68.50077595945886,64.22
2017-10-11 14:00:00+02:00,57.77,69.49270009796543,63.65
2017-10-11 15:00:00+02:00,55.1,69.77641924078692,62.58
2017-10-11 16:00:00+02:00,56.45,70.06276578846533,61.5
2017-10-11 17:00:00+02:00,60.6,71.10805962944079,62.65
2017-10-11 18:00:00+02:00,63.92,72.03261812540683,65.0
2017-10-11 19:00:00+02:00,65.66,73.5578045545855,66.98
2017-10-11 20:00:00+02:00,66.31,75.93234349244142,70.0
2017-10-11 21:00:00+02:00,64.64,75.01941987242577,67.6
2017-10-11 22:00:00+02:00,62.65,70.95243978658792,64.22
2017-10-11 23:00:00+02:00,61.14,66.85112467654884,60.53
2017-10-12 00:00:00+02:00,55.79,58.70690736562571,55.46
2017-10-12 01:00:00+02:00,54.72,56.07540585033048,50.46
2017-10-12 02:00:00+02:00,52.44,54.622540335625,49.75
2017-10-12 03:00:00+02:00,49.39,53.490879883509095,49.5
2017-10-12 04:00:00+02:00,40.0,52.30864295412102,49.45
2017-10-12 05:00:00+02:00,38.0,52.25535169986588,49.45
2017-10-12 06:00:00+02:00,25.13,54.577852284828566,50.46
2017-10-12 07:00:00+02:00,29.48,58.77954741846217,60.43
2017-10-12 08:00:00+02:00,31.37,60.72824251874077,62.44
2017-10-12 09:00:00+02:00,41.91,62.49886563733545,63.63
2017-10-12 10:00:00+02:00,50.62,63.19210427212047,62.42
2017-10-12 11:00:00+02:00,52.44,63.9823344060269,60.9
2017-10-12 12:00:00+02:00,53.5,65.67130762247002,60.93
2017-10-12 13:00:00+02:00,51.55,67.5507438642324,60.53
2017-10-12 14:00:00+02:00,45.03,68.42796222837698,57.77
2017-10-12 15:00:00+02:00,46.47,68.7662008511637,55.1
2017-10-12 16:00:00+02:00,42.89,69.37763816274538,56.45
2017-10-12 17:00:00+02:00,50.62,70.57832987323467,60.6
2017-10-12 18:00:00+02:00,56.79,71.38040203396429,63.92
2017-10-12 19:00:00+02:00,62.04,72.61426437925351,65.66
2017-10-12 20:00:00+02:00,63.6,74.68365708561157,66.31
2017-10-12 21:00:00+02:00,64.09,73.71112467859788,64.64
2017-10-12 22:00:00+02:00,59.8,69.75926558232264,62.65
2017-10-12 23:00:00+02:00,54.94,65.36367127682556,61.14
2017-10-13 00:00:00+02:00,62.65,52.446151646397915,55.79
2017-10-13 01:00:00+02:00,57.97,50.20315915611583,54.72
2017-10-13 02:00:00+02:00,54.04,48.61060418937077,52.44
2017-10-13 03:00:00+02:00,52.06,47.391889317047365,49.39
2017-10-13 04:00:00+02:00,51.61,45.68169414336418,40.0
2017-10-13 05:00:00+02:00,52.45,46.12240629847898,38.0
2017-10-13 06:00:00+02:00,59.27,47.36498983957529,25.13
2017-10-13 07:00:00+02:00,65.84,52.760474338941826,29.48
2017-10-13 08:00:00+02:00,67.19,54.77480235745991,31.37
2017-10-13 09:00:00+02:00,66.66,57.23362181835409,41.91
2017-10-13 10:00:00+02:00,65.66,57.83082828309379,50.62
2017-10-13 11:00:00+02:00,64.22,57.901207486416176,52.44
2017-10-13 12:00:00+02:00,63.14,59.270724027369745,53.5
2017-10-13 13:00:00+02:00,63.3,60.75088572527868,51.55
2017-10-13 14:00:00+02:00,62.65,61.20320598146347,45.03
2017-10-13 15:00:00+02:00,61.65,62.15561299608296,46.47
2017-10-13 16:00:00+02:00,60.69,62.31067170450761,42.89
2017-10-13 17:00:00+02:00,61.84,64.32049419296328,50.62
2017-10-13 18:00:00+02:00,62.58,65.04503809542686,56.79
2017-10-13 19:00:00+02:00,68.84,66.10290375185474,62.04
2017-10-13 20:00:00+02:00,68.69,67.73635625069151,63.6
2017-10-13 21:00:00+02:00,67.83,66.87872890385148,64.09
2017-10-13 22:00:00+02:00,63.55,62.78921801812392,59.8
2017-10-13 23:00:00+02:00,60.53,58.68810347526123,54.94
2017-10-14 00:00:00+02:00,64.46,58.69307851022308,62.65
2017-10-14 01:00:00+02:00,62.58,55.30083012889343,57.97
2017-10-14 02:00:00+02:00,60.43,53.51255295942836,54.04
2017-10-14 03:00:00+02:00,55.72,52.33142032937564,52.06
2017-10-14 04:00:00+02:00,54.12,50.67697953511915,51.61
2017-10-14 05:00:00+02:00,53.42,50.90520491213428,52.45
2017-10-14 06:00:00+02:00,54.12,52.35768384888193,59.27
2017-10-14 07:00:00+02:00,61.84,57.24350018535216,65.84
2017-10-14 08:00:00+02:00,61.84,58.89405773049367,67.19
2017-10-14 09:00:00+02:00,64.97,61.00818204547683,66.66
2017-10-14 10:00:00+02:00,65.26,61.58119105992273,65.66
2017-10-14 11:00:00+02:00,64.99,61.526301654679315,64.22
2017-10-14 12:00:00+02:00,63.76,62.668167601329664,63.14
2017-10-14 13:00:00+02:00,64.76,64.09741190609603,63.3
2017-10-14 14:00:00+02:00,62.58,64.4690667961974,62.65
2017-10-14 15:00:00+02:00,56.69,65.3297186746761,61.65
2017-10-14 16:00:00+02:00,53.79,65.5732978970616,60.69
2017-10-14 17:00:00+02:00,53.52,67.72371786397918,61.84
2017-10-14 18:00:00+02:00,57.67,68.65516174051163,62.58
2017-10-14 19:00:00+02:00,63.16,70.30273062540246,68.84
2017-10-14 20:00:00+02:00,67.16,71.51368046184096,68.69
2017-10-14 21:00:00+02:00,66.16,70.90145066017882,67.83
2017-10-14 22:00:00+02:00,58.07,66.9253553405279,63.55
2017-10-14 23:00:00+02:00,52.95,62.803583734444544,60.53
2017-10-15 00:00:00+02:00,60.43,51.357849664460005,64.46
2017-10-15 01:00:00+02:00,49.4,47.33937973196407,62.58
2017-10-15 02:00:00+02:00,48.72,45.05908933613434,60.43
2017-10-15 03:00:00+02:00,48.32,43.322628875455315,55.72
2017-10-15 04:00:00+02:00,47.65,41.74740843749692,54.12
2017-10-15 05:00:00+02:00,47.04,41.76402458326043,53.42
2017-10-15 06:00:00+02:00,47.14,43.13960863995383,54.12
2017-10-15 07:00:00+02:00,47.94,48.22833787701718,61.84
2017-10-15 08:00:00+02:00,48.05,49.41702344735459,61.84
2017-10-15 09:00:00+02:00,49.22,51.590445859886714,64.97
2017-10-15 10:00:00+02:00,57.12,51.92556424258779,65.26
2017-10-15 11:00:00+02:00,57.07,51.72140160639103,64.99
2017-10-15 12:00:00+02:00,52.4,52.52047818514841,63.76
2017-10-15 13:00:00+02:00,51.81,53.915647766975034,64.76
2017-10-15 14:00:00+02:00,49.0,53.88891636827352,62.58
2017-10-15 15:00:00+02:00,46.65,54.05186605878604,56.69
2017-10-15 16:00:00+02:00,45.04,54.18670335424762,53.79
2017-10-15 17:00:00+02:00,43.74,55.94707819095115,53.52
2017-10-15 18:00:00+02:00,45.05,56.837179681665404,57.67
2017-10-15 19:00:00+02:00,50.0,58.00700651011158,63.16
2017-10-15 20:00:00+02:00,60.53,58.5381315974204,67.16
2017-10-15 21:00:00+02:00,61.84,57.03166638218107,66.16
2017-10-15 22:00:00+02:00,50.55,52.13001286071734,58.07
2017-10-15 23:00:00+02:00,47.23,47.932706823217146,52.95
2017-10-16 00:00:00+02:00,38.09,46.57219343941421,60.43
2017-10-16 01:00:00+02:00,30.0,41.357480683200166,49.4
2017-10-16 02:00:00+02:00,24.47,39.798762590724046,48.72
2017-10-16 03:00:00+02:00,24.88,38.16937790635678,48.32
2017-10-16 04:00:00+02:00,23.85,36.566665098172976,47.65
2017-10-16 05:00:00+02:00,29.5,36.39189819686679,47.04
2017-10-16 06:00:00+02:00,42.0,37.579851118810815,47.14
2017-10-16 07:00:00+02:00,55.73,42.25504219807297,47.94
2017-10-16 08:00:00+02:00,64.05,43.511578941681584,48.05
2017-10-16 09:00:00+02:00,64.96,45.514353308824255,49.22
2017-10-16 10:00:00+02:00,64.05,46.36665311247717,57.12
2017-10-16 11:00:00+02:00,63.88,45.34437063697799,57.07
2017-10-16 12:00:00+02:00,64.05,45.36059412491595,52.4
2017-10-16 13:00:00+02:00,64.4,46.81304174454072,51.81
2017-10-16 14:00:00+02:00,64.05,46.598423108208124,49.0
2017-10-16 15:00:00+02:00,63.5,46.69893787545892,46.65
2017-10-16 16:00:00+02:00,62.65,46.88908260216077,45.04
2017-10-16 17:00:00+02:00,63.55,48.60070524042594,43.74
2017-10-16 18:00:00+02:00,64.05,49.899912094709194,45.05
2017-10-16 19:00:00+02:00,67.0,51.54855003252824,50.0
2017-10-16 20:00:00+02:00,68.71,52.8305958560868,60.53
2017-10-16 21:00:00+02:00,68.12,50.95233100418409,61.84
2017-10-16 22:00:00+02:00,64.43,45.40319771591235,50.55
2017-10-16 23:00:00+02:00,60.16,41.88186280289261,47.23
2017-10-17 00:00:00+02:00,48.8,59.25208860239205,38.09
2017-10-17 01:00:00+02:00,46.76,54.88199153584313,30.0
2017-10-17 02:00:00+02:00,46.73,53.713438884552126,24.47
2017-10-17 03:00:00+02:00,45.82,53.06074871815599,24.88
2017-10-17 04:00:00+02:00,45.49,51.87078079368494,23.85
2017-10-17 05:00:00+02:00,45.77,52.658129748607465,29.5
2017-10-17 06:00:00+02:00,53.47,54.90815854272629,42.0
2017-10-17 07:00:00+02:00,65.04,59.98822255054611,55.73
2017-10-17 08:00:00+02:00,67.48,61.623192139371774,64.05
2017-10-17 09:00:00+02:00,66.0,63.486541633515024,64.96
2017-10-17 10:00:00+02:00,65.04,64.81255096526583,64.05
2017-10-17 11:00:00+02:00,65.04,64.6280267839932,63.88
2017-10-17 12:00:00+02:00,63.98,65.22331490914941,64.05
2017-10-17 13:00:00+02:00,64.05,67.1533489056644,64.4
2017-10-17 14:00:00+02:00,63.22,67.57431313634713,64.05
2017-10-17 15:00:00+02:00,58.6,68.15920860929648,63.5
2017-10-17 16:00:00+02:00,59.0,68.78897103953119,62.65
2017-10-17 17:00:00+02:00,62.0,70.94990958414073,63.55
2017-10-17 18:00:00+02:00,65.04,72.64679227127654,64.05
2017-10-17 19:00:00+02:00,65.66,74.84403704058289,67.0
2017-10-17 20:00:00+02:00,68.71,76.41408139102865,68.71
2017-10-17 21:00:00+02:00,64.05,74.94255542113652,68.12
2017-10-17 22:00:00+02:00,55.13,69.79150358838277,64.43
2017-10-17 23:00:00+02:00,51.07,66.48132734027052,60.16
2017-10-18 00:00:00+02:00,46.31,48.85352354037581,48.8
2017-10-18 01:00:00+02:00,45.05,45.03591556977621,46.76
2017-10-18 02:00:00+02:00,45.49,43.37419020913808,46.73
2017-10-18 03:00:00+02:00,45.36,42.07479080553669,45.82
2017-10-18 04:00:00+02:00,45.33,40.42858837370587,45.49
2017-10-18 05:00:00+02:00,45.56,40.554395775464165,45.77
2017-10-18 06:00:00+02:00,49.87,42.744102231580456,53.47
2017-10-18 07:00:00+02:00,61.15,47.38536239491532,65.04
2017-10-18 08:00:00+02:00,64.32,47.961985444863494,67.48
2017-10-18 09:00:00+02:00,65.54,48.850433507595056,66.0
2017-10-18 10:00:00+02:00,65.04,49.67374039035827,65.04
2017-10-18 11:00:00+02:00,63.43,49.176830183961926,65.04
2017-10-18 12:00:00+02:00,61.84,49.12458742058426,63.98
2017-10-18 13:00:00+02:00,61.97,50.52567610344642,64.05
2017-10-18 14:00:00+02:00,61.99,50.51637844147425,63.22
2017-10-18 15:00:00+02:00,60.43,50.30057889234005,58.6
2017-10-18 16:00:00+02:00,62.65,50.868604615849335,59.0
2017-10-18 17:00:00+02:00,65.66,52.70679009769813,62.0
2017-10-18 18:00:00+02:00,67.66,54.00293734238321,65.04
2017-10-18 19:00:00+02:00,68.75,55.50162416115475,65.66
2017-10-18 20:00:00+02:00,67.03,56.861090744993106,68.71
2017-10-18 21:00:00+02:00,65.66,54.5675286262431,64.05
2017-10-18 22:00:00+02:00,61.84,48.887168665321475,55.13
2017-10-18 23:00:00+02:00,58.88,45.360962726731195,51.07
2017-10-19 00:00:00+02:00,62.58,56.667487962856036,46.31
2017-10-19 01:00:00+02:00,62.28,53.55533258385333,45.05
2017-10-19 02:00:00+02:00,60.19,52.17007649436823,45.49
2017-10-19 03:00:00+02:00,57.88,51.05000619042202,45.36
2017-10-19 04:00:00+02:00,56.0,49.68658037228749,45.33
2017-10-19 05:00:00+02:00,56.0,49.934731855471256,45.56
2017-10-19 06:00:00+02:00,61.84,52.53130864012282,49.87
2017-10-19 07:00:00+02:00,67.66,57.816679589199026,61.15
2017-10-19 08:00:00+02:00,68.54,58.32209807997068,64.32
2017-10-19 09:00:00+02:00,68.12,59.22668268836911,65.54
2017-10-19 10:00:00+02:00,67.01,60.139478116290434,65.04
2017-10-19 11:00:00+02:00,67.66,59.912062292111194,63.43
2017-10-19 12:00:00+02:00,62.58,60.1037321041285,61.84
2017-10-19 13:00:00+02:00,61.04,61.812217310319205,61.97
2017-10-19 14:00:00+02:00,59.92,62.21021331738193,61.99
2017-10-19 15:00:00+02:00,56.45,62.18625057343358,60.43
2017-10-19 16:00:00+02:00,54.03,63.30120862251688,62.65
2017-10-19 17:00:00+02:00,58.01,65.42412932634154,65.66
2017-10-19 18:00:00+02:00,61.84,66.98094033041278,67.66
2017-10-19 19:00:00+02:00,62.58,68.68730722600102,68.75
2017-10-19 20:00:00+02:00,68.12,70.12064123115896,67.03
2017-10-19 21:00:00+02:00,62.65,68.46264965704856,65.66
2017-10-19 22:00:00+02:00,58.0,63.204629179424686,61.84
2017-10-19 23:00:00+02:00,51.87,59.78162067644159,58.88
2017-10-20 00:00:00+02:00,48.65,50.14098237975004,62.58
2017-10-20 01:00:00+02:00,46.85,46.4940212306393,62.28
2017-10-20 02:00:00+02:00,46.74,44.47222320721775,60.19
2017-10-20 03:00:00+02:00,46.69,42.980811953746326,57.88
2017-10-20 04:00:00+02:00,46.69,41.37584732417538,56.0
2017-10-20 05:00:00+02:00,46.7,41.354392701688056,56.0
2017-10-20 06:00:00+02:00,48.65,43.946890523135075,61.84
2017-10-20 07:00:00+02:00,61.15,48.71051345596235,67.66
2017-10-20 08:00:00+02:00,62.69,48.84738165747827,68.54
2017-10-20 09:00:00+02:00,64.05,49.26149214319782,68.12
2017-10-20 10:00:00+02:00,63.94,49.75770140810573,67.01
2017-10-20 11:00:00+02:00,62.1,49.42007120216487,67.66
2017-10-20 12:00:00+02:00,60.39,48.738267703163494,62.58
2017-10-20 13:00:00+02:00,59.0,50.20321892467829,61.04
2017-10-20 14:00:00+02:00,56.98,50.39767564109624,59.92
2017-10-20 15:00:00+02:00,54.19,49.857942382225744,56.45
2017-10-20 16:00:00+02:00,53.26,50.59823971930668,54.03
2017-10-20 17:00:00+02:00,53.7,52.84077541270376,58.01
2017-10-20 18:00:00+02:00,60.53,54.138918937027505,61.84
2017-10-20 19:00:00+02:00,64.69,55.23512050112063,62.58
2017-10-20 20:00:00+02:00,64.5,56.74774524255467,68.12
2017-10-20 21:00:00+02:00,59.33,54.12426925313039,62.65
2017-10-20 22:00:00+02:00,53.69,48.86656762234619,58.0
2017-10-20 23:00:00+02:00,46.86,45.13775088266803,51.87
2017-10-21 00:00:00+02:00,50.35,45.15293459559271,48.65
2017-10-21 01:00:00+02:00,47.86,41.573313612375806,46.85
2017-10-21 02:00:00+02:00,47.0,39.36342080525879,46.74
2017-10-21 03:00:00+02:00,47.09,37.676893072955345,46.69
2017-10-21 04:00:00+02:00,47.08,35.97029398058105,46.69
2017-10-21 05:00:00+02:00,47.09,35.69765015005396,46.7
2017-10-21 06:00:00+02:00,47.1,38.15216728012735,48.65
2017-10-21 07:00:00+02:00,47.86,43.635646027081194,61.15
2017-10-21 08:00:00+02:00,50.16,43.16770268734305,62.69
2017-10-21 09:00:00+02:00,59.4,43.39250689401539,64.05
2017-10-21 10:00:00+02:00,61.68,43.751184477344644,63.94
2017-10-21 11:00:00+02:00,61.6,43.35832817066704,62.1
2017-10-21 12:00:00+02:00,61.0,42.63152431990546,60.39
2017-10-21 13:00:00+02:00,60.49,43.889394387702986,59.0
2017-10-21 14:00:00+02:00,54.9,44.10292591968641,56.98
2017-10-21 15:00:00+02:00,49.0,43.52432500385082,54.19
2017-10-21 16:00:00+02:00,47.09,44.3867164490614,53.26
2017-10-21 17:00:00+02:00,47.22,46.78186000540445,53.7
2017-10-21 18:00:00+02:00,50.01,48.937682470728404,60.53
2017-10-21 19:00:00+02:00,58.09,50.003883095297866,64.69
2017-10-21 20:00:00+02:00,62.65,51.19842352660105,64.5
2017-10-21 21:00:00+02:00,62.58,48.47537220694734,59.33
2017-10-21 22:00:00+02:00,57.07,43.41023569811161,53.69
2017-10-21 23:00:00+02:00,54.84,39.48469860474973,46.86
2017-10-22 00:00:00+02:00,49.8,53.6557445123419,50.35
2017-10-22 01:00:00+02:00,47.87,50.20305461515804,47.86
2017-10-22 02:00:00+02:00,47.67,48.446377413436,47.0
2017-10-22 03:00:00+02:00,47.77,47.20946479383774,47.09
2017-10-22 04:00:00+02:00,47.59,45.88543800128748,47.08
2017-10-22 05:00:00+02:00,47.59,45.912420535264616,47.09
2017-10-22 06:00:00+02:00,47.59,48.53470112002231,47.1
2017-10-22 07:00:00+02:00,47.09,54.17514015036569,47.86
2017-10-22 08:00:00+02:00,47.59,54.864008387519796,50.16
2017-10-22 09:00:00+02:00,49.32,56.224583263244206,59.4
2017-10-22 10:00:00+02:00,56.0,56.48950686845281,61.68
2017-10-22 11:00:00+02:00,56.0,56.34902722056462,61.6
2017-10-22 12:00:00+02:00,56.15,56.174791319520594,61.0
2017-10-22 13:00:00+02:00,57.97,57.850406939537386,60.49
2017-10-22 14:00:00+02:00,55.15,58.24995111428241,54.9
2017-10-22 15:00:00+02:00,48.76,58.227984852834126,49.0
2017-10-22 16:00:00+02:00,47.86,59.714133205575436,47.09
2017-10-22 17:00:00+02:00,47.97,62.43438348902863,47.22
2017-10-22 18:00:00+02:00,50.01,64.97163804667548,50.01
2017-10-22 19:00:00+02:00,62.82,66.77687068277838,58.09
2017-10-22 20:00:00+02:00,66.85,67.855789027486,62.65
2017-10-22 21:00:00+02:00,68.05,65.26157432020058,62.58
2017-10-22 22:00:00+02:00,63.69,60.13668972608393,57.07
2017-10-22 23:00:00+02:00,61.65,56.25701520928489,54.84
2017-10-23 00:00:00+02:00,55.1,60.46278750495294,49.8
2017-10-23 01:00:00+02:00,50.25,57.884434292578476,47.87
2017-10-23 02:00:00+02:00,49.89,56.61895439225406,47.67
2017-10-23 03:00:00+02:00,49.79,55.81453670215206,47.77
2017-10-23 04:00:00+02:00,49.79,54.91267990041352,47.59
2017-10-23 05:00:00+02:00,50.01,55.25352880967215,47.59
2017-10-23 06:00:00+02:00,56.15,58.03668398785425,47.59
2017-10-23 07:00:00+02:00,66.02,63.731281192525245,47.09
2017-10-23 08:00:00+02:00,68.0,65.24481954628685,47.59
2017-10-23 09:00:00+02:00,69.26,67.00459182457102,49.32
2017-10-23 10:00:00+02:00,67.89,68.0560584205666,56.0
2017-10-23 11:00:00+02:00,67.89,67.64803546784756,56.0
2017-10-23 12:00:00+02:00,66.02,67.62715519296937,56.15
2017-10-23 13:00:00+02:00,65.28,69.46712589717417,57.97
2017-10-23 14:00:00+02:00,62.58,69.76705879384728,55.15
2017-10-23 15:00:00+02:00,60.53,69.6621990537093,48.76
2017-10-23 16:00:00+02:00,60.43,71.73090345475775,47.86
2017-10-23 17:00:00+02:00,61.84,74.77255448552711,47.97
2017-10-23 18:00:00+02:00,67.05,77.84026663023269,50.01
2017-10-23 19:00:00+02:00,71.42,81.0126886938873,62.82
2017-10-23 20:00:00+02:00,69.66,81.85220671227853,66.85
2017-10-23 21:00:00+02:00,68.59,79.63769124266422,68.05
2017-10-23 22:00:00+02:00,67.05,74.6512980483772,63.69
2017-10-23 23:00:00+02:00,61.4,71.27075768989071,61.65
2017-10-24 00:00:00+02:00,58.59,59.69226412771271,55.1
2017-10-24 01:00:00+02:00,51.92,57.045166480164525,50.25
2017-10-24 02:00:00+02:00,49.99,55.77813309215371,49.89
2017-10-24 03:00:00+02:00,49.75,54.67343823381628,49.79
2017-10-24 04:00:00+02:00,49.69,53.47143727165874,49.79
2017-10-24 05:00:00+02:00,49.69,53.41556541878177,50.01
2017-10-24 06:00:00+02:00,51.41,56.18859274821687,56.15
2017-10-24 07:00:00+02:00,66.87,61.68795303009873,66.02
2017-10-24 08:00:00+02:00,67.56,62.610407479034755,68.0
2017-10-24 09:00:00+02:00,68.11,63.998124319323644,69.26
2017-10-24 10:00:00+02:00,66.66,64.63868321145401,67.89
2017-10-24 11:00:00+02:00,66.12,64.24317875313692,67.89
2017-10-24 12:00:00+02:00,63.5,63.85192746623434,66.02
2017-10-24 13:00:00+02:00,64.3,65.41934557735387,65.28
2017-10-24 14:00:00+02:00,62.62,65.48511051854356,62.58
2017-10-24 15:00:00+02:00,61.84,65.27071757986543,60.53
2017-10-24 16:00:00+02:00,60.53,67.11368490330153,60.43
2017-10-24 17:00:00+02:00,61.8,69.96985201416395,61.84
2017-10-24 18:00:00+02:00,67.47,73.11942912001965,67.05
2017-10-24 19:00:00+02:00,70.22,75.98195553212926,71.42
2017-10-24 20:00:00+02:00,69.99,76.23116809322528,69.66
2017-10-24 21:00:00+02:00,68.76,74.04569048263575,68.59
2017-10-24 22:00:00+02:00,65.62,69.01328053264041,67.05
2017-10-24 23:00:00+02:00,60.53,65.13485539692152,61.4
2017-10-25 00:00:00+02:00,62.62,58.65318027935553,58.59
2017-10-25 01:00:00+02:00,56.0,55.643291492698744,51.92
2017-10-25 02:00:00+02:00,51.97,54.54252026503168,49.99
2017-10-25 03:00:00+02:00,50.54,53.49918550919707,49.75
2017-10-25 04:00:00+02:00,50.25,52.23761325749478,49.69
2017-10-25 05:00:00+02:00,51.26,51.99960556363526,49.69
2017-10-25 06:00:00+02:00,55.7,54.58033356581424,51.41
2017-10-25 07:00:00+02:00,67.95,60.91901346323337,66.87
2017-10-25 08:00:00+02:00,68.93,60.96763932857434,67.56
2017-10-25 09:00:00+02:00,69.2,62.13690190116732,68.11
2017-10-25 10:00:00+02:00,68.04,62.58139469556215,66.66
2017-10-25 11:00:00+02:00,67.05,62.269161671455855,66.12
2017-10-25 12:00:00+02:00,63.59,61.64999270017024,63.5
2017-10-25 13:00:00+02:00,64.0,63.25678878189136,64.3
2017-10-25 14:00:00+02:00,63.49,63.17492089306725,62.62
2017-10-25 15:00:00+02:00,64.05,62.96892494696895,61.84
2017-10-25 16:00:00+02:00,64.36,64.49562298854343,60.53
2017-10-25 17:00:00+02:00,63.27,67.34802876507739,61.8
2017-10-25 18:00:00+02:00,68.19,70.72491205122677,67.47
2017-10-25 19:00:00+02:00,69.32,73.25269868690127,70.22
2017-10-25 20:00:00+02:00,69.57,73.3167409276997,69.99
2017-10-25 21:00:00+02:00,67.76,71.1153089932331,68.76
2017-10-25 22:00:00+02:00,63.01,66.04303169959857,65.62
2017-10-25 23:00:00+02:00,62.05,61.70937331528344,60.53
2017-10-26 00:00:00+02:00,51.27,60.040789300603606,62.62
2017-10-26 01:00:00+02:00,48.75,56.256867803058945,56.0
2017-10-26 02:00:00+02:00,48.39,55.043843506841924,51.97
2017-10-26 03:00:00+02:00,48.49,54.14334734595501,50.54
2017-10-26 04:00:00+02:00,48.49,52.95382770986343,50.25
2017-10-26 05:00:00+02:00,48.7,52.63318647855067,51.26
2017-10-26 06:00:00+02:00,51.94,55.15790905583396,55.7
2017-10-26 07:00:00+02:00,66.76,61.86326479228617,67.95
2017-10-26 08:00:00+02:00,68.09,61.3402895843823,68.93
2017-10-26 09:00:00+02:00,68.04,62.161727682017776,69.2
2017-10-26 10:00:00+02:00,66.05,62.41503738899704,68.04
2017-10-26 11:00:00+02:00,63.35,62.103536139484675,67.05
2017-10-26 12:00:00+02:00,60.0,61.12391983015906,63.59
2017-10-26 13:00:00+02:00,60.43,62.70036508593069,64.0
2017-10-26 14:00:00+02:00,57.24,62.53331043552402,63.49
2017-10-26 15:00:00+02:00,57.65,62.31328434169026,64.05
2017-10-26 16:00:00+02:00,59.0,63.66353707364932,64.36
2017-10-26 17:00:00+02:00,62.65,66.38231380070573,63.27
2017-10-26 18:00:00+02:00,67.97,70.55759885446639,68.19
2017-10-26 19:00:00+02:00,71.05,73.19784746424344,69.32
2017-10-26 20:00:00+02:00,70.22,73.56801649214191,69.57
2017-10-26 21:00:00+02:00,68.32,71.55876202388589,67.76
2017-10-26 22:00:00+02:00,66.37,66.59713596336076,63.01
2017-10-26 23:00:00+02:00,61.84,62.16795040912549,62.05
2017-10-27 00:00:00+02:00,61.0,59.25104439749854,51.27
2017-10-27 01:00:00+02:00,55.18,56.43507577298676,48.75
2017-10-27 02:00:00+02:00,52.0,55.41848930851209,48.39
2017-10-27 03:00:00+02:00,50.93,54.65476186774712,48.49
2017-10-27 04:00:00+02:00,50.16,53.59164783728829,48.49
2017-10-27 05:00:00+02:00,50.07,53.37061900622909,48.7
2017-10-27 06:00:00+02:00,53.85,56.057551295145025,51.94
2017-10-27 07:00:00+02:00,65.94,63.42993296672165,66.76
2017-10-27 08:00:00+02:00,67.22,62.61979008196292,68.09
2017-10-27 09:00:00+02:00,68.04,63.34129036998986,68.04
2017-10-27 10:00:00+02:00,65.19,63.61141056260835,66.05
2017-10-27 11:00:00+02:00,63.25,63.40359853431282,63.35
2017-10-27 12:00:00+02:00,60.53,62.64941001486145,60.0
2017-10-27 13:00:00+02:00,60.16,64.53522424442873,60.43
2017-10-27 14:00:00+02:00,56.97,64.42395723276732,57.24
2017-10-27 15:00:00+02:00,51.84,64.66453219918637,57.65
2017-10-27 16:00:00+02:00,50.16,66.0466555130922,59.0
2017-10-27 17:00:00+02:00,55.1,68.76741189470847,62.65
2017-10-27 18:00:00+02:00,60.53,72.66704517778241,67.97
2017-10-27 19:00:00+02:00,66.39,74.95270609640224,71.05
2017-10-27 20:00:00+02:00,64.42,74.99179458913841,70.22
2017-10-27 21:00:00+02:00,57.03,72.93241813939117,68.32
2017-10-27 22:00:00+02:00,50.54,68.12642914093372,66.37
2017-10-27 23:00:00+02:00,48.59,63.73499953525887,61.84
2017-10-28 00:00:00+02:00,48.15,45.36611889669522,61.0
2017-10-28 01:00:00+02:00,46.49,41.64506457270327,55.18
2017-10-28 02:00:00+02:00,44.22,40.16404802451222,52.0
2017-10-28 03:00:00+02:00,44.22,39.0956043524811,50.93
2017-10-28 04:00:00+02:00,43.5,37.632811345085486,50.16
2017-10-28 05:00:00+02:00,43.3,36.88096237600254,50.07
2017-10-28 06:00:00+02:00,45.32,39.1337730413627,53.85
2017-10-28 07:00:00+02:00,47.65,46.479922073383676,65.94
2017-10-28 08:00:00+02:00,48.44,44.87825169672497,67.22
2017-10-28 09:00:00+02:00,56.0,44.79925483938761,68.04
2017-10-28 10:00:00+02:00,57.74,44.1975893403564,65.19
2017-10-28 11:00:00+02:00,54.5,43.587987146505064,63.25
2017-10-28 12:00:00+02:00,53.55,42.252704293354036,60.53
2017-10-28 13:00:00+02:00,55.0,43.56141081449368,60.16
2017-10-28 14:00:00+02:00,49.46,42.804002780132016,56.97
2017-10-28 15:00:00+02:00,47.39,42.32735155621574,51.84
2017-10-28 16:00:00+02:00,46.0,43.48622358323035,50.16
2017-10-28 17:00:00+02:00,46.69,46.42987272614389,55.1
2017-10-28 18:00:00+02:00,51.07,50.2371787077075,60.53
2017-10-28 19:00:00+02:00,59.98,52.628269820691465,66.39
2017-10-28 20:00:00+02:00,61.84,51.979649294211136,64.42
2017-10-28 21:00:00+02:00,60.29,49.35028198332992,57.03
2017-10-28 22:00:00+02:00,48.44,44.61405065823383,50.54
2017-10-28 23:00:00+02:00,47.0,40.04777471175492,48.59
2017-10-30 00:00:00+01:00,44.0,46.0082971932515,
2017-10-30 01:00:00+01:00,37.6,44.7294547863582,
2017-10-30 02:00:00+01:00,32.37,44.32224236682935,
2017-10-30 03:00:00+01:00,29.36,43.378090401348075,
2017-10-30 04:00:00+01:00,29.83,43.12898297548695,
2017-10-30 05:00:00+01:00,33.9,45.63471466574263,
2017-10-30 06:00:00+01:00,46.7,52.590334309593636,
2017-10-30 07:00:00+01:00,60.54,52.91866882541476,
2017-10-30 08:00:00+01:00,62.16,53.90199144456718,
2017-10-30 09:00:00+01:00,59.19,53.605737391757586,
2017-10-30 10:00:00+01:00,56.52,53.07679484894462,
2017-10-30 11:00:00+01:00,54.99,52.43344877793029,
2017-10-30 12:00:00+01:00,50.99,54.08605356617573,
2017-10-30 13:00:00+01:00,51.44,53.76146580555585,
2017-10-30 14:00:00+01:00,54.56,53.472406872982255,
2017-10-30 15:00:00+01:00,54.67,55.182837505683636,
2017-10-30 16:00:00+01:00,56.0,58.32738268062104,
2017-10-30 17:00:00+01:00,60.53,63.347131772588696,
2017-10-30 18:00:00+01:00,62.65,66.95664462406425,
2017-10-30 19:00:00+01:00,65.0,65.86237170468601,
2017-10-30 20:00:00+01:00,63.7,63.12922339606109,
2017-10-30 21:00:00+01:00,56.0,57.93058047169647,
2017-10-30 22:00:00+01:00,50.61,54.54545724362612,
2017-10-30 23:00:00+01:00,47.81,51.99820534602388,
2017-10-31 00:00:00+01:00,46.46,44.9966020389104,44.0
2017-10-31 01:00:00+01:00,44.05,43.356279866889494,37.6
2017-10-31 02:00:00+01:00,43.2,42.87401913944271,32.37
2017-10-31 03:00:00+01:00,40.69,42.102111092433,29.36
2017-10-31 04:00:00+01:00,40.19,42.06081910990331,29.83
2017-10-31 05:00:00+01:00,43.67,44.61404403801686,33.9
2017-10-31 06:00:00+01:00,49.06,51.87857113991143,46.7
2017-10-31 07:00:00+01:00,63.95,52.82745509209289,60.54
2017-10-31 08:00:00+01:00,66.22,52.72108631388168,62.16
2017-10-31 09:00:00+01:00,64.15,51.9952544988603,59.19
2017-10-31 10:00:00+01:00,62.65,51.440378554753806,56.52
2017-10-31 11:00:00+01:00,59.56,50.875273338137426,54.99
2017-10-31 12:00:00+01:00,59.03,52.09765386382885,50.99
2017-10-31 13:00:00+01:00,60.35,52.233730504385825,51.44
2017-10-31 14:00:00+01:00,60.0,52.147148261697815,54.56
2017-10-31 15:00:00+01:00,58.64,53.3451022032225,54.67
2017-10-31 16:00:00+01:00,59.98,56.291660425537735,56.0
2017-10-31 17:00:00+01:00,66.83,61.24351536731945,60.53
2017-10-31 18:00:00+01:00,69.26,64.59639069036204,62.65
2017-10-31 19:00:00+01:00,69.95,63.76292844566911,65.0
2017-10-31 20:00:00+01:00,68.76,60.74948278944585,63.7
2017-10-31 21:00:00+01:00,62.29,55.05819166605167,56.0
2017-10-31 22:00:00+01:00,55.21,51.547525870369334,50.61
2017-10-31 23:00:00+01:00,50.63,48.53784715341843,47.81
2017-11-01 00:00:00+01:00,59.23,47.994603887164715,46.46
2017-11-01 01:00:00+01:00,55.4,46.035531837636036,44.05
2017-11-01 02:00:00+01:00,51.5,45.46583018397301,43.2
2017-11-01 03:00:00+01:00,51.2,44.512832128394166,40.69
2017-11-01 04:00:00+01:00,50.62,44.53617045870803,40.19
2017-11-01 05:00:00+01:00,52.83,47.21338631165792,43.67
2017-11-01 06:00:00+01:00,57.93,54.281410132275035,49.06
2017-11-01 07:00:00+01:00,71.36,56.60491990458964,63.95
2017-11-01 08:00:00+01:00,78.21,55.67842785025626,66.22
2017-11-01 09:00:00+01:00,79.44,54.595618668782805,64.15
2017-11-01 10:00:00+01:00,80.4,54.106395650008764,62.65
2017-11-01 11:00:00+01:00,80.4,53.479594520211094,59.56
2017-11-01 12:00:00+01:00,79.98,54.815322628150156,59.03
2017-11-01 13:00:00+01:00,79.56,55.25200966236333,60.35
2017-11-01 14:00:00+01:00,79.82,55.08459304124887,60.0
2017-11-01 15:00:00+01:00,78.87,56.07076032285377,58.64
2017-11-01 16:00:00+01:00,79.56,59.054797677822556,59.98
2017-11-01 17:00:00+01:00,83.65,64.2702096993096,66.83
2017-11-01 18:00:00+01:00,88.0,67.33399508966303,69.26
2017-11-01 19:00:00+01:00,88.44,66.56376253453934,69.95
2017-11-01 20:00:00+01:00,85.0,63.438443368875966,68.76
2017-11-01 21:00:00+01:00,80.64,57.355113509784246,62.29
2017-11-01 22:00:00+01:00,79.82,53.4133758996759,55.21
2017-11-01 23:00:00+01:00,77.51,50.55259528058061,50.63
2017-11-02 00:00:00+01:00,62.61,76.4664408433361,59.23
2017-11-02 01:00:00+01:00,53.71,74.16125744518618,55.4
2017-11-02 02:00:00+01:00,51.86,74.01730346362973,51.5
2017-11-02 03:00:00+01:00,49.83,74.01052973998782,51.2
2017-11-02 04:00:00+01:00,48.43,74.54938004487643,50.62
2017-11-02 05:00:00+01:00,44.86,77.78529149642321,52.83
2017-11-02 06:00:00+01:00,49.35,85.2501523578272,57.93
2017-11-02 07:00:00+01:00,48.73,89.16726181073572,71.36
2017-11-02 08:00:00+01:00,49.83,88.5283885309157,78.21
2017-11-02 09:00:00+01:00,60.71,87.41325703196307,79.44
2017-11-02 10:00:00+01:00,64.21,87.26457147724139,80.4
2017-11-02 11:00:00+01:00,61.82,87.03723225489469,80.4
2017-11-02 12:00:00+01:00,59.94,88.66815711553623,79.98
2017-11-02 13:00:00+01:00,53.89,89.69639802644107,79.56
2017-11-02 14:00:00+01:00,51.36,90.21061744402857,79.82
2017-11-02 15:00:00+01:00,49.99,91.60440592019978,78.87
2017-11-02 16:00:00+01:00,49.83,95.17041003970769,79.56
2017-11-02 17:00:00+01:00,49.83,101.14249251477042,83.65
2017-11-02 18:00:00+01:00,53.71,105.10981789704323,88.0
2017-11-02 19:00:00+01:00,64.36,105.06739115969573,88.44
2017-11-02 20:00:00+01:00,62.36,102.54730367313375,85.0
2017-11-02 21:00:00+01:00,53.71,97.37201703305756,80.64
2017-11-02 22:00:00+01:00,52.5,94.31046647268433,79.82
2017-11-02 23:00:00+01:00,49.83,91.80880274808041,77.51
2017-11-03 00:00:00+01:00,50.4,46.792621774060414,62.61
2017-11-03 01:00:00+01:00,49.39,44.26436897708746,53.71
2017-11-03 02:00:00+01:00,49.03,43.84767919129753,51.86
2017-11-03 03:00:00+01:00,48.34,43.08447761086374,49.83
2017-11-03 04:00:00+01:00,47.1,42.82400611955731,48.43
2017-11-03 05:00:00+01:00,46.8,44.81334447368319,44.86
2017-11-03 06:00:00+01:00,47.08,51.716470775369054,49.35
2017-11-03 07:00:00+01:00,46.8,54.66666741755504,48.73
2017-11-03 08:00:00+01:00,46.8,53.66163473150284,49.83
2017-11-03 09:00:00+01:00,47.49,52.55459982737158,60.71
2017-11-03 10:00:00+01:00,47.49,50.842758011128346,64.21
2017-11-03 11:00:00+01:00,47.47,49.12078123983385,61.82
2017-11-03 12:00:00+01:00,45.0,49.67207221072478,59.94
2017-11-03 13:00:00+01:00,44.47,49.499961865467775,53.89
2017-11-03 14:00:00+01:00,44.4,49.474489387837764,51.36
2017-11-03 15:00:00+01:00,39.34,50.09219829451683,49.99
2017-11-03 16:00:00+01:00,38.59,52.7740248174808,49.83
2017-11-03 17:00:00+01:00,38.59,57.77172486014867,49.83
2017-11-03 18:00:00+01:00,44.0,61.4725019626958,53.71
2017-11-03 19:00:00+01:00,47.47,61.65184379273479,64.36
2017-11-03 20:00:00+01:00,48.34,57.604669044496035,62.36
2017-11-03 21:00:00+01:00,47.51,51.27015093536382,53.71
2017-11-03 22:00:00+01:00,47.1,47.89965163747175,52.5
2017-11-03 23:00:00+01:00,45.0,44.48855542690762,49.83
2017-11-04 00:00:00+01:00,47.54,42.24522762206103,50.4
2017-11-04 01:00:00+01:00,43.95,39.70319272275505,49.39
2017-11-04 02:00:00+01:00,40.0,39.30460272427549,49.03
2017-11-04 03:00:00+01:00,39.71,38.7135532109355,48.34
2017-11-04 04:00:00+01:00,39.71,38.56466581470658,47.1
2017-11-04 05:00:00+01:00,40.0,40.65014483467115,46.8
2017-11-04 06:00:00+01:00,45.62,47.411459182832616,47.08
2017-11-04 07:00:00+01:00,50.84,50.88461230855241,46.8
2017-11-04 08:00:00+01:00,52.07,50.52072537999969,46.8
2017-11-04 09:00:00+01:00,52.69,49.755510982917855,47.49
2017-11-04 10:00:00+01:00,51.52,48.26713829894233,47.49
2017-11-04 11:00:00+01:00,51.0,46.75415840496313,47.47
2017-11-04 12:00:00+01:00,51.0,47.10042392874421,45.0
2017-11-04 13:00:00+01:00,50.68,47.31438092963416,44.47
2017-11-04 14:00:00+01:00,49.45,47.52319971689564,44.4
2017-11-04 15:00:00+01:00,48.69,47.836688505741456,39.34
2017-11-04 16:00:00+01:00,48.32,50.83984571481407,38.59
2017-11-04 17:00:00+01:00,47.9,55.89978655637865,38.59
2017-11-04 18:00:00+01:00,47.07,60.338327792785755,44.0
2017-11-04 19:00:00+01:00,48.37,60.855410095547064,47.47
2017-11-04 20:00:00+01:00,51.0,57.07569231730149,48.34
2017-11-04 21:00:00+01:00,52.85,50.903297515556886,47.51
2017-11-04 22:00:00+01:00,51.0,47.42263498650093,47.1
2017-11-04 23:00:00+01:00,48.69,43.882239419884954,45.0
2017-11-05 00:00:00+01:00,40.69,46.57028927764745,47.54
2017-11-05 01:00:00+01:00,37.47,43.766096914508196,43.95
2017-11-05 02:00:00+01:00,36.05,43.33502902271938,40.0
2017-11-05 03:00:00+01:00,35.66,43.279756636262995,39.71
2017-11-05 04:00:00+01:00,33.92,43.355926518972794,39.71
2017-11-05 05:00:00+01:00,35.85,45.45664918870944,40.0
2017-11-05 06:00:00+01:00,37.45,52.427264518336024,45.62
2017-11-05 07:00:00+01:00,43.1,56.32265809423246,50.84
2017-11-05 08:00:00+01:00,44.49,56.10822236167503,52.07
2017-11-05 09:00:00+01:00,47.0,55.44442180590465,52.69
2017-11-05 10:00:00+01:00,44.68,53.973096554611104,51.52
2017-11-05 11:00:00+01:00,43.07,52.621329376995504,51.0
2017-11-05 12:00:00+01:00,39.43,52.97324938319202,51.0
2017-11-05 13:00:00+01:00,37.69,53.29458883784965,50.68
2017-11-05 14:00:00+01:00,36.59,53.57845113901752,49.45
2017-11-05 15:00:00+01:00,36.2,54.090089321363294,48.69
2017-11-05 16:00:00+01:00,36.2,57.10496826511824,48.32
2017-11-05 17:00:00+01:00,37.45,62.2123562401315,47.9
2017-11-05 18:00:00+01:00,38.95,66.93796355363803,47.07
2017-11-05 19:00:00+01:00,40.69,68.27844756926024,48.37
2017-11-05 20:00:00+01:00,47.1,65.32078117786405,51.0
2017-11-05 21:00:00+01:00,53.48,59.608199030830974,52.85
2017-11-05 22:00:00+01:00,52.19,55.85833847401839,51.0
2017-11-05 23:00:00+01:00,48.18,52.51756325234475,48.69
2017-11-06 00:00:00+01:00,47.28,45.857975471936115,40.69
2017-11-06 01:00:00+01:00,47.2,43.774971443542135,37.47
2017-11-06 02:00:00+01:00,44.0,43.699058078840025,36.05
2017-11-06 03:00:00+01:00,44.5,44.10937018888172,35.66
2017-11-06 04:00:00+01:00,44.77,44.51906700040736,33.92
2017-11-06 05:00:00+01:00,45.6,47.23838450653073,35.85
2017-11-06 06:00:00+01:00,42.32,54.27682138438026,37.45
2017-11-06 07:00:00+01:00,41.97,59.23547520181381,43.1
2017-11-06 08:00:00+01:00,45.0,59.538429061105106,44.49
2017-11-06 09:00:00+01:00,45.01,59.44512366166545,47.0
2017-11-06 10:00:00+01:00,46.55,58.022100860591095,44.68
2017-11-06 11:00:00+01:00,46.02,57.01202780014827,43.07
2017-11-06 12:00:00+01:00,46.02,57.30895839167046,39.43
2017-11-06 13:00:00+01:00,46.55,57.962538110820944,37.69
2017-11-06 14:00:00+01:00,46.02,58.44921710674405,36.59
2017-11-06 15:00:00+01:00,42.28,59.0788133936305,36.2
2017-11-06 16:00:00+01:00,41.89,61.9329545315593,36.2
2017-11-06 17:00:00+01:00,41.19,66.92977370133545,37.45
2017-11-06 18:00:00+01:00,41.19,71.66180338838723,38.95
2017-11-06 19:00:00+01:00,41.69,73.28223016767053,40.69
2017-11-06 20:00:00+01:00,41.99,71.10891322561108,47.1
2017-11-06 21:00:00+01:00,44.09,65.712206480145,53.48
2017-11-06 22:00:00+01:00,46.24,61.2068138651188,52.19
2017-11-06 23:00:00+01:00,43.04,57.767897182582644,48.18
2017-11-07 00:00:00+01:00,47.75,40.3953610139932,47.28
2017-11-07 01:00:00+01:00,44.43,38.02479497818369,47.2
2017-11-07 02:00:00+01:00,41.39,37.09495103295042,44.0
2017-11-07 03:00:00+01:00,42.38,37.25630145286031,44.5
2017-11-07 04:00:00+01:00,42.38,37.14775129133204,44.77
2017-11-07 05:00:00+01:00,42.38,39.17159541733342,45.6
2017-11-07 06:00:00+01:00,44.95,44.92814639168985,42.32
2017-11-07 07:00:00+01:00,48.73,49.70657805952817,41.97
2017-11-07 08:00:00+01:00,53.25,50.24113432102193,45.0
2017-11-07 09:00:00+01:00,53.7,49.54472916227723,45.01
2017-11-07 10:00:00+01:00,54.67,47.963368718678495,46.55
2017-11-07 11:00:00+01:00,54.03,46.44659296255709,46.02
2017-11-07 12:00:00+01:00,54.81,46.42442708964413,46.02
2017-11-07 13:00:00+01:00,54.81,46.92383095715326,46.55
2017-11-07 14:00:00+01:00,52.98,47.241434456096854,46.02
2017-11-07 15:00:00+01:00,51.5,47.54465572596191,42.28
2017-11-07 16:00:00+01:00,52.15,50.476047012635156,41.89
2017-11-07 17:00:00+01:00,52.71,55.294810851484485,41.19
2017-11-07 18:00:00+01:00,52.2,60.10856359393746,41.19
2017-11-07 19:00:00+01:00,51.3,62.047496278936805,41.69
2017-11-07 20:00:00+01:00,52.15,60.185986198222025,41.99
2017-11-07 21:00:00+01:00,54.67,55.17399541902684,44.09
2017-11-07 22:00:00+01:00,54.09,50.497110387168675,46.24
2017-11-07 23:00:00+01:00,52.0,46.132564404539444,43.04
2017-11-08 00:00:00+01:00,37.86,49.894917442729714,47.75
2017-11-08 01:00:00+01:00,35.0,47.04116865300534,44.43
2017-11-08 02:00:00+01:00,32.89,46.12076481576044,41.39
2017-11-08 03:00:00+01:00,32.5,46.69789353147724,42.38
2017-11-08 04:00:00+01:00,32.6,46.73730618649767,42.38
2017-11-08 05:00:00+01:00,33.19,48.76864067531752,42.38
2017-11-08 06:00:00+01:00,37.86,54.612803512566906,44.95
2017-11-08 07:00:00+01:00,39.57,59.76761269667691,48.73
2017-11-08 08:00:00+01:00,43.26,60.950655554494546,53.25
2017-11-08 09:00:00+01:00,45.2,60.26349234062006,53.7
2017-11-08 10:00:00+01:00,45.17,58.9938109829177,54.67
2017-11-08 11:00:00+01:00,46.21,57.5598033525556,54.03
2017-11-08 12:00:00+01:00,46.96,57.73798380364102,54.81
2017-11-08 13:00:00+01:00,47.5,58.341603736382744,54.81
2017-11-08 14:00:00+01:00,48.05,58.72242290485272,52.98
2017-11-08 15:00:00+01:00,47.8,59.25641336734801,51.5
2017-11-08 16:00:00+01:00,48.4,62.352493735399904,52.15
2017-11-08 17:00:00+01:00,48.89,67.1916165448382,52.71
2017-11-08 18:00:00+01:00,47.39,72.0788216560798,52.2
2017-11-08 19:00:00+01:00,47.25,74.39457287066124,51.3
2017-11-08 20:00:00+01:00,48.19,73.19673540873617,52.15
2017-11-08 21:00:00+01:00,48.89,68.8019571884553,54.67
2017-11-08 22:00:00+01:00,47.27,64.02528480284562,54.09
2017-11-08 23:00:00+01:00,45.4,59.5188887764508,52.0
2017-11-09 00:00:00+01:00,52.01,41.80260859346509,37.86
2017-11-09 01:00:00+01:00,44.9,39.72237845573847,35.0
2017-11-09 02:00:00+01:00,36.85,38.64016256211329,32.89
2017-11-09 03:00:00+01:00,36.0,39.091969597586754,32.5
2017-11-09 04:00:00+01:00,35.15,39.077716477440575,32.6
2017-11-09 05:00:00+01:00,35.2,40.83950586491529,33.19
2017-11-09 06:00:00+01:00,40.5,46.54219646435856,37.86
2017-11-09 07:00:00+01:00,47.59,51.37852263412303,39.57
2017-11-09 08:00:00+01:00,48.01,52.91942986050299,43.26
2017-11-09 09:00:00+01:00,51.2,52.12220555617513,45.2
2017-11-09 10:00:00+01:00,49.65,50.545465445219094,45.17
2017-11-09 11:00:00+01:00,47.97,48.99794978733926,46.21
2017-11-09 12:00:00+01:00,49.55,48.800255011107,46.96
2017-11-09 13:00:00+01:00,49.65,49.11309259017435,47.5
2017-11-09 14:00:00+01:00,47.68,49.287849546438814,48.05
2017-11-09 15:00:00+01:00,45.0,49.51984513584116,47.8
2017-11-09 16:00:00+01:00,43.94,52.249758979020214,48.4
2017-11-09 17:00:00+01:00,44.27,56.723631864188626,48.89
2017-11-09 18:00:00+01:00,44.95,61.25713314112617,47.39
2017-11-09 19:00:00+01:00,45.94,63.74685559515345,47.25
2017-11-09 20:00:00+01:00,51.45,62.81992816514884,48.19
2017-11-09 21:00:00+01:00,53.99,58.54350034209269,48.89
2017-11-09 22:00:00+01:00,51.47,53.42646507783531,47.27
2017-11-09 23:00:00+01:00,47.9,48.58496384170665,45.4
2017-11-10 00:00:00+01:00,67.12,45.34752630018755,52.01
2017-11-10 01:00:00+01:00,64.76,42.260450490835915,44.9
2017-11-10 02:00:00+01:00,61.84,41.114407136609785,36.85
2017-11-10 03:00:00+01:00,58.3,42.268229664106734,36.0
2017-11-10 04:00:00+01:00,57.04,42.55952123581476,35.15
2017-11-10 05:00:00+01:00,56.52,44.43050580660679,35.2
2017-11-10 06:00:00+01:00,60.53,50.37443956941521,40.5
2017-11-10 07:00:00+01:00,69.25,55.56092198658777,47.59
2017-11-10 08:00:00+01:00,69.1,56.90813482308544,48.01
2017-11-10 09:00:00+01:00,68.32,56.54602732501,51.2
2017-11-10 10:00:00+01:00,66.87,54.64135558822263,49.65
2017-11-10 11:00:00+01:00,64.88,52.988979267610695,47.97
2017-11-10 12:00:00+01:00,63.22,52.86968524109645,49.55
2017-11-10 13:00:00+01:00,64.26,52.93703515885573,49.65
2017-11-10 14:00:00+01:00,61.84,52.84798031868819,47.68
2017-11-10 15:00:00+01:00,60.43,52.93393325129663,45.0
2017-11-10 16:00:00+01:00,60.43,55.55149163679519,43.94
2017-11-10 17:00:00+01:00,61.84,60.004446547340294,44.27
2017-11-10 18:00:00+01:00,65.74,64.63414484474285,44.95
2017-11-10 19:00:00+01:00,69.0,67.45910812783134,45.94
2017-11-10 20:00:00+01:00,70.09,67.40097039021333,51.45
2017-11-10 21:00:00+01:00,67.66,63.40263805327216,53.99
2017-11-10 22:00:00+01:00,62.62,58.10963870910907,51.47
2017-11-10 23:00:00+01:00,58.92,53.45828376007719,47.9
2017-11-11 00:00:00+01:00,61.84,57.95552433771189,67.12
2017-11-11 01:00:00+01:00,57.0,53.03065793750261,64.76
2017-11-11 02:00:00+01:00,55.48,51.30818487490164,61.84
2017-11-11 03:00:00+01:00,49.31,52.00697316446598,58.3
2017-11-11 04:00:00+01:00,47.02,52.408426723435454,57.04
2017-11-11 05:00:00+01:00,46.57,54.14235234718121,56.52
2017-11-11 06:00:00+01:00,47.65,60.07507701833439,60.53
2017-11-11 07:00:00+01:00,49.64,65.71296911603191,69.25
2017-11-11 08:00:00+01:00,51.51,66.68578089320913,69.1
2017-11-11 09:00:00+01:00,56.52,66.44321865310624,68.32
2017-11-11 10:00:00+01:00,57.16,64.7407049269016,66.87
2017-11-11 11:00:00+01:00,57.97,63.18574877433353,64.88
2017-11-11 12:00:00+01:00,57.07,63.14034594215109,63.22
2017-11-11 13:00:00+01:00,56.81,63.604555918868805,64.26
2017-11-11 14:00:00+01:00,54.0,63.434580842666236,61.84
2017-11-11 15:00:00+01:00,50.0,63.731758859614935,60.43
2017-11-11 16:00:00+01:00,49.74,66.3917497120727,60.43
2017-11-11 17:00:00+01:00,60.67,70.88465467776211,61.84
2017-11-11 18:00:00+01:00,65.69,75.73141407760355,65.74
2017-11-11 19:00:00+01:00,67.05,78.62952867332321,69.0
2017-11-11 20:00:00+01:00,64.71,78.5410229216698,70.09
2017-11-11 21:00:00+01:00,62.58,74.44707050959066,67.66
2017-11-11 22:00:00+01:00,61.5,68.89167639683095,62.62
2017-11-11 23:00:00+01:00,59.12,64.12410305211466,58.92
2017-11-12 00:00:00+01:00,34.44,58.20719770690209,61.84
2017-11-12 01:00:00+01:00,15.0,53.01759781965449,57.0
2017-11-12 02:00:00+01:00,10.47,51.294320400768456,55.48
2017-11-12 03:00:00+01:00,5.48,51.39173427931443,49.31
2017-11-12 04:00:00+01:00,5.48,52.09434176059993,47.02
2017-11-12 05:00:00+01:00,12.4,53.90985019518753,46.57
2017-11-12 06:00:00+01:00,34.44,59.62627847866815,47.65
2017-11-12 07:00:00+01:00,54.29,65.32852816989322,49.64
2017-11-12 08:00:00+01:00,64.02,66.6815094732869,51.51
2017-11-12 09:00:00+01:00,68.04,66.83441829984142,56.52
2017-11-12 10:00:00+01:00,68.14,64.91381282381484,57.16
2017-11-12 11:00:00+01:00,66.62,63.33937606076991,57.97
2017-11-12 12:00:00+01:00,64.02,63.03306811586745,57.07
2017-11-12 13:00:00+01:00,59.06,63.50613475950612,56.81
2017-11-12 14:00:00+01:00,55.38,63.20634701974682,54.0
2017-11-12 15:00:00+01:00,54.13,63.38839071448972,50.0
2017-11-12 16:00:00+01:00,55.85,66.19546234690381,49.74
2017-11-12 17:00:00+01:00,66.12,71.52736919835239,60.67
2017-11-12 18:00:00+01:00,74.97,75.91810601534169,65.69
2017-11-12 19:00:00+01:00,75.72,78.60863393971664,67.05
2017-11-12 20:00:00+01:00,71.46,78.43173917479146,64.71
2017-11-12 21:00:00+01:00,69.48,74.69490147069436,62.58
2017-11-12 22:00:00+01:00,65.02,69.40733615405716,61.5
2017-11-12 23:00:00+01:00,54.13,64.34540093207978,59.12
2017-11-13 00:00:00+01:00,43.69,51.79316314285074,34.44
2017-11-13 01:00:00+01:00,39.78,47.12748494357489,15.0
2017-11-13 02:00:00+01:00,34.55,46.37076037176101,10.47
2017-11-13 03:00:00+01:00,29.94,46.28945190115849,5.48
2017-11-13 04:00:00+01:00,30.08,47.26303331526343,5.48
2017-11-13 05:00:00+01:00,39.19,49.51799365136293,12.4
2017-11-13 06:00:00+01:00,47.56,56.14110464933222,34.44
2017-11-13 07:00:00+01:00,60.43,61.633133714819465,54.29
2017-11-13 08:00:00+01:00,60.53,62.35912317770308,64.02
2017-11-13 09:00:00+01:00,61.5,61.97116955984636,68.04
2017-11-13 10:00:00+01:00,58.52,59.765660403796126,68.14
2017-11-13 11:00:00+01:00,57.46,57.93021330788284,66.62
2017-11-13 12:00:00+01:00,56.5,57.335915303912124,64.02
2017-11-13 13:00:00+01:00,54.99,57.44946109389877,59.06
2017-11-13 14:00:00+01:00,52.76,57.221792212043646,55.38
2017-11-13 15:00:00+01:00,51.0,57.49649800358858,54.13
2017-11-13 16:00:00+01:00,52.49,60.24200822795407,55.85
2017-11-13 17:00:00+01:00,55.42,65.95899920702348,66.12
2017-11-13 18:00:00+01:00,61.84,70.20185782520387,74.97
2017-11-13 19:00:00+01:00,62.69,72.17359366633472,75.72
2017-11-13 20:00:00+01:00,63.85,71.59076428344001,71.46
2017-11-13 21:00:00+01:00,62.42,68.16704424219853,69.48
2017-11-13 22:00:00+01:00,60.64,62.68697577685185,65.02
2017-11-13 23:00:00+01:00,50.9,57.63788013054784,54.13
2017-11-14 00:00:00+01:00,48.19,48.08141225299434,43.69
2017-11-14 01:00:00+01:00,46.17,44.05072182874734,39.78
2017-11-14 02:00:00+01:00,45.18,42.86147360696411,34.55
2017-11-14 03:00:00+01:00,43.0,42.683061661260496,29.94
2017-11-14 04:00:00+01:00,43.78,43.91995154424325,30.08
2017-11-14 05:00:00+01:00,47.3,46.79646328293012,39.19
2017-11-14 06:00:00+01:00,49.69,52.96001231661496,47.56
2017-11-14 07:00:00+01:00,59.26,58.80290363642042,60.43
2017-11-14 08:00:00+01:00,62.45,58.7860776806906,60.53
2017-11-14 09:00:00+01:00,62.65,58.397198433499554,61.5
2017-11-14 10:00:00+01:00,60.84,55.905228495529954,58.52
2017-11-14 11:00:00+01:00,60.43,54.06521947868309,57.46
2017-11-14 12:00:00+01:00,60.53,53.25914662894042,56.5
2017-11-14 13:00:00+01:00,60.53,53.13489033945115,54.99
2017-11-14 14:00:00+01:00,60.53,52.7509410687892,52.76
2017-11-14 15:00:00+01:00,61.53,52.91592521617599,51.0
2017-11-14 16:00:00+01:00,62.45,55.636002291447774,52.49
2017-11-14 17:00:00+01:00,62.69,61.15656617324633,55.42
2017-11-14 18:00:00+01:00,66.69,65.75251470959768,61.84
2017-11-14 19:00:00+01:00,68.05,67.43253374939495,62.69
2017-11-14 20:00:00+01:00,68.05,67.02746926355421,63.85
2017-11-14 21:00:00+01:00,66.48,63.60405140544425,62.42
2017-11-14 22:00:00+01:00,62.01,58.213725032520436,60.64
2017-11-14 23:00:00+01:00,60.44,52.24686059713133,50.9
2017-11-15 00:00:00+01:00,55.79,57.41738273060225,48.19
2017-11-15 01:00:00+01:00,52.52,53.95742945886002,46.17
2017-11-15 02:00:00+01:00,51.53,53.02706358496047,45.18
2017-11-15 03:00:00+01:00,49.05,53.06138875564892,43.0
2017-11-15 04:00:00+01:00,48.88,54.888156932887725,43.78
2017-11-15 05:00:00+01:00,50.45,58.31630516158505,47.3
2017-11-15 06:00:00+01:00,61.84,64.46208998966229,49.69
2017-11-15 07:00:00+01:00,67.07,71.3237801954698,59.26
2017-11-15 08:00:00+01:00,68.26,71.62527600921753,62.45
2017-11-15 09:00:00+01:00,69.25,71.2318278542111,62.65
2017-11-15 10:00:00+01:00,68.26,68.8239447035351,60.84
2017-11-15 11:00:00+01:00,67.89,67.0730258883882,60.43
2017-11-15 12:00:00+01:00,67.76,66.16455086224003,60.53
2017-11-15 13:00:00+01:00,68.2,65.87747642671587,60.53
2017-11-15 14:00:00+01:00,67.76,65.41791929303747,60.53
2017-11-15 15:00:00+01:00,67.89,65.54528393386154,61.53
2017-11-15 16:00:00+01:00,68.05,68.00192410037405,62.45
2017-11-15 17:00:00+01:00,70.53,73.2738735773333,62.69
2017-11-15 18:00:00+01:00,73.0,78.45198809795806,66.69
2017-11-15 19:00:00+01:00,75.0,80.49135410938325,68.05
2017-11-15 20:00:00+01:00,75.57,80.55947104525325,68.05
2017-11-15 21:00:00+01:00,71.39,77.72722759529665,66.48
2017-11-15 22:00:00+01:00,67.99,72.68092643845779,62.01
2017-11-15 23:00:00+01:00,66.37,66.65372731478391,60.44
2017-11-16 00:00:00+01:00,68.0,62.71631807325973,55.79
2017-11-16 01:00:00+01:00,57.74,59.25614207925897,52.52
2017-11-16 02:00:00+01:00,54.79,58.173143790368634,51.53
2017-11-16 03:00:00+01:00,51.83,57.82633719484932,49.05
2017-11-16 04:00:00+01:00,51.28,59.43762265235123,48.88
2017-11-16 05:00:00+01:00,55.06,62.660362030551234,50.45
2017-11-16 06:00:00+01:00,68.01,69.28034550847592,61.84
2017-11-16 07:00:00+01:00,70.53,75.41192682837978,67.07
2017-11-16 08:00:00+01:00,71.75,75.76887710521278,68.26
2017-11-16 09:00:00+01:00,72.0,75.41544296175961,69.25
2017-11-16 10:00:00+01:00,71.04,73.12869351320452,68.26
2017-11-16 11:00:00+01:00,70.53,71.5757843277987,67.89
2017-11-16 12:00:00+01:00,70.28,70.9181720233538,67.76
2017-11-16 13:00:00+01:00,70.28,70.9664897635001,68.2
2017-11-16 14:00:00+01:00,70.28,70.8001356484438,67.76
2017-11-16 15:00:00+01:00,69.51,71.26900025622726,67.89
2017-11-16 16:00:00+01:00,69.51,73.84959899904779,68.05
2017-11-16 17:00:00+01:00,70.28,79.27891365386625,70.53
2017-11-16 18:00:00+01:00,72.05,84.54077153130254,73.0
2017-11-16 19:00:00+01:00,72.71,86.79446030682743,75.0
2017-11-16 20:00:00+01:00,72.82,86.79780456198577,75.57
2017-11-16 21:00:00+01:00,71.05,83.6149087444537,71.39
2017-11-16 22:00:00+01:00,70.27,78.65704317673665,67.99
2017-11-16 23:00:00+01:00,68.05,72.79164472803184,66.37
2017-11-17 00:00:00+01:00,70.87,64.24209937682491,68.0
2017-11-17 01:00:00+01:00,60.8,59.448525496643775,57.74
2017-11-17 02:00:00+01:00,57.26,58.38630661580348,54.79
2017-11-17 03:00:00+01:00,52.52,57.68770451173142,51.83
2017-11-17 04:00:00+01:00,52.1,59.18555087279641,51.28
2017-11-17 05:00:00+01:00,57.0,62.558601198340334,55.06
2017-11-17 06:00:00+01:00,69.3,69.5781073468522,68.01
2017-11-17 07:00:00+01:00,72.69,74.80468406744879,70.53
2017-11-17 08:00:00+01:00,72.05,75.44992640613393,71.75
2017-11-17 09:00:00+01:00,72.05,75.04145758175508,72.0
2017-11-17 10:00:00+01:00,71.4,72.61435616033171,71.04
2017-11-17 11:00:00+01:00,70.12,70.75653050331485,70.53
2017-11-17 12:00:00+01:00,71.04,69.64400657602081,70.28
2017-11-17 13:00:00+01:00,70.67,69.23736248577985,70.28
2017-11-17 14:00:00+01:00,68.9,68.71207613010023,70.28
2017-11-17 15:00:00+01:00,68.05,68.71988228783947,69.51
2017-11-17 16:00:00+01:00,67.05,70.85958465871826,69.51
2017-11-17 17:00:00+01:00,68.2,75.94531207621972,70.28
2017-11-17 18:00:00+01:00,70.87,81.38695952946046,72.05
2017-11-17 19:00:00+01:00,71.25,84.06629111668241,72.71
2017-11-17 20:00:00+01:00,71.25,84.61767360526355,72.82
2017-11-17 21:00:00+01:00,69.43,81.95510879721611,71.05
2017-11-17 22:00:00+01:00,68.52,77.46005172608264,70.27
2017-11-17 23:00:00+01:00,67.05,71.45580582380906,68.05
2017-11-18 00:00:00+01:00,60.53,63.418809600645375,70.87
2017-11-18 01:00:00+01:00,56.62,57.77796121400515,60.8
2017-11-18 02:00:00+01:00,52.95,56.984591218327,57.26
2017-11-18 03:00:00+01:00,51.67,56.32387866182023,52.52
2017-11-18 04:00:00+01:00,50.14,58.022502228338205,52.1
2017-11-18 05:00:00+01:00,50.14,61.665809554959395,57.0
2017-11-18 06:00:00+01:00,52.95,68.98458529956523,69.3
2017-11-18 07:00:00+01:00,56.92,73.5458175877736,72.69
2017-11-18 08:00:00+01:00,57.0,74.01967316495104,72.05
2017-11-18 09:00:00+01:00,61.07,73.62073810015069,72.05
2017-11-18 10:00:00+01:00,61.2,71.28049643705842,71.4
2017-11-18 11:00:00+01:00,60.53,69.34735155704432,70.12
2017-11-18 12:00:00+01:00,59.5,68.45538245852376,71.04
2017-11-18 13:00:00+01:00,58.96,68.01486322583965,70.67
2017-11-18 14:00:00+01:00,57.82,67.47600097448354,68.9
2017-11-18 15:00:00+01:00,56.62,67.6102495812585,68.05
2017-11-18 16:00:00+01:00,58.48,69.65708700328759,67.05
2017-11-18 17:00:00+01:00,68.26,74.6579183961742,68.2
2017-11-18 18:00:00+01:00,72.69,80.01205864422478,70.87
2017-11-18 19:00:00+01:00,73.88,82.42746234383512,71.25
2017-11-18 20:00:00+01:00,68.26,82.69781035730713,71.25
2017-11-18 21:00:00+01:00,65.0,79.70003813836712,69.43
2017-11-18 22:00:00+01:00,64.67,75.09706889152628,68.52
2017-11-18 23:00:00+01:00,62.67,68.98364657276112,67.05
2017-11-19 00:00:00+01:00,59.37,58.522468209423664,60.53
2017-11-19 01:00:00+01:00,56.52,53.37382391853077,56.62
2017-11-19 02:00:00+01:00,53.1,52.33791845168638,52.95
2017-11-19 03:00:00+01:00,52.52,51.9546902146151,51.67
2017-11-19 04:00:00+01:00,52.09,53.54154594559304,50.14
2017-11-19 05:00:00+01:00,52.51,57.20992548117877,50.14
2017-11-19 06:00:00+01:00,52.52,64.52712923227159,52.95
2017-11-19 07:00:00+01:00,52.81,69.48623074568064,56.92
2017-11-19 08:00:00+01:00,53.02,70.04058796142448,57.0
2017-11-19 09:00:00+01:00,53.71,70.06755298640482,61.07
2017-11-19 10:00:00+01:00,55.26,67.59025714172166,61.2
2017-11-19 11:00:00+01:00,55.2,65.51884400156813,60.53
2017-11-19 12:00:00+01:00,56.96,64.46324499898971,59.5
2017-11-19 13:00:00+01:00,58.19,63.9630265968764,58.96
2017-11-19 14:00:00+01:00,56.89,63.303720073457995,57.82
2017-11-19 15:00:00+01:00,55.2,63.27087948860918,56.62
2017-11-19 16:00:00+01:00,56.45,65.2961368728372,58.48
2017-11-19 17:00:00+01:00,67.0,70.58788152184995,68.26
2017-11-19 18:00:00+01:00,73.73,75.32079647557472,72.69
2017-11-19 19:00:00+01:00,75.0,77.49108498397459,73.88
2017-11-19 20:00:00+01:00,74.19,77.2039557433752,68.26
2017-11-19 21:00:00+01:00,71.69,74.53884469280328,65.0
2017-11-19 22:00:00+01:00,69.72,70.31627253511857,64.67
2017-11-19 23:00:00+01:00,70.0,64.26798710010789,62.67
2017-11-20 00:00:00+01:00,70.19,65.56991122080025,59.37
2017-11-20 01:00:00+01:00,60.43,60.76160266538357,56.52
2017-11-20 02:00:00+01:00,57.0,59.55049163013334,53.1
2017-11-20 03:00:00+01:00,53.07,59.54976851830159,52.52
2017-11-20 04:00:00+01:00,53.07,61.25977792746383,52.09
2017-11-20 05:00:00+01:00,53.9,65.1028441076381,52.51
2017-11-20 06:00:00+01:00,70.1,72.38161914884245,52.52
2017-11-20 07:00:00+01:00,78.45,77.8849134408902,52.81
2017-11-20 08:00:00+01:00,75.0,79.2131934292256,53.02
2017-11-20 09:00:00+01:00,74.77,79.76070411195803,53.71
2017-11-20 10:00:00+01:00,73.03,77.97642790812132,55.26
2017-11-20 11:00:00+01:00,71.69,76.1540785911105,55.2
2017-11-20 12:00:00+01:00,69.74,75.55069333579515,56.96
2017-11-20 13:00:00+01:00,68.05,75.36884916112602,58.19
2017-11-20 14:00:00+01:00,64.47,74.91285462885156,56.89
2017-11-20 15:00:00+01:00,62.59,75.1954887660276,55.2
2017-11-20 16:00:00+01:00,62.3,77.70934866589808,56.45
2017-11-20 17:00:00+01:00,73.51,83.94812555795042,67.0
2017-11-20 18:00:00+01:00,78.01,88.85830126710373,73.73
2017-11-20 19:00:00+01:00,79.35,91.14915004088104,75.0
2017-11-20 20:00:00+01:00,75.0,91.2455638598734,74.19
2017-11-20 21:00:00+01:00,69.47,88.99611425598236,71.69
2017-11-20 22:00:00+01:00,64.62,85.27045921231263,69.72
2017-11-20 23:00:00+01:00,64.47,79.64984899622975,70.0
2017-11-21 00:00:00+01:00,67.4,59.555915099290345,70.19
2017-11-21 01:00:00+01:00,60.43,53.53010905458763,60.43
2017-11-21 02:00:00+01:00,55.35,52.032201235242034,57.0
2017-11-21 03:00:00+01:00,54.27,51.44816101961175,53.07
2017-11-21 04:00:00+01:00,53.0,52.862202653661676,53.07
2017-11-21 05:00:00+01:00,54.69,56.125207555885204,53.9
2017-11-21 06:00:00+01:00,56.0,63.923179514304046,70.1
2017-11-21 07:00:00+01:00,70.0,68.50809217702526,78.45
2017-11-21 08:00:00+01:00,74.38,68.64564718637288,75.0
2017-11-21 09:00:00+01:00,75.26,68.99815494779426,74.77
2017-11-21 10:00:00+01:00,72.45,66.87819283786484,73.03
2017-11-21 11:00:00+01:00,69.4,64.69692863263747,71.69
2017-11-21 12:00:00+01:00,68.72,63.558043176755945,69.74
2017-11-21 13:00:00+01:00,64.91,62.98119259872278,68.05
2017-11-21 14:00:00+01:00,62.65,62.0274006734711,64.47
2017-11-21 15:00:00+01:00,62.65,62.021237390083606,62.59
2017-11-21 16:00:00+01:00,62.65,64.12453782177447,62.3
2017-11-21 17:00:00+01:00,68.05,70.62772173917958,73.51
2017-11-21 18:00:00+01:00,75.0,74.7209944389203,78.01
2017-11-21 19:00:00+01:00,73.13,76.47783115904687,79.35
2017-11-21 20:00:00+01:00,69.9,75.80600354084106,75.0
2017-11-21 21:00:00+01:00,66.48,73.15452761114751,69.47
2017-11-21 22:00:00+01:00,61.84,69.15433977213644,64.62
2017-11-21 23:00:00+01:00,55.35,63.68299630507103,64.47
2017-11-22 00:00:00+01:00,56.35,51.04315258796231,67.4
2017-11-22 01:00:00+01:00,52.49,43.9833700478432,60.43
2017-11-22 02:00:00+01:00,49.59,41.84172659781977,55.35
2017-11-22 03:00:00+01:00,47.42,41.14565037008191,54.27
2017-11-22 04:00:00+01:00,47.14,42.04327387967386,53.0
2017-11-22 05:00:00+01:00,50.78,45.02353357019523,54.69
2017-11-22 06:00:00+01:00,62.08,52.04477781121518,56.0
2017-11-22 07:00:00+01:00,68.76,57.57130452347674,70.0
2017-11-22 08:00:00+01:00,71.69,57.00211316945558,74.38
2017-11-22 09:00:00+01:00,71.88,56.599526086628515,75.26
2017-11-22 10:00:00+01:00,69.51,53.944079372525366,72.45
2017-11-22 11:00:00+01:00,67.84,51.3463871149051,69.4
2017-11-22 12:00:00+01:00,65.0,49.935658529817765,68.72
2017-11-22 13:00:00+01:00,62.58,48.6777317534489,64.91
2017-11-22 14:00:00+01:00,56.44,47.48982324899875,62.65
2017-11-22 15:00:00+01:00,54.89,47.247209589976215,62.65
2017-11-22 16:00:00+01:00,53.79,48.825488601094854,62.65
2017-11-22 17:00:00+01:00,60.92,55.04704557282962,68.05
2017-11-22 18:00:00+01:00,65.33,59.139517385102394,75.0
2017-11-22 19:00:00+01:00,64.94,60.03437824920703,73.13
2017-11-22 20:00:00+01:00,62.58,59.068697607760626,69.9
2017-11-22 21:00:00+01:00,55.22,56.24802146971537,66.48
2017-11-22 22:00:00+01:00,53.69,51.94725117022155,61.84
2017-11-22 23:00:00+01:00,49.08,46.64940936398974,55.35
2017-11-23 00:00:00+01:00,47.34,44.77353812155408,56.35
2017-11-23 01:00:00+01:00,45.07,37.356932848179014,52.49
2017-11-23 02:00:00+01:00,43.33,34.687966175530555,49.59
2017-11-23 03:00:00+01:00,40.84,33.778949334098414,47.42
2017-11-23 04:00:00+01:00,43.09,34.63518277753704,47.14
2017-11-23 05:00:00+01:00,44.67,37.76892227175759,50.78
2017-11-23 06:00:00+01:00,46.26,45.15314153776569,62.08
2017-11-23 07:00:00+01:00,55.12,50.51890215192364,68.76
2017-11-23 08:00:00+01:00,62.27,50.231333927438556,71.69
2017-11-23 09:00:00+01:00,59.25,49.721724300960034,71.88
2017-11-23 10:00:00+01:00,59.0,47.149264944775986,69.51
2017-11-23 11:00:00+01:00,59.64,44.72912102940431,67.84
2017-11-23 12:00:00+01:00,59.42,43.228955403414574,65.0
2017-11-23 13:00:00+01:00,59.29,42.047373256672,62.58
2017-11-23 14:00:00+01:00,55.99,40.565853635843084,56.44
2017-11-23 15:00:00+01:00,55.5,40.57699299052269,54.89
2017-11-23 16:00:00+01:00,59.0,41.98286609455712,53.79
2017-11-23 17:00:00+01:00,69.77,48.348719831503544,60.92
2017-11-23 18:00:00+01:00,75.51,52.20971632467255,65.33
2017-11-23 19:00:00+01:00,76.76,52.707450005679036,64.94
2017-11-23 20:00:00+01:00,71.88,51.427226492014135,62.58
2017-11-23 21:00:00+01:00,67.76,48.02867571770019,55.22
2017-11-23 22:00:00+01:00,62.58,44.01611588032939,53.69
2017-11-23 23:00:00+01:00,56.68,38.08714458220227,49.08
2017-11-24 00:00:00+01:00,53.08,53.276506346155,47.34
2017-11-24 01:00:00+01:00,49.83,46.59482766524697,45.07
2017-11-24 02:00:00+01:00,49.29,44.03265957012224,43.33
2017-11-24 03:00:00+01:00,49.14,43.27433296829841,40.84
2017-11-24 04:00:00+01:00,48.8,44.71271935401541,43.09
2017-11-24 05:00:00+01:00,49.69,47.919920241614825,44.67
2017-11-24 06:00:00+01:00,53.08,55.17710068527801,46.26
2017-11-24 07:00:00+01:00,62.26,61.51630087608971,55.12
2017-11-24 08:00:00+01:00,64.16,61.813523823575835,62.27
2017-11-24 09:00:00+01:00,67.34,60.639398231100465,59.25
2017-11-24 10:00:00+01:00,67.05,58.541638018941434,59.0
2017-11-24 11:00:00+01:00,65.53,56.36973755106371,59.64
2017-11-24 12:00:00+01:00,65.94,54.89621359067291,59.42
2017-11-24 13:00:00+01:00,65.0,53.88636409402114,59.29
2017-11-24 14:00:00+01:00,62.1,52.41330199062748,55.99
2017-11-24 15:00:00+01:00,62.35,52.83058843920534,55.5
2017-11-24 16:00:00+01:00,65.43,54.84192394924838,59.0
2017-11-24 17:00:00+01:00,71.04,61.86061812249603,69.77
2017-11-24 18:00:00+01:00,75.34,66.00897456542722,75.51
2017-11-24 19:00:00+01:00,70.66,66.91992451198118,76.76
2017-11-24 20:00:00+01:00,65.8,65.83000764938912,71.88
2017-11-24 21:00:00+01:00,64.71,63.24142981210181,67.76
2017-11-24 22:00:00+01:00,63.95,59.81945381265261,62.58
2017-11-24 23:00:00+01:00,56.81,54.76778048501075,56.68
2017-11-25 00:00:00+01:00,55.75,53.29061979711607,53.08
2017-11-25 01:00:00+01:00,52.08,46.70796128512246,49.83
2017-11-25 02:00:00+01:00,50.45,43.8750882548733,49.29
2017-11-25 03:00:00+01:00,49.69,42.83667125828208,49.14
2017-11-25 04:00:00+01:00,49.59,43.94801101781726,48.8
2017-11-25 05:00:00+01:00,49.22,47.02574589498708,49.69
2017-11-25 06:00:00+01:00,49.22,54.13470573733137,53.08
2017-11-25 07:00:00+01:00,49.8,61.063514988404876,62.26
2017-11-25 08:00:00+01:00,53.16,61.3804995871612,64.16
2017-11-25 09:00:00+01:00,57.79,60.53988829514911,67.34
2017-11-25 10:00:00+01:00,58.95,58.377770518035234,67.05
2017-11-25 11:00:00+01:00,57.05,56.23958072899015,65.53
2017-11-25 12:00:00+01:00,55.31,55.02219346068495,65.94
2017-11-25 13:00:00+01:00,52.7,54.02235731533389,65.0
2017-11-25 14:00:00+01:00,50.69,52.54060768246698,62.1
2017-11-25 15:00:00+01:00,50.09,53.14430989438583,62.35
2017-11-25 16:00:00+01:00,50.79,55.312967520201276,65.43
2017-11-25 17:00:00+01:00,63.1,62.111172172433385,71.04
2017-11-25 18:00:00+01:00,67.76,66.29439212650769,75.34
2017-11-25 19:00:00+01:00,68.5,66.59957755485111,70.66
2017-11-25 20:00:00+01:00,65.77,65.44535398295756,65.8
2017-11-25 21:00:00+01:00,65.0,63.100398164612486,64.71
2017-11-25 22:00:00+01:00,56.7,59.57164562661086,63.95
2017-11-25 23:00:00+01:00,55.13,53.92556313863251,56.81
2017-11-26 00:00:00+01:00,52.0,51.52528685894117,55.75
2017-11-26 01:00:00+01:00,50.15,45.12463500032804,52.08
2017-11-26 02:00:00+01:00,49.12,42.26494324522401,50.45
2017-11-26 03:00:00+01:00,46.33,41.26056499638845,49.69
2017-11-26 04:00:00+01:00,45.28,42.37864247608721,49.59
2017-11-26 05:00:00+01:00,44.72,45.39873349754096,49.22
2017-11-26 06:00:00+01:00,46.28,52.31277895028494,49.22
2017-11-26 07:00:00+01:00,49.46,59.409668909276036,49.8
2017-11-26 08:00:00+01:00,49.12,60.62754736554386,53.16
2017-11-26 09:00:00+01:00,50.79,60.10363084514274,57.79
2017-11-26 10:00:00+01:00,53.08,57.75956504347852,58.95
2017-11-26 11:00:00+01:00,54.05,55.274256761783796,57.05
2017-11-26 12:00:00+01:00,56.7,53.8698266582441,55.31
2017-11-26 13:00:00+01:00,55.5,52.65855425169992,52.7
2017-11-26 14:00:00+01:00,55.32,51.148562779048405,50.69
2017-11-26 15:00:00+01:00,52.7,51.61414277005095,50.09
2017-11-26 16:00:00+01:00,52.77,53.68997331884457,50.79
2017-11-26 17:00:00+01:00,60.23,61.06015060815078,63.1
2017-11-26 18:00:00+01:00,69.55,64.87858847139975,67.76
2017-11-26 19:00:00+01:00,70.53,65.18484591065604,68.5
2017-11-26 20:00:00+01:00,71.88,63.948771987781896,65.77
2017-11-26 21:00:00+01:00,73.73,62.00082049236119,65.0
2017-11-26 22:00:00+01:00,69.55,58.12148976935312,56.7
2017-11-26 23:00:00+01:00,66.84,52.91685839257996,55.13
2017-11-27 00:00:00+01:00,54.89,63.90750330454287,52.0
2017-11-27 01:00:00+01:00,50.69,58.521297192555,50.15
2017-11-27 02:00:00+01:00,49.69,56.06829665686011,49.12
2017-11-27 03:00:00+01:00,49.59,55.25871963184139,46.33
2017-11-27 04:00:00+01:00,49.69,56.75278390593959,45.28
2017-11-27 05:00:00+01:00,50.77,60.01383861685127,44.72
2017-11-27 06:00:00+01:00,64.9,67.07187770446228,46.28
2017-11-27 07:00:00+01:00,71.04,74.5199044164672,49.46
2017-11-27 08:00:00+01:00,72.33,76.1635051644202,49.12
2017-11-27 09:00:00+01:00,73.08,76.18713792821855,50.79
2017-11-27 10:00:00+01:00,71.04,74.29657986537651,53.08
2017-11-27 11:00:00+01:00,70.0,71.97712318993857,54.05
2017-11-27 12:00:00+01:00,70.0,70.90796779558062,56.7
2017-11-27 13:00:00+01:00,68.76,69.71544212206183,55.5
2017-11-27 14:00:00+01:00,68.74,68.71270311972523,55.32
2017-11-27 15:00:00+01:00,70.0,69.30333493918259,52.7
2017-11-27 16:00:00+01:00,70.02,71.99778113593966,52.77
2017-11-27 17:00:00+01:00,72.08,80.15887335986642,60.23
2017-11-27 18:00:00+01:00,78.19,85.11172177495499,69.55
2017-11-27 19:00:00+01:00,76.44,85.7434199839761,70.53
2017-11-27 20:00:00+01:00,76.39,85.33964669101681,71.88
2017-11-27 21:00:00+01:00,75.61,84.21014604356797,73.73
2017-11-27 22:00:00+01:00,70.02,80.70257974222815,69.55
2017-11-27 23:00:00+01:00,67.65,76.57245614683006,66.84
2017-11-28 00:00:00+01:00,71.04,63.39602746117555,54.89
2017-11-28 01:00:00+01:00,66.84,58.462718560552254,50.69
2017-11-28 02:00:00+01:00,55.99,55.80008975705309,49.69
2017-11-28 03:00:00+01:00,54.12,54.66428732079012,49.59
2017-11-28 04:00:00+01:00,52.94,55.755853577747445,49.69
2017-11-28 05:00:00+01:00,52.94,58.769644880898795,50.77
2017-11-28 06:00:00+01:00,64.99,66.48992181600126,64.9
2017-11-28 07:00:00+01:00,74.32,73.21777780334445,71.04
2017-11-28 08:00:00+01:00,76.39,74.82498399817922,72.33
2017-11-28 09:00:00+01:00,76.45,74.90536208267707,73.08
2017-11-28 10:00:00+01:00,77.97,72.90986378793596,71.04
2017-11-28 11:00:00+01:00,76.34,70.64793090607975,70.0
2017-11-28 12:00:00+01:00,74.23,69.48535858989801,70.0
2017-11-28 13:00:00+01:00,71.88,68.069766438861,68.76
2017-11-28 14:00:00+01:00,69.9,66.97680923787901,68.74
2017-11-28 15:00:00+01:00,68.71,67.33371543917795,70.0
2017-11-28 16:00:00+01:00,71.04,69.48042892354688,70.02
2017-11-28 17:00:00+01:00,75.55,77.02890197362004,72.08
2017-11-28 18:00:00+01:00,78.41,82.24052733044782,78.19
2017-11-28 19:00:00+01:00,78.41,82.25882487515999,76.44
2017-11-28 20:00:00+01:00,75.0,81.67108840228705,76.39
2017-11-28 21:00:00+01:00,74.23,80.16100262657221,75.61
2017-11-28 22:00:00+01:00,67.65,76.0405190244352,70.02
2017-11-28 23:00:00+01:00,64.34,71.76822738074253,67.65
2017-11-29 00:00:00+01:00,68.71,60.367070629293494,71.04
2017-11-29 01:00:00+01:00,59.51,54.58278391861226,66.84
2017-11-29 02:00:00+01:00,54.09,50.790293532785086,55.99
2017-11-29 03:00:00+01:00,53.25,49.91176022836424,54.12
2017-11-29 04:00:00+01:00,52.65,50.6323731529197,52.94
2017-11-29 05:00:00+01:00,52.31,53.27718712080368,52.94
2017-11-29 06:00:00+01:00,61.8,61.31683100097492,64.99
2017-11-29 07:00:00+01:00,75.23,67.64995053938868,74.32
2017-11-29 08:00:00+01:00,75.55,68.75339656040748,76.39
2017-11-29 09:00:00+01:00,76.39,68.46654497990316,76.45
2017-11-29 10:00:00+01:00,76.39,66.46199753740699,77.97
2017-11-29 11:00:00+01:00,76.23,63.67629007759645,76.34
2017-11-29 12:00:00+01:00,75.55,62.05169243171341,74.23
2017-11-29 13:00:00+01:00,75.23,60.32092846261454,71.88
2017-11-29 14:00:00+01:00,73.67,58.93111463054973,69.9
2017-11-29 15:00:00+01:00,71.5,58.93153539137091,68.71
2017-11-29 16:00:00+01:00,69.87,60.91774842782152,71.04
2017-11-29 17:00:00+01:00,74.0,67.9006884963677,75.55
2017-11-29 18:00:00+01:00,76.23,72.84084546836718,78.41
2017-11-29 19:00:00+01:00,76.55,72.75663983575886,78.41
2017-11-29 20:00:00+01:00,76.76,71.6409540621678,75.0
2017-11-29 21:00:00+01:00,69.03,70.10200014280147,74.23
2017-11-29 22:00:00+01:00,64.11,65.42429470322148,67.65
2017-11-29 23:00:00+01:00,62.41,61.17869877221228,64.34
2017-11-30 00:00:00+01:00,58.44,58.794195500717734,68.71
2017-11-30 01:00:00+01:00,55.69,51.97124746439264,59.51
2017-11-30 02:00:00+01:00,53.9,48.13330514964217,54.09
2017-11-30 03:00:00+01:00,52.29,47.29832149642599,53.25
2017-11-30 04:00:00+01:00,52.1,47.80152523375732,52.65
2017-11-30 05:00:00+01:00,54.2,50.168704472239114,52.31
2017-11-30 06:00:00+01:00,63.89,58.43701396778581,61.8
2017-11-30 07:00:00+01:00,74.78,65.1349677891168,75.23
2017-11-30 08:00:00+01:00,76.39,65.44687588582445,75.55
2017-11-30 09:00:00+01:00,77.23,65.08829128809163,76.39
2017-11-30 10:00:00+01:00,77.23,62.996951693320945,76.39
2017-11-30 11:00:00+01:00,76.69,60.09679224909159,76.23
2017-11-30 12:00:00+01:00,76.39,58.15887508992393,75.55
2017-11-30 13:00:00+01:00,76.39,56.28346657083661,75.23
2017-11-30 14:00:00+01:00,75.0,54.59910932921577,73.67
2017-11-30 15:00:00+01:00,73.0,54.26542862005076,71.5
2017-11-30 16:00:00+01:00,73.73,55.975610446802854,69.87
2017-11-30 17:00:00+01:00,76.31,62.890512837887854,74.0
2017-11-30 18:00:00+01:00,78.94,67.74034128453643,76.23
2017-11-30 19:00:00+01:00,79.62,67.82256857164477,76.55
2017-11-30 20:00:00+01:00,78.81,66.71343717499708,76.76
2017-11-30 21:00:00+01:00,71.22,64.45129682601046,69.03
2017-11-30 22:00:00+01:00,68.45,60.13712987360647,64.11
2017-11-30 23:00:00+01:00,68.73,55.9450603598626,62.41
2017-12-01 00:00:00+01:00,75.0,64.85329484312841,58.44
2017-12-01 01:00:00+01:00,65.25,58.57355050149245,55.69
2017-12-01 02:00:00+01:00,60.71,54.758834512294314,53.9
2017-12-01 03:00:00+01:00,57.43,53.86198499133412,52.29
2017-12-01 04:00:00+01:00,56.58,54.580762946418716,52.1
2017-12-01 05:00:00+01:00,60.01,57.252963781815446,54.2
2017-12-01 06:00:00+01:00,73.69,65.97786827549292,63.89
2017-12-01 07:00:00+01:00,82.87,73.24266844842715,74.78
2017-12-01 08:00:00+01:00,87.0,73.6292001622579,76.39
2017-12-01 09:00:00+01:00,88.01,73.5279265499695,77.23
2017-12-01 10:00:00+01:00,86.71,71.77624425423474,77.23
2017-12-01 11:00:00+01:00,86.4,69.12995454760241,76.69
2017-12-01 12:00:00+01:00,82.94,67.3153374751381,76.39
2017-12-01 13:00:00+01:00,81.19,65.60332151547732,76.39
2017-12-01 14:00:00+01:00,79.69,63.913085592339975,75.0
2017-12-01 15:00:00+01:00,76.98,63.51866373248717,73.0
2017-12-01 16:00:00+01:00,77.15,65.39432298834721,73.73
2017-12-01 17:00:00+01:00,79.97,72.16701526518933,76.31
2017-12-01 18:00:00+01:00,82.1,77.33503948559958,78.94
2017-12-01 19:00:00+01:00,81.28,77.83877013228806,79.62
2017-12-01 20:00:00+01:00,78.33,76.89974644375067,78.81
2017-12-01 21:00:00+01:00,74.03,74.34555720358404,71.22
2017-12-01 22:00:00+01:00,69.21,70.78344531441986,68.45
2017-12-01 23:00:00+01:00,64.28,66.93427711001317,68.73
2017-12-02 00:00:00+01:00,50.6,61.150521775841796,75.0
2017-12-02 01:00:00+01:00,45.66,53.43907908537378,65.25
2017-12-02 02:00:00+01:00,42.99,49.41713720826044,60.71
2017-12-02 03:00:00+01:00,42.07,48.04860733256919,57.43
2017-12-02 04:00:00+01:00,41.45,48.4594808739285,56.58
2017-12-02 05:00:00+01:00,40.76,50.948494974344506,60.01
2017-12-02 06:00:00+01:00,39.51,59.62854173107963,73.69
2017-12-02 07:00:00+01:00,39.33,66.23594160197885,82.87
2017-12-02 08:00:00+01:00,38.6,66.3392096385004,87.0
2017-12-02 09:00:00+01:00,42.07,65.62761460825263,88.01
2017-12-02 10:00:00+01:00,42.1,63.429653976798704,86.71
2017-12-02 11:00:00+01:00,45.1,60.612075588973426,86.4
2017-12-02 12:00:00+01:00,49.83,58.18862907691761,82.94
2017-12-02 13:00:00+01:00,46.05,56.33018382416317,81.19
2017-12-02 14:00:00+01:00,40.76,54.437132885396466,79.69
2017-12-02 15:00:00+01:00,35.58,53.60250137201399,76.98
2017-12-02 16:00:00+01:00,32.19,55.272847243298926,77.15
2017-12-02 17:00:00+01:00,36.0,61.60183580948724,79.97
2017-12-02 18:00:00+01:00,42.59,66.5434622206344,82.1
2017-12-02 19:00:00+01:00,49.83,66.89917867966227,81.28
2017-12-02 20:00:00+01:00,49.83,65.59324033569207,78.33
2017-12-02 21:00:00+01:00,49.83,62.707800168742885,74.03
2017-12-02 22:00:00+01:00,43.46,58.81392885610368,69.21
2017-12-02 23:00:00+01:00,40.62,55.04479760484116,64.28
2017-12-03 00:00:00+01:00,31.25,36.120821240222796,50.6
2017-12-03 01:00:00+01:00,26.06,29.09854040795677,45.66
2017-12-03 02:00:00+01:00,23.23,24.653725420491583,42.99
2017-12-03 03:00:00+01:00,18.07,22.777046911947036,42.07
2017-12-03 04:00:00+01:00,14.26,22.63377292849023,41.45
2017-12-03 05:00:00+01:00,15.47,24.534399520957884,40.76
2017-12-03 06:00:00+01:00,17.26,32.27724029551627,39.51
2017-12-03 07:00:00+01:00,15.0,38.80943249580706,39.33
2017-12-03 08:00:00+01:00,14.69,39.203162905881605,38.6
2017-12-03 09:00:00+01:00,18.82,38.766531542249275,42.07
2017-12-03 10:00:00+01:00,17.49,36.27480522727016,42.1
2017-12-03 11:00:00+01:00,18.43,33.61403339483436,45.1
2017-12-03 12:00:00+01:00,17.46,31.223829568316724,49.83
2017-12-03 13:00:00+01:00,15.22,28.523044784492175,46.05
2017-12-03 14:00:00+01:00,13.31,26.387474927919563,40.76
2017-12-03 15:00:00+01:00,12.29,25.44092824703111,35.58
2017-12-03 16:00:00+01:00,12.0,27.042947544531042,32.19
2017-12-03 17:00:00+01:00,12.0,33.58248160330835,36.0
2017-12-03 18:00:00+01:00,23.76,38.88428417812513,42.59
2017-12-03 19:00:00+01:00,37.1,39.661523466594105,49.83
2017-12-03 20:00:00+01:00,38.9,37.80686964430086,49.83
2017-12-03 21:00:00+01:00,32.96,34.850652582313515,49.83
2017-12-03 22:00:00+01:00,34.41,30.302212187653968,43.46
2017-12-03 23:00:00+01:00,32.04,26.33621823297746,40.62
2017-12-04 00:00:00+01:00,51.53,27.63706387204126,31.25
2017-12-04 01:00:00+01:00,49.99,21.85567563152391,26.06
2017-12-04 02:00:00+01:00,46.62,18.189530112676408,23.23
2017-12-04 03:00:00+01:00,45.61,16.65113185015983,18.07
2017-12-04 04:00:00+01:00,46.21,17.18660932140996,14.26
2017-12-04 05:00:00+01:00,50.84,20.068120571546775,15.47
2017-12-04 06:00:00+01:00,53.69,28.081152069058202,17.26
2017-12-04 07:00:00+01:00,54.46,34.98433612643075,15.0
2017-12-04 08:00:00+01:00,55.58,36.65319995260517,14.69
2017-12-04 09:00:00+01:00,55.56,37.282942292308256,18.82
2017-12-04 10:00:00+01:00,54.69,35.039598459554476,17.49
2017-12-04 11:00:00+01:00,54.02,33.002290185911676,18.43
2017-12-04 12:00:00+01:00,54.0,30.850970600489596,17.46
2017-12-04 13:00:00+01:00,53.69,28.4334694113088,15.22
2017-12-04 14:00:00+01:00,51.54,26.628833416397686,13.31
2017-12-04 15:00:00+01:00,51.04,26.00247683288577,12.29
2017-12-04 16:00:00+01:00,50.69,27.790905370107872,12.0
2017-12-04 17:00:00+01:00,50.02,34.27282971391402,12.0
2017-12-04 18:00:00+01:00,49.54,41.01028052784393,23.76
2017-12-04 19:00:00+01:00,49.65,42.79438942131554,37.1
2017-12-04 20:00:00+01:00,53.69,40.64878170165514,38.9
2017-12-04 21:00:00+01:00,55.0,37.51665740477421,32.96
2017-12-04 22:00:00+01:00,54.5,34.19702962789327,34.41
2017-12-04 23:00:00+01:00,52.42,30.455445042481188,32.04
2017-12-05 00:00:00+01:00,38.44,50.28256336279073,51.53
2017-12-05 01:00:00+01:00,37.45,43.34261370930488,49.99
2017-12-05 02:00:00+01:00,37.01,39.52588890165511,46.62
2017-12-05 03:00:00+01:00,36.95,38.34720501057708,45.61
2017-12-05 04:00:00+01:00,36.76,39.273936131457326,46.21
2017-12-05 05:00:00+01:00,37.3,42.76481536463767,50.84
2017-12-05 06:00:00+01:00,38.19,50.69405331799962,53.69
2017-12-05 07:00:00+01:00,42.14,57.97906558403635,54.46
2017-12-05 08:00:00+01:00,48.18,60.647285292135294,55.58
2017-12-05 09:00:00+01:00,50.54,61.826275356245425,55.56
2017-12-05 10:00:00+01:00,48.18,60.23301697016094,54.69
2017-12-05 11:00:00+01:00,45.01,58.653733102379924,54.02
2017-12-05 12:00:00+01:00,47.32,56.96834541385495,54.0
2017-12-05 13:00:00+01:00,45.01,54.91942800344015,53.69
2017-12-05 14:00:00+01:00,40.69,53.25067291024461,51.54
2017-12-05 15:00:00+01:00,39.4,52.980285832175376,51.04
2017-12-05 16:00:00+01:00,38.44,54.911265947039595,50.69
2017-12-05 17:00:00+01:00,38.44,61.28676888726567,50.02
2017-12-05 18:00:00+01:00,40.65,68.34929308949529,49.54
2017-12-05 19:00:00+01:00,42.0,70.98151065731733,49.65
2017-12-05 20:00:00+01:00,48.18,69.90687517094374,53.69
2017-12-05 21:00:00+01:00,53.39,67.03624749333835,55.0
2017-12-05 22:00:00+01:00,52.69,63.92127746216035,54.5
2017-12-05 23:00:00+01:00,52.19,60.41347866141254,52.42
2017-12-06 00:00:00+01:00,41.59,49.08698297992488,38.44
2017-12-06 01:00:00+01:00,40.68,43.75464789989364,37.45
2017-12-06 02:00:00+01:00,40.54,39.6637582279709,37.01
2017-12-06 03:00:00+01:00,39.36,37.885534747047274,36.95
2017-12-06 04:00:00+01:00,40.54,38.15195903004843,36.76
2017-12-06 05:00:00+01:00,40.69,41.0688557727613,37.3
2017-12-06 06:00:00+01:00,41.91,48.24211671939412,38.19
2017-12-06 07:00:00+01:00,48.71,55.60090494193186,42.14
2017-12-06 08:00:00+01:00,51.51,58.8620786351799,48.18
2017-12-06 09:00:00+01:00,52.34,59.863132720316514,50.54
2017-12-06 10:00:00+01:00,52.99,57.96858366100569,48.18
2017-12-06 11:00:00+01:00,53.51,56.15892299669629,45.01
2017-12-06 12:00:00+01:00,54.03,54.71770923822303,47.32
2017-12-06 13:00:00+01:00,53.68,51.921938091159724,45.01
2017-12-06 14:00:00+01:00,52.99,49.5270407441883,40.69
2017-12-06 15:00:00+01:00,52.89,48.9185780950836,39.4
2017-12-06 16:00:00+01:00,52.99,50.2698727240518,38.44
2017-12-06 17:00:00+01:00,52.99,55.96235288657553,38.44
2017-12-06 18:00:00+01:00,52.48,63.11061769988003,40.65
2017-12-06 19:00:00+01:00,52.01,66.26011131436344,42.0
2017-12-06 20:00:00+01:00,52.89,66.17662584466821,48.18
2017-12-06 21:00:00+01:00,52.99,63.67725791114432,53.39
2017-12-06 22:00:00+01:00,51.04,60.43880633295547,52.69
2017-12-06 23:00:00+01:00,48.07,57.233519858003405,52.19
2017-12-07 00:00:00+01:00,50.9,43.687713023189126,41.59
2017-12-07 01:00:00+01:00,47.21,38.86223960207957,40.68
2017-12-07 02:00:00+01:00,45.25,34.70991256925534,40.54
2017-12-07 03:00:00+01:00,43.5,32.69619663238798,39.36
2017-12-07 04:00:00+01:00,43.21,33.036696731421394,40.54
2017-12-07 05:00:00+01:00,44.97,35.6416057362954,40.69
2017-12-07 06:00:00+01:00,46.55,42.490044843454264,41.91
2017-12-07 07:00:00+01:00,50.0,50.072771072949664,48.71
2017-12-07 08:00:00+01:00,51.79,52.95513314196961,51.51
2017-12-07 09:00:00+01:00,53.12,53.565808877585084,52.34
2017-12-07 10:00:00+01:00,53.34,51.56672781932426,52.99
2017-12-07 11:00:00+01:00,53.25,49.47208248250124,53.51
2017-12-07 12:00:00+01:00,53.89,47.82213830748975,54.03
2017-12-07 13:00:00+01:00,53.89,45.11509408195833,53.68
2017-12-07 14:00:00+01:00,52.5,42.81259320053117,52.99
2017-12-07 15:00:00+01:00,51.73,42.249761598897564,52.89
2017-12-07 16:00:00+01:00,50.88,43.59388044761347,52.99
2017-12-07 17:00:00+01:00,51.66,49.00959169990184,52.99
2017-12-07 18:00:00+01:00,50.41,55.743749589259764,52.48
2017-12-07 19:00:00+01:00,49.57,58.793956186704285,52.01
2017-12-07 20:00:00+01:00,51.74,58.662464925408926,52.89
2017-12-07 21:00:00+01:00,52.15,55.84577498935553,52.99
2017-12-07 22:00:00+01:00,51.79,51.87383912585739,51.04
2017-12-07 23:00:00+01:00,49.57,47.9903495807725,48.07
2017-12-08 00:00:00+01:00,45.3,46.00845848843713,50.9
2017-12-08 01:00:00+01:00,45.0,40.97420363749056,47.21
2017-12-08 02:00:00+01:00,39.52,36.78186815743262,45.25
2017-12-08 03:00:00+01:00,36.0,34.29234021467482,43.5
2017-12-08 04:00:00+01:00,34.5,34.203806722835864,43.21
2017-12-08 05:00:00+01:00,34.5,36.49967946081918,44.97
2017-12-08 06:00:00+01:00,36.3,42.690992980685934,46.55
2017-12-08 07:00:00+01:00,36.0,50.32928872985451,50.0
2017-12-08 08:00:00+01:00,39.0,53.69680873223423,51.79
2017-12-08 09:00:00+01:00,43.8,54.69820697677421,53.12
2017-12-08 10:00:00+01:00,43.87,52.98371156124209,53.34
2017-12-08 11:00:00+01:00,46.46,50.9354437228387,53.25
2017-12-08 12:00:00+01:00,46.46,49.24248737557175,53.89
2017-12-08 13:00:00+01:00,46.5,46.29400828374249,53.89
2017-12-08 14:00:00+01:00,46.85,43.428164822625526,52.5
2017-12-08 15:00:00+01:00,46.51,42.328374312739435,51.73
2017-12-08 16:00:00+01:00,46.76,43.060794574806934,50.88
2017-12-08 17:00:00+01:00,46.76,47.83881333932344,51.66
2017-12-08 18:00:00+01:00,47.5,54.17124949429086,50.41
2017-12-08 19:00:00+01:00,46.76,57.78002339099723,49.57
2017-12-08 20:00:00+01:00,46.96,58.549765474896304,51.74
2017-12-08 21:00:00+01:00,46.84,56.16718253531188,52.15
2017-12-08 22:00:00+01:00,45.4,52.61651935979069,51.79
2017-12-08 23:00:00+01:00,43.82,48.94583012769396,49.57
2017-12-09 00:00:00+01:00,48.9,39.48183307608745,45.3
2017-12-09 01:00:00+01:00,44.01,34.56674200150476,45.0
2017-12-09 02:00:00+01:00,42.66,29.845041069504084,39.52
2017-12-09 03:00:00+01:00,43.2,27.504431819143655,36.0
2017-12-09 04:00:00+01:00,42.82,27.608906826142324,34.5
2017-12-09 05:00:00+01:00,44.01,30.02093564028162,34.5
2017-12-09 06:00:00+01:00,49.69,36.21906304177278,36.3
2017-12-09 07:00:00+01:00,50.0,43.50912375470947,36.0
2017-12-09 08:00:00+01:00,50.11,47.261300225016825,39.0
2017-12-09 09:00:00+01:00,52.11,48.40788163951117,43.8
2017-12-09 10:00:00+01:00,51.2,46.306344080371545,43.87
2017-12-09 11:00:00+01:00,50.91,44.28666864238344,46.46
2017-12-09 12:00:00+01:00,52.24,42.246871620145484,46.46
2017-12-09 13:00:00+01:00,52.47,39.4452522285971,46.5
2017-12-09 14:00:00+01:00,51.2,36.79044844434983,46.85
2017-12-09 15:00:00+01:00,50.69,35.68948836793316,46.51
2017-12-09 16:00:00+01:00,50.07,36.52000525410025,46.76
2017-12-09 17:00:00+01:00,50.89,41.14698202612384,46.76
2017-12-09 18:00:00+01:00,50.9,47.365604932422734,47.5
2017-12-09 19:00:00+01:00,51.6,50.78673822702495,46.76
2017-12-09 20:00:00+01:00,53.6,51.49664704762426,46.96
2017-12-09 21:00:00+01:00,54.91,49.00562897636979,46.84
2017-12-09 22:00:00+01:00,53.81,45.01116616671403,45.4
2017-12-09 23:00:00+01:00,52.34,40.705340994045905,43.82
2017-12-10 00:00:00+01:00,64.05,49.31131463864466,48.9
2017-12-10 01:00:00+01:00,61.84,44.177813359808574,44.01
2017-12-10 02:00:00+01:00,56.12,39.882397868294035,42.66
2017-12-10 03:00:00+01:00,52.5,37.47723537398247,43.2
2017-12-10 04:00:00+01:00,50.0,37.125405860219004,42.82
2017-12-10 05:00:00+01:00,49.55,39.2833114873857,44.01
2017-12-10 06:00:00+01:00,54.54,45.35176797863642,49.69
2017-12-10 07:00:00+01:00,63.76,52.03294706847343,50.0
2017-12-10 08:00:00+01:00,62.65,56.27449938726767,50.11
2017-12-10 09:00:00+01:00,64.99,58.145817081303015,52.11
2017-12-10 10:00:00+01:00,64.05,56.32781714316817,51.2
2017-12-10 11:00:00+01:00,63.0,54.5312418271125,50.91
2017-12-10 12:00:00+01:00,59.14,52.71191970215432,52.24
2017-12-10 13:00:00+01:00,58.0,49.82754186455823,52.47
2017-12-10 14:00:00+01:00,57.29,46.85099243971203,51.2
2017-12-10 15:00:00+01:00,56.54,45.47776728831566,50.69
2017-12-10 16:00:00+01:00,55.0,45.953257662942626,50.07
2017-12-10 17:00:00+01:00,60.02,50.208530382128146,50.89
2017-12-10 18:00:00+01:00,64.05,56.32575119497787,50.9
2017-12-10 19:00:00+01:00,66.51,60.52073479406343,51.6
2017-12-10 20:00:00+01:00,69.02,62.27728719935289,53.6
2017-12-10 21:00:00+01:00,67.12,60.706684869167276,54.91
2017-12-10 22:00:00+01:00,63.14,57.33809974935565,53.81
2017-12-10 23:00:00+01:00,57.44,53.76494013754589,52.34
2017-12-11 00:00:00+01:00,60.0,55.9474204105382,64.05
2017-12-11 01:00:00+01:00,51.56,49.71570601121304,61.84
2017-12-11 02:00:00+01:00,48.13,44.791892754815144,56.12
2017-12-11 03:00:00+01:00,45.38,42.279542882369796,52.5
2017-12-11 04:00:00+01:00,44.78,41.81037616923099,50.0
2017-12-11 05:00:00+01:00,44.53,43.92824218253865,49.55
2017-12-11 06:00:00+01:00,44.53,50.18050628130839,54.54
2017-12-11 07:00:00+01:00,45.08,57.28605637283645,63.76
2017-12-11 08:00:00+01:00,48.33,60.92895796398656,62.65
2017-12-11 09:00:00+01:00,50.0,63.376606152377505,64.99
2017-12-11 10:00:00+01:00,52.93,61.765382474007914,64.05
2017-12-11 11:00:00+01:00,53.22,60.07464933766516,63.0
2017-12-11 12:00:00+01:00,51.3,58.09153985803296,59.14
2017-12-11 13:00:00+01:00,52.5,55.6046247968023,58.0
2017-12-11 14:00:00+01:00,49.75,52.75564923737529,57.29
2017-12-11 15:00:00+01:00,47.93,51.24574461099786,56.54
2017-12-11 16:00:00+01:00,46.2,51.43330754933092,55.0
2017-12-11 17:00:00+01:00,51.05,55.85750583232413,60.02
2017-12-11 18:00:00+01:00,61.84,61.64177959708325,64.05
2017-12-11 19:00:00+01:00,64.19,65.72094441887262,66.51
2017-12-11 20:00:00+01:00,63.78,67.56421965075634,69.02
2017-12-11 21:00:00+01:00,60.55,65.75573254908704,67.12
2017-12-11 22:00:00+01:00,54.1,62.18249704967725,63.14
2017-12-11 23:00:00+01:00,49.87,58.69921682623208,57.44
2017-12-12 00:00:00+01:00,53.98,47.8901211263923,60.0
2017-12-12 01:00:00+01:00,50.62,40.6473521524523,51.56
2017-12-12 02:00:00+01:00,49.28,35.74717379026973,48.13
2017-12-12 03:00:00+01:00,48.69,33.08547417999102,45.38
2017-12-12 04:00:00+01:00,48.69,32.695651080398136,44.78
2017-12-12 05:00:00+01:00,51.58,34.6891911177137,44.53
2017-12-12 06:00:00+01:00,60.99,40.63845501810596,44.53
2017-12-12 07:00:00+01:00,76.0,47.58789847567605,45.08
2017-12-12 08:00:00+01:00,75.07,51.41153521709755,48.33
2017-12-12 09:00:00+01:00,77.53,53.352998292974235,50.0
2017-12-12 10:00:00+01:00,77.51,51.746607426388664,52.93
2017-12-12 11:00:00+01:00,76.46,49.494040101226716,53.22
2017-12-12 12:00:00+01:00,75.07,47.07941278518713,51.3
2017-12-12 13:00:00+01:00,74.84,44.775783631543995,52.5
2017-12-12 14:00:00+01:00,72.72,41.711103053719725,49.75
2017-12-12 15:00:00+01:00,71.7,40.2939518745364,47.93
2017-12-12 16:00:00+01:00,73.0,40.543358242382155,46.2
2017-12-12 17:00:00+01:00,77.69,45.34973359428881,51.05
2017-12-12 18:00:00+01:00,83.64,51.5428012770631,61.84
2017-12-12 19:00:00+01:00,85.01,54.718350266825524,64.19
2017-12-12 20:00:00+01:00,78.0,55.86983730300112,63.78
2017-12-12 21:00:00+01:00,76.42,53.52092319542802,60.55
2017-12-12 22:00:00+01:00,71.58,49.20421243256405,54.1
2017-12-12 23:00:00+01:00,70.07,45.037410326581934,49.87
2017-12-13 00:00:00+01:00,71.01,69.40092144967336,53.98
2017-12-13 01:00:00+01:00,62.97,62.653397096439576,50.62
2017-12-13 02:00:00+01:00,55.38,58.12424092267508,49.28
2017-12-13 03:00:00+01:00,54.72,55.50145526702942,48.69
2017-12-13 04:00:00+01:00,54.13,55.00878971291241,48.69
2017-12-13 05:00:00+01:00,54.08,57.094166656833394,51.58
2017-12-13 06:00:00+01:00,55.42,63.355251820635736,60.99
2017-12-13 07:00:00+01:00,73.8,70.98107566767541,76.0
2017-12-13 08:00:00+01:00,77.69,74.17312779788139,75.07
2017-12-13 09:00:00+01:00,78.0,77.15050796524756,77.53
2017-12-13 10:00:00+01:00,77.71,76.33012435321962,77.51
2017-12-13 11:00:00+01:00,77.02,74.58884625289991,76.46
2017-12-13 12:00:00+01:00,76.42,72.54220016110877,75.07
2017-12-13 13:00:00+01:00,76.1,70.61605573080918,74.84
2017-12-13 14:00:00+01:00,72.98,67.53476635150592,72.72
2017-12-13 15:00:00+01:00,71.7,66.04395625612433,71.7
2017-12-13 16:00:00+01:00,71.7,66.28165503751407,73.0
2017-12-13 17:00:00+01:00,74.98,70.95069017560922,77.69
2017-12-13 18:00:00+01:00,77.74,77.28579173698498,83.64
2017-12-13 19:00:00+01:00,78.17,80.75843080071452,85.01
2017-12-13 20:00:00+01:00,76.63,82.01317326756089,78.0
2017-12-13 21:00:00+01:00,71.01,81.19434777675349,76.42
2017-12-13 22:00:00+01:00,69.48,77.62186928945738,71.58
2017-12-13 23:00:00+01:00,59.99,74.41539047177798,70.07
2017-12-14 00:00:00+01:00,54.08,58.871880231668726,71.01
2017-12-14 01:00:00+01:00,47.39,50.98743946044645,62.97
2017-12-14 02:00:00+01:00,45.0,45.615344735683244,55.38
2017-12-14 03:00:00+01:00,45.0,42.9916218796667,54.72
2017-12-14 04:00:00+01:00,44.97,42.08902351261539,54.13
2017-12-14 05:00:00+01:00,46.99,43.726626565421824,54.08
2017-12-14 06:00:00+01:00,52.43,49.46490737161872,55.42
2017-12-14 07:00:00+01:00,61.04,57.97600134173579,73.8
2017-12-14 08:00:00+01:00,66.78,59.84337381934293,77.69
2017-12-14 09:00:00+01:00,70.97,61.621129172120824,78.0
2017-12-14 10:00:00+01:00,70.32,60.23151414687812,77.71
2017-12-14 11:00:00+01:00,67.44,57.87437385361553,77.02
2017-12-14 12:00:00+01:00,63.31,55.328621424833784,76.42
2017-12-14 13:00:00+01:00,63.1,52.980631298322095,76.1
2017-12-14 14:00:00+01:00,61.26,49.53049270682442,72.98
2017-12-14 15:00:00+01:00,63.1,47.915856813926965,71.7
2017-12-14 16:00:00+01:00,67.14,48.029986989189496,71.7
2017-12-14 17:00:00+01:00,71.69,52.48933984611318,74.98
2017-12-14 18:00:00+01:00,75.51,58.321769048734836,77.74
2017-12-14 19:00:00+01:00,75.46,61.24167164071051,78.17
2017-12-14 20:00:00+01:00,71.0,61.70425856626186,76.63
2017-12-14 21:00:00+01:00,69.65,59.72577841243751,71.01
2017-12-14 22:00:00+01:00,61.03,55.73498909799335,69.48
2017-12-14 23:00:00+01:00,54.72,51.39155301947361,59.99
2017-12-15 00:00:00+01:00,48.23,53.470258315813304,54.08
2017-12-15 01:00:00+01:00,40.5,46.285914087595586,47.39
2017-12-15 02:00:00+01:00,37.3,41.3502128532072,45.0
2017-12-15 03:00:00+01:00,31.99,38.92510163925276,45.0
2017-12-15 04:00:00+01:00,29.85,38.04148426859395,44.97
2017-12-15 05:00:00+01:00,34.7,39.74276079526966,46.99
2017-12-15 06:00:00+01:00,47.19,45.50132147145718,52.43
2017-12-15 07:00:00+01:00,58.18,54.08957101140511,61.04
2017-12-15 08:00:00+01:00,70.97,56.34208951412192,66.78
2017-12-15 09:00:00+01:00,71.7,58.088007502694644,70.97
2017-12-15 10:00:00+01:00,71.25,56.637889431377175,70.32
2017-12-15 11:00:00+01:00,70.73,54.27829545920931,67.44
2017-12-15 12:00:00+01:00,67.69,51.755744421034606,63.31
2017-12-15 13:00:00+01:00,65.6,49.82106683225418,63.1
2017-12-15 14:00:00+01:00,62.66,46.434167650430155,61.26
2017-12-15 15:00:00+01:00,60.45,44.99241753881148,63.1
2017-12-15 16:00:00+01:00,64.93,45.124289318533116,67.14
2017-12-15 17:00:00+01:00,71.69,49.17491156398493,71.69
2017-12-15 18:00:00+01:00,74.85,54.67240888512519,75.51
2017-12-15 19:00:00+01:00,71.69,57.36841177179926,75.46
2017-12-15 20:00:00+01:00,70.84,57.574246707613845,71.0
2017-12-15 21:00:00+01:00,70.41,56.02884781692636,69.65
2017-12-15 22:00:00+01:00,63.13,51.683966096024314,61.03
2017-12-15 23:00:00+01:00,56.07,47.41397550600012,54.72
2017-12-16 00:00:00+01:00,53.66,55.4935968571441,48.23
2017-12-16 01:00:00+01:00,50.05,49.151630214873464,40.5
2017-12-16 02:00:00+01:00,47.58,44.6386721754945,37.3
2017-12-16 03:00:00+01:00,39.62,41.73421424043178,31.99
2017-12-16 04:00:00+01:00,37.68,40.67981509350631,29.85
2017-12-16 05:00:00+01:00,38.0,42.48508760768291,34.7
2017-12-16 06:00:00+01:00,44.84,48.29541266271311,47.19
2017-12-16 07:00:00+01:00,49.57,56.43888122790396,58.18
2017-12-16 08:00:00+01:00,58.45,59.34959873712796,70.97
2017-12-16 09:00:00+01:00,63.53,60.20788791464534,71.7
2017-12-16 10:00:00+01:00,65.8,58.95999842501526,71.25
2017-12-16 11:00:00+01:00,63.49,56.69913258659484,70.73
2017-12-16 12:00:00+01:00,60.28,53.846205280456935,67.69
2017-12-16 13:00:00+01:00,55.8,51.76067662394407,65.6
2017-12-16 14:00:00+01:00,55.28,48.100926373533284,62.66
2017-12-16 15:00:00+01:00,54.8,46.20985941911007,60.45
2017-12-16 16:00:00+01:00,55.8,46.484892486094815,64.93
2017-12-16 17:00:00+01:00,65.6,50.16975400107868,71.69
2017-12-16 18:00:00+01:00,72.32,55.16272224709459,74.85
2017-12-16 19:00:00+01:00,75.69,57.78542129715929,71.69
2017-12-16 20:00:00+01:00,75.19,58.946706980594456,70.84
2017-12-16 21:00:00+01:00,72.77,58.385809945145375,70.41
2017-12-16 22:00:00+01:00,70.32,54.38509011498806,63.13
2017-12-16 23:00:00+01:00,55.73,50.94744078971886,56.07
2017-12-17 00:00:00+01:00,55.06,56.14057940781092,53.66
2017-12-17 01:00:00+01:00,50.4,50.18056343346144,50.05
2017-12-17 02:00:00+01:00,46.7,45.643306527711346,47.58
2017-12-17 03:00:00+01:00,40.3,42.10159227049192,39.62
2017-12-17 04:00:00+01:00,36.0,41.42546923358384,37.68
2017-12-17 05:00:00+01:00,37.68,43.31335751900747,38.0
2017-12-17 06:00:00+01:00,38.76,49.49129250862268,44.84
2017-12-17 07:00:00+01:00,43.84,57.419201053420736,49.57
2017-12-17 08:00:00+01:00,48.51,61.356752127905914,58.45
2017-12-17 09:00:00+01:00,51.72,62.35717116403101,63.53
2017-12-17 10:00:00+01:00,55.13,61.256433683002555,65.8
2017-12-17 11:00:00+01:00,54.92,58.882251034864375,63.49
2017-12-17 12:00:00+01:00,54.41,56.18701027506956,60.28
2017-12-17 13:00:00+01:00,55.25,54.11826930977843,55.8
2017-12-17 14:00:00+01:00,52.31,51.13813350751,55.28
2017-12-17 15:00:00+01:00,50.14,49.29289290197739,54.8
2017-12-17 16:00:00+01:00,51.88,49.60679118707994,55.8
2017-12-17 17:00:00+01:00,62.57,53.85876260242166,65.6
2017-12-17 18:00:00+01:00,71.8,58.53500961995985,72.32
2017-12-17 19:00:00+01:00,76.19,61.03433797928612,75.69
2017-12-17 20:00:00+01:00,78.33,61.945446705053925,75.19
2017-12-17 21:00:00+01:00,79.32,61.313566271214754,72.77
2017-12-17 22:00:00+01:00,75.19,57.58550134719392,70.32
2017-12-17 23:00:00+01:00,69.46,53.65341148896217,55.73
2017-12-18 00:00:00+01:00,57.03,69.65182808132056,55.06
2017-12-18 01:00:00+01:00,47.97,64.06481830946372,50.4
2017-12-18 02:00:00+01:00,46.59,59.932776944588554,46.7
2017-12-18 03:00:00+01:00,46.59,56.81199127750649,40.3
2017-12-18 04:00:00+01:00,46.59,56.90501203472003,36.0
2017-12-18 05:00:00+01:00,47.97,59.999482801571595,37.68
2017-12-18 06:00:00+01:00,51.68,66.69767193583165,38.76
2017-12-18 07:00:00+01:00,71.01,75.57028076427281,43.84
2017-12-18 08:00:00+01:00,72.84,80.38435224579509,48.51
2017-12-18 09:00:00+01:00,71.74,82.04719372249433,51.72
2017-12-18 10:00:00+01:00,71.69,81.54002626439618,55.13
2017-12-18 11:00:00+01:00,72.05,79.42537837884305,54.92
2017-12-18 12:00:00+01:00,70.62,77.27566267266175,54.41
2017-12-18 13:00:00+01:00,70.97,75.91269977352248,55.25
2017-12-18 14:00:00+01:00,71.35,73.48242828917239,52.31
2017-12-18 15:00:00+01:00,72.05,72.53577926093595,50.14
2017-12-18 16:00:00+01:00,73.5,74.00062312327115,51.88
2017-12-18 17:00:00+01:00,75.0,79.72965618802324,62.57
2017-12-18 18:00:00+01:00,79.94,85.28826866189529,71.8
2017-12-18 19:00:00+01:00,77.71,88.31168348722494,76.19
2017-12-18 20:00:00+01:00,73.1,89.64254392887247,78.33
2017-12-18 21:00:00+01:00,69.26,89.31131344794855,79.32
2017-12-18 22:00:00+01:00,63.42,85.65216981009313,75.19
2017-12-18 23:00:00+01:00,55.99,81.05477734278969,69.46
2017-12-19 00:00:00+01:00,50.25,54.650270163650404,57.03
2017-12-19 01:00:00+01:00,47.97,49.03846839254131,47.97
2017-12-19 02:00:00+01:00,43.08,44.746302728116476,46.59
2017-12-19 03:00:00+01:00,38.3,40.86952620528153,46.59
2017-12-19 04:00:00+01:00,38.89,39.80184391521331,46.59
2017-12-19 05:00:00+01:00,44.9,41.82302855186705,47.97
2017-12-19 06:00:00+01:00,50.14,47.48221591343405,51.68
2017-12-19 07:00:00+01:00,67.52,56.59583132813573,71.01
2017-12-19 08:00:00+01:00,71.0,59.47322112398094,72.84
2017-12-19 09:00:00+01:00,72.19,60.17070752477112,71.74
2017-12-19 10:00:00+01:00,73.02,59.083641185796566,71.69
2017-12-19 11:00:00+01:00,72.19,56.32016291901616,72.05
2017-12-19 12:00:00+01:00,70.97,53.187080703211564,70.62
2017-12-19 13:00:00+01:00,70.8,51.05541719081628,70.97
2017-12-19 14:00:00+01:00,70.2,47.8929829269954,71.35
2017-12-19 15:00:00+01:00,70.32,46.031356500113525,72.05
2017-12-19 16:00:00+01:00,71.01,46.54337227847102,73.5
2017-12-19 17:00:00+01:00,73.02,51.12518835188379,75.0
2017-12-19 18:00:00+01:00,78.17,56.217402916310476,79.94
2017-12-19 19:00:00+01:00,76.74,58.16894417696828,77.71
2017-12-19 20:00:00+01:00,72.04,58.74373909371082,73.1
2017-12-19 21:00:00+01:00,71.01,57.98067756316609,69.26
2017-12-19 22:00:00+01:00,66.0,53.81321499883089,63.42
2017-12-19 23:00:00+01:00,60.05,48.61195281985529,55.99
2017-12-20 00:00:00+01:00,54.13,58.316762500609954,50.25
2017-12-20 01:00:00+01:00,51.9,53.336276294927124,47.97
2017-12-20 02:00:00+01:00,49.1,48.84548214660938,43.08
2017-12-20 03:00:00+01:00,47.89,45.07634531394828,38.3
2017-12-20 04:00:00+01:00,47.57,44.44259649649433,38.89
2017-12-20 05:00:00+01:00,49.56,46.93206353360645,44.9
2017-12-20 06:00:00+01:00,57.35,52.50864619793221,50.14
2017-12-20 07:00:00+01:00,72.19,62.585595632148944,67.52
2017-12-20 08:00:00+01:00,75.19,65.13472060728189,71.0
2017-12-20 09:00:00+01:00,76.11,66.02013490194106,72.19
2017-12-20 10:00:00+01:00,75.78,65.2970543350367,73.02
2017-12-20 11:00:00+01:00,73.94,62.801859426290136,72.19
2017-12-20 12:00:00+01:00,73.8,59.930425634646575,70.97
2017-12-20 13:00:00+01:00,73.72,58.054766584325655,70.8
2017-12-20 14:00:00+01:00,72.19,55.18719936743428,70.2
2017-12-20 15:00:00+01:00,72.05,53.509720387676246,70.32
2017-12-20 16:00:00+01:00,72.19,54.06000888950024,71.01
2017-12-20 17:00:00+01:00,73.8,58.554264049321816,73.02
2017-12-20 18:00:00+01:00,76.44,63.96732643332275,78.17
2017-12-20 19:00:00+01:00,77.0,65.7122180636195,76.74
2017-12-20 20:00:00+01:00,73.02,66.1059504125631,72.04
2017-12-20 21:00:00+01:00,71.35,65.7140048919475,71.01
2017-12-20 22:00:00+01:00,65.0,61.49014971917888,66.0
2017-12-20 23:00:00+01:00,63.12,56.13168077002689,60.05
2017-12-21 00:00:00+01:00,62.07,60.73084941226464,54.13
2017-12-21 01:00:00+01:00,53.6,56.40842511795829,51.9
2017-12-21 02:00:00+01:00,51.0,52.03691673703678,49.1
2017-12-21 03:00:00+01:00,46.14,48.53608017346899,47.89
2017-12-21 04:00:00+01:00,45.1,47.93369020460207,47.57
2017-12-21 05:00:00+01:00,50.84,50.54374407060776,49.56
2017-12-21 06:00:00+01:00,57.51,56.5353954786491,57.35
2017-12-21 07:00:00+01:00,70.19,66.9802611872996,72.19
2017-12-21 08:00:00+01:00,70.91,69.2807038611044,75.19
2017-12-21 09:00:00+01:00,71.35,70.14997299555272,76.11
2017-12-21 10:00:00+01:00,70.97,69.46284376945027,75.78
2017-12-21 11:00:00+01:00,70.5,66.98472247851564,73.94
2017-12-21 12:00:00+01:00,68.71,64.27239870493345,73.8
2017-12-21 13:00:00+01:00,69.75,62.30071927990414,73.72
2017-12-21 14:00:00+01:00,70.62,59.351492546388265,72.19
2017-12-21 15:00:00+01:00,70.69,57.656248571842376,72.05
2017-12-21 16:00:00+01:00,70.9,58.01497952560631,72.19
2017-12-21 17:00:00+01:00,71.69,62.26350217078961,73.8
2017-12-21 18:00:00+01:00,73.66,67.6480507410744,76.44
2017-12-21 19:00:00+01:00,75.72,69.51347088576472,77.0
2017-12-21 20:00:00+01:00,73.04,69.63167966489614,73.02
2017-12-21 21:00:00+01:00,71.69,69.45630551037584,71.35
2017-12-21 22:00:00+01:00,70.19,65.19532402415658,65.0
2017-12-21 23:00:00+01:00,67.12,60.024247436679026,63.12
2017-12-22 00:00:00+01:00,61.69,64.88259545101006,62.07
2017-12-22 01:00:00+01:00,50.2,60.27292986046855,53.6
2017-12-22 02:00:00+01:00,47.96,56.48811561380613,51.0
2017-12-22 03:00:00+01:00,44.75,52.84277952801246,46.14
2017-12-22 04:00:00+01:00,44.75,52.34532859856442,45.1
2017-12-22 05:00:00+01:00,44.75,55.311399199421665,50.84
2017-12-22 06:00:00+01:00,50.2,61.171090087342385,57.51
2017-12-22 07:00:00+01:00,65.12,71.81587127310543,70.19
2017-12-22 08:00:00+01:00,67.58,73.90537985851621,70.91
2017-12-22 09:00:00+01:00,67.84,74.97535147734295,71.35
2017-12-22 10:00:00+01:00,68.23,74.5237926705163,70.97
2017-12-22 11:00:00+01:00,67.08,72.36878540784556,70.5
2017-12-22 12:00:00+01:00,64.99,69.7445705742388,68.71
2017-12-22 13:00:00+01:00,62.3,68.10566086962649,69.75
2017-12-22 14:00:00+01:00,62.02,65.3960516156643,70.62
2017-12-22 15:00:00+01:00,60.93,63.677461476234065,70.69
2017-12-22 16:00:00+01:00,60.51,64.00104277136892,70.9
2017-12-22 17:00:00+01:00,63.3,68.10356415547423,71.69
2017-12-22 18:00:00+01:00,69.08,73.63702325246439,73.66
2017-12-22 19:00:00+01:00,68.67,75.99972241362325,75.72
2017-12-22 20:00:00+01:00,66.83,76.10160165974982,73.04
2017-12-22 21:00:00+01:00,64.69,76.27551974872964,71.69
2017-12-22 22:00:00+01:00,62.19,72.58333144363677,70.19
2017-12-22 23:00:00+01:00,55.07,67.67489614192023,67.12
2017-12-23 00:00:00+01:00,49.52,52.4204628306113,61.69
2017-12-23 01:00:00+01:00,43.69,47.063923181280934,50.2
2017-12-23 02:00:00+01:00,40.17,43.55494110896297,47.96
2017-12-23 03:00:00+01:00,38.0,39.464071350786455,44.75
2017-12-23 04:00:00+01:00,39.85,38.547305566503915,44.75
2017-12-23 05:00:00+01:00,40.49,40.807153433518266,44.75
2017-12-23 06:00:00+01:00,42.0,46.46060705257605,50.2
2017-12-23 07:00:00+01:00,44.01,57.14165642916635,65.12
2017-12-23 08:00:00+01:00,48.48,58.564318402862824,67.58
2017-12-23 09:00:00+01:00,50.9,59.14776833631616,67.84
2017-12-23 10:00:00+01:00,60.84,58.48856886429253,68.23
2017-12-23 11:00:00+01:00,60.99,56.038421908012715,67.08
2017-12-23 12:00:00+01:00,58.01,53.06640206147797,64.99
2017-12-23 13:00:00+01:00,61.59,50.99073355595798,62.3
2017-12-23 14:00:00+01:00,61.59,48.27466870058641,62.02
2017-12-23 15:00:00+01:00,60.0,46.1420625799495,60.93
2017-12-23 16:00:00+01:00,58.77,46.04721512185444,60.51
2017-12-23 17:00:00+01:00,61.59,49.79881127260965,63.3
2017-12-23 18:00:00+01:00,68.71,55.16269520711633,69.08
2017-12-23 19:00:00+01:00,69.48,56.970790663561345,68.67
2017-12-23 20:00:00+01:00,69.26,56.795270129717956,66.83
2017-12-23 21:00:00+01:00,65.45,56.60171717693436,64.69
2017-12-23 22:00:00+01:00,62.72,52.842376031938485,62.19
2017-12-23 23:00:00+01:00,61.4,47.60319097532979,55.07
2017-12-24 00:00:00+01:00,50.9,58.461786164132995,49.52
2017-12-24 01:00:00+01:00,46.1,53.734606983947664,43.69
2017-12-24 02:00:00+01:00,42.0,50.737949038799435,40.17
2017-12-24 03:00:00+01:00,38.19,47.272758353364075,38.0
2017-12-24 04:00:00+01:00,35.7,46.907452628403604,39.85
2017-12-24 05:00:00+01:00,37.46,49.277306525421615,40.49
2017-12-24 06:00:00+01:00,40.86,55.17438547058157,42.0
2017-12-24 07:00:00+01:00,43.84,65.96328907030278,44.01
2017-12-24 08:00:00+01:00,44.69,68.8666183600039,48.48
2017-12-24 09:00:00+01:00,47.7,69.94322147773543,50.9
2017-12-24 10:00:00+01:00,51.59,70.50317836830013,60.84
2017-12-24 11:00:00+01:00,51.32,67.88415244010915,60.99
2017-12-24 12:00:00+01:00,50.9,65.05054405051358,58.01
2017-12-24 13:00:00+01:00,54.0,63.84146620450648,61.59
2017-12-24 14:00:00+01:00,54.6,61.30967303704038,61.59
2017-12-24 15:00:00+01:00,51.32,59.34560005035986,60.0
2017-12-24 16:00:00+01:00,52.0,59.46124860941086,58.77
2017-12-24 17:00:00+01:00,59.89,63.592418100623945,61.59
2017-12-24 18:00:00+01:00,67.0,69.56965051606248,68.71
2017-12-24 19:00:00+01:00,69.7,71.54974222500626,69.48
2017-12-24 20:00:00+01:00,70.52,71.83585696831837,69.26
2017-12-24 21:00:00+01:00,69.26,71.75699385562953,65.45
2017-12-24 22:00:00+01:00,63.09,68.7873814302848,62.72
2017-12-24 23:00:00+01:00,59.74,63.778355844886626,61.4
2017-12-25 00:00:00+01:00,64.69,56.57470840341327,50.9
2017-12-25 01:00:00+01:00,61.2,53.024256638336574,46.1
2017-12-25 02:00:00+01:00,56.72,50.51207615369871,42.0
2017-12-25 03:00:00+01:00,51.32,47.27075800638401,38.19
2017-12-25 04:00:00+01:00,46.4,46.635086378977284,35.7
2017-12-25 05:00:00+01:00,45.0,48.83959830239517,37.46
2017-12-25 06:00:00+01:00,41.5,54.19506433514072,40.86
2017-12-25 07:00:00+01:00,41.1,64.2652494783852,43.84
2017-12-25 08:00:00+01:00,40.82,67.51581097626074,44.69
2017-12-25 09:00:00+01:00,42.56,68.9445436689085,47.7
2017-12-25 10:00:00+01:00,51.32,69.82930498737578,51.59
2017-12-25 11:00:00+01:00,52.25,67.2319293518892,51.32
2017-12-25 12:00:00+01:00,51.8,64.41902418925623,50.9
2017-12-25 13:00:00+01:00,49.0,63.394980815421206,54.0
2017-12-25 14:00:00+01:00,39.92,60.666458175119466,54.6
2017-12-25 15:00:00+01:00,27.3,57.99663787923183,51.32
2017-12-25 16:00:00+01:00,25.8,57.850218499779835,52.0
2017-12-25 17:00:00+01:00,34.05,61.85062235262645,59.89
2017-12-25 18:00:00+01:00,40.79,67.26321777796669,67.0
2017-12-25 19:00:00+01:00,50.0,68.90826224921607,69.7
2017-12-25 20:00:00+01:00,52.35,69.10603781978648,70.52
2017-12-25 21:00:00+01:00,57.73,69.10732286776118,69.26
2017-12-25 22:00:00+01:00,57.28,66.4107538705186,63.09
2017-12-25 23:00:00+01:00,51.51,62.57663599226144,59.74
2017-12-26 00:00:00+01:00,45.89,48.68751907109926,64.69
2017-12-26 01:00:00+01:00,35.9,43.86297150549097,61.2
2017-12-26 02:00:00+01:00,30.4,40.54292392669369,56.72
2017-12-26 03:00:00+01:00,30.0,37.029846715701396,51.32
2017-12-26 04:00:00+01:00,30.0,36.27942596350155,46.4
2017-12-26 05:00:00+01:00,30.7,38.77979064286823,45.0
2017-12-26 06:00:00+01:00,40.85,44.07872774725901,41.5
2017-12-26 07:00:00+01:00,52.35,54.27265936875976,41.1
2017-12-26 08:00:00+01:00,57.84,58.29143982857483,40.82
2017-12-26 09:00:00+01:00,61.7,60.22728813251309,42.56
2017-12-26 10:00:00+01:00,62.2,61.717899323177946,51.32
2017-12-26 11:00:00+01:00,59.79,58.76740701423661,52.25
2017-12-26 12:00:00+01:00,54.25,55.835087623908244,51.8
2017-12-26 13:00:00+01:00,52.25,54.45901695935444,49.0
2017-12-26 14:00:00+01:00,45.89,51.43067049704351,39.92
2017-12-26 15:00:00+01:00,39.69,48.72298535582988,27.3
2017-12-26 16:00:00+01:00,37.5,49.65344577507703,25.8
2017-12-26 17:00:00+01:00,46.75,54.57021830192644,34.05
2017-12-26 18:00:00+01:00,54.25,60.061576727971634,40.79
2017-12-26 19:00:00+01:00,54.07,62.381739467065,50.0
2017-12-26 20:00:00+01:00,48.0,62.11127385126081,52.35
2017-12-26 21:00:00+01:00,47.89,62.009013917453956,57.73
2017-12-26 22:00:00+01:00,39.95,58.506026442071786,57.28
2017-12-26 23:00:00+01:00,31.84,53.79059626055141,51.51
2017-12-27 00:00:00+01:00,27.57,28.472967209904176,45.89
2017-12-27 01:00:00+01:00,19.53,22.75823245029013,35.9
2017-12-27 02:00:00+01:00,12.4,18.984372196461806,30.4
2017-12-27 03:00:00+01:00,10.0,15.239801894544144,30.0
2017-12-27 04:00:00+01:00,10.0,13.59919686491572,30.0
2017-12-27 05:00:00+01:00,11.93,15.101160905991224,30.7
2017-12-27 06:00:00+01:00,20.03,20.157335518849436,40.85
2017-12-27 07:00:00+01:00,34.86,29.274438745853438,52.35
2017-12-27 08:00:00+01:00,41.14,32.41997369262924,57.84
2017-12-27 09:00:00+01:00,46.19,33.518677050622486,61.7
2017-12-27 10:00:00+01:00,52.0,33.87601518995602,62.2
2017-12-27 11:00:00+01:00,50.4,30.164912199468453,59.79
2017-12-27 12:00:00+01:00,47.89,26.13340859293426,54.25
2017-12-27 13:00:00+01:00,49.99,24.090654832021293,52.25
2017-12-27 14:00:00+01:00,46.4,20.07895110105221,45.89
2017-12-27 15:00:00+01:00,46.48,16.621052492637542,39.69
2017-12-27 16:00:00+01:00,50.9,16.904784677213623,37.5
2017-12-27 17:00:00+01:00,56.09,21.81878836181993,46.75
2017-12-27 18:00:00+01:00,57.57,26.554905203335625,54.25
2017-12-27 19:00:00+01:00,57.8,27.87051916671295,54.07
2017-12-27 20:00:00+01:00,59.03,26.69350926023654,48.0
2017-12-27 21:00:00+01:00,59.02,26.464333807089137,47.89
2017-12-27 22:00:00+01:00,57.02,22.02729038233084,39.95
2017-12-27 23:00:00+01:00,52.35,16.951685343103495,31.84
2017-12-28 00:00:00+01:00,37.05,49.8921985951506,27.57
2017-12-28 01:00:00+01:00,30.0,45.10703234632901,19.53
2017-12-28 02:00:00+01:00,28.1,42.2984122150282,12.4
2017-12-28 03:00:00+01:00,26.0,39.99271828445335,10.0
2017-12-28 04:00:00+01:00,26.33,39.42373167636703,10.0
2017-12-28 05:00:00+01:00,29.86,41.81299141594182,11.93
2017-12-28 06:00:00+01:00,35.0,48.05928945882314,20.03
2017-12-28 07:00:00+01:00,44.0,58.399818817179586,34.86
2017-12-28 08:00:00+01:00,51.34,62.32732691227464,41.14
2017-12-28 09:00:00+01:00,54.4,64.45229139445595,46.19
2017-12-28 10:00:00+01:00,54.06,65.92227863261176,52.0
2017-12-28 11:00:00+01:00,53.13,62.890399125126976,50.4
2017-12-28 12:00:00+01:00,53.36,59.710382023808194,47.89
2017-12-28 13:00:00+01:00,52.23,58.80183384421747,49.99
2017-12-28 14:00:00+01:00,49.57,55.38180153607971,46.4
2017-12-28 15:00:00+01:00,49.9,53.028919767350345,46.48
2017-12-28 16:00:00+01:00,52.25,54.251610024951034,50.9
2017-12-28 17:00:00+01:00,54.25,59.7101762257168,56.09
2017-12-28 18:00:00+01:00,59.9,64.99089316780362,57.57
2017-12-28 19:00:00+01:00,61.21,67.37327489258743,57.8
2017-12-28 20:00:00+01:00,60.15,67.45498097994802,59.03
2017-12-28 21:00:00+01:00,58.4,68.05784952907615,59.02
2017-12-28 22:00:00+01:00,55.35,64.81119784370318,57.02
2017-12-28 23:00:00+01:00,53.84,60.37889982969392,52.35
2017-12-29 00:00:00+01:00,45.88,49.76886096261659,37.05
2017-12-29 01:00:00+01:00,41.41,45.62401472628676,30.0
2017-12-29 02:00:00+01:00,37.06,43.00498595643738,28.1
2017-12-29 03:00:00+01:00,32.32,40.5167938916667,26.0
2017-12-29 04:00:00+01:00,32.99,39.8770858706433,26.33
2017-12-29 05:00:00+01:00,33.35,42.18710481072944,29.86
2017-12-29 06:00:00+01:00,39.54,48.152205775866044,35.0
2017-12-29 07:00:00+01:00,45.69,58.36957033116124,44.0
2017-12-29 08:00:00+01:00,47.57,62.612544002662595,51.34
2017-12-29 09:00:00+01:00,50.73,64.48040240939608,54.4
2017-12-29 10:00:00+01:00,52.13,65.61568889914663,54.06
2017-12-29 11:00:00+01:00,51.51,62.84245269918921,53.13
2017-12-29 12:00:00+01:00,50.1,59.78006536321944,53.36
2017-12-29 13:00:00+01:00,49.59,58.56320179956512,52.23
2017-12-29 14:00:00+01:00,47.6,55.21642505076136,49.57
2017-12-29 15:00:00+01:00,46.99,53.07238171442868,49.9
2017-12-29 16:00:00+01:00,49.48,54.21718588997914,52.25
2017-12-29 17:00:00+01:00,51.51,59.30679143576289,54.25
2017-12-29 18:00:00+01:00,55.15,64.90565303955427,59.9
2017-12-29 19:00:00+01:00,55.95,67.19477826091654,61.21
2017-12-29 20:00:00+01:00,55.51,67.22426576666032,60.15
2017-12-29 21:00:00+01:00,54.01,67.63506449972253,58.4
2017-12-29 22:00:00+01:00,51.0,64.47114727540485,55.35
2017-12-29 23:00:00+01:00,46.6,59.85002421137581,53.84
2017-12-30 00:00:00+01:00,30.65,41.936526699422224,45.88
2017-12-30 01:00:00+01:00,19.01,37.75795119570778,41.41
2017-12-30 02:00:00+01:00,18.51,34.74117335795803,37.06
2017-12-30 03:00:00+01:00,17.19,31.893649759193345,32.32
2017-12-30 04:00:00+01:00,15.44,31.246627705532745,32.99
2017-12-30 05:00:00+01:00,15.18,32.99970932096762,33.35
2017-12-30 06:00:00+01:00,15.51,38.81709646176454,39.54
2017-12-30 07:00:00+01:00,17.98,48.378596499259366,45.69
2017-12-30 08:00:00+01:00,23.15,52.430690511372035,47.57
2017-12-30 09:00:00+01:00,39.56,54.31985162017937,50.73
2017-12-30 10:00:00+01:00,44.42,55.09129690717406,52.13
2017-12-30 11:00:00+01:00,42.52,52.160870194014876,51.51
2017-12-30 12:00:00+01:00,39.96,48.756096173687666,50.1
2017-12-30 13:00:00+01:00,42.1,47.139957127366266,49.59
2017-12-30 14:00:00+01:00,40.92,43.52585467261398,47.6
2017-12-30 15:00:00+01:00,40.0,41.08713893108056,46.99
2017-12-30 16:00:00+01:00,40.81,41.90237104564882,49.48
2017-12-30 17:00:00+01:00,42.92,46.301974974509584,51.51
2017-12-30 18:00:00+01:00,51.0,51.65098898892473,55.15
2017-12-30 19:00:00+01:00,54.38,53.68262794169395,55.95
2017-12-30 20:00:00+01:00,52.69,53.49804964635257,55.51
2017-12-30 21:00:00+01:00,51.0,53.4873577392675,54.01
2017-12-30 22:00:00+01:00,47.74,50.17988419993122,51.0
2017-12-30 23:00:00+01:00,44.36,45.49545059568199,46.6
2017-12-31 00:00:00+01:00,33.4,38.864018213918364,30.65
2017-12-31 01:00:00+01:00,19.83,35.202665722478386,19.01
2017-12-31 02:00:00+01:00,9.8,33.35578420247961,18.51
2017-12-31 03:00:00+01:00,8.7,30.76406672913175,17.19
2017-12-31 04:00:00+01:00,5.27,30.10615516143092,15.44
2017-12-31 05:00:00+01:00,5.27,31.952530476544112,15.18
2017-12-31 06:00:00+01:00,5.0,37.65279261872661,15.51
2017-12-31 07:00:00+01:00,5.27,47.24215023685016,17.98
2017-12-31 08:00:00+01:00,9.27,52.193472129616,23.15
2017-12-31 09:00:00+01:00,17.1,55.4940685276578,39.56
2017-12-31 10:00:00+01:00,22.67,55.653245670127795,44.42
2017-12-31 11:00:00+01:00,21.95,52.53065222448885,42.52
2017-12-31 12:00:00+01:00,19.51,49.2158251152617,39.96
2017-12-31 13:00:00+01:00,18.1,47.971410784393996,42.1
2017-12-31 14:00:00+01:00,15.19,44.37000910207089,40.92
2017-12-31 15:00:00+01:00,10.56,41.926483923311864,40.0
2017-12-31 16:00:00+01:00,11.9,42.680992881446066,40.81
2017-12-31 17:00:00+01:00,16.6,46.95225714982361,42.92
2017-12-31 18:00:00+01:00,25.0,52.807823272760864,51.0
2017-12-31 19:00:00+01:00,30.43,54.87410144626631,54.38
2017-12-31 20:00:00+01:00,30.01,54.57603217137466,52.69
2017-12-31 21:00:00+01:00,22.01,54.71055395240554,51.0
2017-12-31 22:00:00+01:00,12.4,51.77293975034918,47.74
2017-12-31 23:00:00+01:00,12.4,47.3890677174833,44.36
