sample_id,delivery_day,delivery_year,forecast_origin,price_history_start,price_history_end
0,2015-01-09,2015,2015-01-08T11:00:00+01:00,2015-01-02T00:00:00+01:00,2015-01-08T23:00:00+01:00
1,2015-01-10,2015,2015-01-09T11:00:00+01:00,2015-01-03T00:00:00+01:00,2015-01-09T23:00:00+01:00
2,2015-01-11,2015,2015-01-10T11:00:00+01:00,2015-01-04T00:00:00+01:00,2015-01-10T23:00:00+01:00
3,2015-01-12,2015,2015-01-11T11:00:00+01:00,2015-01-05T00:00:00+01:00,2015-01-11T23:00:00+01:00
4,2015-01-13,2015,2015-01-12T11:00:00+01:00,2015-01-06T00:00:00+01:00,2015-01-12T23:00:00+01:00
5,2015-01-14,2015,2015-01-13T11:00:00+01:00,2015-01-07T00:00:00+01:00,2015-01-13T23:00:00+01:00
6,2015-01-15,2015,2015-01-14T11:00:00+01:00,2015-01-08T00:00:00+01:00,2015-01-14T23:00:00+01:00
7,2015-01-16,2015,2015-01-15T11:00:00+01:00,2015-01-09T00:00:00+01:00,2015-01-15T23:00:00+01:00
8,2015-01-17,2015,2015-01-16T11:00:00+01:00,2015-01-10T00:00:00+01:00,2015-01-16T23:00:00+01:00
9,2015-01-18,2015,2015-01-17T11:00:00+01:00,2015-01-11T00:00:00+01:00,2015-01-17T23:00:00+01:00
10,2015-01-19,2015,2015-01-18T11:00:00+01:00,2015-01-12T00:00:00+01:00,2015-01-18T23:00:00+01:00
11,2015-01-20,2015,2015-01-19T11:00:00+01:00,2015-01-13T00:00:00+01:00,2015-01-19T23:00:00+01:00
12,2015-01-21,2015,2015-01-20T11:00:00+01:00,2015-01-14T00:00:00+01:00,2015-01-20T23:00:00+01:00
13,2015-01-22,2015,2015-01-21T11:00:00+01:00,2015-01-15T00:00:00+01:00,2015-01-21T23:00:00+01:00
14,2015-01-23,2015,2015-01-22T11:00:00+01:00,2015-01-16T00:00:00+01:00,2015-01-22T23:00:00+01:00
15,2015-01-24,2015,2015-01-23T11:00:00+01:00,2015-01-17T00:00:00+01:00,2015-01-23T23:00:00+01:00
16,2015-01-25,2015,2015-01-24T11:00:00+01:00,2015-01-18T00:00:00+01:00,2015-01-24T23:00:00+01:00
17,2015-01-26,2015,2015-01-25T11:00:00+01:00,2015-01-19T00:00:00+01:00,2015-01-25T23:00:00+01:00
18,2015-01-27,2015,2015-01-26T11:00:00+01:00,2015-01-20T00:00:00+01:00,2015-01-26T23:00:00+01:00
19,2015-01-28,2015,2015-01-27T11:00:00+01:00,2015-01-21T00:00:00+01:00,2015-01-27T23:00:00+01:00
20,2015-01-29,2015,2015-01-28T11:00:00+01:00,2015-01-22T00:00:00+01:00,2015-01-28T23:00:00+01:00
21,2015-01-30,2015,2015-01-29T11:00:00+01:00,2015-01-23T00:00:00+01:00,2015-01-29T23:00:00+01:00
22,2015-01-31,2015,2015-01-30T11:00:00+01:00,2015-01-24T00:00:00+01:00,2015-01-30T23:00:00+01:00
23,2015-02-01,2015,2015-01-31T11:00:00+01:00,2015-01-25T00:00:00+01:00,2015-01-31T23:00:00+01:00
24,2015-02-02,2015,2015-02-01T11:00:00+01:00,2015-01-26T00:00:00+01:00,2015-02-01T23:00:00+01:00
25,2015-02-03,2015,2015-02-02T11:00:00+01:00,2015-01-27T00:00:00+01:00,2015-02-02T23:00:00+01:00
26,2015-02-04,2015,2015-02-03T11:00:00+01:00,2015-01-28T00:00:00+01:00,2015-02-03T23:00:00+01:00
27,2015-02-05,2015,2015-02-04T11:00:00+01:00,2015-01-29T00:00:00+01:00,2015-02-04T23:00:00+01:00
28,2015-02-06,2015,2015-02-05T11:00:00+01:00,2015-01-30T00:00:00+01:00,2015-02-05T23:00:00+01:00
29,2015-02-07,2015,2015-02-06T11:00:00+01:00,2015-01-31T00:00:00+01:00,2015-02-06T23:00:00+01:00
30,2015-02-08,2015,2015-02-07T11:00:00+01:00,2015-02-01T00:00:00+01:00,2015-02-07T23:00:00+01:00
31,2015-02-09,2015,2015-02-08T11:00:00+01:00,2015-02-02T00:00:00+01:00,2015-02-08T23:00:00+01:00
32,2015-02-10,2015,2015-02-09T11:00:00+01:00,2015-02-03T00:00:00+01:00,2015-02-09T23:00:00+01:00
33,2015-02-11,2015,2015-02-10T11:00:00+01:00,2015-02-04T00:00:00+01:00,2015-02-10T23:00:00+01:00
34,2015-02-12,2015,2015-02-11T11:00:00+01:00,2015-02-05T00:00:00+01:00,2015-02-11T23:00:00+01:00
35,2015-02-13,2015,2015-02-12T11:00:00+01:00,2015-02-06T00:00:00+01:00,2015-02-12T23:00:00+01:00
36,2015-02-14,2015,2015-02-13T11:00:00+01:00,2015-02-07T00:00:00+01:00,2015-02-13T23:00:00+01:00
37,2015-02-15,2015,2015-02-14T11:00:00+01:00,2015-02-08T00:00:00+01:00,2015-02-14T23:00:00+01:00
38,2015-02-16,2015,2015-02-15T11:00:00+01:00,2015-02-09T00:00:00+01:00,2015-02-15T23:00:00+01:00
39,2015-02-17,2015,2015-02-16T11:00:00+01:00,2015-02-10T00:00:00+01:00,2015-02-16T23:00:00+01:00
40,2015-02-18,2015,2015-02-17T11:00:00+01:00,2015-02-11T00:00:00+01:00,2015-02-17T23:00:00+01:00
41,2015-02-19,2015,2015-02-18T11:00:00+01:00,2015-02-12T00:00:00+01:00,2015-02-18T23:00:00+01:00
42,2015-02-20,2015,2015-02-19T11:00:00+01:00,2015-02-13T00:00:00+01:00,2015-02-19T23:00:00+01:00
43,2015-02-21,2015,2015-02-20T11:00:00+01:00,2015-02-14T00:00:00+01:00,2015-02-20T23:00:00+01:00
44,2015-02-22,2015,2015-02-21T11:00:00+01:00,2015-02-15T00:00:00+01:00,2015-02-21T23:00:00+01:00
45,2015-02-23,2015,2015-02-22T11:00:00+01:00,2015-02-16T00:00:00+01:00,2015-02-22T23:00:00+01:00
46,2015-02-24,2015,2015-02-23T11:00:00+01:00,2015-02-17T00:00:00+01:00,2015-02-23T23:00:00+01:00
47,2015-02-25,2015,2015-02-24T11:00:00+01:00,2015-02-18T00:00:00+01:00,2015-02-24T23:00:00+01:00
48,2015-02-26,2015,2015-02-25T11:00:00+01:00,2015-02-19T00:00:00+01:00,2015-02-25T23:00:00+01:00
49,2015-02-27,2015,2015-02-26T11:00:00+01:00,2015-02-20T00:00:00+01:00,2015-02-26T23:00:00+01:00
50,2015-02-28,2015,2015-02-27T11:00:00+01:00,2015-02-21T00:00:00+01:00,2015-02-27T23:00:00+01:00
51,2015-03-01,2015,2015-02-28T11:00:00+01:00,2015-02-22T00:00:00+01:00,2015-02-28T23:00:00+01:00
52,2015-03-02,2015,2015-03-01T11:00:00+01:00,2015-02-23T00:00:00+01:00,2015-03-01T23:00:00+01:00
53,2015-03-03,2015,2015-03-02T11:00:00+01:00,2015-02-24T00:00:00+01:00,2015-03-02T23:00:00+01:00
54,2015-03-04,2015,2015-03-03T11:00:00+01:00,2015-02-25T00:00:00+01:00,2015-03-03T23:00:00+01:00
55,2015-03-05,2015,2015-03-04T11:00:00+01:00,2015-02-26T00:00:00+01:00,2015-03-04T23:00:00+01:00
56,2015-03-06,2015,2015-03-05T11:00:00+01:00,2015-02-27T00:00:00+01:00,2015-03-05T23:00:00+01:00
57,2015-03-07,2015,2015-03-06T11:00:00+01:00,2015-02-28T00:00:00+01:00,2015-03-06T23:00:00+01:00
58,2015-03-08,2015,2015-03-07T11:00:00+01:00,2015-03-01T00:00:00+01:00,2015-03-07T23:00:00+01:00
59,2015-03-09,2015,2015-03-08T11:00:00+01:00,2015-03-02T00:00:00+01:00,2015-03-08T23:00:00+01:00
60,2015-03-10,2015,2015-03-09T11:00:00+01:00,2015-03-03T00:00:00+01:00,2015-03-09T23:00:00+01:00
61,2015-03-11,2015,2015-03-10T11:00:00+01:00,2015-03-04T00:00:00+01:00,2015-03-10T23:00:00+01:00
62,2015-03-12,2015,2015-03-11T11:00:00+01:00,2015-03-05T00:00:00+01:00,2015-03-11T23:00:00+01:00
63,2015-03-13,2015,2015-03-12T11:00:00+01:00,2015-03-06T00:00:00+01:00,2015-03-12T23:00:00+01:00
64,2015-03-14,2015,2015-03-13T11:00:00+01:00,2015-03-07T00:00:00+01:00,2015-03-13T23:00:00+01:00
65,2015-03-15,2015,2015-03-14T11:00:00+01:00,2015-03-08T00:00:00+01:00,2015-03-14T23:00:00+01:00
66,2015-03-16,2015,2015-03-15T11:00:00+01:00,2015-03-09T00:00:00+01:00,2015-03-15T23:00:00+01:00
67,2015-03-17,2015,2015-03-16T11:00:00+01:00,2015-03-10T00:00:00+01:00,2015-03-16T23:00:00+01:00
68,2015-03-18,2015,2015-03-17T11:00:00+01:00,2015-03-11T00:00:00+01:00,2015-03-17T23:00:00+01:00
69,2015-03-19,2015,2015-03-18T11:00:00+01:00,2015-03-12T00:00:00+01:00,2015-03-18T23:00:00+01:00
70,2015-03-20,2015,2015-03-19T11:00:00+01:00,2015-03-13T00:00:00+01:00,2015-03-19T23:00:00+01:00
71,2015-03-21,2015,2015-03-20T11:00:00+01:00,2015-03-14T00:00:00+01:00,2015-03-20T23:00:00+01:00
72,2015-03-22,2015,2015-03-21T11:00:00+01:00,2015-03-15T00:00:00+01:00,2015-03-21T23:00:00+01:00
73,2015-03-23,2015,2015-03-22T11:00:00+01:00,2015-03-16T00:00:00+01:00,2015-03-22T23:00:00+01:00
74,2015-03-24,2015,2015-03-23T11:00:00+01:00,2015-03-17T00:00:00+01:00,2015-03-23T23:00:00+01:00
75,2015-03-25,2015,2015-03-24T11:00:00+01:00,2015-03-18T00:00:00+01:00,2015-03-24T23:00:00+01:00
76,2015-03-26,2015,2015-03-25T11:00:00+01:00,2015-03-19T00:00:00+01:00,2015-03-25T23:00:00+01:00
77,2015-03-27,2015,2015-03-26T11:00:00+01:00,2015-03-20T00:00:00+01:00,2015-03-26T23:00:00+01:00
78,2015-03-28,2015,2015-03-27T11:00:00+01:00,2015-03-21T00:00:00+01:00,2015-03-27T23:00:00+01:00
79,2015-03-30,2015,2015-03-29T11:00:00+02:00,2015-03-22T23:00:00+01:00,2015-03-29T23:00:00+02:00
80,2015-03-31,2015,2015-03-30T11:00:00+02:00,2015-03-23T23:00:00+01:00,2015-03-30T23:00:00+02:00
81,2015-04-01,2015,2015-03-31T11:00:00+02:00,2015-03-24T23:00:00+01:00,2015-03-31T23:00:00+02:00
82,2015-04-02,2015,2015-04-01T11:00:00+02:00,2015-03-25T23:00:00+01:00,2015-04-01T23:00:00+02:00
83,2015-04-03,2015,2015-04-02T11:00:00+02:00,2015-03-26T23:00:00+01:00,2015-04-02T23:00:00+02:00
84,2015-04-04,2015,2015-04-03T11:00:00+02:00,2015-03-27T23:00:00+01:00,2015-04-03T23:00:00+02:00
85,2015-04-05,2015,2015-04-04T11:00:00+02:00,2015-03-28T23:00:00+01:00,2015-04-04T23:00:00+02:00
86,2015-04-06,2015,2015-04-05T11:00:00+02:00,2015-03-30T00:00:00+02:00,2015-04-05T23:00:00+02:00
87,2015-04-07,2015,2015-04-06T11:00:00+02:00,2015-03-31T00:00:00+02:00,2015-04-06T23:00:00+02:00
88,2015-04-08,2015,2015-04-07T11:00:00+02:00,2015-04-01T00:00:00+02:00,2015-04-07T23:00:00+02:00
89,2015-04-09,2015,2015-04-08T11:00:00+02:00,2015-04-02T00:00:00+02:00,2015-04-08T23:00:00+02:00
90,2015-04-10,2015,2015-04-09T11:00:00+02:00,2015-04-03T00:00:00+02:00,2015-04-09T23:00:00+02:00
91,2015-04-11,2015,2015-04-10T11:00:00+02:00,2015-04-04T00:00:00+02:00,2015-04-10T23:00:00+02:00
92,2015-04-12,2015,2015-04-11T11:00:00+02:00,2015-04-05T00:00:00+02:00,2015-04-11T23:00:00+02:00
93,2015-04-13,2015,2015-04-12T11:00:00+02:00,2015-04-06T00:00:00+02:00,2015-04-12T23:00:00+02:00
94,2015-04-14,2015,2015-04-13T11:00:00+02:00,2015-04-07T00:00:00+02:00,2015-04-13T23:00:00+02:00
95,2015-04-15,2015,2015-04-14T11:00:00+02:00,2015-04-08T00:00:00+02:00,2015-04-14T23:00:00+02:00
96,2015-04-16,2015,2015-04-15T11:00:00+02:00,2015-04-09T00:00:00+02:00,2015-04-15T23:00:00+02:00
97,2015-04-17,2015,2015-04-16T11:00:00+02:00,2015-04-10T00:00:00+02:00,2015-04-16T23:00:00+02:00
98,2015-04-18,2015,2015-04-17T11:00:00+02:00,2015-04-11T00:00:00+02:00,2015-04-17T23:00:00+02:00
99,2015-04-19,2015,2015-04-18T11:00:00+02:00,2015-04-12T00:00:00+02:00,2015-04-18T23:00:00+02:00
100,2015-04-20,2015,2015-04-19T11:00:00+02:00,2015-04-13T00:00:00+02:00,2015-04-19T23:00:00+02:00
101,2015-04-21,2015,2015-04-20T11:00:00+02:00,2015-04-14T00:00:00+02:00,2015-04-20T23:00:00+02:00
102,2015-04-22,2015,2015-04-21T11:00:00+02:00,2015-04-15T00:00:00+02:00,2015-04-21T23:00:00+02:00
103,2015-04-23,2015,2015-04-22T11:00:00+02:00,2015-04-16T00:00:00+02:00,2015-04-22T23:00:00+02:00
104,2015-04-24,2015,2015-04-23T11:00:00+02:00,2015-04-17T00:00:00+02:00,2015-04-23T23:00:00+02:00
105,2015-04-25,2015,2015-04-24T11:00:00+02:00,2015-04-18T00:00:00+02:00,2015-04-24T23:00:00+02:00
106,2015-04-26,2015,2015-04-25T11:00:00+02:00,2015-04-19T00:00:00+02:00,2015-04-25T23:00:00+02:00
107,2015-04-27,2015,2015-04-26T11:00:00+02:00,2015-04-20T00:00:00+02:00,2015-04-26T23:00:00+02:00
108,2015-04-28,2015,2015-04-27T11:00:00+02:00,2015-04-21T00:00:00+02:00,2015-04-27T23:00:00+02:00
109,2015-04-29,2015,2015-04-28T11:00:00+02:00,2015-04-22T00:00:00+02:00,2015-04-28T23:00:00+02:00
110,2015-04-30,2015,2015-04-29T11:00:00+02:00,2015-04-23T00:00:00+02:00,2015-04-29T23:00:00+02:00
111,2015-05-01,2015,2015-04-30T11:00:00+02:00,2015-04-24T00:00:00+02:00,2015-04-30T23:00:00+02:00
112,2015-05-02,2015,2015-05-01T11:00:00+02:00,2015-04-25T00:00:00+02:00,2015-05-01T23:00:00+02:00
113,2015-05-03,2015,2015-05-02T11:00:00+02:00,2015-04-26T00:00:00+02:00,2015-05-02T23:00:00+02:00
114,2015-05-04,2015,2015-05-03T11:00:00+02:00,2015-04-27T00:00:00+02:00,2015-05-03T23:00:00+02:00
115,2015-05-05,2015,2015-05-04T11:00:00+02:00,2015-04-28T00:00:00+02:00,2015-05-04T23:00:00+02:00
116,2015-05-06,2015,2015-05-05T11:00:00+02:00,2015-04-29T00:00:00+02:00,2015-05-05T23:00:00+02:00
117,2015-05-07,2015,2015-05-06T11:00:00+02:00,2015-04-30T00:00:00+02:00,2015-05-06T23:00:00+02:00
118,2015-05-08,2015,2015-05-07T11:00:00+02:00,2015-05-01T00:00:00+02:00,2015-05-07T23:00:00+02:00
119,2015-05-09,2015,2015-05-08T11:00:00+02:00,2015-05-02T00:00:00+02:00,2015-05-08T23:00:00+02:00
120,2015-05-10,2015,2015-05-09T11:00:00+02:00,2015-05-03T00:00:00+02:00,2015-05-09T23:00:00+02:00
121,2015-05-11,2015,2015-05-10T11:00:00+02:00,2015-05-04T00:00:00+02:00,2015-05-10T23:00:00+02:00
122,2015-05-12,2015,2015-05-11T11:00:00+02:00,2015-05-05T00:00:00+02:00,2015-05-11T23:00:00+02:00
123,2015-05-13,2015,2015-05-12T11:00:00+02:00,2015-05-06T00:00:00+02:00,2015-05-12T23:00:00+02:00
124,2015-05-14,2015,2015-05-13T11:00:00+02:00,2015-05-07T00:00:00+02:00,2015-05-13T23:00:00+02:00
125,2015-05-15,2015,2015-05-14T11:00:00+02:00,2015-05-08T00:00:00+02:00,2015-05-14T23:00:00+02:00
126,2015-05-16,2015,2015-05-15T11:00:00+02:00,2015-05-09T00:00:00+02:00,2015-05-15T23:00:00+02:00
127,2015-05-17,2015,2015-05-16T11:00:00+02:00,2015-05-10T00:00:00+02:00,2015-05-16T23:00:00+02:00
128,2015-05-18,2015,2015-05-17T11:00:00+02:00,2015-05-11T00:00:00+02:00,2015-05-17T23:00:00+02:00
129,2015-05-19,2015,2015-05-18T11:00:00+02:00,2015-05-12T00:00:00+02:00,2015-05-18T23:00:00+02:00
130,2015-05-20,2015,2015-05-19T11:00:00+02:00,2015-05-13T00:00:00+02:00,2015-05-19T23:00:00+02:00
131,2015-05-21,2015,2015-05-20T11:00:00+02:00,2015-05-14T00:00:00+02:00,2015-05-20T23:00:00+02:00
132,2015-05-22,2015,2015-05-21T11:00:00+02:00,2015-05-15T00:00:00+02:00,2015-05-21T23:00:00+02:00
133,2015-05-23,2015,2015-05-22T11:00:00+02:00,2015-05-16T00:00:00+02:00,2015-05-22T23:00:00+02:00
134,2015-05-24,2015,2015-05-23T11:00:00+02:00,2015-05-17T00:00:00+02:00,2015-05-23T23:00:00+02:00
135,2015-05-25,2015,2015-05-24T11:00:00+02:00,2015-05-18T00:00:00+02:00,2015-05-24T23:00:00+02:00
136,2015-05-26,2015,2015-05-25T11:00:00+02:00,2015-05-19T00:00:00+02:00,2015-05-25T23:00:00+02:00
137,2015-05-27,2015,2015-05-26T11:00:00+02:00,2015-05-20T00:00:00+02:00,2015-05-26T23:00:00+02:00
138,2015-05-28,2015,2015-05-27T11:00:00+02:00,2015-05-21T00:00:00+02:00,2015-05-27T23:00:00+02:00
139,2015-05-29,2015,2015-05-28T11:00:00+02:00,2015-05-22T00:00:00+02:00,2015-05-28T23:00:00+02:00
140,2015-05-30,2015,2015-05-29T11:00:00+02:00,2015-05-23T00:00:00+02:00,2015-05-29T23:00:00+02:00
141,2015-05-31,2015,2015-05-30T11:00:00+02:00,2015-05-24T00:00:00+02:00,2015-05-30T23:00:00+02:00
142,2015-06-01,2015,2015-05-31T11:00:00+02:00,2015-05-25T00:00:00+02:00,2015-05-31T23:00:00+02:00
143,2015-06-02,2015,2015-06-01T11:00:00+02:00,2015-05-26T00:00:00+02:00,2015-06-01T23:00:00+02:00
144,2015-06-03,2015,2015-06-02T11:00:00+02:00,2015-05-27T00:00:00+02:00,2015-06-02T23:00:00+02:00
145,2015-06-04,2015,2015-06-03T11:00:00+02:00,2015-05-28T00:00:00+02:00,2015-06-03T23:00:00+02:00
146,2015-06-05,2015,2015-06-04T11:00:00+02:00,2015-05-29T00:00:00+02:00,2015-06-04T23:00:00+02:00
147,2015-06-06,2015,2015-06-05T11:00:00+02:00,2015-05-30T00:00:00+02:00,2015-06-05T23:00:00+02:00
148,2015-06-07,2015,2015-06-06T11:00:00+02:00,2015-05-31T00:00:00+02:00,2015-06-06T23:00:00+02:00
149,2015-06-08,2015,2015-06-07T11:00:00+02:00,2015-06-01T00:00:00+02:00,2015-06-07T23:00:00+02:00
150,2015-06-09,2015,2015-06-08T11:00:00+02:00,2015-06-02T00:00:00+02:00,2015-06-08T23:00:00+02:00
151,2015-06-10,2015,2015-06-09T11:00:00+02:00,2015-06-03T00:00:00+02:00,2015-06-09T23:00:00+02:00
152,2015-06-11,2015,2015-06-10T11:00:00+02:00,2015-06-04T00:00:00+02:00,2015-06-10T23:00:00+02:00
153,2015-06-12,2015,2015-06-11T11:00:00+02:00,2015-06-05T00:00:00+02:00,2015-06-11T23:00:00+02:00
154,2015-06-13,2015,2015-06-12T11:00:00+02:00,2015-06-06T00:00:00+02:00,2015-06-12T23:00:00+02:00
155,2015-06-14,2015,2015-06-13T11:00:00+02:00,2015-06-07T00:00:00+02:00,2015-06-13T23:00:00+02:00
156,2015-06-15,2015,2015-06-14T11:00:00+02:00,2015-06-08T00:00:00+02:00,2015-06-14T23:00:00+02:00
157,2015-06-16,2015,2015-06-15T11:00:00+02:00,2015-06-09T00:00:00+02:00,2015-06-15T23:00:00+02:00
158,2015-06-17,2015,2015-06-16T11:00:00+02:00,2015-06-10T00:00:00+02:00,2015-06-16T23:00:00+02:00
159,2015-06-18,2015,2015-06-17T11:00:00+02:00,2015-06-11T00:00:00+02:00,2015-06-17T23:00:00+02:00
160,2015-06-19,2015,2015-06-18T11:00:00+02:00,2015-06-12T00:00:00+02:00,2015-06-18T23:00:00+02:00
161,2015-06-20,2015,2015-06-19T11:00:00+02:00,2015-06-13T00:00:00+02:00,2015-06-19T23:00:00+02:00
162,2015-06-21,2015,2015-06-20T11:00:00+02:00,2015-06-14T00:00:00+02:00,2015-06-20T23:00:00+02:00
163,2015-06-22,2015,2015-06-21T11:00:00+02:00,2015-06-15T00:00:00+02:00,2015-06-21T23:00:00+02:00
164,2015-06-23,2015,2015-06-22T11:00:00+02:00,2015-06-16T00:00:00+02:00,2015-06-22T23:00:00+02:00
165,2015-06-24,2015,2015-06-23T11:00:00+02:00,2015-06-17T00:00:00+02:00,2015-06-23T23:00:00+02:00
166,2015-06-25,2015,2015-06-24T11:00:00+02:00,2015-06-18T00:00:00+02:00,2015-06-24T23:00:00+02:00
167,2015-06-26,2015,2015-06-25T11:00:00+02:00,2015-06-19T00:00:00+02:00,2015-06-25T23:00:00+02:00
168,2015-06-27,2015,2015-06-26T11:00:00+02:00,2015-06-20T00:00:00+02:00,2015-06-26T23:00:00+02:00
169,2015-06-28,2015,2015-06-27T11:00:00+02:00,2015-06-21T00:00:00+02:00,2015-06-27T23:00:00+02:00
170,2015-06-29,2015,2015-06-28T11:00:00+02:00,2015-06-22T00:00:00+02:00,2015-06-28T23:00:00+02:00
171,2015-06-30,2015,2015-06-29T11:00:00+02:00,2015-06-23T00:00:00+02:00,2015-06-29T23:00:00+02:00
172,2015-07-01,2015,2015-06-30T11:00:00+02:00,2015-06-24T00:00:00+02:00,2015-06-30T23:00:00+02:00
173,2015-07-02,2015,2015-07-01T11:00:00+02:00,2015-06-25T00:00:00+02:00,2015-07-01T23:00:00+02:00
174,2015-07-03,2015,2015-07-02T11:00:00+02:00,2015-06-26T00:00:00+02:00,2015-07-02T23:00:00+02:00
175,2015-07-04,2015,2015-07-03T11:00:00+02:00,2015-06-27T00:00:00+02:00,2015-07-03T23:00:00+02:00
176,2015-07-05,2015,2015-07-04T11:00:00+02:00,2015-06-28T00:00:00+02:00,2015-07-04T23:00:00+02:00
177,2015-07-06,2015,2015-07-05T11:00:00+02:00,2015-06-29T00:00:00+02:00,2015-07-05T23:00:00+02:00
178,2015-07-07,2015,2015-07-06T11:00:00+02:00,2015-06-30T00:00:00+02:00,2015-07-06T23:00:00+02:00
179,2015-07-08,2015,2015-07-07T11:00:00+02:00,2015-07-01T00:00:00+02:00,2015-07-07T23:00:00+02:00
180,2015-07-09,2015,2015-07-08T11:00:00+02:00,2015-07-02T00:00:00+02:00,2015-07-08T23:00:00+02:00
181,2015-07-10,2015,2015-07-09T11:00:00+02:00,2015-07-03T00:00:00+02:00,2015-07-09T23:00:00+02:00
182,2015-07-11,2015,2015-07-10T11:00:00+02:00,2015-07-04T00:00:00+02:00,2015-07-10T23:00:00+02:00
183,2015-07-12,2015,2015-07-11T11:00:00+02:00,2015-07-05T00:00:00+02:00,2015-07-11T23:00:00+02:00
184,2015-07-13,2015,2015-07-12T11:00:00+02:00,2015-07-06T00:00:00+02:00,2015-07-12T23:00:00+02:00
185,2015-07-14,2015,2015-07-13T11:00:00+02:00,2015-07-07T00:00:00+02:00,2015-07-13T23:00:00+02:00
186,2015-07-15,2015,2015-07-14T11:00:00+02:00,2015-07-08T00:00:00+02:00,2015-07-14T23:00:00+02:00
187,2015-07-16,2015,2015-07-15T11:00:00+02:00,2015-07-09T00:00:00+02:00,2015-07-15T23:00:00+02:00
188,2015-07-17,2015,2015-07-16T11:00:00+02:00,2015-07-10T00:00:00+02:00,2015-07-16T23:00:00+02:00
189,2015-07-18,2015,2015-07-17T11:00:00+02:00,2015-07-11T00:00:00+02:00,2015-07-17T23:00:00+02:00
190,2015-07-19,2015,2015-07-18T11:00:00+02:00,2015-07-12T00:00:00+02:00,2015-07-18T23:00:00+02:00
191,2015-07-20,2015,2015-07-19T11:00:00+02:00,2015-07-13T00:00:00+02:00,2015-07-19T23:00:00+02:00
192,2015-07-21,2015,2015-07-20T11:00:00+02:00,2015-07-14T00:00:00+02:00,2015-07-20T23:00:00+02:00
193,2015-07-22,2015,2015-07-21T11:00:00+02:00,2015-07-15T00:00:00+02:00,2015-07-21T23:00:00+02:00
194,2015-07-23,2015,2015-07-22T11:00:00+02:00,2015-07-16T00:00:00+02:00,2015-07-22T23:00:00+02:00
195,2015-07-24,2015,2015-07-23T11:00:00+02:00,2015-07-17T00:00:00+02:00,2015-07-23T23:00:00+02:00
196,2015-07-25,2015,2015-07-24T11:00:00+02:00,2015-07-18T00:00:00+02:00,2015-07-24T23:00:00+02:00
197,2015-07-26,2015,2015-07-25T11:00:00+02:00,2015-07-19T00:00:00+02:00,2015-07-25T23:00:00+02:00
198,2015-07-27,2015,2015-07-26T11:00:00+02:00,2015-07-20T00:00:00+02:00,2015-07-26T23:00:00+02:00
199,2015-07-28,2015,2015-07-27T11:00:00+02:00,2015-07-21T00:00:00+02:00,2015-07-27T23:00:00+02:00
200,2015-07-29,2015,2015-07-28T11:00:00+02:00,2015-07-22T00:00:00+02:00,2015-07-28T23:00:00+02:00
201,2015-07-30,2015,2015-07-29T11:00:00+02:00,2015-07-23T00:00:00+02:00,2015-07-29T23:00:00+02:00
202,2015-07-31,2015,2015-07-30T11:00:00+02:00,2015-07-24T00:00:00+02:00,2015-07-30T23:00:00+02:00
203,2015-08-01,2015,2015-07-31T11:00:00+02:00,2015-07-25T00:00:00+02:00,2015-07-31T23:00:00+02:00
204,2015-08-02,2015,2015-08-01T11:00:00+02:00,2015-07-26T00:00:00+02:00,2015-08-01T23:00:00+02:00
205,2015-08-03,2015,2015-08-02T11:00:00+02:00,2015-07-27T00:00:00+02:00,2015-08-02T23:00:00+02:00
206,2015-08-04,2015,2015-08-03T11:00:00+02:00,2015-07-28T00:00:00+02:00,2015-08-03T23:00:00+02:00
207,2015-08-05,2015,2015-08-04T11:00:00+02:00,2015-07-29T00:00:00+02:00,2015-08-04T23:00:00+02:00
208,2015-08-06,2015,2015-08-05T11:00:00+02:00,2015-07-30T00:00:00+02:00,2015-08-05T23:00:00+02:00
209,2015-08-07,2015,2015-08-06T11:00:00+02:00,2015-07-31T00:00:00+02:00,2015-08-06T23:00:00+02:00
210,2015-08-08,2015,2015-08-07T11:00:00+02:00,2015-08-01T00:00:00+02:00,2015-08-07T23:00:00+02:00
211,2015-08-09,2015,2015-08-08T11:00:00+02:00,2015-08-02T00:00:00+02:00,2015-08-08T23:00:00+02:00
212,2015-08-10,2015,2015-08-09T11:00:00+02:00,2015-08-03T00:00:00+02:00,2015-08-09T23:00:00+02:00
213,2015-08-11,2015,2015-08-10T11:00:00+02:00,2015-08-04T00:00:00+02:00,2015-08-10T23:00:00+02:00
214,2015-08-12,2015,2015-08-11T11:00:00+02:00,2015-08-05T00:00:00+02:00,2015-08-11T23:00:00+02:00
215,2015-08-13,2015,2015-08-12T11:00:00+02:00,2015-08-06T00:00:00+02:00,2015-08-12T23:00:00+02:00
216,2015-08-14,2015,2015-08-13T11:00:00+02:00,2015-08-07T00:00:00+02:00,2015-08-13T23:00:00+02:00
217,2015-08-15,2015,2015-08-14T11:00:00+02:00,2015-08-08T00:00:00+02:00,2015-08-14T23:00:00+02:00
218,2015-08-16,2015,2015-08-15T11:00:00+02:00,2015-08-09T00:00:00+02:00,2015-08-15T23:00:00+02:00
219,2015-08-17,2015,2015-08-16T11:00:00+02:00,2015-08-10T00:00:00+02:00,2015-08-16T23:00:00+02:00
220,2015-08-18,2015,2015-08-17T11:00:00+02:00,2015-08-11T00:00:00+02:00,2015-08-17T23:00:00+02:00
221,2015-08-19,2015,2015-08-18T11:00:00+02:00,2015-08-12T00:00:00+02:00,2015-08-18T23:00:00+02:00
222,2015-08-20,2015,2015-08-19T11:00:00+02:00,2015-08-13T00:00:00+02:00,2015-08-19T23:00:00+02:00
223,2015-08-21,2015,2015-08-20T11:00:00+02:00,2015-08-14T00:00:00+02:00,2015-08-20T23:00:00+02:00
224,2015-08-22,2015,2015-08-21T11:00:00+02:00,2015-08-15T00:00:00+02:00,2015-08-21T23:00:00+02:00
225,2015-08-23,2015,2015-08-22T11:00:00+02:00,2015-08-16T00:00:00+02:00,2015-08-22T23:00:00+02:00
226,2015-08-24,2015,2015-08-23T11:00:00+02:00,2015-08-17T00:00:00+02:00,2015-08-23T23:00:00+02:00
227,2015-08-25,2015,2015-08-24T11:00:00+02:00,2015-08-18T00:00:00+02:00,2015-08-24T23:00:00+02:00
228,2015-08-26,2015,2015-08-25T11:00:00+02:00,2015-08-19T00:00:00+02:00,2015-08-25T23:00:00+02:00
229,2015-08-27,2015,2015-08-26T11:00:00+02:00,2015-08-20T00:00:00+02:00,2015-08-26T23:00:00+02:00
230,2015-08-28,2015,2015-08-27T11:00:00+02:00,2015-08-21T00:00:00+02:00,2015-08-27T23:00:00+02:00
231,2015-08-29,2015,2015-08-28T11:00:00+02:00,2015-08-22T00:00:00+02:00,2015-08-28T23:00:00+02:00
232,2015-08-30,2015,2015-08-29T11:00:00+02:00,2015-08-23T00:00:00+02:00,2015-08-29T23:00:00+02:00
233,2015-08-31,2015,2015-08-30T11:00:00+02:00,2015-08-24T00:00:00+02:00,2015-08-30T23:00:00+02:00
234,2015-09-01,2015,2015-08-31T11:00:00+02:00,2015-08-25T00:00:00+02:00,2015-08-31T23:00:00+02:00
235,2015-09-02,2015,2015-09-01T11:00:00+02:00,2015-08-26T00:00:00+02:00,2015-09-01T23:00:00+02:00
236,2015-09-03,2015,2015-09-02T11:00:00+02:00,2015-08-27T00:00:00+02:00,2015-09-02T23:00:00+02:00
237,2015-09-04,2015,2015-09-03T11:00:00+02:00,2015-08-28T00:00:00+02:00,2015-09-03T23:00:00+02:00
238,2015-09-05,2015,2015-09-04T11:00:00+02:00,2015-08-29T00:00:00+02:00,2015-09-04T23:00:00+02:00
239,2015-09-06,2015,2015-09-05T11:00:00+02:00,2015-08-30T00:00:00+02:00,2015-09-05T23:00:00+02:00
240,2015-09-07,2015,2015-09-06T11:00:00+02:00,2015-08-31T00:00:00+02:00,2015-09-06T23:00:00+02:00
241,2015-09-08,2015,2015-09-07T11:00:00+02:00,2015-09-01T00:00:00+02:00,2015-09-07T23:00:00+02:00
242,2015-09-09,2015,2015-09-08T11:00:00+02:00,2015-09-02T00:00:00+02:00,2015-09-08T23:00:00+02:00
243,2015-09-10,2015,2015-09-09T11:00:00+02:00,2015-09-03T00:00:00+02:00,2015-09-09T23:00:00+02:00
244,2015-09-11,2015,2015-09-10T11:00:00+02:00,2015-09-04T00:00:00+02:00,2015-09-10T23:00:00+02:00
245,2015-09-12,2015,2015-09-11T11:00:00+02:00,2015-09-05T00:00:00+02:00,2015-09-11T23:00:00+02:00
246,2015-09-13,2015,2015-09-12T11:00:00+02:00,2015-09-06T00:00:00+02:00,2015-09-12T23:00:00+02:00
247,2015-09-14,2015,2015-09-13T11:00:00+02:00,2015-09-07T00:00:00+02:00,2015-09-13T23:00:00+02:00
248,2015-09-15,2015,2015-09-14T11:00:00+02:00,2015-09-08T00:00:00+02:00,2015-09-14T23:00:00+02:00
249,2015-09-16,2015,2015-09-15T11:00:00+02:00,2015-09-09T00:00:00+02:00,2015-09-15T23:00:00+02:00
250,2015-09-17,2015,2015-09-16T11:00:00+02:00,2015-09-10T00:00:00+02:00,2015-09-16T23:00:00+02:00
251,2015-09-18,2015,2015-09-17T11:00:00+02:00,2015-09-11T00:00:00+02:00,2015-09-17T23:00:00+02:00
252,2015-09-19,2015,2015-09-18T11:00:00+02:00,2015-09-12T00:00:00+02:00,2015-09-18T23:00:00+02:00
253,2015-09-20,2015,2015-09-19T11:00:00+02:00,2015-09-13T00:00:00+02:00,2015-09-19T23:00:00+02:00
254,2015-09-21,2015,2015-09-20T11:00:00+02:00,2015-09-14T00:00:00+02:00,2015-09-20T23:00:00+02:00
255,2015-09-22,2015,2015-09-21T11:00:00+02:00,2015-09-15T00:00:00+02:00,2015-09-21T23:00:00+02:00
256,2015-09-23,2015,2015-09-22T11:00:00+02:00,2015-09-16T00:00:00+02:00,2015-09-22T23:00:00+02:00
257,2015-09-24,2015,2015-09-23T11:00:00+02:00,2015-09-17T00:00:00+02:00,2015-09-23T23:00:00+02:00
258,2015-09-25,2015,2015-09-24T11:00:00+02:00,2015-09-18T00:00:00+02:00,2015-09-24T23:00:00+02:00
259,2015-09-26,2015,2015-09-25T11:00:00+02:00,2015-09-19T00:00:00+02:00,2015-09-25T23:00:00+02:00
260,2015-09-27,2015,2015-09-26T11:00:00+02:00,2015-09-20T00:00:00+02:00,2015-09-26T23:00:00+02:00
261,2015-09-28,2015,2015-09-27T11:00:00+02:00,2015-09-21T00:00:00+02:00,2015-09-27T23:00:00+02:00
262,2015-09-29,2015,2015-09-28T11:00:00+02:00,2015-09-22T00:00:00+02:00,2015-09-28T23:00:00+02:00
263,2015-09-30,2015,2015-09-29T11:00:00+02:00,2015-09-23T00:00:00+02:00,2015-09-29T23:00:00+02:00
264,2015-10-01,2015,2015-09-30T11:00:00+02:00,2015-09-24T00:00:00+02:00,2015-09-30T23:00:00+02:00
265,2015-10-02,2015,2015-10-01T11:00:00+02:00,2015-09-25T00:00:00+02:00,2015-10-01T23:00:00+02:00
266,2015-10-03,2015,2015-10-02T11:00:00+02:00,2015-09-26T00:00:00+02:00,2015-10-02T23:00:00+02:00
267,2015-10-04,2015,2015-10-03T11:00:00+02:00,2015-09-27T00:00:00+02:00,2015-10-03T23:00:00+02:00
268,2015-10-05,2015,2015-10-04T11:00:00+02:00,2015-09-28T00:00:00+02:00,2015-10-04T23:00:00+02:00
269,2015-10-06,2015,2015-10-05T11:00:00+02:00,2015-09-29T00:00:00+02:00,2015-10-05T23:00:00+02:00
270,2015-10-07,2015,2015-10-06T11:00:00+02:00,2015-09-30T00:00:00+02:00,2015-10-06T23:00:00+02:00
271,2015-10-08,2015,2015-10-07T11:00:00+02:00,2015-10-01T00:00:00+02:00,2015-10-07T23:00:00+02:00
272,2015-10-09,2015,2015-10-08T11:00:00+02:00,2015-10-02T00:00:00+02:00,2015-10-08T23:00:00+02:00
273,2015-10-10,2015,2015-10-09T11:00:00+02:00,2015-10-03T00:00:00+02:00,2015-10-09T23:00:00+02:00
274,2015-10-11,2015,2015-10-10T11:00:00+02:00,2015-10-04T00:00:00+02:00,2015-10-10T23:00:00+02:00
275,2015-10-12,2015,2015-10-11T11:00:00+02:00,2015-10-05T00:00:00+02:00,2015-10-11T23:00:00+02:00
276,2015-10-13,2015,2015-10-12T11:00:00+02:00,2015-10-06T00:00:00+02:00,2015-10-12T23:00:00+02:00
277,2015-10-14,2015,2015-10-13T11:00:00+02:00,2015-10-07T00:00:00+02:00,2015-10-13T23:00:00+02:00
278,2015-10-15,2015,2015-10-14T11:00:00+02:00,2015-10-08T00:00:00+02:00,2015-10-14T23:00:00+02:00
279,2015-10-16,2015,2015-10-15T11:00:00+02:00,2015-10-09T00:00:00+02:00,2015-10-15T23:00:00+02:00
280,2015-10-17,2015,2015-10-16T11:00:00+02:00,2015-10-10T00:00:00+02:00,2015-10-16T23:00:00+02:00
281,2015-10-18,2015,2015-10-17T11:00:00+02:00,2015-10-11T00:00:00+02:00,2015-10-17T23:00:00+02:00
282,2015-10-19,2015,2015-10-18T11:00:00+02:00,2015-10-12T00:00:00+02:00,2015-10-18T23:00:00+02:00
283,2015-10-20,2015,2015-10-19T11:00:00+02:00,2015-10-13T00:00:00+02:00,2015-10-19T23:00:00+02:00
284,2015-10-21,2015,2015-10-20T11:00:00+02:00,2015-10-14T00:00:00+02:00,2015-10-20T23:00:00+02:00
285,2015-10-22,2015,2015-10-21T11:00:00+02:00,2015-10-15T00:00:00+02:00,2015-10-21T23:00:00+02:00
286,2015-10-23,2015,2015-10-22T11:00:00+02:00,2015-10-16T00:00:00+02:00,2015-10-22T23:00:00+02:00
287,2015-10-24,2015,2015-10-23T11:00:00+02:00,2015-10-17T00:00:00+02:00,2015-10-23T23:00:00+02:00
288,2015-10-26,2015,2015-10-25T11:00:00+01:00,2015-10-19T01:00:00+02:00,2015-10-25T23:00:00+01:00
289,2015-10-27,2015,2015-10-26T11:00:00+01:00,2015-10-20T01:00:00+02:00,2015-10-26T23:00:00+01:00
290,2015-10-28,2015,2015-10-27T11:00:00+01:00,2015-10-21T01:00:00+02:00,2015-10-27T23:00:00+01:00
291,2015-10-29,2015,2015-10-28T11:00:00+01:00,2015-10-22T01:00:00+02:00,2015-10-28T23:00:00+01:00
292,2015-10-30,2015,2015-10-29T11:00:00+01:00,2015-10-23T01:00:00+02:00,2015-10-29T23:00:00+01:00
293,2015-10-31,2015,2015-10-30T11:00:00+01:00,2015-10-24T01:00:00+02:00,2015-10-30T23:00:00+01:00
294,2015-11-01,2015,2015-10-31T11:00:00+01:00,2015-10-25T01:00:00+02:00,2015-10-31T23:00:00+01:00
295,2015-11-02,2015,2015-11-01T11:00:00+01:00,2015-10-26T00:00:00+01:00,2015-11-01T23:00:00+01:00
296,2015-11-03,2015,2015-11-02T11:00:00+01:00,2015-10-27T00:00:00+01:00,2015-11-02T23:00:00+01:00
297,2015-11-04,2015,2015-11-03T11:00:00+01:00,2015-10-28T00:00:00+01:00,2015-11-03T23:00:00+01:00
298,2015-11-05,2015,2015-11-04T11:00:00+01:00,2015-10-29T00:00:00+01:00,2015-11-04T23:00:00+01:00
299,2015-11-06,2015,2015-11-05T11:00:00+01:00,2015-10-30T00:00:00+01:00,2015-11-05T23:00:00+01:00
300,2015-11-07,2015,2015-11-06T11:00:00+01:00,2015-10-31T00:00:00+01:00,2015-11-06T23:00:00+01:00
301,2015-11-08,2015,2015-11-07T11:00:00+01:00,2015-11-01T00:00:00+01:00,2015-11-07T23:00:00+01:00
302,2015-11-09,2015,2015-11-08T11:00:00+01:00,2015-11-02T00:00:00+01:00,2015-11-08T23:00:00+01:00
303,2015-11-10,2015,2015-11-09T11:00:00+01:00,2015-11-03T00:00:00+01:00,2015-11-09T23:00:00+01:00
304,2015-11-11,2015,2015-11-10T11:00:00+01:00,2015-11-04T00:00:00+01:00,2015-11-10T23:00:00+01:00
305,2015-11-12,2015,2015-11-11T11:00:00+01:00,2015-11-05T00:00:00+01:00,2015-11-11T23:00:00+01:00
306,2015-11-13,2015,2015-11-12T11:00:00+01:00,2015-11-06T00:00:00+01:00,2015-11-12T23:00:00+01:00
307,2015-11-14,2015,2015-11-13T11:00:00+01:00,2015-11-07T00:00:00+01:00,2015-11-13T23:00:00+01:00
308,2015-11-15,2015,2015-11-14T11:00:00+01:00,2015-11-08T00:00:00+01:00,2015-11-14T23:00:00+01:00
309,2015-11-16,2015,2015-11-15T11:00:00+01:00,2015-11-09T00:00:00+01:00,2015-11-15T23:00:00+01:00
310,2015-11-17,2015,2015-11-16T11:00:00+01:00,2015-11-10T00:00:00+01:00,2015-11-16T23:00:00+01:00
311,2015-11-18,2015,2015-11-17T11:00:00+01:00,2015-11-11T00:00:00+01:00,2015-11-17T23:00:00+01:00
312,2015-11-19,2015,2015-11-18T11:00:00+01:00,2015-11-12T00:00:00+01:00,2015-11-18T23:00:00+01:00
313,2015-11-20,2015,2015-11-19T11:00:00+01:00,2015-11-13T00:00:00+01:00,2015-11-19T23:00:00+01:00
314,2015-11-21,2015,2015-11-20T11:00:00+01:00,2015-11-14T00:00:00+01:00,2015-11-20T23:00:00+01:00
315,2015-11-22,2015,2015-11-21T11:00:00+01:00,2015-11-15T00:00:00+01:00,2015-11-21T23:00:00+01:00
316,2015-11-23,2015,2015-11-22T11:00:00+01:00,2015-11-16T00:00:00+01:00,2015-11-22T23:00:00+01:00
317,2015-11-24,2015,2015-11-23T11:00:00+01:00,2015-11-17T00:00:00+01:00,2015-11-23T23:00:00+01:00
318,2015-11-25,2015,2015-11-24T11:00:00+01:00,2015-11-18T00:00:00+01:00,2015-11-24T23:00:00+01:00
319,2015-11-26,2015,2015-11-25T11:00:00+01:00,2015-11-19T00:00:00+01:00,2015-11-25T23:00:00+01:00
320,2015-11-27,2015,2015-11-26T11:00:00+01:00,2015-11-20T00:00:00+01:00,2015-11-26T23:00:00+01:00
321,2015-11-28,2015,2015-11-27T11:00:00+01:00,2015-11-21T00:00:00+01:00,2015-11-27T23:00:00+01:00
322,2015-11-29,2015,2015-11-28T11:00:00+01:00,2015-11-22T00:00:00+01:00,2015-11-28T23:00:00+01:00
323,2015-11-30,2015,2015-11-29T11:00:00+01:00,2015-11-23T00:00:00+01:00,2015-11-29T23:00:00+01:00
324,2015-12-01,2015,2015-11-30T11:00:00+01:00,2015-11-24T00:00:00+01:00,2015-11-30T23:00:00+01:00
325,2015-12-02,2015,2015-12-01T11:00:00+01:00,2015-11-25T00:00:00+01:00,2015-12-01T23:00:00+01:00
326,2015-12-03,2015,2015-12-02T11:00:00+01:00,2015-11-26T00:00:00+01:00,2015-12-02T23:00:00+01:00
327,2015-12-04,2015,2015-12-03T11:00:00+01:00,2015-11-27T00:00:00+01:00,2015-12-03T23:00:00+01:00
328,2015-12-05,2015,2015-12-04T11:00:00+01:00,2015-11-28T00:00:00+01:00,2015-12-04T23:00:00+01:00
329,2015-12-06,2015,2015-12-05T11:00:00+01:00,2015-11-29T00:00:00+01:00,2015-12-05T23:00:00+01:00
330,2015-12-07,2015,2015-12-06T11:00:00+01:00,2015-11-30T00:00:00+01:00,2015-12-06T23:00:00+01:00
331,2015-12-08,2015,2015-12-07T11:00:00+01:00,2015-12-01T00:00:00+01:00,2015-12-07T23:00:00+01:00
332,2015-12-09,2015,2015-12-08T11:00:00+01:00,2015-12-02T00:00:00+01:00,2015-12-08T23:00:00+01:00
333,2015-12-10,2015,2015-12-09T11:00:00+01:00,2015-12-03T00:00:00+01:00,2015-12-09T23:00:00+01:00
334,2015-12-11,2015,2015-12-10T11:00:00+01:00,2015-12-04T00:00:00+01:00,2015-12-10T23:00:00+01:00
335,2015-12-12,2015,2015-12-11T11:00:00+01:00,2015-12-05T00:00:00+01:00,2015-12-11T23:00:00+01:00
336,2015-12-13,2015,2015-12-12T11:00:00+01:00,2015-12-06T00:00:00+01:00,2015-12-12T23:00:00+01:00
337,2015-12-14,2015,2015-12-13T11:00:00+01:00,2015-12-07T00:00:00+01:00,2015-12-13T23:00:00+01:00
338,2015-12-15,2015,2015-12-14T11:00:00+01:00,2015-12-08T00:00:00+01:00,2015-12-14T23:00:00+01:00
339,2015-12-16,2015,2015-12-15T11:00:00+01:00,2015-12-09T00:00:00+01:00,2015-12-15T23:00:00+01:00
340,2015-12-17,2015,2015-12-16T11:00:00+01:00,2015-12-10T00:00:00+01:00,2015-12-16T23:00:00+01:00
341,2015-12-18,2015,2015-12-17T11:00:00+01:00,2015-12-11T00:00:00+01:00,2015-12-17T23:00:00+01:00
342,2015-12-19,2015,2015-12-18T11:00:00+01:00,2015-12-12T00:00:00+01:00,2015-12-18T23:00:00+01:00
343,2015-12-20,2015,2015-12-19T11:00:00+01:00,2015-12-13T00:00:00+01:00,2015-12-19T23:00:00+01:00
344,2015-12-21,2015,2015-12-20T11:00:00+01:00,2015-12-14T00:00:00+01:00,2015-12-20T23:00:00+01:00
345,2015-12-22,2015,2015-12-21T11:00:00+01:00,2015-12-15T00:00:00+01:00,2015-12-21T23:00:00+01:00
346,2015-12-23,2015,2015-12-22T11:00:00+01:00,2015-12-16T00:00:00+01:00,2015-12-22T23:00:00+01:00
347,2015-12-24,2015,2015-12-23T11:00:00+01:00,2015-12-17T00:00:00+01:00,2015-12-23T23:00:00+01:00
348,2015-12-25,2015,2015-12-24T11:00:00+01:00,2015-12-18T00:00:00+01:00,2015-12-24T23:00:00+01:00
349,2015-12-26,2015,2015-12-25T11:00:00+01:00,2015-12-19T00:00:00+01:00,2015-12-25T23:00:00+01:00
350,2015-12-27,2015,2015-12-26T11:00:00+01:00,2015-12-20T00:00:00+01:00,2015-12-26T23:00:00+01:00
351,2015-12-28,2015,2015-12-27T11:00:00+01:00,2015-12-21T00:00:00+01:00,2015-12-27T23:00:00+01:00
352,2015-12-29,2015,2015-12-28T11:00:00+01:00,2015-12-22T00:00:00+01:00,2015-12-28T23:00:00+01:00
353,2015-12-30,2015,2015-12-29T11:00:00+01:00,2015-12-23T00:00:00+01:00,2015-12-29T23:00:00+01:00
354,2015-12-31,2015,2015-12-30T11:00:00+01:00,2015-12-24T00:00:00+01:00,2015-12-30T23:00:00+01:00
355,2016-01-01,2016,2015-12-31T11:00:00+01:00,2015-12-25T00:00:00+01:00,2015-12-31T23:00:00+01:00
356,2016-01-02,2016,2016-01-01T11:00:00+01:00,2015-12-26T00:00:00+01:00,2016-01-01T23:00:00+01:00
357,2016-01-03,2016,2016-01-02T11:00:00+01:00,2015-12-27T00:00:00+01:00,2016-01-02T23:00:00+01:00
358,2016-01-04,2016,2016-01-03T11:00:00+01:00,2015-12-28T00:00:00+01:00,2016-01-03T23:00:00+01:00
359,2016-01-05,2016,2016-01-04T11:00:00+01:00,2015-12-29T00:00:00+01:00,2016-01-04T23:00:00+01:00
360,2016-01-06,2016,2016-01-05T11:00:00+01:00,2015-12-30T00:00:00+01:00,2016-01-05T23:00:00+01:00
361,2016-01-07,2016,2016-01-06T11:00:00+01:00,2015-12-31T00:00:00+01:00,2016-01-06T23:00:00+01:00
362,2016-01-08,2016,2016-01-07T11:00:00+01:00,2016-01-01T00:00:00+01:00,2016-01-07T23:00:00+01:00
363,2016-01-09,2016,2016-01-08T11:00:00+01:00,2016-01-02T00:00:00+01:00,2016-01-08T23:00:00+01:00
364,2016-01-10,2016,2016-01-09T11:00:00+01:00,2016-01-03T00:00:00+01:00,2016-01-09T23:00:00+01:00
365,2016-01-11,2016,2016-01-10T11:00:00+01:00,2016-01-04T00:00:00+01:00,2016-01-10T23:00:00+01:00
366,2016-01-12,2016,2016-01-11T11:00:00+01:00,2016-01-05T00:00:00+01:00,2016-01-11T23:00:00+01:00
367,2016-01-13,2016,2016-01-12T11:00:00+01:00,2016-01-06T00:00:00+01:00,2016-01-12T23:00:00+01:00
368,2016-01-14,2016,2016-01-13T11:00:00+01:00,2016-01-07T00:00:00+01:00,2016-01-13T23:00:00+01:00
369,2016-01-15,2016,2016-01-14T11:00:00+01:00,2016-01-08T00:00:00+01:00,2016-01-14T23:00:00+01:00
370,2016-01-16,2016,2016-01-15T11:00:00+01:00,2016-01-09T00:00:00+01:00,2016-01-15T23:00:00+01:00
371,2016-01-17,2016,2016-01-16T11:00:00+01:00,2016-01-10T00:00:00+01:00,2016-01-16T23:00:00+01:00
372,2016-01-18,2016,2016-01-17T11:00:00+01:00,2016-01-11T00:00:00+01:00,2016-01-17T23:00:00+01:00
373,2016-01-19,2016,2016-01-18T11:00:00+01:00,2016-01-12T00:00:00+01:00,2016-01-18T23:00:00+01:00
374,2016-01-20,2016,2016-01-19T11:00:00+01:00,2016-01-13T00:00:00+01:00,2016-01-19T23:00:00+01:00
375,2016-01-21,2016,2016-01-20T11:00:00+01:00,2016-01-14T00:00:00+01:00,2016-01-20T23:00:00+01:00
376,2016-01-22,2016,2016-01-21T11:00:00+01:00,2016-01-15T00:00:00+01:00,2016-01-21T23:00:00+01:00
377,2016-01-23,2016,2016-01-22T11:00:00+01:00,2016-01-16T00:00:00+01:00,2016-01-22T23:00:00+01:00
378,2016-01-24,2016,2016-01-23T11:00:00+01:00,2016-01-17T00:00:00+01:00,2016-01-23T23:00:00+01:00
379,2016-01-25,2016,2016-01-24T11:00:00+01:00,2016-01-18T00:00:00+01:00,2016-01-24T23:00:00+01:00
380,2016-01-26,2016,2016-01-25T11:00:00+01:00,2016-01-19T00:00:00+01:00,2016-01-25T23:00:00+01:00
381,2016-01-27,2016,2016-01-26T11:00:00+01:00,2016-01-20T00:00:00+01:00,2016-01-26T23:00:00+01:00
382,2016-01-28,2016,2016-01-27T11:00:00+01:00,2016-01-21T00:00:00+01:00,2016-01-27T23:00:00+01:00
383,2016-01-29,2016,2016-01-28T11:00:00+01:00,2016-01-22T00:00:00+01:00,2016-01-28T23:00:00+01:00
384,2016-01-30,2016,2016-01-29T11:00:00+01:00,2016-01-23T00:00:00+01:00,2016-01-29T23:00:00+01:00
385,2016-01-31,2016,2016-01-30T11:00:00+01:00,2016-01-24T00:00:00+01:00,2016-01-30T23:00:00+01:00
386,2016-02-01,2016,2016-01-31T11:00:00+01:00,2016-01-25T00:00:00+01:00,2016-01-31T23:00:00+01:00
387,2016-02-02,2016,2016-02-01T11:00:00+01:00,2016-01-26T00:00:00+01:00,2016-02-01T23:00:00+01:00
388,2016-02-03,2016,2016-02-02T11:00:00+01:00,2016-01-27T00:00:00+01:00,2016-02-02T23:00:00+01:00
389,2016-02-04,2016,2016-02-03T11:00:00+01:00,2016-01-28T00:00:00+01:00,2016-02-03T23:00:00+01:00
390,2016-02-05,2016,2016-02-04T11:00:00+01:00,2016-01-29T00:00:00+01:00,2016-02-04T23:00:00+01:00
391,2016-02-06,2016,2016-02-05T11:00:00+01:00,2016-01-30T00:00:00+01:00,2016-02-05T23:00:00+01:00
392,2016-02-07,2016,2016-02-06T11:00:00+01:00,2016-01-31T00:00:00+01:00,2016-02-06T23:00:00+01:00
393,2016-02-08,2016,2016-02-07T11:00:00+01:00,2016-02-01T00:00:00+01:00,2016-02-07T23:00:00+01:00
394,2016-02-09,2016,2016-02-08T11:00:00+01:00,2016-02-02T00:00:00+01:00,2016-02-08T23:00:00+01:00
395,2016-02-10,2016,2016-02-09T11:00:00+01:00,2016-02-03T00:00:00+01:00,2016-02-09T23:00:00+01:00
396,2016-02-11,2016,2016-02-10T11:00:00+01:00,2016-02-04T00:00:00+01:00,2016-02-10T23:00:00+01:00
397,2016-02-12,2016,2016-02-11T11:00:00+01:00,2016-02-05T00:00:00+01:00,2016-02-11T23:00:00+01:00
398,2016-02-13,2016,2016-02-12T11:00:00+01:00,2016-02-06T00:00:00+01:00,2016-02-12T23:00:00+01:00
399,2016-02-14,2016,2016-02-13T11:00:00+01:00,2016-02-07T00:00:00+01:00,2016-02-13T23:00:00+01:00
400,2016-02-15,2016,2016-02-14T11:00:00+01:00,2016-02-08T00:00:00+01:00,2016-02-14T23:00:00+01:00
401,2016-02-16,2016,2016-02-15T11:00:00+01:00,2016-02-09T00:00:00+01:00,2016-02-15T23:00:00+01:00
402,2016-02-17,2016,2016-02-16T11:00:00+01:00,2016-02-10T00:00:00+01:00,2016-02-16T23:00:00+01:00
403,2016-02-18,2016,2016-02-17T11:00:00+01:00,2016-02-11T00:00:00+01:00,2016-02-17T23:00:00+01:00
404,2016-02-19,2016,2016-02-18T11:00:00+01:00,2016-02-12T00:00:00+01:00,2016-02-18T23:00:00+01:00
405,2016-02-20,2016,2016-02-19T11:00:00+01:00,2016-02-13T00:00:00+01:00,2016-02-19T23:00:00+01:00
406,2016-02-21,2016,2016-02-20T11:00:00+01:00,2016-02-14T00:00:00+01:00,2016-02-20T23:00:00+01:00
407,2016-02-22,2016,2016-02-21T11:00:00+01:00,2016-02-15T00:00:00+01:00,2016-02-21T23:00:00+01:00
408,2016-02-23,2016,2016-02-22T11:00:00+01:00,2016-02-16T00:00:00+01:00,2016-02-22T23:00:00+01:00
409,2016-02-24,2016,2016-02-23T11:00:00+01:00,2016-02-17T00:00:00+01:00,2016-02-23T23:00:00+01:00
410,2016-02-25,2016,2016-02-24T11:00:00+01:00,2016-02-18T00:00:00+01:00,2016-02-24T23:00:00+01:00
411,2016-02-26,2016,2016-02-25T11:00:00+01:00,2016-02-19T00:00:00+01:00,2016-02-25T23:00:00+01:00
412,2016-02-27,2016,2016-02-26T11:00:00+01:00,2016-02-20T00:00:00+01:00,2016-02-26T23:00:00+01:00
413,2016-02-28,2016,2016-02-27T11:00:00+01:00,2016-02-21T00:00:00+01:00,2016-02-27T23:00:00+01:00
414,2016-02-29,2016,2016-02-28T11:00:00+01:00,2016-02-22T00:00:00+01:00,2016-02-28T23:00:00+01:00
415,2016-03-01,2016,2016-02-29T11:00:00+01:00,2016-02-23T00:00:00+01:00,2016-02-29T23:00:00+01:00
416,2016-03-02,2016,2016-03-01T11:00:00+01:00,2016-02-24T00:00:00+01:00,2016-03-01T23:00:00+01:00
417,2016-03-03,2016,2016-03-02T11:00:00+01:00,2016-02-25T00:00:00+01:00,2016-03-02T23:00:00+01:00
418,2016-03-04,2016,2016-03-03T11:00:00+01:00,2016-02-26T00:00:00+01:00,2016-03-03T23:00:00+01:00
419,2016-03-05,2016,2016-03-04T11:00:00+01:00,2016-02-27T00:00:00+01:00,2016-03-04T23:00:00+01:00
420,2016-03-06,2016,2016-03-05T11:00:00+01:00,2016-02-28T00:00:00+01:00,2016-03-05T23:00:00+01:00
421,2016-03-07,2016,2016-03-06T11:00:00+01:00,2016-02-29T00:00:00+01:00,2016-03-06T23:00:00+01:00
422,2016-03-08,2016,2016-03-07T11:00:00+01:00,2016-03-01T00:00:00+01:00,2016-03-07T23:00:00+01:00
423,2016-03-09,2016,2016-03-08T11:00:00+01:00,2016-03-02T00:00:00+01:00,2016-03-08T23:00:00+01:00
424,2016-03-10,2016,2016-03-09T11:00:00+01:00,2016-03-03T00:00:00+01:00,2016-03-09T23:00:00+01:00
425,2016-03-11,2016,2016-03-10T11:00:00+01:00,2016-03-04T00:00:00+01:00,2016-03-10T23:00:00+01:00
426,2016-03-12,2016,2016-03-11T11:00:00+01:00,2016-03-05T00:00:00+01:00,2016-03-11T23:00:00+01:00
427,2016-03-13,2016,2016-03-12T11:00:00+01:00,2016-03-06T00:00:00+01:00,2016-03-12T23:00:00+01:00
428,2016-03-14,2016,2016-03-13T11:00:00+01:00,2016-03-07T00:00:00+01:00,2016-03-13T23:00:00+01:00
429,2016-03-15,2016,2016-03-14T11:00:00+01:00,2016-03-08T00:00:00+01:00,2016-03-14T23:00:00+01:00
430,2016-03-16,2016,2016-03-15T11:00:00+01:00,2016-03-09T00:00:00+01:00,2016-03-15T23:00:00+01:00
431,2016-03-17,2016,2016-03-16T11:00:00+01:00,2016-03-10T00:00:00+01:00,2016-03-16T23:00:00+01:00
432,2016-03-18,2016,2016-03-17T11:00:00+01:00,2016-03-11T00:00:00+01:00,2016-03-17T23:00:00+01:00
433,2016-03-19,2016,2016-03-18T11:00:00+01:00,2016-03-12T00:00:00+01:00,2016-03-18T23:00:00+01:00
434,2016-03-20,2016,2016-03-19T11:00:00+01:00,2016-03-13T00:00:00+01:00,2016-03-19T23:00:00+01:00
435,2016-03-21,2016,2016-03-20T11:00:00+01:00,2016-03-14T00:00:00+01:00,2016-03-20T23:00:00+01:00
436,2016-03-22,2016,2016-03-21T11:00:00+01:00,2016-03-15T00:00:00+01:00,2016-03-21T23:00:00+01:00
437,2016-03-23,2016,2016-03-22T11:00:00+01:00,2016-03-16T00:00:00+01:00,2016-03-22T23:00:00+01:00
438,2016-03-24,2016,2016-03-23T11:00:00+01:00,2016-03-17T00:00:00+01:00,2016-03-23T23:00:00+01:00
439,2016-03-25,2016,2016-03-24T11:00:00+01:00,2016-03-18T00:00:00+01:00,2016-03-24T23:00:00+01:00
440,2016-03-26,2016,2016-03-25T11:00:00+01:00,2016-03-19T00:00:00+01:00,2016-03-25T23:00:00+01:00
441,2016-03-28,2016,2016-03-27T11:00:00+02:00,2016-03-20T23:00:00+01:00,2016-03-27T23:00:00+02:00
442,2016-03-29,2016,2016-03-28T11:00:00+02:00,2016-03-21T23:00:00+01:00,2016-03-28T23:00:00+02:00
443,2016-03-30,2016,2016-03-29T11:00:00+02:00,2016-03-22T23:00:00+01:00,2016-03-29T23:00:00+02:00
444,2016-03-31,2016,2016-03-30T11:00:00+02:00,2016-03-23T23:00:00+01:00,2016-03-30T23:00:00+02:00
445,2016-04-01,2016,2016-03-31T11:00:00+02:00,2016-03-24T23:00:00+01:00,2016-03-31T23:00:00+02:00
446,2016-04-02,2016,2016-04-01T11:00:00+02:00,2016-03-25T23:00:00+01:00,2016-04-01T23:00:00+02:00
447,2016-04-03,2016,2016-04-02T11:00:00+02:00,2016-03-26T23:00:00+01:00,2016-04-02T23:00:00+02:00
448,2016-04-04,2016,2016-04-03T11:00:00+02:00,2016-03-28T00:00:00+02:00,2016-04-03T23:00:00+02:00
449,2016-04-05,2016,2016-04-04T11:00:00+02:00,2016-03-29T00:00:00+02:00,2016-04-04T23:00:00+02:00
450,2016-04-06,2016,2016-04-05T11:00:00+02:00,2016-03-30T00:00:00+02:00,2016-04-05T23:00:00+02:00
451,2016-04-07,2016,2016-04-06T11:00:00+02:00,2016-03-31T00:00:00+02:00,2016-04-06T23:00:00+02:00
452,2016-04-08,2016,2016-04-07T11:00:00+02:00,2016-04-01T00:00:00+02:00,2016-04-07T23:00:00+02:00
453,2016-04-09,2016,2016-04-08T11:00:00+02:00,2016-04-02T00:00:00+02:00,2016-04-08T23:00:00+02:00
454,2016-04-10,2016,2016-04-09T11:00:00+02:00,2016-04-03T00:00:00+02:00,2016-04-09T23:00:00+02:00
455,2016-04-11,2016,2016-04-10T11:00:00+02:00,2016-04-04T00:00:00+02:00,2016-04-10T23:00:00+02:00
456,2016-04-12,2016,2016-04-11T11:00:00+02:00,2016-04-05T00:00:00+02:00,2016-04-11T23:00:00+02:00
457,2016-04-13,2016,2016-04-12T11:00:00+02:00,2016-04-06T00:00:00+02:00,2016-04-12T23:00:00+02:00
458,2016-04-14,2016,2016-04-13T11:00:00+02:00,2016-04-07T00:00:00+02:00,2016-04-13T23:00:00+02:00
459,2016-04-15,2016,2016-04-14T11:00:00+02:00,2016-04-08T00:00:00+02:00,2016-04-14T23:00:00+02:00
460,2016-04-16,2016,2016-04-15T11:00:00+02:00,2016-04-09T00:00:00+02:00,2016-04-15T23:00:00+02:00
461,2016-04-17,2016,2016-04-16T11:00:00+02:00,2016-04-10T00:00:00+02:00,2016-04-16T23:00:00+02:00
462,2016-04-18,2016,2016-04-17T11:00:00+02:00,2016-04-11T00:00:00+02:00,2016-04-17T23:00:00+02:00
463,2016-04-19,2016,2016-04-18T11:00:00+02:00,2016-04-12T00:00:00+02:00,2016-04-18T23:00:00+02:00
464,2016-04-20,2016,2016-04-19T11:00:00+02:00,2016-04-13T00:00:00+02:00,2016-04-19T23:00:00+02:00
465,2016-04-21,2016,2016-04-20T11:00:00+02:00,2016-04-14T00:00:00+02:00,2016-04-20T23:00:00+02:00
466,2016-04-22,2016,2016-04-21T11:00:00+02:00,2016-04-15T00:00:00+02:00,2016-04-21T23:00:00+02:00
467,2016-04-23,2016,2016-04-22T11:00:00+02:00,2016-04-16T00:00:00+02:00,2016-04-22T23:00:00+02:00
468,2016-04-24,2016,2016-04-23T11:00:00+02:00,2016-04-17T00:00:00+02:00,2016-04-23T23:00:00+02:00
469,2016-04-25,2016,2016-04-24T11:00:00+02:00,2016-04-18T00:00:00+02:00,2016-04-24T23:00:00+02:00
470,2016-04-26,2016,2016-04-25T11:00:00+02:00,2016-04-19T00:00:00+02:00,2016-04-25T23:00:00+02:00
471,2016-04-27,2016,2016-04-26T11:00:00+02:00,2016-04-20T00:00:00+02:00,2016-04-26T23:00:00+02:00
472,2016-04-28,2016,2016-04-27T11:00:00+02:00,2016-04-21T00:00:00+02:00,2016-04-27T23:00:00+02:00
473,2016-04-29,2016,2016-04-28T11:00:00+02:00,2016-04-22T00:00:00+02:00,2016-04-28T23:00:00+02:00
474,2016-04-30,2016,2016-04-29T11:00:00+02:00,2016-04-23T00:00:00+02:00,2016-04-29T23:00:00+02:00
475,2016-05-01,2016,2016-04-30T11:00:00+02:00,2016-04-24T00:00:00+02:00,2016-04-30T23:00:00+02:00
476,2016-05-02,2016,2016-05-01T11:00:00+02:00,2016-04-25T00:00:00+02:00,2016-05-01T23:00:00+02:00
477,2016-05-03,2016,2016-05-02T11:00:00+02:00,2016-04-26T00:00:00+02:00,2016-05-02T23:00:00+02:00
478,2016-05-04,2016,2016-05-03T11:00:00+02:00,2016-04-27T00:00:00+02:00,2016-05-03T23:00:00+02:00
479,2016-05-05,2016,2016-05-04T11:00:00+02:00,2016-04-28T00:00:00+02:00,2016-05-04T23:00:00+02:00
480,2016-05-06,2016,2016-05-05T11:00:00+02:00,2016-04-29T00:00:00+02:00,2016-05-05T23:00:00+02:00
481,2016-05-07,2016,2016-05-06T11:00:00+02:00,2016-04-30T00:00:00+02:00,2016-05-06T23:00:00+02:00
482,2016-05-08,2016,2016-05-07T11:00:00+02:00,2016-05-01T00:00:00+02:00,2016-05-07T23:00:00+02:00
483,2016-05-09,2016,2016-05-08T11:00:00+02:00,2016-05-02T00:00:00+02:00,2016-05-08T23:00:00+02:00
484,2016-05-10,2016,2016-05-09T11:00:00+02:00,2016-05-03T00:00:00+02:00,2016-05-09T23:00:00+02:00
485,2016-05-11,2016,2016-05-10T11:00:00+02:00,2016-05-04T00:00:00+02:00,2016-05-10T23:00:00+02:00
486,2016-05-12,2016,2016-05-11T11:00:00+02:00,2016-05-05T00:00:00+02:00,2016-05-11T23:00:00+02:00
487,2016-05-13,2016,2016-05-12T11:00:00+02:00,2016-05-06T00:00:00+02:00,2016-05-12T23:00:00+02:00
488,2016-05-14,2016,2016-05-13T11:00:00+02:00,2016-05-07T00:00:00+02:00,2016-05-13T23:00:00+02:00
489,2016-05-15,2016,2016-05-14T11:00:00+02:00,2016-05-08T00:00:00+02:00,2016-05-14T23:00:00+02:00
490,2016-05-16,2016,2016-05-15T11:00:00+02:00,2016-05-09T00:00:00+02:00,2016-05-15T23:00:00+02:00
491,2016-05-17,2016,2016-05-16T11:00:00+02:00,2016-05-10T00:00:00+02:00,2016-05-16T23:00:00+02:00
492,2016-05-18,2016,2016-05-17T11:00:00+02:00,2016-05-11T00:00:00+02:00,2016-05-17T23:00:00+02:00
493,2016-05-19,2016,2016-05-18T11:00:00+02:00,2016-05-12T00:00:00+02:00,2016-05-18T23:00:00+02:00
494,2016-05-20,2016,2016-05-19T11:00:00+02:00,2016-05-13T00:00:00+02:00,2016-05-19T23:00:00+02:00
495,2016-05-21,2016,2016-05-20T11:00:00+02:00,2016-05-14T00:00:00+02:00,2016-05-20T23:00:00+02:00
496,2016-05-22,2016,2016-05-21T11:00:00+02:00,2016-05-15T00:00:00+02:00,2016-05-21T23:00:00+02:00
497,2016-05-23,2016,2016-05-22T11:00:00+02:00,2016-05-16T00:00:00+02:00,2016-05-22T23:00:00+02:00
498,2016-05-24,2016,2016-05-23T11:00:00+02:00,2016-05-17T00:00:00+02:00,2016-05-23T23:00:00+02:00
499,2016-05-25,2016,2016-05-24T11:00:00+02:00,2016-05-18T00:00:00+02:00,2016-05-24T23:00:00+02:00
500,2016-05-26,2016,2016-05-25T11:00:00+02:00,2016-05-19T00:00:00+02:00,2016-05-25T23:00:00+02:00
501,2016-05-27,2016,2016-05-26T11:00:00+02:00,2016-05-20T00:00:00+02:00,2016-05-26T23:00:00+02:00
502,2016-05-28,2016,2016-05-27T11:00:00+02:00,2016-05-21T00:00:00+02:00,2016-05-27T23:00:00+02:00
503,2016-05-29,2016,2016-05-28T11:00:00+02:00,2016-05-22T00:00:00+02:00,2016-05-28T23:00:00+02:00
504,2016-05-30,2016,2016-05-29T11:00:00+02:00,2016-05-23T00:00:00+02:00,2016-05-29T23:00:00+02:00
505,2016-05-31,2016,2016-05-30T11:00:00+02:00,2016-05-24T00:00:00+02:00,2016-05-30T23:00:00+02:00
506,2016-06-01,2016,2016-05-31T11:00:00+02:00,2016-05-25T00:00:00+02:00,2016-05-31T23:00:00+02:00
507,2016-06-02,2016,2016-06-01T11:00:00+02:00,2016-05-26T00:00:00+02:00,2016-06-01T23:00:00+02:00
508,2016-06-03,2016,2016-06-02T11:00:00+02:00,2016-05-27T00:00:00+02:00,2016-06-02T23:00:00+02:00
509,2016-06-04,2016,2016-06-03T11:00:00+02:00,2016-05-28T00:00:00+02:00,2016-06-03T23:00:00+02:00
510,2016-06-05,2016,2016-06-04T11:00:00+02:00,2016-05-29T00:00:00+02:00,2016-06-04T23:00:00+02:00
511,2016-06-06,2016,2016-06-05T11:00:00+02:00,2016-05-30T00:00:00+02:00,2016-06-05T23:00:00+02:00
512,2016-06-07,2016,2016-06-06T11:00:00+02:00,2016-05-31T00:00:00+02:00,2016-06-06T23:00:00+02:00
513,2016-06-08,2016,2016-06-07T11:00:00+02:00,2016-06-01T00:00:00+02:00,2016-06-07T23:00:00+02:00
514,2016-06-09,2016,2016-06-08T11:00:00+02:00,2016-06-02T00:00:00+02:00,2016-06-08T23:00:00+02:00
515,2016-06-10,2016,2016-06-09T11:00:00+02:00,2016-06-03T00:00:00+02:00,2016-06-09T23:00:00+02:00
516,2016-06-11,2016,2016-06-10T11:00:00+02:00,2016-06-04T00:00:00+02:00,2016-06-10T23:00:00+02:00
517,2016-06-12,2016,2016-06-11T11:00:00+02:00,2016-06-05T00:00:00+02:00,2016-06-11T23:00:00+02:00
518,2016-06-13,2016,2016-06-12T11:00:00+02:00,2016-06-06T00:00:00+02:00,2016-06-12T23:00:00+02:00
519,2016-06-14,2016,2016-06-13T11:00:00+02:00,2016-06-07T00:00:00+02:00,2016-06-13T23:00:00+02:00
520,2016-06-15,2016,2016-06-14T11:00:00+02:00,2016-06-08T00:00:00+02:00,2016-06-14T23:00:00+02:00
521,2016-06-16,2016,2016-06-15T11:00:00+02:00,2016-06-09T00:00:00+02:00,2016-06-15T23:00:00+02:00
522,2016-06-17,2016,2016-06-16T11:00:00+02:00,2016-06-10T00:00:00+02:00,2016-06-16T23:00:00+02:00
523,2016-06-18,2016,2016-06-17T11:00:00+02:00,2016-06-11T00:00:00+02:00,2016-06-17T23:00:00+02:00
524,2016-06-19,2016,2016-06-18T11:00:00+02:00,2016-06-12T00:00:00+02:00,2016-06-18T23:00:00+02:00
525,2016-06-20,2016,2016-06-19T11:00:00+02:00,2016-06-13T00:00:00+02:00,2016-06-19T23:00:00+02:00
526,2016-06-21,2016,2016-06-20T11:00:00+02:00,2016-06-14T00:00:00+02:00,2016-06-20T23:00:00+02:00
527,2016-06-22,2016,2016-06-21T11:00:00+02:00,2016-06-15T00:00:00+02:00,2016-06-21T23:00:00+02:00
528,2016-06-23,2016,2016-06-22T11:00:00+02:00,2016-06-16T00:00:00+02:00,2016-06-22T23:00:00+02:00
529,2016-06-24,2016,2016-06-23T11:00:00+02:00,2016-06-17T00:00:00+02:00,2016-06-23T23:00:00+02:00
530,2016-06-25,2016,2016-06-24T11:00:00+02:00,2016-06-18T00:00:00+02:00,2016-06-24T23:00:00+02:00
531,2016-06-26,2016,2016-06-25T11:00:00+02:00,2016-06-19T00:00:00+02:00,2016-06-25T23:00:00+02:00
532,2016-06-27,2016,2016-06-26T11:00:00+02:00,2016-06-20T00:00:00+02:00,2016-06-26T23:00:00+02:00
533,2016-06-28,2016,2016-06-27T11:00:00+02:00,2016-06-21T00:00:00+02:00,2016-06-27T23:00:00+02:00
534,2016-06-29,2016,2016-06-28T11:00:00+02:00,2016-06-22T00:00:00+02:00,2016-06-28T23:00:00+02:00
535,2016-06-30,2016,2016-06-29T11:00:00+02:00,2016-06-23T00:00:00+02:00,2016-06-29T23:00:00+02:00
536,2016-07-01,2016,2016-06-30T11:00:00+02:00,2016-06-24T00:00:00+02:00,2016-06-30T23:00:00+02:00
537,2016-07-02,2016,2016-07-01T11:00:00+02:00,2016-06-25T00:00:00+02:00,2016-07-01T23:00:00+02:00
538,2016-07-03,2016,2016-07-02T11:00:00+02:00,2016-06-26T00:00:00+02:00,2016-07-02T23:00:00+02:00
539,2016-07-04,2016,2016-07-03T11:00:00+02:00,2016-06-27T00:00:00+02:00,2016-07-03T23:00:00+02:00
540,2016-07-05,2016,2016-07-04T11:00:00+02:00,2016-06-28T00:00:00+02:00,2016-07-04T23:00:00+02:00
541,2016-07-06,2016,2016-07-05T11:00:00+02:00,2016-06-29T00:00:00+02:00,2016-07-05T23:00:00+02:00
542,2016-07-07,2016,2016-07-06T11:00:00+02:00,2016-06-30T00:00:00+02:00,2016-07-06T23:00:00+02:00
543,2016-07-08,2016,2016-07-07T11:00:00+02:00,2016-07-01T00:00:00+02:00,2016-07-07T23:00:00+02:00
544,2016-07-09,2016,2016-07-08T11:00:00+02:00,2016-07-02T00:00:00+02:00,2016-07-08T23:00:00+02:00
545,2016-07-10,2016,2016-07-09T11:00:00+02:00,2016-07-03T00:00:00+02:00,2016-07-09T23:00:00+02:00
546,2016-07-11,2016,2016-07-10T11:00:00+02:00,2016-07-04T00:00:00+02:00,2016-07-10T23:00:00+02:00
547,2016-07-12,2016,2016-07-11T11:00:00+02:00,2016-07-05T00:00:00+02:00,2016-07-11T23:00:00+02:00
548,2016-07-13,2016,2016-07-12T11:00:00+02:00,2016-07-06T00:00:00+02:00,2016-07-12T23:00:00+02:00
549,2016-07-14,2016,2016-07-13T11:00:00+02:00,2016-07-07T00:00:00+02:00,2016-07-13T23:00:00+02:00
550,2016-07-15,2016,2016-07-14T11:00:00+02:00,2016-07-08T00:00:00+02:00,2016-07-14T23:00:00+02:00
551,2016-07-16,2016,2016-07-15T11:00:00+02:00,2016-07-09T00:00:00+02:00,2016-07-15T23:00:00+02:00
552,2016-07-17,2016,2016-07-16T11:00:00+02:00,2016-07-10T00:00:00+02:00,2016-07-16T23:00:00+02:00
553,2016-07-18,2016,2016-07-17T11:00:00+02:00,2016-07-11T00:00:00+02:00,2016-07-17T23:00:00+02:00
554,2016-07-19,2016,2016-07-18T11:00:00+02:00,2016-07-12T00:00:00+02:00,2016-07-18T23:00:00+02:00
555,2016-07-20,2016,2016-07-19T11:00:00+02:00,2016-07-13T00:00:00+02:00,2016-07-19T23:00:00+02:00
556,2016-07-21,2016,2016-07-20T11:00:00+02:00,2016-07-14T00:00:00+02:00,2016-07-20T23:00:00+02:00
557,2016-07-22,2016,2016-07-21T11:00:00+02:00,2016-07-15T00:00:00+02:00,2016-07-21T23:00:00+02:00
558,2016-07-23,2016,2016-07-22T11:00:00+02:00,2016-07-16T00:00:00+02:00,2016-07-22T23:00:00+02:00
559,2016-07-24,2016,2016-07-23T11:00:00+02:00,2016-07-17T00:00:00+02:00,2016-07-23T23:00:00+02:00
560,2016-07-25,2016,2016-07-24T11:00:00+02:00,2016-07-18T00:00:00+02:00,2016-07-24T23:00:00+02:00
561,2016-07-26,2016,2016-07-25T11:00:00+02:00,2016-07-19T00:00:00+02:00,2016-07-25T23:00:00+02:00
562,2016-07-27,2016,2016-07-26T11:00:00+02:00,2016-07-20T00:00:00+02:00,2016-07-26T23:00:00+02:00
563,2016-07-28,2016,2016-07-27T11:00:00+02:00,2016-07-21T00:00:00+02:00,2016-07-27T23:00:00+02:00
564,2016-07-29,2016,2016-07-28T11:00:00+02:00,2016-07-22T00:00:00+02:00,2016-07-28T23:00:00+02:00
565,2016-07-30,2016,2016-07-29T11:00:00+02:00,2016-07-23T00:00:00+02:00,2016-07-29T23:00:00+02:00
566,2016-07-31,2016,2016-07-30T11:00:00+02:00,2016-07-24T00:00:00+02:00,2016-07-30T23:00:00+02:00
567,2016-08-01,2016,2016-07-31T11:00:00+02:00,2016-07-25T00:00:00+02:00,2016-07-31T23:00:00+02:00
568,2016-08-02,2016,2016-08-01T11:00:00+02:00,2016-07-26T00:00:00+02:00,2016-08-01T23:00:00+02:00
569,2016-08-03,2016,2016-08-02T11:00:00+02:00,2016-07-27T00:00:00+02:00,2016-08-02T23:00:00+02:00
570,2016-08-04,2016,2016-08-03T11:00:00+02:00,2016-07-28T00:00:00+02:00,2016-08-03T23:00:00+02:00
571,2016-08-05,2016,2016-08-04T11:00:00+02:00,2016-07-29T00:00:00+02:00,2016-08-04T23:00:00+02:00
572,2016-08-06,2016,2016-08-05T11:00:00+02:00,2016-07-30T00:00:00+02:00,2016-08-05T23:00:00+02:00
573,2016-08-07,2016,2016-08-06T11:00:00+02:00,2016-07-31T00:00:00+02:00,2016-08-06T23:00:00+02:00
574,2016-08-08,2016,2016-08-07T11:00:00+02:00,2016-08-01T00:00:00+02:00,2016-08-07T23:00:00+02:00
575,2016-08-09,2016,2016-08-08T11:00:00+02:00,2016-08-02T00:00:00+02:00,2016-08-08T23:00:00+02:00
576,2016-08-10,2016,2016-08-09T11:00:00+02:00,2016-08-03T00:00:00+02:00,2016-08-09T23:00:00+02:00
577,2016-08-11,2016,2016-08-10T11:00:00+02:00,2016-08-04T00:00:00+02:00,2016-08-10T23:00:00+02:00
578,2016-08-12,2016,2016-08-11T11:00:00+02:00,2016-08-05T00:00:00+02:00,2016-08-11T23:00:00+02:00
579,2016-08-13,2016,2016-08-12T11:00:00+02:00,2016-08-06T00:00:00+02:00,2016-08-12T23:00:00+02:00
580,2016-08-14,2016,2016-08-13T11:00:00+02:00,2016-08-07T00:00:00+02:00,2016-08-13T23:00:00+02:00
581,2016-08-15,2016,2016-08-14T11:00:00+02:00,2016-08-08T00:00:00+02:00,2016-08-14T23:00:00+02:00
582,2016-08-16,2016,2016-08-15T11:00:00+02:00,2016-08-09T00:00:00+02:00,2016-08-15T23:00:00+02:00
583,2016-08-17,2016,2016-08-16T11:00:00+02:00,2016-08-10T00:00:00+02:00,2016-08-16T23:00:00+02:00
584,2016-08-18,2016,2016-08-17T11:00:00+02:00,2016-08-11T00:00:00+02:00,2016-08-17T23:00:00+02:00
585,2016-08-19,2016,2016-08-18T11:00:00+02:00,2016-08-12T00:00:00+02:00,2016-08-18T23:00:00+02:00
586,2016-08-20,2016,2016-08-19T11:00:00+02:00,2016-08-13T00:00:00+02:00,2016-08-19T23:00:00+02:00
587,2016-08-21,2016,2016-08-20T11:00:00+02:00,2016-08-14T00:00:00+02:00,2016-08-20T23:00:00+02:00
588,2016-08-22,2016,2016-08-21T11:00:00+02:00,2016-08-15T00:00:00+02:00,2016-08-21T23:00:00+02:00
589,2016-08-23,2016,2016-08-22T11:00:00+02:00,2016-08-16T00:00:00+02:00,2016-08-22T23:00:00+02:00
590,2016-08-24,2016,2016-08-23T11:00:00+02:00,2016-08-17T00:00:00+02:00,2016-08-23T23:00:00+02:00
591,2016-08-25,2016,2016-08-24T11:00:00+02:00,2016-08-18T00:00:00+02:00,2016-08-24T23:00:00+02:00
592,2016-08-26,2016,2016-08-25T11:00:00+02:00,2016-08-19T00:00:00+02:00,2016-08-25T23:00:00+02:00
593,2016-08-27,2016,2016-08-26T11:00:00+02:00,2016-08-20T00:00:00+02:00,2016-08-26T23:00:00+02:00
594,2016-08-28,2016,2016-08-27T11:00:00+02:00,2016-08-21T00:00:00+02:00,2016-08-27T23:00:00+02:00
595,2016-08-29,2016,2016-08-28T11:00:00+02:00,2016-08-22T00:00:00+02:00,2016-08-28T23:00:00+02:00
596,2016-08-30,2016,2016-08-29T11:00:00+02:00,2016-08-23T00:00:00+02:00,2016-08-29T23:00:00+02:00
597,2016-08-31,2016,2016-08-30T11:00:00+02:00,2016-08-24T00:00:00+02:00,2016-08-30T23:00:00+02:00
598,2016-09-01,2016,2016-08-31T11:00:00+02:00,2016-08-25T00:00:00+02:00,2016-08-31T23:00:00+02:00
599,2016-09-02,2016,2016-09-01T11:00:00+02:00,2016-08-26T00:00:00+02:00,2016-09-01T23:00:00+02:00
600,2016-09-03,2016,2016-09-02T11:00:00+02:00,2016-08-27T00:00:00+02:00,2016-09-02T23:00:00+02:00
601,2016-09-04,2016,2016-09-03T11:00:00+02:00,2016-08-28T00:00:00+02:00,2016-09-03T23:00:00+02:00
602,2016-09-05,2016,2016-09-04T11:00:00+02:00,2016-08-29T00:00:00+02:00,2016-09-04T23:00:00+02:00
603,2016-09-06,2016,2016-09-05T11:00:00+02:00,2016-08-30T00:00:00+02:00,2016-09-05T23:00:00+02:00
604,2016-09-07,2016,2016-09-06T11:00:00+02:00,2016-08-31T00:00:00+02:00,2016-09-06T23:00:00+02:00
605,2016-09-08,2016,2016-09-07T11:00:00+02:00,2016-09-01T00:00:00+02:00,2016-09-07T23:00:00+02:00
606,2016-09-09,2016,2016-09-08T11:00:00+02:00,2016-09-02T00:00:00+02:00,2016-09-08T23:00:00+02:00
607,2016-09-10,2016,2016-09-09T11:00:00+02:00,2016-09-03T00:00:00+02:00,2016-09-09T23:00:00+02:00
608,2016-09-11,2016,2016-09-10T11:00:00+02:00,2016-09-04T00:00:00+02:00,2016-09-10T23:00:00+02:00
609,2016-09-12,2016,2016-09-11T11:00:00+02:00,2016-09-05T00:00:00+02:00,2016-09-11T23:00:00+02:00
610,2016-09-13,2016,2016-09-12T11:00:00+02:00,2016-09-06T00:00:00+02:00,2016-09-12T23:00:00+02:00
611,2016-09-14,2016,2016-09-13T11:00:00+02:00,2016-09-07T00:00:00+02:00,2016-09-13T23:00:00+02:00
612,2016-09-15,2016,2016-09-14T11:00:00+02:00,2016-09-08T00:00:00+02:00,2016-09-14T23:00:00+02:00
613,2016-09-16,2016,2016-09-15T11:00:00+02:00,2016-09-09T00:00:00+02:00,2016-09-15T23:00:00+02:00
614,2016-09-17,2016,2016-09-16T11:00:00+02:00,2016-09-10T00:00:00+02:00,2016-09-16T23:00:00+02:00
615,2016-09-18,2016,2016-09-17T11:00:00+02:00,2016-09-11T00:00:00+02:00,2016-09-17T23:00:00+02:00
616,2016-09-19,2016,2016-09-18T11:00:00+02:00,2016-09-12T00:00:00+02:00,2016-09-18T23:00:00+02:00
617,2016-09-20,2016,2016-09-19T11:00:00+02:00,2016-09-13T00:00:00+02:00,2016-09-19T23:00:00+02:00
618,2016-09-21,2016,2016-09-20T11:00:00+02:00,2016-09-14T00:00:00+02:00,2016-09-20T23:00:00+02:00
619,2016-09-22,2016,2016-09-21T11:00:00+02:00,2016-09-15T00:00:00+02:00,2016-09-21T23:00:00+02:00
620,2016-09-23,2016,2016-09-22T11:00:00+02:00,2016-09-16T00:00:00+02:00,2016-09-22T23:00:00+02:00
621,2016-09-24,2016,2016-09-23T11:00:00+02:00,2016-09-17T00:00:00+02:00,2016-09-23T23:00:00+02:00
622,2016-09-25,2016,2016-09-24T11:00:00+02:00,2016-09-18T00:00:00+02:00,2016-09-24T23:00:00+02:00
623,2016-09-26,2016,2016-09-25T11:00:00+02:00,2016-09-19T00:00:00+02:00,2016-09-25T23:00:00+02:00
624,2016-09-27,2016,2016-09-26T11:00:00+02:00,2016-09-20T00:00:00+02:00,2016-09-26T23:00:00+02:00
625,2016-09-28,2016,2016-09-27T11:00:00+02:00,2016-09-21T00:00:00+02:00,2016-09-27T23:00:00+02:00
626,2016-09-29,2016,2016-09-28T11:00:00+02:00,2016-09-22T00:00:00+02:00,2016-09-28T23:00:00+02:00
627,2016-09-30,2016,2016-09-29T11:00:00+02:00,2016-09-23T00:00:00+02:00,2016-09-29T23:00:00+02:00
628,2016-10-01,2016,2016-09-30T11:00:00+02:00,2016-09-24T00:00:00+02:00,2016-09-30T23:00:00+02:00
629,2016-10-02,2016,2016-10-01T11:00:00+02:00,2016-09-25T00:00:00+02:00,2016-10-01T23:00:00+02:00
630,2016-10-03,2016,2016-10-02T11:00:00+02:00,2016-09-26T00:00:00+02:00,2016-10-02T23:00:00+02:00
631,2016-10-04,2016,2016-10-03T11:00:00+02:00,2016-09-27T00:00:00+02:00,2016-10-03T23:00:00+02:00
632,2016-10-05,2016,2016-10-04T11:00:00+02:00,2016-09-28T00:00:00+02:00,2016-10-04T23:00:00+02:00
633,2016-10-06,2016,2016-10-05T11:00:00+02:00,2016-09-29T00:00:00+02:00,2016-10-05T23:00:00+02:00
634,2016-10-07,2016,2016-10-06T11:00:00+02:00,2016-09-30T00:00:00+02:00,2016-10-06T23:00:00+02:00
635,2016-10-08,2016,2016-10-07T11:00:00+02:00,2016-10-01T00:00:00+02:00,2016-10-07T23:00:00+02:00
636,2016-10-09,2016,2016-10-08T11:00:00+02:00,2016-10-02T00:00:00+02:00,2016-10-08T23:00:00+02:00
637,2016-10-10,2016,2016-10-09T11:00:00+02:00,2016-10-03T00:00:00+02:00,2016-10-09T23:00:00+02:00
638,2016-10-11,2016,2016-10-10T11:00:00+02:00,2016-10-04T00:00:00+02:00,2016-10-10T23:00:00+02:00
639,2016-10-12,2016,2016-10-11T11:00:00+02:00,2016-10-05T00:00:00+02:00,2016-10-11T23:00:00+02:00
640,2016-10-13,2016,2016-10-12T11:00:00+02:00,2016-10-06T00:00:00+02:00,2016-10-12T23:00:00+02:00
641,2016-10-14,2016,2016-10-13T11:00:00+02:00,2016-10-07T00:00:00+02:00,2016-10-13T23:00:00+02:00
642,2016-10-15,2016,2016-10-14T11:00:00+02:00,2016-10-08T00:00:00+02:00,2016-10-14T23:00:00+02:00
643,2016-10-16,2016,2016-10-15T11:00:00+02:00,2016-10-09T00:00:00+02:00,2016-10-15T23:00:00+02:00
644,2016-10-17,2016,2016-10-16T11:00:00+02:00,2016-10-10T00:00:00+02:00,2016-10-16T23:00:00+02:00
645,2016-10-18,2016,2016-10-17T11:00:00+02:00,2016-10-11T00:00:00+02:00,2016-10-17T23:00:00+02:00
646,2016-10-19,2016,2016-10-18T11:00:00+02:00,2016-10-12T00:00:00+02:00,2016-10-18T23:00:00+02:00
647,2016-10-20,2016,2016-10-19T11:00:00+02:00,2016-10-13T00:00:00+02:00,2016-10-19T23:00:00+02:00
648,2016-10-21,2016,2016-10-20T11:00:00+02:00,2016-10-14T00:00:00+02:00,2016-10-20T23:00:00+02:00
649,2016-10-22,2016,2016-10-21T11:00:00+02:00,2016-10-15T00:00:00+02:00,2016-10-21T23:00:00+02:00
650,2016-10-23,2016,2016-10-22T11:00:00+02:00,2016-10-16T00:00:00+02:00,2016-10-22T23:00:00+02:00
651,2016-10-24,2016,2016-10-23T11:00:00+02:00,2016-10-17T00:00:00+02:00,2016-10-23T23:00:00+02:00
652,2016-10-25,2016,2016-10-24T11:00:00+02:00,2016-10-18T00:00:00+02:00,2016-10-24T23:00:00+02:00
653,2016-10-26,2016,2016-10-25T11:00:00+02:00,2016-10-19T00:00:00+02:00,2016-10-25T23:00:00+02:00
654,2016-10-27,2016,2016-10-26T11:00:00+02:00,2016-10-20T00:00:00+02:00,2016-10-26T23:00:00+02:00
655,2016-10-28,2016,2016-10-27T11:00:00+02:00,2016-10-21T00:00:00+02:00,2016-10-27T23:00:00+02:00
656,2016-10-29,2016,2016-10-28T11:00:00+02:00,2016-10-22T00:00:00+02:00,2016-10-28T23:00:00+02:00
657,2016-10-31,2016,2016-10-30T11:00:00+01:00,2016-10-24T01:00:00+02:00,2016-10-30T23:00:00+01:00
658,2016-11-01,2016,2016-10-31T11:00:00+01:00,2016-10-25T01:00:00+02:00,2016-10-31T23:00:00+01:00
659,2016-11-02,2016,2016-11-01T11:00:00+01:00,2016-10-26T01:00:00+02:00,2016-11-01T23:00:00+01:00
660,2016-11-03,2016,2016-11-02T11:00:00+01:00,2016-10-27T01:00:00+02:00,2016-11-02T23:00:00+01:00
661,2016-11-04,2016,2016-11-03T11:00:00+01:00,2016-10-28T01:00:00+02:00,2016-11-03T23:00:00+01:00
662,2016-11-05,2016,2016-11-04T11:00:00+01:00,2016-10-29T01:00:00+02:00,2016-11-04T23:00:00+01:00
663,2016-11-06,2016,2016-11-05T11:00:00+01:00,2016-10-30T01:00:00+02:00,2016-11-05T23:00:00+01:00
664,2016-11-07,2016,2016-11-06T11:00:00+01:00,2016-10-31T00:00:00+01:00,2016-11-06T23:00:00+01:00
665,2016-11-08,2016,2016-11-07T11:00:00+01:00,2016-11-01T00:00:00+01:00,2016-11-07T23:00:00+01:00
666,2016-11-09,2016,2016-11-08T11:00:00+01:00,2016-11-02T00:00:00+01:00,2016-11-08T23:00:00+01:00
667,2016-11-10,2016,2016-11-09T11:00:00+01:00,2016-11-03T00:00:00+01:00,2016-11-09T23:00:00+01:00
668,2016-11-11,2016,2016-11-10T11:00:00+01:00,2016-11-04T00:00:00+01:00,2016-11-10T23:00:00+01:00
669,2016-11-12,2016,2016-11-11T11:00:00+01:00,2016-11-05T00:00:00+01:00,2016-11-11T23:00:00+01:00
670,2016-11-13,2016,2016-11-12T11:00:00+01:00,2016-11-06T00:00:00+01:00,2016-11-12T23:00:00+01:00
671,2016-11-14,2016,2016-11-13T11:00:00+01:00,2016-11-07T00:00:00+01:00,2016-11-13T23:00:00+01:00
672,2016-11-15,2016,2016-11-14T11:00:00+01:00,2016-11-08T00:00:00+01:00,2016-11-14T23:00:00+01:00
673,2016-11-16,2016,2016-11-15T11:00:00+01:00,2016-11-09T00:00:00+01:00,2016-11-15T23:00:00+01:00
674,2016-11-17,2016,2016-11-16T11:00:00+01:00,2016-11-10T00:00:00+01:00,2016-11-16T23:00:00+01:00
675,2016-11-18,2016,2016-11-17T11:00:00+01:00,2016-11-11T00:00:00+01:00,2016-11-17T23:00:00+01:00
676,2016-11-19,2016,2016-11-18T11:00:00+01:00,2016-11-12T00:00:00+01:00,2016-11-18T23:00:00+01:00
677,2016-11-20,2016,2016-11-19T11:00:00+01:00,2016-11-13T00:00:00+01:00,2016-11-19T23:00:00+01:00
678,2016-11-21,2016,2016-11-20T11:00:00+01:00,2016-11-14T00:00:00+01:00,2016-11-20T23:00:00+01:00
679,2016-11-22,2016,2016-11-21T11:00:00+01:00,2016-11-15T00:00:00+01:00,2016-11-21T23:00:00+01:00
680,2016-11-23,2016,2016-11-22T11:00:00+01:00,2016-11-16T00:00:00+01:00,2016-11-22T23:00:00+01:00
681,2016-11-24,2016,2016-11-23T11:00:00+01:00,2016-11-17T00:00:00+01:00,2016-11-23T23:00:00+01:00
682,2016-11-25,2016,2016-11-24T11:00:00+01:00,2016-11-18T00:00:00+01:00,2016-11-24T23:00:00+01:00
683,2016-11-26,2016,2016-11-25T11:00:00+01:00,2016-11-19T00:00:00+01:00,2016-11-25T23:00:00+01:00
684,2016-11-27,2016,2016-11-26T11:00:00+01:00,2016-11-20T00:00:00+01:00,2016-11-26T23:00:00+01:00
685,2016-11-28,2016,2016-11-27T11:00:00+01:00,2016-11-21T00:00:00+01:00,2016-11-27T23:00:00+01:00
686,2016-11-29,2016,2016-11-28T11:00:00+01:00,2016-11-22T00:00:00+01:00,2016-11-28T23:00:00+01:00
687,2016-11-30,2016,2016-11-29T11:00:00+01:00,2016-11-23T00:00:00+01:00,2016-11-29T23:00:00+01:00
688,2016-12-01,2016,2016-11-30T11:00:00+01:00,2016-11-24T00:00:00+01:00,2016-11-30T23:00:00+01:00
689,2016-12-02,2016,2016-12-01T11:00:00+01:00,2016-11-25T00:00:00+01:00,2016-12-01T23:00:00+01:00
690,2016-12-03,2016,2016-12-02T11:00:00+01:00,2016-11-26T00:00:00+01:00,2016-12-02T23:00:00+01:00
691,2016-12-04,2016,2016-12-03T11:00:00+01:00,2016-11-27T00:00:00+01:00,2016-12-03T23:00:00+01:00
692,2016-12-05,2016,2016-12-04T11:00:00+01:00,2016-11-28T00:00:00+01:00,2016-12-04T23:00:00+01:00
693,2016-12-06,2016,2016-12-05T11:00:00+01:00,2016-11-29T00:00:00+01:00,2016-12-05T23:00:00+01:00
694,2016-12-07,2016,2016-12-06T11:00:00+01:00,2016-11-30T00:00:00+01:00,2016-12-06T23:00:00+01:00
695,2016-12-08,2016,2016-12-07T11:00:00+01:00,2016-12-01T00:00:00+01:00,2016-12-07T23:00:00+01:00
696,2016-12-09,2016,2016-12-08T11:00:00+01:00,2016-12-02T00:00:00+01:00,2016-12-08T23:00:00+01:00
697,2016-12-10,2016,2016-12-09T11:00:00+01:00,2016-12-03T00:00:00+01:00,2016-12-09T23:00:00+01:00
698,2016-12-11,2016,2016-12-10T11:00:00+01:00,2016-12-04T00:00:00+01:00,2016-12-10T23:00:00+01:00
699,2016-12-12,2016,2016-12-11T11:00:00+01:00,2016-12-05T00:00:00+01:00,2016-12-11T23:00:00+01:00
700,2016-12-13,2016,2016-12-12T11:00:00+01:00,2016-12-06T00:00:00+01:00,2016-12-12T23:00:00+01:00
701,2016-12-14,2016,2016-12-13T11:00:00+01:00,2016-12-07T00:00:00+01:00,2016-12-13T23:00:00+01:00
702,2016-12-15,2016,2016-12-14T11:00:00+01:00,2016-12-08T00:00:00+01:00,2016-12-14T23:00:00+01:00
703,2016-12-16,2016,2016-12-15T11:00:00+01:00,2016-12-09T00:00:00+01:00,2016-12-15T23:00:00+01:00
704,2016-12-17,2016,2016-12-16T11:00:00+01:00,2016-12-10T00:00:00+01:00,2016-12-16T23:00:00+01:00
705,2016-12-18,2016,2016-12-17T11:00:00+01:00,2016-12-11T00:00:00+01:00,2016-12-17T23:00:00+01:00
706,2016-12-19,2016,2016-12-18T11:00:00+01:00,2016-12-12T00:00:00+01:00,2016-12-18T23:00:00+01:00
707,2016-12-20,2016,2016-12-19T11:00:00+01:00,2016-12-13T00:00:00+01:00,2016-12-19T23:00:00+01:00
708,2016-12-21,2016,2016-12-20T11:00:00+01:00,2016-12-14T00:00:00+01:00,2016-12-20T23:00:00+01:00
709,2016-12-22,2016,2016-12-21T11:00:00+01:00,2016-12-15T00:00:00+01:00,2016-12-21T23:00:00+01:00
710,2016-12-23,2016,2016-12-22T11:00:00+01:00,2016-12-16T00:00:00+01:00,2016-12-22T23:00:00+01:00
711,2016-12-24,2016,2016-12-23T11:00:00+01:00,2016-12-17T00:00:00+01:00,2016-12-23T23:00:00+01:00
712,2016-12-25,2016,2016-12-24T11:00:00+01:00,2016-12-18T00:00:00+01:00,2016-12-24T23:00:00+01:00
713,2016-12-26,2016,2016-12-25T11:00:00+01:00,2016-12-19T00:00:00+01:00,2016-12-25T23:00:00+01:00
714,2016-12-27,2016,2016-12-26T11:00:00+01:00,2016-12-20T00:00:00+01:00,2016-12-26T23:00:00+01:00
715,2016-12-28,2016,2016-12-27T11:00:00+01:00,2016-12-21T00:00:00+01:00,2016-12-27T23:00:00+01:00
716,2016-12-29,2016,2016-12-28T11:00:00+01:00,2016-12-22T00:00:00+01:00,2016-12-28T23:00:00+01:00
717,2016-12-30,2016,2016-12-29T11:00:00+01:00,2016-12-23T00:00:00+01:00,2016-12-29T23:00:00+01:00
718,2016-12-31,2016,2016-12-30T11:00:00+01:00,2016-12-24T00:00:00+01:00,2016-12-30T23:00:00+01:00
719,2017-01-01,2017,2016-12-31T11:00:00+01:00,2016-12-25T00:00:00+01:00,2016-12-31T23:00:00+01:00
720,2017-01-02,2017,2017-01-01T11:00:00+01:00,2016-12-26T00:00:00+01:00,2017-01-01T23:00:00+01:00
721,2017-01-03,2017,2017-01-02T11:00:00+01:00,2016-12-27T00:00:00+01:00,2017-01-02T23:00:00+01:00
722,2017-01-04,2017,2017-01-03T11:00:00+01:00,2016-12-28T00:00:00+01:00,2017-01-03T23:00:00+01:00
723,2017-01-05,2017,2017-01-04T11:00:00+01:00,2016-12-29T00:00:00+01:00,2017-01-04T23:00:00+01:00
724,2017-01-06,2017,2017-01-05T11:00:00+01:00,2016-12-30T00:00:00+01:00,2017-01-05T23:00:00+01:00
725,2017-01-07,2017,2017-01-06T11:00:00+01:00,2016-12-31T00:00:00+01:00,2017-01-06T23:00:00+01:00
726,2017-01-08,2017,2017-01-07T11:00:00+01:00,2017-01-01T00:00:00+01:00,2017-01-07T23:00:00+01:00
727,2017-01-09,2017,2017-01-08T11:00:00+01:00,2017-01-02T00:00:00+01:00,2017-01-08T23:00:00+01:00
728,2017-01-10,2017,2017-01-09T11:00:00+01:00,2017-01-03T00:00:00+01:00,2017-01-09T23:00:00+01:00
729,2017-01-11,2017,2017-01-10T11:00:00+01:00,2017-01-04T00:00:00+01:00,2017-01-10T23:00:00+01:00
730,2017-01-12,2017,2017-01-11T11:00:00+01:00,2017-01-05T00:00:00+01:00,2017-01-11T23:00:00+01:00
731,2017-01-13,2017,2017-01-12T11:00:00+01:00,2017-01-06T00:00:00+01:00,2017-01-12T23:00:00+01:00
732,2017-01-14,2017,2017-01-13T11:00:00+01:00,2017-01-07T00:00:00+01:00,2017-01-13T23:00:00+01:00
733,2017-01-15,2017,2017-01-14T11:00:00+01:00,2017-01-08T00:00:00+01:00,2017-01-14T23:00:00+01:00
734,2017-01-16,2017,2017-01-15T11:00:00+01:00,2017-01-09T00:00:00+01:00,2017-01-15T23:00:00+01:00
735,2017-01-17,2017,2017-01-16T11:00:00+01:00,2017-01-10T00:00:00+01:00,2017-01-16T23:00:00+01:00
736,2017-01-18,2017,2017-01-17T11:00:00+01:00,2017-01-11T00:00:00+01:00,2017-01-17T23:00:00+01:00
737,2017-01-19,2017,2017-01-18T11:00:00+01:00,2017-01-12T00:00:00+01:00,2017-01-18T23:00:00+01:00
738,2017-01-20,2017,2017-01-19T11:00:00+01:00,2017-01-13T00:00:00+01:00,2017-01-19T23:00:00+01:00
739,2017-01-21,2017,2017-01-20T11:00:00+01:00,2017-01-14T00:00:00+01:00,2017-01-20T23:00:00+01:00
740,2017-01-22,2017,2017-01-21T11:00:00+01:00,2017-01-15T00:00:00+01:00,2017-01-21T23:00:00+01:00
741,2017-01-23,2017,2017-01-22T11:00:00+01:00,2017-01-16T00:00:00+01:00,2017-01-22T23:00:00+01:00
742,2017-01-24,2017,2017-01-23T11:00:00+01:00,2017-01-17T00:00:00+01:00,2017-01-23T23:00:00+01:00
743,2017-01-25,2017,2017-01-24T11:00:00+01:00,2017-01-18T00:00:00+01:00,2017-01-24T23:00:00+01:00
744,2017-01-26,2017,2017-01-25T11:00:00+01:00,2017-01-19T00:00:00+01:00,2017-01-25T23:00:00+01:00
745,2017-01-27,2017,2017-01-26T11:00:00+01:00,2017-01-20T00:00:00+01:00,2017-01-26T23:00:00+01:00
746,2017-01-28,2017,2017-01-27T11:00:00+01:00,2017-01-21T00:00:00+01:00,2017-01-27T23:00:00+01:00
747,2017-01-29,2017,2017-01-28T11:00:00+01:00,2017-01-22T00:00:00+01:00,2017-01-28T23:00:00+01:00
748,2017-01-30,2017,2017-01-29T11:00:00+01:00,2017-01-23T00:00:00+01:00,2017-01-29T23:00:00+01:00
749,2017-01-31,2017,2017-01-30T11:00:00+01:00,2017-01-24T00:00:00+01:00,2017-01-30T23:00:00+01:00
750,2017-02-01,2017,2017-01-31T11:00:00+01:00,2017-01-25T00:00:00+01:00,2017-01-31T23:00:00+01:00
751,2017-02-02,2017,2017-02-01T11:00:00+01:00,2017-01-26T00:00:00+01:00,2017-02-01T23:00:00+01:00
752,2017-02-03,2017,2017-02-02T11:00:00+01:00,2017-01-27T00:00:00+01:00,2017-02-02T23:00:00+01:00
753,2017-02-04,2017,2017-02-03T11:00:00+01:00,2017-01-28T00:00:00+01:00,2017-02-03T23:00:00+01:00
754,2017-02-05,2017,2017-02-04T11:00:00+01:00,2017-01-29T00:00:00+01:00,2017-02-04T23:00:00+01:00
755,2017-02-06,2017,2017-02-05T11:00:00+01:00,2017-01-30T00:00:00+01:00,2017-02-05T23:00:00+01:00
756,2017-02-07,2017,2017-02-06T11:00:00+01:00,2017-01-31T00:00:00+01:00,2017-02-06T23:00:00+01:00
757,2017-02-08,2017,2017-02-07T11:00:00+01:00,2017-02-01T00:00:00+01:00,2017-02-07T23:00:00+01:00
758,2017-02-09,2017,2017-02-08T11:00:00+01:00,2017-02-02T00:00:00+01:00,2017-02-08T23:00:00+01:00
759,2017-02-10,2017,2017-02-09T11:00:00+01:00,2017-02-03T00:00:00+01:00,2017-02-09T23:00:00+01:00
760,2017-02-11,2017,2017-02-10T11:00:00+01:00,2017-02-04T00:00:00+01:00,2017-02-10T23:00:00+01:00
761,2017-02-12,2017,2017-02-11T11:00:00+01:00,2017-02-05T00:00:00+01:00,2017-02-11T23:00:00+01:00
762,2017-02-13,2017,2017-02-12T11:00:00+01:00,2017-02-06T00:00:00+01:00,2017-02-12T23:00:00+01:00
763,2017-02-14,2017,2017-02-13T11:00:00+01:00,2017-02-07T00:00:00+01:00,2017-02-13T23:00:00+01:00
764,2017-02-15,2017,2017-02-14T11:00:00+01:00,2017-02-08T00:00:00+01:00,2017-02-14T23:00:00+01:00
765,2017-02-16,2017,2017-02-15T11:00:00+01:00,2017-02-09T00:00:00+01:00,2017-02-15T23:00:00+01:00
766,2017-02-17,2017,2017-02-16T11:00:00+01:00,2017-02-10T00:00:00+01:00,2017-02-16T23:00:00+01:00
767,2017-02-18,2017,2017-02-17T11:00:00+01:00,2017-02-11T00:00:00+01:00,2017-02-17T23:00:00+01:00
768,2017-02-19,2017,2017-02-18T11:00:00+01:00,2017-02-12T00:00:00+01:00,2017-02-18T23:00:00+01:00
769,2017-02-20,2017,2017-02-19T11:00:00+01:00,2017-02-13T00:00:00+01:00,2017-02-19T23:00:00+01:00
770,2017-02-21,2017,2017-02-20T11:00:00+01:00,2017-02-14T00:00:00+01:00,2017-02-20T23:00:00+01:00
771,2017-02-22,2017,2017-02-21T11:00:00+01:00,2017-02-15T00:00:00+01:00,2017-02-21T23:00:00+01:00
772,2017-02-23,2017,2017-02-22T11:00:00+01:00,2017-02-16T00:00:00+01:00,2017-02-22T23:00:00+01:00
773,2017-02-24,2017,2017-02-23T11:00:00+01:00,2017-02-17T00:00:00+01:00,2017-02-23T23:00:00+01:00
774,2017-02-25,2017,2017-02-24T11:00:00+01:00,2017-02-18T00:00:00+01:00,2017-02-24T23:00:00+01:00
775,2017-02-26,2017,2017-02-25T11:00:00+01:00,2017-02-19T00:00:00+01:00,2017-02-25T23:00:00+01:00
776,2017-02-27,2017,2017-02-26T11:00:00+01:00,2017-02-20T00:00:00+01:00,2017-02-26T23:00:00+01:00
777,2017-02-28,2017,2017-02-27T11:00:00+01:00,2017-02-21T00:00:00+01:00,2017-02-27T23:00:00+01:00
778,2017-03-01,2017,2017-02-28T11:00:00+01:00,2017-02-22T00:00:00+01:00,2017-02-28T23:00:00+01:00
779,2017-03-02,2017,2017-03-01T11:00:00+01:00,2017-02-23T00:00:00+01:00,2017-03-01T23:00:00+01:00
780,2017-03-03,2017,2017-03-02T11:00:00+01:00,2017-02-24T00:00:00+01:00,2017-03-02T23:00:00+01:00
781,2017-03-04,2017,2017-03-03T11:00:00+01:00,2017-02-25T00:00:00+01:00,2017-03-03T23:00:00+01:00
782,2017-03-05,2017,2017-03-04T11:00:00+01:00,2017-02-26T00:00:00+01:00,2017-03-04T23:00:00+01:00
783,2017-03-06,2017,2017-03-05T11:00:00+01:00,2017-02-27T00:00:00+01:00,2017-03-05T23:00:00+01:00
784,2017-03-07,2017,2017-03-06T11:00:00+01:00,2017-02-28T00:00:00+01:00,2017-03-06T23:00:00+01:00
785,2017-03-08,2017,2017-03-07T11:00:00+01:00,2017-03-01T00:00:00+01:00,2017-03-07T23:00:00+01:00
786,2017-03-09,2017,2017-03-08T11:00:00+01:00,2017-03-02T00:00:00+01:00,2017-03-08T23:00:00+01:00
787,2017-03-10,2017,2017-03-09T11:00:00+01:00,2017-03-03T00:00:00+01:00,2017-03-09T23:00:00+01:00
788,2017-03-11,2017,2017-03-10T11:00:00+01:00,2017-03-04T00:00:00+01:00,2017-03-10T23:00:00+01:00
789,2017-03-12,2017,2017-03-11T11:00:00+01:00,2017-03-05T00:00:00+01:00,2017-03-11T23:00:00+01:00
790,2017-03-13,2017,2017-03-12T11:00:00+01:00,2017-03-06T00:00:00+01:00,2017-03-12T23:00:00+01:00
791,2017-03-14,2017,2017-03-13T11:00:00+01:00,2017-03-07T00:00:00+01:00,2017-03-13T23:00:00+01:00
792,2017-03-15,2017,2017-03-14T11:00:00+01:00,2017-03-08T00:00:00+01:00,2017-03-14T23:00:00+01:00
793,2017-03-16,2017,2017-03-15T11:00:00+01:00,2017-03-09T00:00:00+01:00,2017-03-15T23:00:00+01:00
794,2017-03-17,2017,2017-03-16T11:00:00+01:00,2017-03-10T00:00:00+01:00,2017-03-16T23:00:00+01:00
795,2017-03-18,2017,2017-03-17T11:00:00+01:00,2017-03-11T00:00:00+01:00,2017-03-17T23:00:00+01:00
796,2017-03-19,2017,2017-03-18T11:00:00+01:00,2017-03-12T00:00:00+01:00,2017-03-18T23:00:00+01:00
797,2017-03-20,2017,2017-03-19T11:00:00+01:00,2017-03-13T00:00:00+01:00,2017-03-19T23:00:00+01:00
798,2017-03-21,2017,2017-03-20T11:00:00+01:00,2017-03-14T00:00:00+01:00,2017-03-20T23:00:00+01:00
799,2017-03-22,2017,2017-03-21T11:00:00+01:00,2017-03-15T00:00:00+01:00,2017-03-21T23:00:00+01:00
800,2017-03-23,2017,2017-03-22T11:00:00+01:00,2017-03-16T00:00:00+01:00,2017-03-22T23:00:00+01:00
801,2017-03-24,2017,2017-03-23T11:00:00+01:00,2017-03-17T00:00:00+01:00,2017-03-23T23:00:00+01:00
802,2017-03-25,2017,2017-03-24T11:00:00+01:00,2017-03-18T00:00:00+01:00,2017-03-24T23:00:00+01:00
803,2017-03-27,2017,2017-03-26T11:00:00+02:00,2017-03-19T23:00:00+01:00,2017-03-26T23:00:00+02:00
804,2017-03-28,2017,2017-03-27T11:00:00+02:00,2017-03-20T23:00:00+01:00,2017-03-27T23:00:00+02:00
805,2017-03-29,2017,2017-03-28T11:00:00+02:00,2017-03-21T23:00:00+01:00,2017-03-28T23:00:00+02:00
806,2017-03-30,2017,2017-03-29T11:00:00+02:00,2017-03-22T23:00:00+01:00,2017-03-29T23:00:00+02:00
807,2017-03-31,2017,2017-03-30T11:00:00+02:00,2017-03-23T23:00:00+01:00,2017-03-30T23:00:00+02:00
808,2017-04-01,2017,2017-03-31T11:00:00+02:00,2017-03-24T23:00:00+01:00,2017-03-31T23:00:00+02:00
809,2017-04-02,2017,2017-04-01T11:00:00+02:00,2017-03-25T23:00:00+01:00,2017-04-01T23:00:00+02:00
810,2017-04-03,2017,2017-04-02T11:00:00+02:00,2017-03-27T00:00:00+02:00,2017-04-02T23:00:00+02:00
811,2017-04-04,2017,2017-04-03T11:00:00+02:00,2017-03-28T00:00:00+02:00,2017-04-03T23:00:00+02:00
812,2017-04-05,2017,2017-04-04T11:00:00+02:00,2017-03-29T00:00:00+02:00,2017-04-04T23:00:00+02:00
813,2017-04-06,2017,2017-04-05T11:00:00+02:00,2017-03-30T00:00:00+02:00,2017-04-05T23:00:00+02:00
814,2017-04-07,2017,2017-04-06T11:00:00+02:00,2017-03-31T00:00:00+02:00,2017-04-06T23:00:00+02:00
815,2017-04-08,2017,2017-04-07T11:00:00+02:00,2017-04-01T00:00:00+02:00,2017-04-07T23:00:00+02:00
816,2017-04-09,2017,2017-04-08T11:00:00+02:00,2017-04-02T00:00:00+02:00,2017-04-08T23:00:00+02:00
817,2017-04-10,2017,2017-04-09T11:00:00+02:00,2017-04-03T00:00:00+02:00,2017-04-09T23:00:00+02:00
818,2017-04-11,2017,2017-04-10T11:00:00+02:00,2017-04-04T00:00:00+02:00,2017-04-10T23:00:00+02:00
819,2017-04-12,2017,2017-04-11T11:00:00+02:00,2017-04-05T00:00:00+02:00,2017-04-11T23:00:00+02:00
820,2017-04-13,2017,2017-04-12T11:00:00+02:00,2017-04-06T00:00:00+02:00,2017-04-12T23:00:00+02:00
821,2017-04-14,2017,2017-04-13T11:00:00+02:00,2017-04-07T00:00:00+02:00,2017-04-13T23:00:00+02:00
822,2017-04-15,2017,2017-04-14T11:00:00+02:00,2017-04-08T00:00:00+02:00,2017-04-14T23:00:00+02:00
823,2017-04-16,2017,2017-04-15T11:00:00+02:00,2017-04-09T00:00:00+02:00,2017-04-15T23:00:00+02:00
824,2017-04-17,2017,2017-04-16T11:00:00+02:00,2017-04-10T00:00:00+02:00,2017-04-16T23:00:00+02:00
825,2017-04-18,2017,2017-04-17T11:00:00+02:00,2017-04-11T00:00:00+02:00,2017-04-17T23:00:00+02:00
826,2017-04-19,2017,2017-04-18T11:00:00+02:00,2017-04-12T00:00:00+02:00,2017-04-18T23:00:00+02:00
827,2017-04-20,2017,2017-04-19T11:00:00+02:00,2017-04-13T00:00:00+02:00,2017-04-19T23:00:00+02:00
828,2017-04-21,2017,2017-04-20T11:00:00+02:00,2017-04-14T00:00:00+02:00,2017-04-20T23:00:00+02:00
829,2017-04-22,2017,2017-04-21T11:00:00+02:00,2017-04-15T00:00:00+02:00,2017-04-21T23:00:00+02:00
830,2017-04-23,2017,2017-04-22T11:00:00+02:00,2017-04-16T00:00:00+02:00,2017-04-22T23:00:00+02:00
831,2017-04-24,2017,2017-04-23T11:00:00+02:00,2017-04-17T00:00:00+02:00,2017-04-23T23:00:00+02:00
832,2017-04-25,2017,2017-04-24T11:00:00+02:00,2017-04-18T00:00:00+02:00,2017-04-24T23:00:00+02:00
833,2017-04-26,2017,2017-04-25T11:00:00+02:00,2017-04-19T00:00:00+02:00,2017-04-25T23:00:00+02:00
834,2017-04-27,2017,2017-04-26T11:00:00+02:00,2017-04-20T00:00:00+02:00,2017-04-26T23:00:00+02:00
835,2017-04-28,2017,2017-04-27T11:00:00+02:00,2017-04-21T00:00:00+02:00,2017-04-27T23:00:00+02:00
836,2017-04-29,2017,2017-04-28T11:00:00+02:00,2017-04-22T00:00:00+02:00,2017-04-28T23:00:00+02:00
837,2017-04-30,2017,2017-04-29T11:00:00+02:00,2017-04-23T00:00:00+02:00,2017-04-29T23:00:00+02:00
838,2017-05-01,2017,2017-04-30T11:00:00+02:00,2017-04-24T00:00:00+02:00,2017-04-30T23:00:00+02:00
839,2017-05-02,2017,2017-05-01T11:00:00+02:00,2017-04-25T00:00:00+02:00,2017-05-01T23:00:00+02:00
840,2017-05-03,2017,2017-05-02T11:00:00+02:00,2017-04-26T00:00:00+02:00,2017-05-02T23:00:00+02:00
841,2017-05-04,2017,2017-05-03T11:00:00+02:00,2017-04-27T00:00:00+02:00,2017-05-03T23:00:00+02:00
842,2017-05-05,2017,2017-05-04T11:00:00+02:00,2017-04-28T00:00:00+02:00,2017-05-04T23:00:00+02:00
843,2017-05-06,2017,2017-05-05T11:00:00+02:00,2017-04-29T00:00:00+02:00,2017-05-05T23:00:00+02:00
844,2017-05-07,2017,2017-05-06T11:00:00+02:00,2017-04-30T00:00:00+02:00,2017-05-06T23:00:00+02:00
845,2017-05-08,2017,2017-05-07T11:00:00+02:00,2017-05-01T00:00:00+02:00,2017-05-07T23:00:00+02:00
846,2017-05-09,2017,2017-05-08T11:00:00+02:00,2017-05-02T00:00:00+02:00,2017-05-08T23:00:00+02:00
847,2017-05-10,2017,2017-05-09T11:00:00+02:00,2017-05-03T00:00:00+02:00,2017-05-09T23:00:00+02:00
848,2017-05-11,2017,2017-05-10T11:00:00+02:00,2017-05-04T00:00:00+02:00,2017-05-10T23:00:00+02:00
849,2017-05-12,2017,2017-05-11T11:00:00+02:00,2017-05-05T00:00:00+02:00,2017-05-11T23:00:00+02:00
850,2017-05-13,2017,2017-05-12T11:00:00+02:00,2017-05-06T00:00:00+02:00,2017-05-12T23:00:00+02:00
851,2017-05-14,2017,2017-05-13T11:00:00+02:00,2017-05-07T00:00:00+02:00,2017-05-13T23:00:00+02:00
852,2017-05-15,2017,2017-05-14T11:00:00+02:00,2017-05-08T00:00:00+02:00,2017-05-14T23:00:00+02:00
853,2017-05-16,2017,2017-05-15T11:00:00+02:00,2017-05-09T00:00:00+02:00,2017-05-15T23:00:00+02:00
854,2017-05-17,2017,2017-05-16T11:00:00+02:00,2017-05-10T00:00:00+02:00,2017-05-16T23:00:00+02:00
855,2017-05-18,2017,2017-05-17T11:00:00+02:00,2017-05-11T00:00:00+02:00,2017-05-17T23:00:00+02:00
856,2017-05-19,2017,2017-05-18T11:00:00+02:00,2017-05-12T00:00:00+02:00,2017-05-18T23:00:00+02:00
857,2017-05-20,2017,2017-05-19T11:00:00+02:00,2017-05-13T00:00:00+02:00,2017-05-19T23:00:00+02:00
858,2017-05-21,2017,2017-05-20T11:00:00+02:00,2017-05-14T00:00:00+02:00,2017-05-20T23:00:00+02:00
859,2017-05-22,2017,2017-05-21T11:00:00+02:00,2017-05-15T00:00:00+02:00,2017-05-21T23:00:00+02:00
860,2017-05-23,2017,2017-05-22T11:00:00+02:00,2017-05-16T00:00:00+02:00,2017-05-22T23:00:00+02:00
861,2017-05-24,2017,2017-05-23T11:00:00+02:00,2017-05-17T00:00:00+02:00,2017-05-23T23:00:00+02:00
862,2017-05-25,2017,2017-05-24T11:00:00+02:00,2017-05-18T00:00:00+02:00,2017-05-24T23:00:00+02:00
863,2017-05-26,2017,2017-05-25T11:00:00+02:00,2017-05-19T00:00:00+02:00,2017-05-25T23:00:00+02:00
864,2017-05-27,2017,2017-05-26T11:00:00+02:00,2017-05-20T00:00:00+02:00,2017-05-26T23:00:00+02:00
865,2017-05-28,2017,2017-05-27T11:00:00+02:00,2017-05-21T00:00:00+02:00,2017-05-27T23:00:00+02:00
866,2017-05-29,2017,2017-05-28T11:00:00+02:00,2017-05-22T00:00:00+02:00,2017-05-28T23:00:00+02:00
867,2017-05-30,2017,2017-05-29T11:00:00+02:00,2017-05-23T00:00:00+02:00,2017-05-29T23:00:00+02:00
868,2017-05-31,2017,2017-05-30T11:00:00+02:00,2017-05-24T00:00:00+02:00,2017-05-30T23:00:00+02:00
869,2017-06-01,2017,2017-05-31T11:00:00+02:00,2017-05-25T00:00:00+02:00,2017-05-31T23:00:00+02:00
870,2017-06-02,2017,2017-06-01T11:00:00+02:00,2017-05-26T00:00:00+02:00,2017-06-01T23:00:00+02:00
871,2017-06-03,2017,2017-06-02T11:00:00+02:00,2017-05-27T00:00:00+02:00,2017-06-02T23:00:00+02:00
872,2017-06-04,2017,2017-06-03T11:00:00+02:00,2017-05-28T00:00:00+02:00,2017-06-03T23:00:00+02:00
873,2017-06-05,2017,2017-06-04T11:00:00+02:00,2017-05-29T00:00:00+02:00,2017-06-04T23:00:00+02:00
874,2017-06-06,2017,2017-06-05T11:00:00+02:00,2017-05-30T00:00:00+02:00,2017-06-05T23:00:00+02:00
875,2017-06-07,2017,2017-06-06T11:00:00+02:00,2017-05-31T00:00:00+02:00,2017-06-06T23:00:00+02:00
876,2017-06-08,2017,2017-06-07T11:00:00+02:00,2017-06-01T00:00:00+02:00,2017-06-07T23:00:00+02:00
877,2017-06-09,2017,2017-06-08T11:00:00+02:00,2017-06-02T00:00:00+02:00,2017-06-08T23:00:00+02:00
878,2017-06-10,2017,2017-06-09T11:00:00+02:00,2017-06-03T00:00:00+02:00,2017-06-09T23:00:00+02:00
879,2017-06-11,2017,2017-06-10T11:00:00+02:00,2017-06-04T00:00:00+02:00,2017-06-10T23:00:00+02:00
880,2017-06-12,2017,2017-06-11T11:00:00+02:00,2017-06-05T00:00:00+02:00,2017-06-11T23:00:00+02:00
881,2017-06-13,2017,2017-06-12T11:00:00+02:00,2017-06-06T00:00:00+02:00,2017-06-12T23:00:00+02:00
882,2017-06-14,2017,2017-06-13T11:00:00+02:00,2017-06-07T00:00:00+02:00,2017-06-13T23:00:00+02:00
883,2017-06-15,2017,2017-06-14T11:00:00+02:00,2017-06-08T00:00:00+02:00,2017-06-14T23:00:00+02:00
884,2017-06-16,2017,2017-06-15T11:00:00+02:00,2017-06-09T00:00:00+02:00,2017-06-15T23:00:00+02:00
885,2017-06-17,2017,2017-06-16T11:00:00+02:00,2017-06-10T00:00:00+02:00,2017-06-16T23:00:00+02:00
886,2017-06-18,2017,2017-06-17T11:00:00+02:00,2017-06-11T00:00:00+02:00,2017-06-17T23:00:00+02:00
887,2017-06-19,2017,2017-06-18T11:00:00+02:00,2017-06-12T00:00:00+02:00,2017-06-18T23:00:00+02:00
888,2017-06-20,2017,2017-06-19T11:00:00+02:00,2017-06-13T00:00:00+02:00,2017-06-19T23:00:00+02:00
889,2017-06-21,2017,2017-06-20T11:00:00+02:00,2017-06-14T00:00:00+02:00,2017-06-20T23:00:00+02:00
890,2017-06-22,2017,2017-06-21T11:00:00+02:00,2017-06-15T00:00:00+02:00,2017-06-21T23:00:00+02:00
891,2017-06-23,2017,2017-06-22T11:00:00+02:00,2017-06-16T00:00:00+02:00,2017-06-22T23:00:00+02:00
892,2017-06-24,2017,2017-06-23T11:00:00+02:00,2017-06-17T00:00:00+02:00,2017-06-23T23:00:00+02:00
893,2017-06-25,2017,2017-06-24T11:00:00+02:00,2017-06-18T00:00:00+02:00,2017-06-24T23:00:00+02:00
894,2017-06-26,2017,2017-06-25T11:00:00+02:00,2017-06-19T00:00:00+02:00,2017-06-25T23:00:00+02:00
895,2017-06-27,2017,2017-06-26T11:00:00+02:00,2017-06-20T00:00:00+02:00,2017-06-26T23:00:00+02:00
896,2017-06-28,2017,2017-06-27T11:00:00+02:00,2017-06-21T00:00:00+02:00,2017-06-27T23:00:00+02:00
897,2017-06-29,2017,2017-06-28T11:00:00+02:00,2017-06-22T00:00:00+02:00,2017-06-28T23:00:00+02:00
898,2017-06-30,2017,2017-06-29T11:00:00+02:00,2017-06-23T00:00:00+02:00,2017-06-29T23:00:00+02:00
899,2017-07-01,2017,2017-06-30T11:00:00+02:00,2017-06-24T00:00:00+02:00,2017-06-30T23:00:00+02:00
900,2017-07-02,2017,2017-07-01T11:00:00+02:00,2017-06-25T00:00:00+02:00,2017-07-01T23:00:00+02:00
901,2017-07-03,2017,2017-07-02T11:00:00+02:00,2017-06-26T00:00:00+02:00,2017-07-02T23:00:00+02:00
902,2017-07-04,2017,2017-07-03T11:00:00+02:00,2017-06-27T00:00:00+02:00,2017-07-03T23:00:00+02:00
903,2017-07-05,2017,2017-07-04T11:00:00+02:00,2017-06-28T00:00:00+02:00,2017-07-04T23:00:00+02:00
904,2017-07-06,2017,2017-07-05T11:00:00+02:00,2017-06-29T00:00:00+02:00,2017-07-05T23:00:00+02:00
905,2017-07-07,2017,2017-07-06T11:00:00+02:00,2017-06-30T00:00:00+02:00,2017-07-06T23:00:00+02:00
906,2017-07-08,2017,2017-07-07T11:00:00+02:00,2017-07-01T00:00:00+02:00,2017-07-07T23:00:00+02:00
907,2017-07-09,2017,2017-07-08T11:00:00+02:00,2017-07-02T00:00:00+02:00,2017-07-08T23:00:00+02:00
908,2017-07-10,2017,2017-07-09T11:00:00+02:00,2017-07-03T00:00:00+02:00,2017-07-09T23:00:00+02:00
909,2017-07-11,2017,2017-07-10T11:00:00+02:00,2017-07-04T00:00:00+02:00,2017-07-10T23:00:00+02:00
910,2017-07-12,2017,2017-07-11T11:00:00+02:00,2017-07-05T00:00:00+02:00,2017-07-11T23:00:00+02:00
911,2017-07-13,2017,2017-07-12T11:00:00+02:00,2017-07-06T00:00:00+02:00,2017-07-12T23:00:00+02:00
912,2017-07-14,2017,2017-07-13T11:00:00+02:00,2017-07-07T00:00:00+02:00,2017-07-13T23:00:00+02:00
913,2017-07-15,2017,2017-07-14T11:00:00+02:00,2017-07-08T00:00:00+02:00,2017-07-14T23:00:00+02:00
914,2017-07-16,2017,2017-07-15T11:00:00+02:00,2017-07-09T00:00:00+02:00,2017-07-15T23:00:00+02:00
915,2017-07-17,2017,2017-07-16T11:00:00+02:00,2017-07-10T00:00:00+02:00,2017-07-16T23:00:00+02:00
916,2017-07-18,2017,2017-07-17T11:00:00+02:00,2017-07-11T00:00:00+02:00,2017-07-17T23:00:00+02:00
917,2017-07-19,2017,2017-07-18T11:00:00+02:00,2017-07-12T00:00:00+02:00,2017-07-18T23:00:00+02:00
918,2017-07-20,2017,2017-07-19T11:00:00+02:00,2017-07-13T00:00:00+02:00,2017-07-19T23:00:00+02:00
919,2017-07-21,2017,2017-07-20T11:00:00+02:00,2017-07-14T00:00:00+02:00,2017-07-20T23:00:00+02:00
920,2017-07-22,2017,2017-07-21T11:00:00+02:00,2017-07-15T00:00:00+02:00,2017-07-21T23:00:00+02:00
921,2017-07-23,2017,2017-07-22T11:00:00+02:00,2017-07-16T00:00:00+02:00,2017-07-22T23:00:00+02:00
922,2017-07-24,2017,2017-07-23T11:00:00+02:00,2017-07-17T00:00:00+02:00,2017-07-23T23:00:00+02:00
923,2017-07-25,2017,2017-07-24T11:00:00+02:00,2017-07-18T00:00:00+02:00,2017-07-24T23:00:00+02:00
924,2017-07-26,2017,2017-07-25T11:00:00+02:00,2017-07-19T00:00:00+02:00,2017-07-25T23:00:00+02:00
925,2017-07-27,2017,2017-07-26T11:00:00+02:00,2017-07-20T00:00:00+02:00,2017-07-26T23:00:00+02:00
926,2017-07-28,2017,2017-07-27T11:00:00+02:00,2017-07-21T00:00:00+02:00,2017-07-27T23:00:00+02:00
927,2017-07-29,2017,2017-07-28T11:00:00+02:00,2017-07-22T00:00:00+02:00,2017-07-28T23:00:00+02:00
928,2017-07-30,2017,2017-07-29T11:00:00+02:00,2017-07-23T00:00:00+02:00,2017-07-29T23:00:00+02:00
929,2017-07-31,2017,2017-07-30T11:00:00+02:00,2017-07-24T00:00:00+02:00,2017-07-30T23:00:00+02:00
930,2017-08-01,2017,2017-07-31T11:00:00+02:00,2017-07-25T00:00:00+02:00,2017-07-31T23:00:00+02:00
931,2017-08-02,2017,2017-08-01T11:00:00+02:00,2017-07-26T00:00:00+02:00,2017-08-01T23:00:00+02:00
932,2017-08-03,2017,2017-08-02T11:00:00+02:00,2017-07-27T00:00:00+02:00,2017-08-02T23:00:00+02:00
933,2017-08-04,2017,2017-08-03T11:00:00+02:00,2017-07-28T00:00:00+02:00,2017-08-03T23:00:00+02:00
934,2017-08-05,2017,2017-08-04T11:00:00+02:00,2017-07-29T00:00:00+02:00,2017-08-04T23:00:00+02:00
935,2017-08-06,2017,2017-08-05T11:00:00+02:00,2017-07-30T00:00:00+02:00,2017-08-05T23:00:00+02:00
936,2017-08-07,2017,2017-08-06T11:00:00+02:00,2017-07-31T00:00:00+02:00,2017-08-06T23:00:00+02:00
937,2017-08-08,2017,2017-08-07T11:00:00+02:00,2017-08-01T00:00:00+02:00,2017-08-07T23:00:00+02:00
938,2017-08-09,2017,2017-08-08T11:00:00+02:00,2017-08-02T00:00:00+02:00,2017-08-08T23:00:00+02:00
939,2017-08-10,2017,2017-08-09T11:00:00+02:00,2017-08-03T00:00:00+02:00,2017-08-09T23:00:00+02:00
940,2017-08-11,2017,2017-08-10T11:00:00+02:00,2017-08-04T00:00:00+02:00,2017-08-10T23:00:00+02:00
941,2017-08-12,2017,2017-08-11T11:00:00+02:00,2017-08-05T00:00:00+02:00,2017-08-11T23:00:00+02:00
942,2017-08-13,2017,2017-08-12T11:00:00+02:00,2017-08-06T00:00:00+02:00,2017-08-12T23:00:00+02:00
943,2017-08-14,2017,2017-08-13T11:00:00+02:00,2017-08-07T00:00:00+02:00,2017-08-13T23:00:00+02:00
944,2017-08-15,2017,2017-08-14T11:00:00+02:00,2017-08-08T00:00:00+02:00,2017-08-14T23:00:00+02:00
945,2017-08-16,2017,2017-08-15T11:00:00+02:00,2017-08-09T00:00:00+02:00,2017-08-15T23:00:00+02:00
946,2017-08-17,2017,2017-08-16T11:00:00+02:00,2017-08-10T00:00:00+02:00,2017-08-16T23:00:00+02:00
947,2017-08-18,2017,2017-08-17T11:00:00+02:00,2017-08-11T00:00:00+02:00,2017-08-17T23:00:00+02:00
948,2017-08-19,2017,2017-08-18T11:00:00+02:00,2017-08-12T00:00:00+02:00,2017-08-18T23:00:00+02:00
949,2017-08-20,2017,2017-08-19T11:00:00+02:00,2017-08-13T00:00:00+02:00,2017-08-19T23:00:00+02:00
950,2017-08-21,2017,2017-08-20T11:00:00+02:00,2017-08-14T00:00:00+02:00,2017-08-20T23:00:00+02:00
951,2017-08-22,2017,2017-08-21T11:00:00+02:00,2017-08-15T00:00:00+02:00,2017-08-21T23:00:00+02:00
952,2017-08-23,2017,2017-08-22T11:00:00+02:00,2017-08-16T00:00:00+02:00,2017-08-22T23:00:00+02:00
953,2017-08-24,2017,2017-08-23T11:00:00+02:00,2017-08-17T00:00:00+02:00,2017-08-23T23:00:00+02:00
954,2017-08-25,2017,2017-08-24T11:00:00+02:00,2017-08-18T00:00:00+02:00,2017-08-24T23:00:00+02:00
955,2017-08-26,2017,2017-08-25T11:00:00+02:00,2017-08-19T00:00:00+02:00,2017-08-25T23:00:00+02:00
956,2017-08-27,2017,2017-08-26T11:00:00+02:00,2017-08-20T00:00:00+02:00,2017-08-26T23:00:00+02:00
957,2017-08-28,2017,2017-08-27T11:00:00+02:00,2017-08-21T00:00:00+02:00,2017-08-27T23:00:00+02:00
958,2017-08-29,2017,2017-08-28T11:00:00+02:00,2017-08-22T00:00:00+02:00,2017-08-28T23:00:00+02:00
959,2017-08-30,2017,2017-08-29T11:00:00+02:00,2017-08-23T00:00:00+02:00,2017-08-29T23:00:00+02:00
960,2017-08-31,2017,2017-08-30T11:00:00+02:00,2017-08-24T00:00:00+02:00,2017-08-30T23:00:00+02:00
961,2017-09-01,2017,2017-08-31T11:00:00+02:00,2017-08-25T00:00:00+02:00,2017-08-31T23:00:00+02:00
962,2017-09-02,2017,2017-09-01T11:00:00+02:00,2017-08-26T00:00:00+02:00,2017-09-01T23:00:00+02:00
963,2017-09-03,2017,2017-09-02T11:00:00+02:00,2017-08-27T00:00:00+02:00,2017-09-02T23:00:00+02:00
964,2017-09-04,2017,2017-09-03T11:00:00+02:00,2017-08-28T00:00:00+02:00,2017-09-03T23:00:00+02:00
965,2017-09-05,2017,2017-09-04T11:00:00+02:00,2017-08-29T00:00:00+02:00,2017-09-04T23:00:00+02:00
966,2017-09-06,2017,2017-09-05T11:00:00+02:00,2017-08-30T00:00:00+02:00,2017-09-05T23:00:00+02:00
967,2017-09-07,2017,2017-09-06T11:00:00+02:00,2017-08-31T00:00:00+02:00,2017-09-06T23:00:00+02:00
968,2017-09-08,2017,2017-09-07T11:00:00+02:00,2017-09-01T00:00:00+02:00,2017-09-07T23:00:00+02:00
969,2017-09-09,2017,2017-09-08T11:00:00+02:00,2017-09-02T00:00:00+02:00,2017-09-08T23:00:00+02:00
970,2017-09-10,2017,2017-09-09T11:00:00+02:00,2017-09-03T00:00:00+02:00,2017-09-09T23:00:00+02:00
971,2017-09-11,2017,2017-09-10T11:00:00+02:00,2017-09-04T00:00:00+02:00,2017-09-10T23:00:00+02:00
972,2017-09-12,2017,2017-09-11T11:00:00+02:00,2017-09-05T00:00:00+02:00,2017-09-11T23:00:00+02:00
973,2017-09-13,2017,2017-09-12T11:00:00+02:00,2017-09-06T00:00:00+02:00,2017-09-12T23:00:00+02:00
974,2017-09-14,2017,2017-09-13T11:00:00+02:00,2017-09-07T00:00:00+02:00,2017-09-13T23:00:00+02:00
975,2017-09-15,2017,2017-09-14T11:00:00+02:00,2017-09-08T00:00:00+02:00,2017-09-14T23:00:00+02:00
976,2017-09-16,2017,2017-09-15T11:00:00+02:00,2017-09-09T00:00:00+02:00,2017-09-15T23:00:00+02:00
977,2017-09-17,2017,2017-09-16T11:00:00+02:00,2017-09-10T00:00:00+02:00,2017-09-16T23:00:00+02:00
978,2017-09-18,2017,2017-09-17T11:00:00+02:00,2017-09-11T00:00:00+02:00,2017-09-17T23:00:00+02:00
979,2017-09-19,2017,2017-09-18T11:00:00+02:00,2017-09-12T00:00:00+02:00,2017-09-18T23:00:00+02:00
980,2017-09-20,2017,2017-09-19T11:00:00+02:00,2017-09-13T00:00:00+02:00,2017-09-19T23:00:00+02:00
981,2017-09-21,2017,2017-09-20T11:00:00+02:00,2017-09-14T00:00:00+02:00,2017-09-20T23:00:00+02:00
982,2017-09-22,2017,2017-09-21T11:00:00+02:00,2017-09-15T00:00:00+02:00,2017-09-21T23:00:00+02:00
983,2017-09-23,2017,2017-09-22T11:00:00+02:00,2017-09-16T00:00:00+02:00,2017-09-22T23:00:00+02:00
984,2017-09-24,2017,2017-09-23T11:00:00+02:00,2017-09-17T00:00:00+02:00,2017-09-23T23:00:00+02:00
985,2017-09-25,2017,2017-09-24T11:00:00+02:00,2017-09-18T00:00:00+02:00,2017-09-24T23:00:00+02:00
986,2017-09-26,2017,2017-09-25T11:00:00+02:00,2017-09-19T00:00:00+02:00,2017-09-25T23:00:00+02:00
987,2017-09-27,2017,2017-09-26T11:00:00+02:00,2017-09-20T00:00:00+02:00,2017-09-26T23:00:00+02:00
988,2017-09-28,2017,2017-09-27T11:00:00+02:00,2017-09-21T00:00:00+02:00,2017-09-27T23:00:00+02:00
989,2017-09-29,2017,2017-09-28T11:00:00+02:00,2017-09-22T00:00:00+02:00,2017-09-28T23:00:00+02:00
990,2017-09-30,2017,2017-09-29T11:00:00+02:00,2017-09-23T00:00:00+02:00,2017-09-29T23:00:00+02:00
991,2017-10-01,2017,2017-09-30T11:00:00+02:00,2017-09-24T00:00:00+02:00,2017-09-30T23:00:00+02:00
992,2017-10-02,2017,2017-10-01T11:00:00+02:00,2017-09-25T00:00:00+02:00,2017-10-01T23:00:00+02:00
993,2017-10-03,2017,2017-10-02T11:00:00+02:00,2017-09-26T00:00:00+02:00,2017-10-02T23:00:00+02:00
994,2017-10-04,2017,2017-10-03T11:00:00+02:00,2017-09-27T00:00:00+02:00,2017-10-03T23:00:00+02:00
995,2017-10-05,2017,2017-10-04T11:00:00+02:00,2017-09-28T00:00:00+02:00,2017-10-04T23:00:00+02:00
996,2017-10-06,2017,2017-10-05T11:00:00+02:00,2017-09-29T00:00:00+02:00,2017-10-05T23:00:00+02:00
997,2017-10-07,2017,2017-10-06T11:00:00+02:00,2017-09-30T00:00:00+02:00,2017-10-06T23:00:00+02:00
998,2017-10-08,2017,2017-10-07T11:00:00+02:00,2017-10-01T00:00:00+02:00,2017-10-07T23:00:00+02:00
999,2017-10-09,2017,2017-10-08T11:00:00+02:00,2017-10-02T00:00:00+02:00,2017-10-08T23:00:00+02:00
1000,2017-10-10,2017,2017-10-09T11:00:00+02:00,2017-10-03T00:00:00+02:00,2017-10-09T23:00:00+02:00
1001,2017-10-11,2017,2017-10-10T11:00:00+02:00,2017-10-04T00:00:00+02:00,2017-10-10T23:00:00+02:00
1002,2017-10-12,2017,2017-10-11T11:00:00+02:00,2017-10-05T00:00:00+02:00,2017-10-11T23:00:00+02:00
1003,2017-10-13,2017,2017-10-12T11:00:00+02:00,2017-10-06T00:00:00+02:00,2017-10-12T23:00:00+02:00
1004,2017-10-14,2017,2017-10-13T11:00:00+02:00,2017-10-07T00:00:00+02:00,2017-10-13T23:00:00+02:00
1005,2017-10-15,2017,2017-10-14T11:00:00+02:00,2017-10-08T00:00:00+02:00,2017-10-14T23:00:00+02:00
1006,2017-10-16,2017,2017-10-15T11:00:00+02:00,2017-10-09T00:00:00+02:00,2017-10-15T23:00:00+02:00
1007,2017-10-17,2017,2017-10-16T11:00:00+02:00,2017-10-10T00:00:00+02:00,2017-10-16T23:00:00+02:00
1008,2017-10-18,2017,2017-10-17T11:00:00+02:00,2017-10-11T00:00:00+02:00,2017-10-17T23:00:00+02:00
1009,2017-10-19,2017,2017-10-18T11:00:00+02:00,2017-10-12T00:00:00+02:00,2017-10-18T23:00:00+02:00
1010,2017-10-20,2017,2017-10-19T11:00:00+02:00,2017-10-13T00:00:00+02:00,2017-10-19T23:00:00+02:00
1011,2017-10-21,2017,2017-10-20T11:00:00+02:00,2017-10-14T00:00:00+02:00,2017-10-20T23:00:00+02:00
1012,2017-10-22,2017,2017-10-21T11:00:00+02:00,2017-10-15T00:00:00+02:00,2017-10-21T23:00:00+02:00
1013,2017-10-23,2017,2017-10-22T11:00:00+02:00,2017-10-16T00:00:00+02:00,2017-10-22T23:00:00+02:00
1014,2017-10-24,2017,2017-10-23T11:00:00+02:00,2017-10-17T00:00:00+02:00,2017-10-23T23:00:00+02:00
1015,2017-10-25,2017,2017-10-24T11:00:00+02:00,2017-10-18T00:00:00+02:00,2017-10-24T23:00:00+02:00
1016,2017-10-26,2017,2017-10-25T11:00:00+02:00,2017-10-19T00:00:00+02:00,2017-10-25T23:00:00+02:00
1017,2017-10-27,2017,2017-10-26T11:00:00+02:00,2017-10-20T00:00:00+02:00,2017-10-26T23:00:00+02:00
1018,2017-10-28,2017,2017-10-27T11:00:00+02:00,2017-10-21T00:00:00+02:00,2017-10-27T23:00:00+02:00
1019,2017-10-30,2017,2017-10-29T11:00:00+01:00,2017-10-23T01:00:00+02:00,2017-10-29T23:00:00+01:00
1020,2017-10-31,2017,2017-10-30T11:00:00+01:00,2017-10-24T01:00:00+02:00,2017-10-30T23:00:00+01:00
1021,2017-11-01,2017,2017-10-31T11:00:00+01:00,2017-10-25T01:00:00+02:00,2017-10-31T23:00:00+01:00
1022,2017-11-02,2017,2017-11-01T11:00:00+01:00,2017-10-26T01:00:00+02:00,2017-11-01T23:00:00+01:00
1023,2017-11-03,2017,2017-11-02T11:00:00+01:00,2017-10-27T01:00:00+02:00,2017-11-02T23:00:00+01:00
1024,2017-11-04,2017,2017-11-03T11:00:00+01:00,2017-10-28T01:00:00+02:00,2017-11-03T23:00:00+01:00
1025,2017-11-05,2017,2017-11-04T11:00:00+01:00,2017-10-29T01:00:00+02:00,2017-11-04T23:00:00+01:00
1026,2017-11-06,2017,2017-11-05T11:00:00+01:00,2017-10-30T00:00:00+01:00,2017-11-05T23:00:00+01:00
1027,2017-11-07,2017,2017-11-06T11:00:00+01:00,2017-10-31T00:00:00+01:00,2017-11-06T23:00:00+01:00
1028,2017-11-08,2017,2017-11-07T11:00:00+01:00,2017-11-01T00:00:00+01:00,2017-11-07T23:00:00+01:00
1029,2017-11-09,2017,2017-11-08T11:00:00+01:00,2017-11-02T00:00:00+01:00,2017-11-08T23:00:00+01:00
1030,2017-11-10,2017,2017-11-09T11:00:00+01:00,2017-11-03T00:00:00+01:00,2017-11-09T23:00:00+01:00
1031,2017-11-11,2017,2017-11-10T11:00:00+01:00,2017-11-04T00:00:00+01:00,2017-11-10T23:00:00+01:00
1032,2017-11-12,2017,2017-11-11T11:00:00+01:00,2017-11-05T00:00:00+01:00,2017-11-11T23:00:00+01:00
1033,2017-11-13,2017,2017-11-12T11:00:00+01:00,2017-11-06T00:00:00+01:00,2017-11-12T23:00:00+01:00
1034,2017-11-14,2017,2017-11-13T11:00:00+01:00,2017-11-07T00:00:00+01:00,2017-11-13T23:00:00+01:00
1035,2017-11-15,2017,2017-11-14T11:00:00+01:00,2017-11-08T00:00:00+01:00,2017-11-14T23:00:00+01:00
1036,2017-11-16,2017,2017-11-15T11:00:00+01:00,2017-11-09T00:00:00+01:00,2017-11-15T23:00:00+01:00
1037,2017-11-17,2017,2017-11-16T11:00:00+01:00,2017-11-10T00:00:00+01:00,2017-11-16T23:00:00+01:00
1038,2017-11-18,2017,2017-11-17T11:00:00+01:00,2017-11-11T00:00:00+01:00,2017-11-17T23:00:00+01:00
1039,2017-11-19,2017,2017-11-18T11:00:00+01:00,2017-11-12T00:00:00+01:00,2017-11-18T23:00:00+01:00
1040,2017-11-20,2017,2017-11-19T11:00:00+01:00,2017-11-13T00:00:00+01:00,2017-11-19T23:00:00+01:00
1041,2017-11-21,2017,2017-11-20T11:00:00+01:00,2017-11-14T00:00:00+01:00,2017-11-20T23:00:00+01:00
1042,2017-11-22,2017,2017-11-21T11:00:00+01:00,2017-11-15T00:00:00+01:00,2017-11-21T23:00:00+01:00
1043,2017-11-23,2017,2017-11-22T11:00:00+01:00,2017-11-16T00:00:00+01:00,2017-11-22T23:00:00+01:00
1044,2017-11-24,2017,2017-11-23T11:00:00+01:00,2017-11-17T00:00:00+01:00,2017-11-23T23:00:00+01:00
1045,2017-11-25,2017,2017-11-24T11:00:00+01:00,2017-11-18T00:00:00+01:00,2017-11-24T23:00:00+01:00
1046,2017-11-26,2017,2017-11-25T11:00:00+01:00,2017-11-19T00:00:00+01:00,2017-11-25T23:00:00+01:00
1047,2017-11-27,2017,2017-11-26T11:00:00+01:00,2017-11-20T00:00:00+01:00,2017-11-26T23:00:00+01:00
1048,2017-11-28,2017,2017-11-27T11:00:00+01:00,2017-11-21T00:00:00+01:00,2017-11-27T23:00:00+01:00
1049,2017-11-29,2017,2017-11-28T11:00:00+01:00,2017-11-22T00:00:00+01:00,2017-11-28T23:00:00+01:00
1050,2017-11-30,2017,2017-11-29T11:00:00+01:00,2017-11-23T00:00:00+01:00,2017-11-29T23:00:00+01:00
1051,2017-12-01,2017,2017-11-30T11:00:00+01:00,2017-11-24T00:00:00+01:00,2017-11-30T23:00:00+01:00
1052,2017-12-02,2017,2017-12-01T11:00:00+01:00,2017-11-25T00:00:00+01:00,2017-12-01T23:00:00+01:00
1053,2017-12-03,2017,2017-12-02T11:00:00+01:00,2017-11-26T00:00:00+01:00,2017-12-02T23:00:00+01:00
1054,2017-12-04,2017,2017-12-03T11:00:00+01:00,2017-11-27T00:00:00+01:00,2017-12-03T23:00:00+01:00
1055,2017-12-05,2017,2017-12-04T11:00:00+01:00,2017-11-28T00:00:00+01:00,2017-12-04T23:00:00+01:00
1056,2017-12-06,2017,2017-12-05T11:00:00+01:00,2017-11-29T00:00:00+01:00,2017-12-05T23:00:00+01:00
1057,2017-12-07,2017,2017-12-06T11:00:00+01:00,2017-11-30T00:00:00+01:00,2017-12-06T23:00:00+01:00
1058,2017-12-08,2017,2017-12-07T11:00:00+01:00,2017-12-01T00:00:00+01:00,2017-12-07T23:00:00+01:00
1059,2017-12-09,2017,2017-12-08T11:00:00+01:00,2017-12-02T00:00:00+01:00,2017-12-08T23:00:00+01:00
1060,2017-12-10,2017,2017-12-09T11:00:00+01:00,2017-12-03T00:00:00+01:00,2017-12-09T23:00:00+01:00
1061,2017-12-11,2017,2017-12-10T11:00:00+01:00,2017-12-04T00:00:00+01:00,2017-12-10T23:00:00+01:00
1062,2017-12-12,2017,2017-12-11T11:00:00+01:00,2017-12-05T00:00:00+01:00,2017-12-11T23:00:00+01:00
1063,2017-12-13,2017,2017-12-12T11:00:00+01:00,2017-12-06T00:00:00+01:00,2017-12-12T23:00:00+01:00
1064,2017-12-14,2017,2017-12-13T11:00:00+01:00,2017-12-07T00:00:00+01:00,2017-12-13T23:00:00+01:00
1065,2017-12-15,2017,2017-12-14T11:00:00+01:00,2017-12-08T00:00:00+01:00,2017-12-14T23:00:00+01:00
1066,2017-12-16,2017,2017-12-15T11:00:00+01:00,2017-12-09T00:00:00+01:00,2017-12-15T23:00:00+01:00
1067,2017-12-17,2017,2017-12-16T11:00:00+01:00,2017-12-10T00:00:00+01:00,2017-12-16T23:00:00+01:00
1068,2017-12-18,2017,2017-12-17T11:00:00+01:00,2017-12-11T00:00:00+01:00,2017-12-17T23:00:00+01:00
1069,2017-12-19,2017,2017-12-18T11:00:00+01:00,2017-12-12T00:00:00+01:00,2017-12-18T23:00:00+01:00
1070,2017-12-20,2017,2017-12-19T11:00:00+01:00,2017-12-13T00:00:00+01:00,2017-12-19T23:00:00+01:00
1071,2017-12-21,2017,2017-12-20T11:00:00+01:00,2017-12-14T00:00:00+01:00,2017-12-20T23:00:00+01:00
1072,2017-12-22,2017,2017-12-21T11:00:00+01:00,2017-12-15T00:00:00+01:00,2017-12-21T23:00:00+01:00
1073,2017-12-23,2017,2017-12-22T11:00:00+01:00,2017-12-16T00:00:00+01:00,2017-12-22T23:00:00+01:00
1074,2017-12-24,2017,2017-12-23T11:00:00+01:00,2017-12-17T00:00:00+01:00,2017-12-23T23:00:00+01:00
1075,2017-12-25,2017,2017-12-24T11:00:00+01:00,2017-12-18T00:00:00+01:00,2017-12-24T23:00:00+01:00
1076,2017-12-26,2017,2017-12-25T11:00:00+01:00,2017-12-19T00:00:00+01:00,2017-12-25T23:00:00+01:00
1077,2017-12-27,2017,2017-12-26T11:00:00+01:00,2017-12-20T00:00:00+01:00,2017-12-26T23:00:00+01:00
1078,2017-12-28,2017,2017-12-27T11:00:00+01:00,2017-12-21T00:00:00+01:00,2017-12-27T23:00:00+01:00
1079,2017-12-29,2017,2017-12-28T11:00:00+01:00,2017-12-22T00:00:00+01:00,2017-12-28T23:00:00+01:00
1080,2017-12-30,2017,2017-12-29T11:00:00+01:00,2017-12-23T00:00:00+01:00,2017-12-29T23:00:00+01:00
1081,2017-12-31,2017,2017-12-30T11:00:00+01:00,2017-12-24T00:00:00+01:00,2017-12-30T23:00:00+01:00
1082,2018-01-01,2018,2017-12-31T11:00:00+01:00,2017-12-25T00:00:00+01:00,2017-12-31T23:00:00+01:00
1083,2018-01-02,2018,2018-01-01T11:00:00+01:00,2017-12-26T00:00:00+01:00,2018-01-01T23:00:00+01:00
1084,2018-01-03,2018,2018-01-02T11:00:00+01:00,2017-12-27T00:00:00+01:00,2018-01-02T23:00:00+01:00
1085,2018-01-04,2018,2018-01-03T11:00:00+01:00,2017-12-28T00:00:00+01:00,2018-01-03T23:00:00+01:00
1086,2018-01-05,2018,2018-01-04T11:00:00+01:00,2017-12-29T00:00:00+01:00,2018-01-04T23:00:00+01:00
1087,2018-01-06,2018,2018-01-05T11:00:00+01:00,2017-12-30T00:00:00+01:00,2018-01-05T23:00:00+01:00
1088,2018-01-07,2018,2018-01-06T11:00:00+01:00,2017-12-31T00:00:00+01:00,2018-01-06T23:00:00+01:00
1089,2018-01-08,2018,2018-01-07T11:00:00+01:00,2018-01-01T00:00:00+01:00,2018-01-07T23:00:00+01:00
1090,2018-01-09,2018,2018-01-08T11:00:00+01:00,2018-01-02T00:00:00+01:00,2018-01-08T23:00:00+01:00
1091,2018-01-10,2018,2018-01-09T11:00:00+01:00,2018-01-03T00:00:00+01:00,2018-01-09T23:00:00+01:00
1092,2018-01-11,2018,2018-01-10T11:00:00+01:00,2018-01-04T00:00:00+01:00,2018-01-10T23:00:00+01:00
1093,2018-01-12,2018,2018-01-11T11:00:00+01:00,2018-01-05T00:00:00+01:00,2018-01-11T23:00:00+01:00
1094,2018-01-13,2018,2018-01-12T11:00:00+01:00,2018-01-06T00:00:00+01:00,2018-01-12T23:00:00+01:00
1095,2018-01-14,2018,2018-01-13T11:00:00+01:00,2018-01-07T00:00:00+01:00,2018-01-13T23:00:00+01:00
1096,2018-01-15,2018,2018-01-14T11:00:00+01:00,2018-01-08T00:00:00+01:00,2018-01-14T23:00:00+01:00
1097,2018-01-16,2018,2018-01-15T11:00:00+01:00,2018-01-09T00:00:00+01:00,2018-01-15T23:00:00+01:00
1098,2018-01-17,2018,2018-01-16T11:00:00+01:00,2018-01-10T00:00:00+01:00,2018-01-16T23:00:00+01:00
1099,2018-01-18,2018,2018-01-17T11:00:00+01:00,2018-01-11T00:00:00+01:00,2018-01-17T23:00:00+01:00
1100,2018-01-19,2018,2018-01-18T11:00:00+01:00,2018-01-12T00:00:00+01:00,2018-01-18T23:00:00+01:00
1101,2018-01-20,2018,2018-01-19T11:00:00+01:00,2018-01-13T00:00:00+01:00,2018-01-19T23:00:00+01:00
1102,2018-01-21,2018,2018-01-20T11:00:00+01:00,2018-01-14T00:00:00+01:00,2018-01-20T23:00:00+01:00
1103,2018-01-22,2018,2018-01-21T11:00:00+01:00,2018-01-15T00:00:00+01:00,2018-01-21T23:00:00+01:00
1104,2018-01-23,2018,2018-01-22T11:00:00+01:00,2018-01-16T00:00:00+01:00,2018-01-22T23:00:00+01:00
1105,2018-01-24,2018,2018-01-23T11:00:00+01:00,2018-01-17T00:00:00+01:00,2018-01-23T23:00:00+01:00
1106,2018-01-25,2018,2018-01-24T11:00:00+01:00,2018-01-18T00:00:00+01:00,2018-01-24T23:00:00+01:00
1107,2018-01-26,2018,2018-01-25T11:00:00+01:00,2018-01-19T00:00:00+01:00,2018-01-25T23:00:00+01:00
1108,2018-01-27,2018,2018-01-26T11:00:00+01:00,2018-01-20T00:00:00+01:00,2018-01-26T23:00:00+01:00
1109,2018-01-28,2018,2018-01-27T11:00:00+01:00,2018-01-21T00:00:00+01:00,2018-01-27T23:00:00+01:00
1110,2018-01-29,2018,2018-01-28T11:00:00+01:00,2018-01-22T00:00:00+01:00,2018-01-28T23:00:00+01:00
1111,2018-01-30,2018,2018-01-29T11:00:00+01:00,2018-01-23T00:00:00+01:00,2018-01-29T23:00:00+01:00
1112,2018-01-31,2018,2018-01-30T11:00:00+01:00,2018-01-24T00:00:00+01:00,2018-01-30T23:00:00+01:00
1113,2018-02-01,2018,2018-01-31T11:00:00+01:00,2018-01-25T00:00:00+01:00,2018-01-31T23:00:00+01:00
1114,2018-02-02,2018,2018-02-01T11:00:00+01:00,2018-01-26T00:00:00+01:00,2018-02-01T23:00:00+01:00
1115,2018-02-03,2018,2018-02-02T11:00:00+01:00,2018-01-27T00:00:00+01:00,2018-02-02T23:00:00+01:00
1116,2018-02-04,2018,2018-02-03T11:00:00+01:00,2018-01-28T00:00:00+01:00,2018-02-03T23:00:00+01:00
1117,2018-02-05,2018,2018-02-04T11:00:00+01:00,2018-01-29T00:00:00+01:00,2018-02-04T23:00:00+01:00
1118,2018-02-06,2018,2018-02-05T11:00:00+01:00,2018-01-30T00:00:00+01:00,2018-02-05T23:00:00+01:00
1119,2018-02-07,2018,2018-02-06T11:00:00+01:00,2018-01-31T00:00:00+01:00,2018-02-06T23:00:00+01:00
1120,2018-02-08,2018,2018-02-07T11:00:00+01:00,2018-02-01T00:00:00+01:00,2018-02-07T23:00:00+01:00
1121,2018-02-09,2018,2018-02-08T11:00:00+01:00,2018-02-02T00:00:00+01:00,2018-02-08T23:00:00+01:00
1122,2018-02-10,2018,2018-02-09T11:00:00+01:00,2018-02-03T00:00:00+01:00,2018-02-09T23:00:00+01:00
1123,2018-02-11,2018,2018-02-10T11:00:00+01:00,2018-02-04T00:00:00+01:00,2018-02-10T23:00:00+01:00
1124,2018-02-12,2018,2018-02-11T11:00:00+01:00,2018-02-05T00:00:00+01:00,2018-02-11T23:00:00+01:00
1125,2018-02-13,2018,2018-02-12T11:00:00+01:00,2018-02-06T00:00:00+01:00,2018-02-12T23:00:00+01:00
1126,2018-02-14,2018,2018-02-13T11:00:00+01:00,2018-02-07T00:00:00+01:00,2018-02-13T23:00:00+01:00
1127,2018-02-15,2018,2018-02-14T11:00:00+01:00,2018-02-08T00:00:00+01:00,2018-02-14T23:00:00+01:00
1128,2018-02-16,2018,2018-02-15T11:00:00+01:00,2018-02-09T00:00:00+01:00,2018-02-15T23:00:00+01:00
1129,2018-02-17,2018,2018-02-16T11:00:00+01:00,2018-02-10T00:00:00+01:00,2018-02-16T23:00:00+01:00
1130,2018-02-18,2018,2018-02-17T11:00:00+01:00,2018-02-11T00:00:00+01:00,2018-02-17T23:00:00+01:00
1131,2018-02-19,2018,2018-02-18T11:00:00+01:00,2018-02-12T00:00:00+01:00,2018-02-18T23:00:00+01:00
1132,2018-02-20,2018,2018-02-19T11:00:00+01:00,2018-02-13T00:00:00+01:00,2018-02-19T23:00:00+01:00
1133,2018-02-21,2018,2018-02-20T11:00:00+01:00,2018-02-14T00:00:00+01:00,2018-02-20T23:00:00+01:00
1134,2018-02-22,2018,2018-02-21T11:00:00+01:00,2018-02-15T00:00:00+01:00,2018-02-21T23:00:00+01:00
1135,2018-02-23,2018,2018-02-22T11:00:00+01:00,2018-02-16T00:00:00+01:00,2018-02-22T23:00:00+01:00
1136,2018-02-24,2018,2018-02-23T11:00:00+01:00,2018-02-17T00:00:00+01:00,2018-02-23T23:00:00+01:00
1137,2018-02-25,2018,2018-02-24T11:00:00+01:00,2018-02-18T00:00:00+01:00,2018-02-24T23:00:00+01:00
1138,2018-02-26,2018,2018-02-25T11:00:00+01:00,2018-02-19T00:00:00+01:00,2018-02-25T23:00:00+01:00
1139,2018-02-27,2018,2018-02-26T11:00:00+01:00,2018-02-20T00:00:00+01:00,2018-02-26T23:00:00+01:00
1140,2018-02-28,2018,2018-02-27T11:00:00+01:00,2018-02-21T00:00:00+01:00,2018-02-27T23:00:00+01:00
1141,2018-03-01,2018,2018-02-28T11:00:00+01:00,2018-02-22T00:00:00+01:00,2018-02-28T23:00:00+01:00
1142,2018-03-02,2018,2018-03-01T11:00:00+01:00,2018-02-23T00:00:00+01:00,2018-03-01T23:00:00+01:00
1143,2018-03-03,2018,2018-03-02T11:00:00+01:00,2018-02-24T00:00:00+01:00,2018-03-02T23:00:00+01:00
1144,2018-03-04,2018,2018-03-03T11:00:00+01:00,2018-02-25T00:00:00+01:00,2018-03-03T23:00:00+01:00
1145,2018-03-05,2018,2018-03-04T11:00:00+01:00,2018-02-26T00:00:00+01:00,2018-03-04T23:00:00+01:00
1146,2018-03-06,2018,2018-03-05T11:00:00+01:00,2018-02-27T00:00:00+01:00,2018-03-05T23:00:00+01:00
1147,2018-03-07,2018,2018-03-06T11:00:00+01:00,2018-02-28T00:00:00+01:00,2018-03-06T23:00:00+01:00
1148,2018-03-08,2018,2018-03-07T11:00:00+01:00,2018-03-01T00:00:00+01:00,2018-03-07T23:00:00+01:00
1149,2018-03-09,2018,2018-03-08T11:00:00+01:00,2018-03-02T00:00:00+01:00,2018-03-08T23:00:00+01:00
1150,2018-03-10,2018,2018-03-09T11:00:00+01:00,2018-03-03T00:00:00+01:00,2018-03-09T23:00:00+01:00
1151,2018-03-11,2018,2018-03-10T11:00:00+01:00,2018-03-04T00:00:00+01:00,2018-03-10T23:00:00+01:00
1152,2018-03-12,2018,2018-03-11T11:00:00+01:00,2018-03-05T00:00:00+01:00,2018-03-11T23:00:00+01:00
1153,2018-03-13,2018,2018-03-12T11:00:00+01:00,2018-03-06T00:00:00+01:00,2018-03-12T23:00:00+01:00
1154,2018-03-14,2018,2018-03-13T11:00:00+01:00,2018-03-07T00:00:00+01:00,2018-03-13T23:00:00+01:00
1155,2018-03-15,2018,2018-03-14T11:00:00+01:00,2018-03-08T00:00:00+01:00,2018-03-14T23:00:00+01:00
1156,2018-03-16,2018,2018-03-15T11:00:00+01:00,2018-03-09T00:00:00+01:00,2018-03-15T23:00:00+01:00
1157,2018-03-17,2018,2018-03-16T11:00:00+01:00,2018-03-10T00:00:00+01:00,2018-03-16T23:00:00+01:00
1158,2018-03-18,2018,2018-03-17T11:00:00+01:00,2018-03-11T00:00:00+01:00,2018-03-17T23:00:00+01:00
1159,2018-03-19,2018,2018-03-18T11:00:00+01:00,2018-03-12T00:00:00+01:00,2018-03-18T23:00:00+01:00
1160,2018-03-20,2018,2018-03-19T11:00:00+01:00,2018-03-13T00:00:00+01:00,2018-03-19T23:00:00+01:00
1161,2018-03-21,2018,2018-03-20T11:00:00+01:00,2018-03-14T00:00:00+01:00,2018-03-20T23:00:00+01:00
1162,2018-03-22,2018,2018-03-21T11:00:00+01:00,2018-03-15T00:00:00+01:00,2018-03-21T23:00:00+01:00
1163,2018-03-23,2018,2018-03-22T11:00:00+01:00,2018-03-16T00:00:00+01:00,2018-03-22T23:00:00+01:00
1164,2018-03-24,2018,2018-03-23T11:00:00+01:00,2018-03-17T00:00:00+01:00,2018-03-23T23:00:00+01:00
1165,2018-03-26,2018,2018-03-25T11:00:00+02:00,2018-03-18T23:00:00+01:00,2018-03-25T23:00:00+02:00
1166,2018-03-27,2018,2018-03-26T11:00:00+02:00,2018-03-19T23:00:00+01:00,2018-03-26T23:00:00+02:00
1167,2018-03-28,2018,2018-03-27T11:00:00+02:00,2018-03-20T23:00:00+01:00,2018-03-27T23:00:00+02:00
1168,2018-03-29,2018,2018-03-28T11:00:00+02:00,2018-03-21T23:00:00+01:00,2018-03-28T23:00:00+02:00
1169,2018-03-30,2018,2018-03-29T11:00:00+02:00,2018-03-22T23:00:00+01:00,2018-03-29T23:00:00+02:00
1170,2018-03-31,2018,2018-03-30T11:00:00+02:00,2018-03-23T23:00:00+01:00,2018-03-30T23:00:00+02:00
1171,2018-04-01,2018,2018-03-31T11:00:00+02:00,2018-03-24T23:00:00+01:00,2018-03-31T23:00:00+02:00
1172,2018-04-02,2018,2018-04-01T11:00:00+02:00,2018-03-26T00:00:00+02:00,2018-04-01T23:00:00+02:00
1173,2018-04-03,2018,2018-04-02T11:00:00+02:00,2018-03-27T00:00:00+02:00,2018-04-02T23:00:00+02:00
1174,2018-04-04,2018,2018-04-03T11:00:00+02:00,2018-03-28T00:00:00+02:00,2018-04-03T23:00:00+02:00
1175,2018-04-05,2018,2018-04-04T11:00:00+02:00,2018-03-29T00:00:00+02:00,2018-04-04T23:00:00+02:00
1176,2018-04-06,2018,2018-04-05T11:00:00+02:00,2018-03-30T00:00:00+02:00,2018-04-05T23:00:00+02:00
1177,2018-04-07,2018,2018-04-06T11:00:00+02:00,2018-03-31T00:00:00+02:00,2018-04-06T23:00:00+02:00
1178,2018-04-08,2018,2018-04-07T11:00:00+02:00,2018-04-01T00:00:00+02:00,2018-04-07T23:00:00+02:00
1179,2018-04-09,2018,2018-04-08T11:00:00+02:00,2018-04-02T00:00:00+02:00,2018-04-08T23:00:00+02:00
1180,2018-04-10,2018,2018-04-09T11:00:00+02:00,2018-04-03T00:00:00+02:00,2018-04-09T23:00:00+02:00
1181,2018-04-11,2018,2018-04-10T11:00:00+02:00,2018-04-04T00:00:00+02:00,2018-04-10T23:00:00+02:00
1182,2018-04-12,2018,2018-04-11T11:00:00+02:00,2018-04-05T00:00:00+02:00,2018-04-11T23:00:00+02:00
1183,2018-04-13,2018,2018-04-12T11:00:00+02:00,2018-04-06T00:00:00+02:00,2018-04-12T23:00:00+02:00
1184,2018-04-14,2018,2018-04-13T11:00:00+02:00,2018-04-07T00:00:00+02:00,2018-04-13T23:00:00+02:00
1185,2018-04-15,2018,2018-04-14T11:00:00+02:00,2018-04-08T00:00:00+02:00,2018-04-14T23:00:00+02:00
1186,2018-04-16,2018,2018-04-15T11:00:00+02:00,2018-04-09T00:00:00+02:00,2018-04-15T23:00:00+02:00
1187,2018-04-17,2018,2018-04-16T11:00:00+02:00,2018-04-10T00:00:00+02:00,2018-04-16T23:00:00+02:00
1188,2018-04-18,2018,2018-04-17T11:00:00+02:00,2018-04-11T00:00:00+02:00,2018-04-17T23:00:00+02:00
1189,2018-04-19,2018,2018-04-18T11:00:00+02:00,2018-04-12T00:00:00+02:00,2018-04-18T23:00:00+02:00
1190,2018-04-20,2018,2018-04-19T11:00:00+02:00,2018-04-13T00:00:00+02:00,2018-04-19T23:00:00+02:00
1191,2018-04-21,2018,2018-04-20T11:00:00+02:00,2018-04-14T00:00:00+02:00,2018-04-20T23:00:00+02:00
1192,2018-04-22,2018,2018-04-21T11:00:00+02:00,2018-04-15T00:00:00+02:00,2018-04-21T23:00:00+02:00
1193,2018-04-23,2018,2018-04-22T11:00:00+02:00,2018-04-16T00:00:00+02:00,2018-04-22T23:00:00+02:00
1194,2018-04-24,2018,2018-04-23T11:00:00+02:00,2018-04-17T00:00:00+02:00,2018-04-23T23:00:00+02:00
1195,2018-04-25,2018,2018-04-24T11:00:00+02:00,2018-04-18T00:00:00+02:00,2018-04-24T23:00:00+02:00
1196,2018-04-26,2018,2018-04-25T11:00:00+02:00,2018-04-19T00:00:00+02:00,2018-04-25T23:00:00+02:00
1197,2018-04-27,2018,2018-04-26T11:00:00+02:00,2018-04-20T00:00:00+02:00,2018-04-26T23:00:00+02:00
1198,2018-04-28,2018,2018-04-27T11:00:00+02:00,2018-04-21T00:00:00+02:00,2018-04-27T23:00:00+02:00
1199,2018-04-29,2018,2018-04-28T11:00:00+02:00,2018-04-22T00:00:00+02:00,2018-04-28T23:00:00+02:00
1200,2018-04-30,2018,2018-04-29T11:00:00+02:00,2018-04-23T00:00:00+02:00,2018-04-29T23:00:00+02:00
1201,2018-05-01,2018,2018-04-30T11:00:00+02:00,2018-04-24T00:00:00+02:00,2018-04-30T23:00:00+02:00
1202,2018-05-02,2018,2018-05-01T11:00:00+02:00,2018-04-25T00:00:00+02:00,2018-05-01T23:00:00+02:00
1203,2018-05-03,2018,2018-05-02T11:00:00+02:00,2018-04-26T00:00:00+02:00,2018-05-02T23:00:00+02:00
1204,2018-05-04,2018,2018-05-03T11:00:00+02:00,2018-04-27T00:00:00+02:00,2018-05-03T23:00:00+02:00
1205,2018-05-05,2018,2018-05-04T11:00:00+02:00,2018-04-28T00:00:00+02:00,2018-05-04T23:00:00+02:00
1206,2018-05-06,2018,2018-05-05T11:00:00+02:00,2018-04-29T00:00:00+02:00,2018-05-05T23:00:00+02:00
1207,2018-05-07,2018,2018-05-06T11:00:00+02:00,2018-04-30T00:00:00+02:00,2018-05-06T23:00:00+02:00
1208,2018-05-08,2018,2018-05-07T11:00:00+02:00,2018-05-01T00:00:00+02:00,2018-05-07T23:00:00+02:00
1209,2018-05-09,2018,2018-05-08T11:00:00+02:00,2018-05-02T00:00:00+02:00,2018-05-08T23:00:00+02:00
1210,2018-05-10,2018,2018-05-09T11:00:00+02:00,2018-05-03T00:00:00+02:00,2018-05-09T23:00:00+02:00
1211,2018-05-11,2018,2018-05-10T11:00:00+02:00,2018-05-04T00:00:00+02:00,2018-05-10T23:00:00+02:00
1212,2018-05-12,2018,2018-05-11T11:00:00+02:00,2018-05-05T00:00:00+02:00,2018-05-11T23:00:00+02:00
1213,2018-05-13,2018,2018-05-12T11:00:00+02:00,2018-05-06T00:00:00+02:00,2018-05-12T23:00:00+02:00
1214,2018-05-14,2018,2018-05-13T11:00:00+02:00,2018-05-07T00:00:00+02:00,2018-05-13T23:00:00+02:00
1215,2018-05-15,2018,2018-05-14T11:00:00+02:00,2018-05-08T00:00:00+02:00,2018-05-14T23:00:00+02:00
1216,2018-05-16,2018,2018-05-15T11:00:00+02:00,2018-05-09T00:00:00+02:00,2018-05-15T23:00:00+02:00
1217,2018-05-17,2018,2018-05-16T11:00:00+02:00,2018-05-10T00:00:00+02:00,2018-05-16T23:00:00+02:00
1218,2018-05-18,2018,2018-05-17T11:00:00+02:00,2018-05-11T00:00:00+02:00,2018-05-17T23:00:00+02:00
1219,2018-05-19,2018,2018-05-18T11:00:00+02:00,2018-05-12T00:00:00+02:00,2018-05-18T23:00:00+02:00
1220,2018-05-20,2018,2018-05-19T11:00:00+02:00,2018-05-13T00:00:00+02:00,2018-05-19T23:00:00+02:00
1221,2018-05-21,2018,2018-05-20T11:00:00+02:00,2018-05-14T00:00:00+02:00,2018-05-20T23:00:00+02:00
1222,2018-05-22,2018,2018-05-21T11:00:00+02:00,2018-05-15T00:00:00+02:00,2018-05-21T23:00:00+02:00
1223,2018-05-23,2018,2018-05-22T11:00:00+02:00,2018-05-16T00:00:00+02:00,2018-05-22T23:00:00+02:00
1224,2018-05-24,2018,2018-05-23T11:00:00+02:00,2018-05-17T00:00:00+02:00,2018-05-23T23:00:00+02:00
1225,2018-05-25,2018,2018-05-24T11:00:00+02:00,2018-05-18T00:00:00+02:00,2018-05-24T23:00:00+02:00
1226,2018-05-26,2018,2018-05-25T11:00:00+02:00,2018-05-19T00:00:00+02:00,2018-05-25T23:00:00+02:00
1227,2018-05-27,2018,2018-05-26T11:00:00+02:00,2018-05-20T00:00:00+02:00,2018-05-26T23:00:00+02:00
1228,2018-05-28,2018,2018-05-27T11:00:00+02:00,2018-05-21T00:00:00+02:00,2018-05-27T23:00:00+02:00
1229,2018-05-29,2018,2018-05-28T11:00:00+02:00,2018-05-22T00:00:00+02:00,2018-05-28T23:00:00+02:00
1230,2018-05-30,2018,2018-05-29T11:00:00+02:00,2018-05-23T00:00:00+02:00,2018-05-29T23:00:00+02:00
1231,2018-05-31,2018,2018-05-30T11:00:00+02:00,2018-05-24T00:00:00+02:00,2018-05-30T23:00:00+02:00
1232,2018-06-01,2018,2018-05-31T11:00:00+02:00,2018-05-25T00:00:00+02:00,2018-05-31T23:00:00+02:00
1233,2018-06-02,2018,2018-06-01T11:00:00+02:00,2018-05-26T00:00:00+02:00,2018-06-01T23:00:00+02:00
1234,2018-06-03,2018,2018-06-02T11:00:00+02:00,2018-05-27T00:00:00+02:00,2018-06-02T23:00:00+02:00
1235,2018-06-04,2018,2018-06-03T11:00:00+02:00,2018-05-28T00:00:00+02:00,2018-06-03T23:00:00+02:00
1236,2018-06-05,2018,2018-06-04T11:00:00+02:00,2018-05-29T00:00:00+02:00,2018-06-04T23:00:00+02:00
1237,2018-06-06,2018,2018-06-05T11:00:00+02:00,2018-05-30T00:00:00+02:00,2018-06-05T23:00:00+02:00
1238,2018-06-07,2018,2018-06-06T11:00:00+02:00,2018-05-31T00:00:00+02:00,2018-06-06T23:00:00+02:00
1239,2018-06-08,2018,2018-06-07T11:00:00+02:00,2018-06-01T00:00:00+02:00,2018-06-07T23:00:00+02:00
1240,2018-06-09,2018,2018-06-08T11:00:00+02:00,2018-06-02T00:00:00+02:00,2018-06-08T23:00:00+02:00
1241,2018-06-10,2018,2018-06-09T11:00:00+02:00,2018-06-03T00:00:00+02:00,2018-06-09T23:00:00+02:00
1242,2018-06-11,2018,2018-06-10T11:00:00+02:00,2018-06-04T00:00:00+02:00,2018-06-10T23:00:00+02:00
1243,2018-06-12,2018,2018-06-11T11:00:00+02:00,2018-06-05T00:00:00+02:00,2018-06-11T23:00:00+02:00
1244,2018-06-13,2018,2018-06-12T11:00:00+02:00,2018-06-06T00:00:00+02:00,2018-06-12T23:00:00+02:00
1245,2018-06-14,2018,2018-06-13T11:00:00+02:00,2018-06-07T00:00:00+02:00,2018-06-13T23:00:00+02:00
1246,2018-06-15,2018,2018-06-14T11:00:00+02:00,2018-06-08T00:00:00+02:00,2018-06-14T23:00:00+02:00
1247,2018-06-16,2018,2018-06-15T11:00:00+02:00,2018-06-09T00:00:00+02:00,2018-06-15T23:00:00+02:00
1248,2018-06-17,2018,2018-06-16T11:00:00+02:00,2018-06-10T00:00:00+02:00,2018-06-16T23:00:00+02:00
1249,2018-06-18,2018,2018-06-17T11:00:00+02:00,2018-06-11T00:00:00+02:00,2018-06-17T23:00:00+02:00
1250,2018-06-19,2018,2018-06-18T11:00:00+02:00,2018-06-12T00:00:00+02:00,2018-06-18T23:00:00+02:00
1251,2018-06-20,2018,2018-06-19T11:00:00+02:00,2018-06-13T00:00:00+02:00,2018-06-19T23:00:00+02:00
1252,2018-06-21,2018,2018-06-20T11:00:00+02:00,2018-06-14T00:00:00+02:00,2018-06-20T23:00:00+02:00
1253,2018-06-22,2018,2018-06-21T11:00:00+02:00,2018-06-15T00:00:00+02:00,2018-06-21T23:00:00+02:00
1254,2018-06-23,2018,2018-06-22T11:00:00+02:00,2018-06-16T00:00:00+02:00,2018-06-22T23:00:00+02:00
1255,2018-06-24,2018,2018-06-23T11:00:00+02:00,2018-06-17T00:00:00+02:00,2018-06-23T23:00:00+02:00
1256,2018-06-25,2018,2018-06-24T11:00:00+02:00,2018-06-18T00:00:00+02:00,2018-06-24T23:00:00+02:00
1257,2018-06-26,2018,2018-06-25T11:00:00+02:00,2018-06-19T00:00:00+02:00,2018-06-25T23:00:00+02:00
1258,2018-06-27,2018,2018-06-26T11:00:00+02:00,2018-06-20T00:00:00+02:00,2018-06-26T23:00:00+02:00
1259,2018-06-28,2018,2018-06-27T11:00:00+02:00,2018-06-21T00:00:00+02:00,2018-06-27T23:00:00+02:00
1260,2018-06-29,2018,2018-06-28T11:00:00+02:00,2018-06-22T00:00:00+02:00,2018-06-28T23:00:00+02:00
1261,2018-06-30,2018,2018-06-29T11:00:00+02:00,2018-06-23T00:00:00+02:00,2018-06-29T23:00:00+02:00
1262,2018-07-01,2018,2018-06-30T11:00:00+02:00,2018-06-24T00:00:00+02:00,2018-06-30T23:00:00+02:00
1263,2018-07-02,2018,2018-07-01T11:00:00+02:00,2018-06-25T00:00:00+02:00,2018-07-01T23:00:00+02:00
1264,2018-07-03,2018,2018-07-02T11:00:00+02:00,2018-06-26T00:00:00+02:00,2018-07-02T23:00:00+02:00
1265,2018-07-04,2018,2018-07-03T11:00:00+02:00,2018-06-27T00:00:00+02:00,2018-07-03T23:00:00+02:00
1266,2018-07-05,2018,2018-07-04T11:00:00+02:00,2018-06-28T00:00:00+02:00,2018-07-04T23:00:00+02:00
1267,2018-07-06,2018,2018-07-05T11:00:00+02:00,2018-06-29T00:00:00+02:00,2018-07-05T23:00:00+02:00
1268,2018-07-07,2018,2018-07-06T11:00:00+02:00,2018-06-30T00:00:00+02:00,2018-07-06T23:00:00+02:00
1269,2018-07-08,2018,2018-07-07T11:00:00+02:00,2018-07-01T00:00:00+02:00,2018-07-07T23:00:00+02:00
1270,2018-07-09,2018,2018-07-08T11:00:00+02:00,2018-07-02T00:00:00+02:00,2018-07-08T23:00:00+02:00
1271,2018-07-10,2018,2018-07-09T11:00:00+02:00,2018-07-03T00:00:00+02:00,2018-07-09T23:00:00+02:00
1272,2018-07-11,2018,2018-07-10T11:00:00+02:00,2018-07-04T00:00:00+02:00,2018-07-10T23:00:00+02:00
1273,2018-07-12,2018,2018-07-11T11:00:00+02:00,2018-07-05T00:00:00+02:00,2018-07-11T23:00:00+02:00
1274,2018-07-13,2018,2018-07-12T11:00:00+02:00,2018-07-06T00:00:00+02:00,2018-07-12T23:00:00+02:00
1275,2018-07-14,2018,2018-07-13T11:00:00+02:00,2018-07-07T00:00:00+02:00,2018-07-13T23:00:00+02:00
1276,2018-07-15,2018,2018-07-14T11:00:00+02:00,2018-07-08T00:00:00+02:00,2018-07-14T23:00:00+02:00
1277,2018-07-16,2018,2018-07-15T11:00:00+02:00,2018-07-09T00:00:00+02:00,2018-07-15T23:00:00+02:00
1278,2018-07-17,2018,2018-07-16T11:00:00+02:00,2018-07-10T00:00:00+02:00,2018-07-16T23:00:00+02:00
1279,2018-07-18,2018,2018-07-17T11:00:00+02:00,2018-07-11T00:00:00+02:00,2018-07-17T23:00:00+02:00
1280,2018-07-19,2018,2018-07-18T11:00:00+02:00,2018-07-12T00:00:00+02:00,2018-07-18T23:00:00+02:00
1281,2018-07-20,2018,2018-07-19T11:00:00+02:00,2018-07-13T00:00:00+02:00,2018-07-19T23:00:00+02:00
1282,2018-07-21,2018,2018-07-20T11:00:00+02:00,2018-07-14T00:00:00+02:00,2018-07-20T23:00:00+02:00
1283,2018-07-22,2018,2018-07-21T11:00:00+02:00,2018-07-15T00:00:00+02:00,2018-07-21T23:00:00+02:00
1284,2018-07-23,2018,2018-07-22T11:00:00+02:00,2018-07-16T00:00:00+02:00,2018-07-22T23:00:00+02:00
1285,2018-07-24,2018,2018-07-23T11:00:00+02:00,2018-07-17T00:00:00+02:00,2018-07-23T23:00:00+02:00
1286,2018-07-25,2018,2018-07-24T11:00:00+02:00,2018-07-18T00:00:00+02:00,2018-07-24T23:00:00+02:00
1287,2018-07-26,2018,2018-07-25T11:00:00+02:00,2018-07-19T00:00:00+02:00,2018-07-25T23:00:00+02:00
1288,2018-07-27,2018,2018-07-26T11:00:00+02:00,2018-07-20T00:00:00+02:00,2018-07-26T23:00:00+02:00
1289,2018-07-28,2018,2018-07-27T11:00:00+02:00,2018-07-21T00:00:00+02:00,2018-07-27T23:00:00+02:00
1290,2018-07-29,2018,2018-07-28T11:00:00+02:00,2018-07-22T00:00:00+02:00,2018-07-28T23:00:00+02:00
1291,2018-07-30,2018,2018-07-29T11:00:00+02:00,2018-07-23T00:00:00+02:00,2018-07-29T23:00:00+02:00
1292,2018-07-31,2018,2018-07-30T11:00:00+02:00,2018-07-24T00:00:00+02:00,2018-07-30T23:00:00+02:00
1293,2018-08-01,2018,2018-07-31T11:00:00+02:00,2018-07-25T00:00:00+02:00,2018-07-31T23:00:00+02:00
1294,2018-08-02,2018,2018-08-01T11:00:00+02:00,2018-07-26T00:00:00+02:00,2018-08-01T23:00:00+02:00
1295,2018-08-03,2018,2018-08-02T11:00:00+02:00,2018-07-27T00:00:00+02:00,2018-08-02T23:00:00+02:00
1296,2018-08-04,2018,2018-08-03T11:00:00+02:00,2018-07-28T00:00:00+02:00,2018-08-03T23:00:00+02:00
1297,2018-08-05,2018,2018-08-04T11:00:00+02:00,2018-07-29T00:00:00+02:00,2018-08-04T23:00:00+02:00
1298,2018-08-06,2018,2018-08-05T11:00:00+02:00,2018-07-30T00:00:00+02:00,2018-08-05T23:00:00+02:00
1299,2018-08-07,2018,2018-08-06T11:00:00+02:00,2018-07-31T00:00:00+02:00,2018-08-06T23:00:00+02:00
1300,2018-08-08,2018,2018-08-07T11:00:00+02:00,2018-08-01T00:00:00+02:00,2018-08-07T23:00:00+02:00
1301,2018-08-09,2018,2018-08-08T11:00:00+02:00,2018-08-02T00:00:00+02:00,2018-08-08T23:00:00+02:00
1302,2018-08-10,2018,2018-08-09T11:00:00+02:00,2018-08-03T00:00:00+02:00,2018-08-09T23:00:00+02:00
1303,2018-08-11,2018,2018-08-10T11:00:00+02:00,2018-08-04T00:00:00+02:00,2018-08-10T23:00:00+02:00
1304,2018-08-12,2018,2018-08-11T11:00:00+02:00,2018-08-05T00:00:00+02:00,2018-08-11T23:00:00+02:00
1305,2018-08-13,2018,2018-08-12T11:00:00+02:00,2018-08-06T00:00:00+02:00,2018-08-12T23:00:00+02:00
1306,2018-08-14,2018,2018-08-13T11:00:00+02:00,2018-08-07T00:00:00+02:00,2018-08-13T23:00:00+02:00
1307,2018-08-15,2018,2018-08-14T11:00:00+02:00,2018-08-08T00:00:00+02:00,2018-08-14T23:00:00+02:00
1308,2018-08-16,2018,2018-08-15T11:00:00+02:00,2018-08-09T00:00:00+02:00,2018-08-15T23:00:00+02:00
1309,2018-08-17,2018,2018-08-16T11:00:00+02:00,2018-08-10T00:00:00+02:00,2018-08-16T23:00:00+02:00
1310,2018-08-18,2018,2018-08-17T11:00:00+02:00,2018-08-11T00:00:00+02:00,2018-08-17T23:00:00+02:00
1311,2018-08-19,2018,2018-08-18T11:00:00+02:00,2018-08-12T00:00:00+02:00,2018-08-18T23:00:00+02:00
1312,2018-08-20,2018,2018-08-19T11:00:00+02:00,2018-08-13T00:00:00+02:00,2018-08-19T23:00:00+02:00
1313,2018-08-21,2018,2018-08-20T11:00:00+02:00,2018-08-14T00:00:00+02:00,2018-08-20T23:00:00+02:00
1314,2018-08-22,2018,2018-08-21T11:00:00+02:00,2018-08-15T00:00:00+02:00,2018-08-21T23:00:00+02:00
1315,2018-08-23,2018,2018-08-22T11:00:00+02:00,2018-08-16T00:00:00+02:00,2018-08-22T23:00:00+02:00
1316,2018-08-24,2018,2018-08-23T11:00:00+02:00,2018-08-17T00:00:00+02:00,2018-08-23T23:00:00+02:00
1317,2018-08-25,2018,2018-08-24T11:00:00+02:00,2018-08-18T00:00:00+02:00,2018-08-24T23:00:00+02:00
1318,2018-08-26,2018,2018-08-25T11:00:00+02:00,2018-08-19T00:00:00+02:00,2018-08-25T23:00:00+02:00
1319,2018-08-27,2018,2018-08-26T11:00:00+02:00,2018-08-20T00:00:00+02:00,2018-08-26T23:00:00+02:00
1320,2018-08-28,2018,2018-08-27T11:00:00+02:00,2018-08-21T00:00:00+02:00,2018-08-27T23:00:00+02:00
1321,2018-08-29,2018,2018-08-28T11:00:00+02:00,2018-08-22T00:00:00+02:00,2018-08-28T23:00:00+02:00
1322,2018-08-30,2018,2018-08-29T11:00:00+02:00,2018-08-23T00:00:00+02:00,2018-08-29T23:00:00+02:00
1323,2018-08-31,2018,2018-08-30T11:00:00+02:00,2018-08-24T00:00:00+02:00,2018-08-30T23:00:00+02:00
1324,2018-09-01,2018,2018-08-31T11:00:00+02:00,2018-08-25T00:00:00+02:00,2018-08-31T23:00:00+02:00
1325,2018-09-02,2018,2018-09-01T11:00:00+02:00,2018-08-26T00:00:00+02:00,2018-09-01T23:00:00+02:00
1326,2018-09-03,2018,2018-09-02T11:00:00+02:00,2018-08-27T00:00:00+02:00,2018-09-02T23:00:00+02:00
1327,2018-09-04,2018,2018-09-03T11:00:00+02:00,2018-08-28T00:00:00+02:00,2018-09-03T23:00:00+02:00
1328,2018-09-05,2018,2018-09-04T11:00:00+02:00,2018-08-29T00:00:00+02:00,2018-09-04T23:00:00+02:00
1329,2018-09-06,2018,2018-09-05T11:00:00+02:00,2018-08-30T00:00:00+02:00,2018-09-05T23:00:00+02:00
1330,2018-09-07,2018,2018-09-06T11:00:00+02:00,2018-08-31T00:00:00+02:00,2018-09-06T23:00:00+02:00
1331,2018-09-08,2018,2018-09-07T11:00:00+02:00,2018-09-01T00:00:00+02:00,2018-09-07T23:00:00+02:00
1332,2018-09-09,2018,2018-09-08T11:00:00+02:00,2018-09-02T00:00:00+02:00,2018-09-08T23:00:00+02:00
1333,2018-09-10,2018,2018-09-09T11:00:00+02:00,2018-09-03T00:00:00+02:00,2018-09-09T23:00:00+02:00
1334,2018-09-11,2018,2018-09-10T11:00:00+02:00,2018-09-04T00:00:00+02:00,2018-09-10T23:00:00+02:00
1335,2018-09-12,2018,2018-09-11T11:00:00+02:00,2018-09-05T00:00:00+02:00,2018-09-11T23:00:00+02:00
1336,2018-09-13,2018,2018-09-12T11:00:00+02:00,2018-09-06T00:00:00+02:00,2018-09-12T23:00:00+02:00
1337,2018-09-14,2018,2018-09-13T11:00:00+02:00,2018-09-07T00:00:00+02:00,2018-09-13T23:00:00+02:00
1338,2018-09-15,2018,2018-09-14T11:00:00+02:00,2018-09-08T00:00:00+02:00,2018-09-14T23:00:00+02:00
1339,2018-09-16,2018,2018-09-15T11:00:00+02:00,2018-09-09T00:00:00+02:00,2018-09-15T23:00:00+02:00
1340,2018-09-17,2018,2018-09-16T11:00:00+02:00,2018-09-10T00:00:00+02:00,2018-09-16T23:00:00+02:00
1341,2018-09-18,2018,2018-09-17T11:00:00+02:00,2018-09-11T00:00:00+02:00,2018-09-17T23:00:00+02:00
1342,2018-09-19,2018,2018-09-18T11:00:00+02:00,2018-09-12T00:00:00+02:00,2018-09-18T23:00:00+02:00
1343,2018-09-20,2018,2018-09-19T11:00:00+02:00,2018-09-13T00:00:00+02:00,2018-09-19T23:00:00+02:00
1344,2018-09-21,2018,2018-09-20T11:00:00+02:00,2018-09-14T00:00:00+02:00,2018-09-20T23:00:00+02:00
1345,2018-09-22,2018,2018-09-21T11:00:00+02:00,2018-09-15T00:00:00+02:00,2018-09-21T23:00:00+02:00
1346,2018-09-23,2018,2018-09-22T11:00:00+02:00,2018-09-16T00:00:00+02:00,2018-09-22T23:00:00+02:00
1347,2018-09-24,2018,2018-09-23T11:00:00+02:00,2018-09-17T00:00:00+02:00,2018-09-23T23:00:00+02:00
1348,2018-09-25,2018,2018-09-24T11:00:00+02:00,2018-09-18T00:00:00+02:00,2018-09-24T23:00:00+02:00
1349,2018-09-26,2018,2018-09-25T11:00:00+02:00,2018-09-19T00:00:00+02:00,2018-09-25T23:00:00+02:00
1350,2018-09-27,2018,2018-09-26T11:00:00+02:00,2018-09-20T00:00:00+02:00,2018-09-26T23:00:00+02:00
1351,2018-09-28,2018,2018-09-27T11:00:00+02:00,2018-09-21T00:00:00+02:00,2018-09-27T23:00:00+02:00
1352,2018-09-29,2018,2018-09-28T11:00:00+02:00,2018-09-22T00:00:00+02:00,2018-09-28T23:00:00+02:00
1353,2018-09-30,2018,2018-09-29T11:00:00+02:00,2018-09-23T00:00:00+02:00,2018-09-29T23:00:00+02:00
1354,2018-10-01,2018,2018-09-30T11:00:00+02:00,2018-09-24T00:00:00+02:00,2018-09-30T23:00:00+02:00
1355,2018-10-02,2018,2018-10-01T11:00:00+02:00,2018-09-25T00:00:00+02:00,2018-10-01T23:00:00+02:00
1356,2018-10-03,2018,2018-10-02T11:00:00+02:00,2018-09-26T00:00:00+02:00,2018-10-02T23:00:00+02:00
1357,2018-10-04,2018,2018-10-03T11:00:00+02:00,2018-09-27T00:00:00+02:00,2018-10-03T23:00:00+02:00
1358,2018-10-05,2018,2018-10-04T11:00:00+02:00,2018-09-28T00:00:00+02:00,2018-10-04T23:00:00+02:00
1359,2018-10-06,2018,2018-10-05T11:00:00+02:00,2018-09-29T00:00:00+02:00,2018-10-05T23:00:00+02:00
1360,2018-10-07,2018,2018-10-06T11:00:00+02:00,2018-09-30T00:00:00+02:00,2018-10-06T23:00:00+02:00
1361,2018-10-08,2018,2018-10-07T11:00:00+02:00,2018-10-01T00:00:00+02:00,2018-10-07T23:00:00+02:00
1362,2018-10-09,2018,2018-10-08T11:00:00+02:00,2018-10-02T00:00:00+02:00,2018-10-08T23:00:00+02:00
1363,2018-10-10,2018,2018-10-09T11:00:00+02:00,2018-10-03T00:00:00+02:00,2018-10-09T23:00:00+02:00
1364,2018-10-11,2018,2018-10-10T11:00:00+02:00,2018-10-04T00:00:00+02:00,2018-10-10T23:00:00+02:00
1365,2018-10-12,2018,2018-10-11T11:00:00+02:00,2018-10-05T00:00:00+02:00,2018-10-11T23:00:00+02:00
1366,2018-10-13,2018,2018-10-12T11:00:00+02:00,2018-10-06T00:00:00+02:00,2018-10-12T23:00:00+02:00
1367,2018-10-14,2018,2018-10-13T11:00:00+02:00,2018-10-07T00:00:00+02:00,2018-10-13T23:00:00+02:00
1368,2018-10-15,2018,2018-10-14T11:00:00+02:00,2018-10-08T00:00:00+02:00,2018-10-14T23:00:00+02:00
1369,2018-10-16,2018,2018-10-15T11:00:00+02:00,2018-10-09T00:00:00+02:00,2018-10-15T23:00:00+02:00
1370,2018-10-17,2018,2018-10-16T11:00:00+02:00,2018-10-10T00:00:00+02:00,2018-10-16T23:00:00+02:00
1371,2018-10-18,2018,2018-10-17T11:00:00+02:00,2018-10-11T00:00:00+02:00,2018-10-17T23:00:00+02:00
1372,2018-10-19,2018,2018-10-18T11:00:00+02:00,2018-10-12T00:00:00+02:00,2018-10-18T23:00:00+02:00
1373,2018-10-20,2018,2018-10-19T11:00:00+02:00,2018-10-13T00:00:00+02:00,2018-10-19T23:00:00+02:00
1374,2018-10-21,2018,2018-10-20T11:00:00+02:00,2018-10-14T00:00:00+02:00,2018-10-20T23:00:00+02:00
1375,2018-10-22,2018,2018-10-21T11:00:00+02:00,2018-10-15T00:00:00+02:00,2018-10-21T23:00:00+02:00
1376,2018-10-23,2018,2018-10-22T11:00:00+02:00,2018-10-16T00:00:00+02:00,2018-10-22T23:00:00+02:00
1377,2018-10-24,2018,2018-10-23T11:00:00+02:00,2018-10-17T00:00:00+02:00,2018-10-23T23:00:00+02:00
1378,2018-10-25,2018,2018-10-24T11:00:00+02:00,2018-10-18T00:00:00+02:00,2018-10-24T23:00:00+02:00
1379,2018-10-26,2018,2018-10-25T11:00:00+02:00,2018-10-19T00:00:00+02:00,2018-10-25T23:00:00+02:00
1380,2018-10-27,2018,2018-10-26T11:00:00+02:00,2018-10-20T00:00:00+02:00,2018-10-26T23:00:00+02:00
1381,2018-10-29,2018,2018-10-28T11:00:00+01:00,2018-10-22T01:00:00+02:00,2018-10-28T23:00:00+01:00
1382,2018-10-30,2018,2018-10-29T11:00:00+01:00,2018-10-23T01:00:00+02:00,2018-10-29T23:00:00+01:00
1383,2018-10-31,2018,2018-10-30T11:00:00+01:00,2018-10-24T01:00:00+02:00,2018-10-30T23:00:00+01:00
1384,2018-11-01,2018,2018-10-31T11:00:00+01:00,2018-10-25T01:00:00+02:00,2018-10-31T23:00:00+01:00
1385,2018-11-02,2018,2018-11-01T11:00:00+01:00,2018-10-26T01:00:00+02:00,2018-11-01T23:00:00+01:00
1386,2018-11-03,2018,2018-11-02T11:00:00+01:00,2018-10-27T01:00:00+02:00,2018-11-02T23:00:00+01:00
1387,2018-11-04,2018,2018-11-03T11:00:00+01:00,2018-10-28T01:00:00+02:00,2018-11-03T23:00:00+01:00
1388,2018-11-05,2018,2018-11-04T11:00:00+01:00,2018-10-29T00:00:00+01:00,2018-11-04T23:00:00+01:00
1389,2018-11-06,2018,2018-11-05T11:00:00+01:00,2018-10-30T00:00:00+01:00,2018-11-05T23:00:00+01:00
1390,2018-11-07,2018,2018-11-06T11:00:00+01:00,2018-10-31T00:00:00+01:00,2018-11-06T23:00:00+01:00
1391,2018-11-08,2018,2018-11-07T11:00:00+01:00,2018-11-01T00:00:00+01:00,2018-11-07T23:00:00+01:00
1392,2018-11-09,2018,2018-11-08T11:00:00+01:00,2018-11-02T00:00:00+01:00,2018-11-08T23:00:00+01:00
1393,2018-11-10,2018,2018-11-09T11:00:00+01:00,2018-11-03T00:00:00+01:00,2018-11-09T23:00:00+01:00
1394,2018-11-11,2018,2018-11-10T11:00:00+01:00,2018-11-04T00:00:00+01:00,2018-11-10T23:00:00+01:00
1395,2018-11-12,2018,2018-11-11T11:00:00+01:00,2018-11-05T00:00:00+01:00,2018-11-11T23:00:00+01:00
1396,2018-11-13,2018,2018-11-12T11:00:00+01:00,2018-11-06T00:00:00+01:00,2018-11-12T23:00:00+01:00
1397,2018-11-14,2018,2018-11-13T11:00:00+01:00,2018-11-07T00:00:00+01:00,2018-11-13T23:00:00+01:00
1398,2018-11-15,2018,2018-11-14T11:00:00+01:00,2018-11-08T00:00:00+01:00,2018-11-14T23:00:00+01:00
1399,2018-11-16,2018,2018-11-15T11:00:00+01:00,2018-11-09T00:00:00+01:00,2018-11-15T23:00:00+01:00
1400,2018-11-17,2018,2018-11-16T11:00:00+01:00,2018-11-10T00:00:00+01:00,2018-11-16T23:00:00+01:00
1401,2018-11-18,2018,2018-11-17T11:00:00+01:00,2018-11-11T00:00:00+01:00,2018-11-17T23:00:00+01:00
1402,2018-11-19,2018,2018-11-18T11:00:00+01:00,2018-11-12T00:00:00+01:00,2018-11-18T23:00:00+01:00
1403,2018-11-20,2018,2018-11-19T11:00:00+01:00,2018-11-13T00:00:00+01:00,2018-11-19T23:00:00+01:00
1404,2018-11-21,2018,2018-11-20T11:00:00+01:00,2018-11-14T00:00:00+01:00,2018-11-20T23:00:00+01:00
1405,2018-11-22,2018,2018-11-21T11:00:00+01:00,2018-11-15T00:00:00+01:00,2018-11-21T23:00:00+01:00
1406,2018-11-23,2018,2018-11-22T11:00:00+01:00,2018-11-16T00:00:00+01:00,2018-11-22T23:00:00+01:00
1407,2018-11-24,2018,2018-11-23T11:00:00+01:00,2018-11-17T00:00:00+01:00,2018-11-23T23:00:00+01:00
1408,2018-11-25,2018,2018-11-24T11:00:00+01:00,2018-11-18T00:00:00+01:00,2018-11-24T23:00:00+01:00
1409,2018-11-26,2018,2018-11-25T11:00:00+01:00,2018-11-19T00:00:00+01:00,2018-11-25T23:00:00+01:00
1410,2018-11-27,2018,2018-11-26T11:00:00+01:00,2018-11-20T00:00:00+01:00,2018-11-26T23:00:00+01:00
1411,2018-11-28,2018,2018-11-27T11:00:00+01:00,2018-11-21T00:00:00+01:00,2018-11-27T23:00:00+01:00
1412,2018-11-29,2018,2018-11-28T11:00:00+01:00,2018-11-22T00:00:00+01:00,2018-11-28T23:00:00+01:00
1413,2018-11-30,2018,2018-11-29T11:00:00+01:00,2018-11-23T00:00:00+01:00,2018-11-29T23:00:00+01:00
1414,2018-12-01,2018,2018-11-30T11:00:00+01:00,2018-11-24T00:00:00+01:00,2018-11-30T23:00:00+01:00
1415,2018-12-02,2018,2018-12-01T11:00:00+01:00,2018-11-25T00:00:00+01:00,2018-12-01T23:00:00+01:00
1416,2018-12-03,2018,2018-12-02T11:00:00+01:00,2018-11-26T00:00:00+01:00,2018-12-02T23:00:00+01:00
1417,2018-12-04,2018,2018-12-03T11:00:00+01:00,2018-11-27T00:00:00+01:00,2018-12-03T23:00:00+01:00
1418,2018-12-05,2018,2018-12-04T11:00:00+01:00,2018-11-28T00:00:00+01:00,2018-12-04T23:00:00+01:00
1419,2018-12-06,2018,2018-12-05T11:00:00+01:00,2018-11-29T00:00:00+01:00,2018-12-05T23:00:00+01:00
1420,2018-12-07,2018,2018-12-06T11:00:00+01:00,2018-11-30T00:00:00+01:00,2018-12-06T23:00:00+01:00
1421,2018-12-08,2018,2018-12-07T11:00:00+01:00,2018-12-01T00:00:00+01:00,2018-12-07T23:00:00+01:00
1422,2018-12-09,2018,2018-12-08T11:00:00+01:00,2018-12-02T00:00:00+01:00,2018-12-08T23:00:00+01:00
1423,2018-12-10,2018,2018-12-09T11:00:00+01:00,2018-12-03T00:00:00+01:00,2018-12-09T23:00:00+01:00
1424,2018-12-11,2018,2018-12-10T11:00:00+01:00,2018-12-04T00:00:00+01:00,2018-12-10T23:00:00+01:00
1425,2018-12-12,2018,2018-12-11T11:00:00+01:00,2018-12-05T00:00:00+01:00,2018-12-11T23:00:00+01:00
1426,2018-12-13,2018,2018-12-12T11:00:00+01:00,2018-12-06T00:00:00+01:00,2018-12-12T23:00:00+01:00
1427,2018-12-14,2018,2018-12-13T11:00:00+01:00,2018-12-07T00:00:00+01:00,2018-12-13T23:00:00+01:00
1428,2018-12-15,2018,2018-12-14T11:00:00+01:00,2018-12-08T00:00:00+01:00,2018-12-14T23:00:00+01:00
1429,2018-12-16,2018,2018-12-15T11:00:00+01:00,2018-12-09T00:00:00+01:00,2018-12-15T23:00:00+01:00
1430,2018-12-17,2018,2018-12-16T11:00:00+01:00,2018-12-10T00:00:00+01:00,2018-12-16T23:00:00+01:00
1431,2018-12-18,2018,2018-12-17T11:00:00+01:00,2018-12-11T00:00:00+01:00,2018-12-17T23:00:00+01:00
1432,2018-12-19,2018,2018-12-18T11:00:00+01:00,2018-12-12T00:00:00+01:00,2018-12-18T23:00:00+01:00
1433,2018-12-20,2018,2018-12-19T11:00:00+01:00,2018-12-13T00:00:00+01:00,2018-12-19T23:00:00+01:00
1434,2018-12-21,2018,2018-12-20T11:00:00+01:00,2018-12-14T00:00:00+01:00,2018-12-20T23:00:00+01:00
1435,2018-12-22,2018,2018-12-21T11:00:00+01:00,2018-12-15T00:00:00+01:00,2018-12-21T23:00:00+01:00
1436,2018-12-23,2018,2018-12-22T11:00:00+01:00,2018-12-16T00:00:00+01:00,2018-12-22T23:00:00+01:00
1437,2018-12-24,2018,2018-12-23T11:00:00+01:00,2018-12-17T00:00:00+01:00,2018-12-23T23:00:00+01:00
1438,2018-12-25,2018,2018-12-24T11:00:00+01:00,2018-12-18T00:00:00+01:00,2018-12-24T23:00:00+01:00
1439,2018-12-26,2018,2018-12-25T11:00:00+01:00,2018-12-19T00:00:00+01:00,2018-12-25T23:00:00+01:00
1440,2018-12-27,2018,2018-12-26T11:00:00+01:00,2018-12-20T00:00:00+01:00,2018-12-26T23:00:00+01:00
1441,2018-12-28,2018,2018-12-27T11:00:00+01:00,2018-12-21T00:00:00+01:00,2018-12-27T23:00:00+01:00
1442,2018-12-29,2018,2018-12-28T11:00:00+01:00,2018-12-22T00:00:00+01:00,2018-12-28T23:00:00+01:00
1443,2018-12-30,2018,2018-12-29T11:00:00+01:00,2018-12-23T00:00:00+01:00,2018-12-29T23:00:00+01:00
1444,2018-12-31,2018,2018-12-30T11:00:00+01:00,2018-12-24T00:00:00+01:00,2018-12-30T23:00:00+01:00
